prepare	Reconcile predecessor no-panic pull request	﻿2026-09-06T23:06:12.8485288Z ##[group]Run set -euo pipefail
prepare	Reconcile predecessor no-panic pull request	2026-09-06T23:06:12.8485744Z ^[[36;1mset -euo pipefail^[[0m
prepare	Reconcile predecessor no-panic pull request	2026-09-06T23:06:12.8486222Z ^[[36;1mpr="$(gh pr list --repo "$REPO" --head test/no-panic-next-integration-test --base main --state open --json number --jq '.[0].number // empty')"^[[0m
prepare	Reconcile predecessor no-panic pull request	2026-09-06T23:06:12.8486740Z ^[[36;1mif [ -z "$pr" ]; then^[[0m
prepare	Reconcile predecessor no-panic pull request	2026-09-06T23:06:12.8486980Z ^[[36;1m  exit 0^[[0m
prepare	Reconcile predecessor no-panic pull request	2026-09-06T23:06:12.8487200Z ^[[36;1mfi^[[0m
prepare	Reconcile predecessor no-panic pull request	2026-09-06T23:06:12.8487402Z ^[[36;1m^[[0m
prepare	Reconcile predecessor no-panic pull request	2026-09-06T23:06:12.8487683Z ^[[36;1mhead_sha="$(gh pr view "$pr" --repo "$REPO" --json headRefOid --jq .headRefOid)"^[[0m
prepare	Reconcile predecessor no-panic pull request	2026-09-06T23:06:12.8488168Z ^[[36;1mgit fetch origin "pull/$pr/head:refs/remotes/origin/predecessor-pr"^[[0m
prepare	Reconcile predecessor no-panic pull request	2026-09-06T23:06:12.8488617Z ^[[36;1mgit fetch origin main^[[0m
prepare	Reconcile predecessor no-panic pull request	2026-09-06T23:06:12.8488882Z ^[[36;1mgit checkout --detach "$head_sha"^[[0m
prepare	Reconcile predecessor no-panic pull request	2026-09-06T23:06:12.8489142Z ^[[36;1m^[[0m
prepare	Reconcile predecessor no-panic pull request	2026-09-06T23:06:12.8489410Z ^[[36;1mmapfile -t files < <(git diff --name-only origin/main...HEAD | sort)^[[0m
prepare	Reconcile predecessor no-panic pull request	2026-09-06T23:06:12.8489924Z ^[[36;1mif [ "${#files[@]}" -ne 2 ] || [ "${files[1]}" != "policy/no-panic-baseline.toml" ]; then^[[0m
prepare	Reconcile predecessor no-panic pull request	2026-09-06T23:06:12.8490591Z ^[[36;1m  echo "predecessor PR #$pr is not a bounded two-file no-panic slice" >&2^[[0m
prepare	Reconcile predecessor no-panic pull request	2026-09-06T23:06:12.8490966Z ^[[36;1m  exit 1^[[0m
prepare	Reconcile predecessor no-panic pull request	2026-09-06T23:06:12.8491177Z ^[[36;1mfi^[[0m
prepare	Reconcile predecessor no-panic pull request	2026-09-06T23:06:12.8491443Z ^[[36;1mpath="${files[0]}"^[[0m
prepare	Reconcile predecessor no-panic pull request	2026-09-06T23:06:12.8491679Z ^[[36;1mcase "$path" in^[[0m
prepare	Reconcile predecessor no-panic pull request	2026-09-06T23:06:12.8491900Z ^[[36;1m  crates/*/tests/*.rs) ;;^[[0m
prepare	Reconcile predecessor no-panic pull request	2026-09-06T23:06:12.8492240Z ^[[36;1m  *) echo "unexpected predecessor source path: $path" >&2; exit 1 ;;^[[0m
prepare	Reconcile predecessor no-panic pull request	2026-09-06T23:06:12.8492548Z ^[[36;1mesac^[[0m
prepare	Reconcile predecessor no-panic pull request	2026-09-06T23:06:12.8492775Z ^[[36;1m^[[0m
prepare	Reconcile predecessor no-panic pull request	2026-09-06T23:06:12.8492996Z ^[[36;1mcrate_dir="${path%%/tests/*}"^[[0m
prepare	Reconcile predecessor no-panic pull request	2026-09-06T23:06:12.8493289Z ^[[36;1mpackage="$(python - "$crate_dir/Cargo.toml" <<'PY'^[[0m
prepare	Reconcile predecessor no-panic pull request	2026-09-06T23:06:12.8493629Z ^[[36;1mimport sys, tomllib^[[0m
prepare	Reconcile predecessor no-panic pull request	2026-09-06T23:06:12.8493892Z ^[[36;1mwith open(sys.argv[1], 'rb') as handle:^[[0m
prepare	Reconcile predecessor no-panic pull request	2026-09-06T23:06:12.8494218Z ^[[36;1m    print(tomllib.load(handle)['package']['name'])^[[0m
prepare	Reconcile predecessor no-panic pull request	2026-09-06T23:06:12.8494513Z ^[[36;1mPY^[[0m
prepare	Reconcile predecessor no-panic pull request	2026-09-06T23:06:12.8494716Z ^[[36;1m)"^[[0m
prepare	Reconcile predecessor no-panic pull request	2026-09-06T23:06:12.8494950Z ^[[36;1mtest_target="$(basename "$path" .rs)"^[[0m
prepare	Reconcile predecessor no-panic pull request	2026-09-06T23:06:12.8495208Z ^[[36;1m^[[0m
prepare	Reconcile predecessor no-panic pull request	2026-09-06T23:06:12.8495424Z ^[[36;1mpython - "$path" <<'PY'^[[0m
prepare	Reconcile predecessor no-panic pull request	2026-09-06T23:06:12.8495707Z ^[[36;1mimport subprocess, sys, tomllib^[[0m
prepare	Reconcile predecessor no-panic pull request	2026-09-06T23:06:12.8495997Z ^[[36;1mfrom pathlib import Path^[[0m
prepare	Reconcile predecessor no-panic pull request	2026-09-06T23:06:12.8496254Z ^[[36;1mpath = sys.argv[1]^[[0m
prepare	Reconcile predecessor no-panic pull request	2026-09-06T23:06:12.8496521Z ^[[36;1msource = Path(path).read_text(encoding='utf-8')^[[0m
prepare	Reconcile predecessor no-panic pull request	2026-09-06T23:06:12.8496854Z ^[[36;1mif '.unwrap()' in source or '.expect(' in source:^[[0m
prepare	Reconcile predecessor no-panic pull request	2026-09-06T23:06:12.8497263Z ^[[36;1m    raise SystemExit('predecessor source still contains panic-family method calls')^[[0m
prepare	Reconcile predecessor no-panic pull request	2026-09-06T23:06:12.8497658Z ^[[36;1mbefore = tomllib.loads(subprocess.check_output(^[[0m
prepare	Reconcile predecessor no-panic pull request	2026-09-06T23:06:12.8498018Z ^[[36;1m    ['git', 'show', 'origin/main:policy/no-panic-baseline.toml'], text=True^[[0m
prepare	Reconcile predecessor no-panic pull request	2026-09-06T23:06:12.8498388Z ^[[36;1m))^[[0m
prepare	Reconcile predecessor no-panic pull request	2026-09-06T23:06:12.8498691Z ^[[36;1mafter = tomllib.loads(Path('policy/no-panic-baseline.toml').read_text())^[[0m
prepare	Reconcile predecessor no-panic pull request	2026-09-06T23:06:12.8499062Z ^[[36;1mdef identities(doc):^[[0m
prepare	Reconcile predecessor no-panic pull request	2026-09-06T23:06:12.8499302Z ^[[36;1m    return {^[[0m
prepare	Reconcile predecessor no-panic pull request	2026-09-06T23:06:12.8499668Z ^[[36;1m        (row['path'], row['family'], row['selector_kind'], row['selector_callee'], row['snippet']): int(row['count'])^[[0m
prepare	Reconcile predecessor no-panic pull request	2026-09-06T23:06:12.8500271Z ^[[36;1m        for row in doc.get('entry', [])^[[0m
prepare	Reconcile predecessor no-panic pull request	2026-09-06T23:06:12.8500624Z ^[[36;1m    }^[[0m
prepare	Reconcile predecessor no-panic pull request	2026-09-06T23:06:12.8500900Z ^[[36;1mold, new = identities(before), identities(after)^[[0m
prepare	Reconcile predecessor no-panic pull request	2026-09-06T23:06:12.8501223Z ^[[36;1mif set(new) - set(old):^[[0m
prepare	Reconcile predecessor no-panic pull request	2026-09-06T23:06:12.8501523Z ^[[36;1m    raise SystemExit('predecessor baseline added identities')^[[0m
prepare	Reconcile predecessor no-panic pull request	2026-09-06T23:06:12.8501885Z ^[[36;1mif any(new[key] > old[key] for key in set(old) & set(new)):^[[0m
prepare	Reconcile predecessor no-panic pull request	2026-09-06T23:06:12.8502262Z ^[[36;1m    raise SystemExit('predecessor baseline increased identities')^[[0m
prepare	Reconcile predecessor no-panic pull request	2026-09-06T23:06:12.8502730Z ^[[36;1mremoved = sum(old.values()) - sum(new.values())^[[0m
prepare	Reconcile predecessor no-panic pull request	2026-09-06T23:06:12.8503008Z ^[[36;1mif removed <= 0:^[[0m
prepare	Reconcile predecessor no-panic pull request	2026-09-06T23:06:12.8503276Z ^[[36;1m    raise SystemExit('predecessor baseline did not decrease')^[[0m
prepare	Reconcile predecessor no-panic pull request	2026-09-06T23:06:12.8503675Z ^[[36;1mif any(key[0] == path for key in new):^[[0m
prepare	Reconcile predecessor no-panic pull request	2026-09-06T23:06:12.8504001Z ^[[36;1m    raise SystemExit('predecessor path remains represented')^[[0m
prepare	Reconcile predecessor no-panic pull request	2026-09-06T23:06:12.8504402Z ^[[36;1mprint(f'predecessor PR #{sys.argv[1]} removes {removed} historical slots')^[[0m
prepare	Reconcile predecessor no-panic pull request	2026-09-06T23:06:12.8504733Z ^[[36;1mPY^[[0m
prepare	Reconcile predecessor no-panic pull request	2026-09-06T23:06:12.8504927Z ^[[36;1m^[[0m
prepare	Reconcile predecessor no-panic pull request	2026-09-06T23:06:12.8505255Z ^[[36;1mcargo fmt --all -- --check^[[0m
prepare	Reconcile predecessor no-panic pull request	2026-09-06T23:06:12.8505599Z ^[[36;1mcargo test -p "$package" --test "$test_target" --all-features^[[0m
prepare	Reconcile predecessor no-panic pull request	2026-09-06T23:06:12.8506001Z ^[[36;1mcargo clippy -p "$package" --test "$test_target" --all-features -- -D warnings^[[0m
prepare	Reconcile predecessor no-panic pull request	2026-09-06T23:06:12.8506402Z ^[[36;1mcargo xtask check-no-panic-family^[[0m
prepare	Reconcile predecessor no-panic pull request	2026-09-06T23:06:12.8506650Z ^[[36;1mcargo xtask pr^[[0m
prepare	Reconcile predecessor no-panic pull request	2026-09-06T23:06:12.8506939Z ^[[36;1mgit diff --check origin/main...HEAD^[[0m
prepare	Reconcile predecessor no-panic pull request	2026-09-06T23:06:12.8507201Z ^[[36;1m^[[0m
prepare	Reconcile predecessor no-panic pull request	2026-09-06T23:06:12.8507518Z ^[[36;1mtest "$(gh pr view "$pr" --repo "$REPO" --json headRefOid --jq .headRefOid)" = "$head_sha"^[[0m
prepare	Reconcile predecessor no-panic pull request	2026-09-06T23:06:12.8507960Z ^[[36;1mgh pr merge "$pr" --repo "$REPO" --squash --match-head-commit "$head_sha" \^[[0m
prepare	Reconcile predecessor no-panic pull request	2026-09-06T23:06:12.8508345Z ^[[36;1m  --subject "test: remove historical panic debt (#$pr)" \^[[0m
prepare	Reconcile predecessor no-panic pull request	2026-09-06T23:06:12.8509185Z ^[[36;1m  --body "Reconciled and independently verified by the serial no-panic controller. The pull request contains one integration-test owner plus the refusing baseline refresh; focused tests, Clippy, semantic policy checks, the full PR gate, and diff hygiene passed."^[[0m
prepare	Reconcile predecessor no-panic pull request	2026-09-06T23:06:12.8509952Z ^[[36;1m^[[0m
prepare	Reconcile predecessor no-panic pull request	2026-09-06T23:06:12.8510300Z ^[[36;1mfor _ in $(seq 1 60); do^[[0m
prepare	Reconcile predecessor no-panic pull request	2026-09-06T23:06:12.8510581Z ^[[36;1m  git fetch origin main^[[0m
prepare	Reconcile predecessor no-panic pull request	2026-09-06T23:06:12.8511051Z ^[[36;1m  if git merge-base --is-ancestor "$head_sha" origin/main 2>/dev/null || [ "$(gh pr view "$pr" --repo "$REPO" --json merged --jq .merged)" = "true" ]; then^[[0m
prepare	Reconcile predecessor no-panic pull request	2026-09-06T23:06:12.8511558Z ^[[36;1m    break^[[0m
prepare	Reconcile predecessor no-panic pull request	2026-09-06T23:06:12.8511804Z ^[[36;1m  fi^[[0m
prepare	Reconcile predecessor no-panic pull request	2026-09-06T23:06:12.8512069Z ^[[36;1m  sleep 5^[[0m
prepare	Reconcile predecessor no-panic pull request	2026-09-06T23:06:12.8512292Z ^[[36;1mdone^[[0m
prepare	Reconcile predecessor no-panic pull request	2026-09-06T23:06:12.8532121Z shell: /usr/bin/bash --noprofile --norc -e -o pipefail {0}
prepare	Reconcile predecessor no-panic pull request	2026-09-06T23:06:12.8532370Z env:
prepare	Reconcile predecessor no-panic pull request	2026-09-06T23:06:12.8534202Z   GH_TOKEN: ***
prepare	Reconcile predecessor no-panic pull request	2026-09-06T23:06:12.8534394Z   REPO: EffortlessMetrics/uselesskey
prepare	Reconcile predecessor no-panic pull request	2026-09-06T23:06:12.8534647Z   CANDIDATE_BRANCH: test/no-panic-next-integration-test-v2
prepare	Reconcile predecessor no-panic pull request	2026-09-06T23:06:12.8534935Z   CARGO_HOME: /home/runner/.cargo
prepare	Reconcile predecessor no-panic pull request	2026-09-06T23:06:12.8535141Z   CARGO_INCREMENTAL: 0
prepare	Reconcile predecessor no-panic pull request	2026-09-06T23:06:12.8535328Z   CARGO_TERM_COLOR: always
prepare	Reconcile predecessor no-panic pull request	2026-09-06T23:06:12.8535518Z   CACHE_ON_FAILURE: false
prepare	Reconcile predecessor no-panic pull request	2026-09-06T23:06:12.8535700Z ##[endgroup]
prepare	Reconcile predecessor no-panic pull request	2026-09-06T23:06:13.8193857Z From https://github.com/EffortlessMetrics/uselesskey
prepare	Reconcile predecessor no-panic pull request	2026-09-06T23:06:13.8194255Z  * [new ref]         refs/pull/895/head -> origin/predecessor-pr
prepare	Reconcile predecessor no-panic pull request	2026-09-06T23:06:14.1957650Z From https://github.com/EffortlessMetrics/uselesskey
prepare	Reconcile predecessor no-panic pull request	2026-09-06T23:06:14.1958035Z  * branch            main       -> FETCH_HEAD
prepare	Reconcile predecessor no-panic pull request	2026-09-06T23:06:14.2298925Z HEAD is now at b78fb0c test: remove historical panic debt from export_targets
prepare	Reconcile predecessor no-panic pull request	2026-09-06T23:06:14.4050398Z predecessor PR #crates/uselesskey-cli/tests/export_targets.rs removes 17 historical slots
prepare	Reconcile predecessor no-panic pull request	2026-09-06T23:06:15.1742875Z ^[[1m^[[92m    Updating^[[0m crates.io index
prepare	Reconcile predecessor no-panic pull request	2026-09-06T23:06:16.5114963Z ^[[1m^[[92m Downloading^[[0m crates ...
prepare	Reconcile predecessor no-panic pull request	2026-09-06T23:06:16.6163798Z ^[[1m^[[92m  Downloaded^[[0m anstream v1.0.0
prepare	Reconcile predecessor no-panic pull request	2026-09-06T23:06:16.6275345Z ^[[1m^[[92m  Downloaded^[[0m arrayvec v0.7.6
prepare	Reconcile predecessor no-panic pull request	2026-09-06T23:06:16.6293702Z ^[[1m^[[92m  Downloaded^[[0m anstyle v1.0.14
prepare	Reconcile predecessor no-panic pull request	2026-09-06T23:06:16.6393926Z ^[[1m^[[92m  Downloaded^[[0m arrayref v0.3.9
prepare	Reconcile predecessor no-panic pull request	2026-09-06T23:06:16.6412467Z ^[[1m^[[92m  Downloaded^[[0m anstyle-query v1.1.5
prepare	Reconcile predecessor no-panic pull request	2026-09-06T23:06:16.6429786Z ^[[1m^[[92m  Downloaded^[[0m anstyle-parse v1.0.0
prepare	Reconcile predecessor no-panic pull request	2026-09-06T23:06:16.6446609Z ^[[1m^[[92m  Downloaded^[[0m crypto-common v0.1.7
prepare	Reconcile predecessor no-panic pull request	2026-09-06T23:06:16.6467733Z ^[[1m^[[92m  Downloaded^[[0m pkcs8 v0.11.0-rc.11
prepare	Reconcile predecessor no-panic pull request	2026-09-06T23:06:16.6522944Z ^[[1m^[[92m  Downloaded^[[0m hex v0.4.3
prepare	Reconcile predecessor no-panic pull request	2026-09-06T23:06:16.6534129Z ^[[1m^[[92m  Downloaded^[[0m block-buffer v0.10.4
prepare	Reconcile predecessor no-panic pull request	2026-09-06T23:06:16.6579979Z ^[[1m^[[92m  Downloaded^[[0m pkcs1 v0.7.5
prepare	Reconcile predecessor no-panic pull request	2026-09-06T23:06:16.6592634Z ^[[1m^[[92m  Downloaded^[[0m equivalent v1.0.2
prepare	Reconcile predecessor no-panic pull request	2026-09-06T23:06:16.6657841Z ^[[1m^[[92m  Downloaded^[[0m difflib v0.4.0
prepare	Reconcile predecessor no-panic pull request	2026-09-06T23:06:16.6663723Z ^[[1m^[[92m  Downloaded^[[0m cpubits v0.1.0
prepare	Reconcile predecessor no-panic pull request	2026-09-06T23:06:16.6669391Z ^[[1m^[[92m  Downloaded^[[0m itoa v1.0.18
prepare	Reconcile predecessor no-panic pull request	2026-09-06T23:06:16.6727030Z ^[[1m^[[92m  Downloaded^[[0m generic-array v0.14.7
prepare	Reconcile predecessor no-panic pull request	2026-09-06T23:06:16.6801157Z ^[[1m^[[92m  Downloaded^[[0m assert_cmd v2.2.2
prepare	Reconcile predecessor no-panic pull request	2026-09-06T23:06:16.6813347Z ^[[1m^[[92m  Downloaded^[[0m num-conv v0.2.2
prepare	Reconcile predecessor no-panic pull request	2026-09-06T23:06:16.6818888Z ^[[1m^[[92m  Downloaded^[[0m errno v0.3.14
prepare	Reconcile predecessor no-panic pull request	2026-09-06T23:06:16.6831569Z ^[[1m^[[92m  Downloaded^[[0m powerfmt v0.2.0
prepare	Reconcile predecessor no-panic pull request	2026-09-06T23:06:16.6838725Z ^[[1m^[[92m  Downloaded^[[0m cmov v0.5.2
prepare	Reconcile predecessor no-panic pull request	2026-09-06T23:06:16.6848075Z ^[[1m^[[92m  Downloaded^[[0m scopeguard v1.2.0
prepare	Reconcile predecessor no-panic pull request	2026-09-06T23:06:16.6854905Z ^[[1m^[[92m  Downloaded^[[0m anyhow v1.0.103
prepare	Reconcile predecessor no-panic pull request	2026-09-06T23:06:16.6873232Z ^[[1m^[[92m  Downloaded^[[0m pem-rfc7468 v0.7.0
prepare	Reconcile predecessor no-panic pull request	2026-09-06T23:06:16.6883552Z ^[[1m^[[92m  Downloaded^[[0m lazy_static v1.5.0
prepare	Reconcile predecessor no-panic pull request	2026-09-06T23:06:16.6893596Z ^[[1m^[[92m  Downloaded^[[0m clap_lex v1.1.0
prepare	Reconcile predecessor no-panic pull request	2026-09-06T23:06:16.6900359Z ^[[1m^[[92m  Downloaded^[[0m cpufeatures v0.2.17
prepare	Reconcile predecessor no-panic pull request	2026-09-06T23:06:16.6907362Z ^[[1m^[[92m  Downloaded^[[0m colorchoice v1.0.5
prepare	Reconcile predecessor no-panic pull request	2026-09-06T23:06:16.6913827Z ^[[1m^[[92m  Downloaded^[[0m asn1-rs-derive v0.6.0
prepare	Reconcile predecessor no-panic pull request	2026-09-06T23:06:16.6945599Z ^[[1m^[[92m  Downloaded^[[0m signature v2.2.0
prepare	Reconcile predecessor no-panic pull request	2026-09-06T23:06:16.6957561Z ^[[1m^[[92m  Downloaded^[[0m num-iter v0.1.45
prepare	Reconcile predecessor no-panic pull request	2026-09-06T23:06:16.6967541Z ^[[1m^[[92m  Downloaded^[[0m heck v0.5.0
prepare	Reconcile predecessor no-panic pull request	2026-09-06T23:06:16.6978047Z ^[[1m^[[92m  Downloaded^[[0m pkcs8 v0.10.2
prepare	Reconcile predecessor no-panic pull request	2026-09-06T23:06:16.6991362Z ^[[1m^[[92m  Downloaded^[[0m pem-rfc7468 v1.0.0
prepare	Reconcile predecessor no-panic pull request	2026-09-06T23:06:16.7001183Z ^[[1m^[[92m  Downloaded^[[0m cfg-if v1.0.4
prepare	Reconcile predecessor no-panic pull request	2026-09-06T23:06:16.7008302Z ^[[1m^[[92m  Downloaded^[[0m cpufeatures v0.3.0
prepare	Reconcile predecessor no-panic pull request	2026-09-06T23:06:16.7016998Z ^[[1m^[[92m  Downloaded^[[0m time-core v0.1.9
prepare	Reconcile predecessor no-panic pull request	2026-09-06T23:06:16.7024422Z ^[[1m^[[92m  Downloaded^[[0m predicates-tree v1.0.13
prepare	Reconcile predecessor no-panic pull request	2026-09-06T23:06:16.7079566Z ^[[1m^[[92m  Downloaded^[[0m version_check v0.9.5
prepare	Reconcile predecessor no-panic pull request	2026-09-06T23:06:16.7090819Z ^[[1m^[[92m  Downloaded^[[0m fastrand v2.3.0
prepare	Reconcile predecessor no-panic pull request	2026-09-06T23:06:16.7100789Z ^[[1m^[[92m  Downloaded^[[0m normalize-line-endings v0.3.0
prepare	Reconcile predecessor no-panic pull request	2026-09-06T23:06:16.7107033Z ^[[1m^[[92m  Downloaded^[[0m float-cmp v0.10.0
prepare	Reconcile predecessor no-panic pull request	2026-09-06T23:06:16.7115267Z ^[[1m^[[92m  Downloaded^[[0m dashmap v6.2.1
prepare	Reconcile predecessor no-panic pull request	2026-09-06T23:06:16.7127760Z ^[[1m^[[92m  Downloaded^[[0m ctutils v0.4.0
prepare	Reconcile predecessor no-panic pull request	2026-09-06T23:06:16.7138636Z ^[[1m^[[92m  Downloaded^[[0m block-buffer v0.12.0
prepare	Reconcile predecessor no-panic pull request	2026-09-06T23:06:16.7147949Z ^[[1m^[[92m  Downloaded^[[0m strsim v0.11.1
prepare	Reconcile predecessor no-panic pull request	2026-09-06T23:06:16.7155123Z ^[[1m^[[92m  Downloaded^[[0m crossbeam-utils v0.8.21
prepare	Reconcile predecessor no-panic pull request	2026-09-06T23:06:16.7168513Z ^[[1m^[[92m  Downloaded^[[0m crypto-common v0.2.1
prepare	Reconcile predecessor no-panic pull request	2026-09-06T23:06:16.7175307Z ^[[1m^[[92m  Downloaded^[[0m base16ct v1.0.0
prepare	Reconcile predecessor no-panic pull request	2026-09-06T23:06:16.7181925Z ^[[1m^[[92m  Downloaded^[[0m asn1-rs-impl v0.2.0
prepare	Reconcile predecessor no-panic pull request	2026-09-06T23:06:16.7185945Z ^[[1m^[[92m  Downloaded^[[0m constant_time_eq v0.4.2
prepare	Reconcile predecessor no-panic pull request	2026-09-06T23:06:16.7198192Z ^[[1m^[[92m  Downloaded^[[0m is_terminal_polyfill v1.70.2
prepare	Reconcile predecessor no-panic pull request	2026-09-06T23:06:16.7204633Z ^[[1m^[[92m  Downloaded^[[0m curve25519-dalek-derive v0.1.1
prepare	Reconcile predecessor no-panic pull request	2026-09-06T23:06:16.7212544Z ^[[1m^[[92m  Downloaded^[[0m rand_chacha v0.10.0
prepare	Reconcile predecessor no-panic pull request	2026-09-06T23:06:16.7223193Z ^[[1m^[[92m  Downloaded^[[0m rusticata-macros v4.1.0
prepare	Reconcile predecessor no-panic pull request	2026-09-06T23:06:16.7233140Z ^[[1m^[[92m  Downloaded^[[0m pem v3.0.6
prepare	Reconcile predecessor no-panic pull request	2026-09-06T23:06:16.7242005Z ^[[1m^[[92m  Downloaded^[[0m num-integer v0.1.46
prepare	Reconcile predecessor no-panic pull request	2026-09-06T23:06:16.7254660Z ^[[1m^[[92m  Downloaded^[[0m serde_spanned v1.1.0
prepare	Reconcile predecessor no-panic pull request	2026-09-06T23:06:16.7262670Z ^[[1m^[[92m  Downloaded^[[0m rustc_version v0.4.1
prepare	Reconcile predecessor no-panic pull request	2026-09-06T23:06:16.7269520Z ^[[1m^[[92m  Downloaded^[[0m rfc6979 v0.5.0-rc.5
prepare	Reconcile predecessor no-panic pull request	2026-09-06T23:06:16.7275324Z ^[[1m^[[92m  Downloaded^[[0m predicates-core v1.0.10
prepare	Reconcile predecessor no-panic pull request	2026-09-06T23:06:16.7282200Z ^[[1m^[[92m  Downloaded^[[0m find-msvc-tools v0.1.9
prepare	Reconcile predecessor no-panic pull request	2026-09-06T23:06:16.7290783Z ^[[1m^[[92m  Downloaded^[[0m displaydoc v0.2.5
prepare	Reconcile predecessor no-panic pull request	2026-09-06T23:06:16.7304455Z ^[[1m^[[92m  Downloaded^[[0m once_cell v1.21.4
prepare	Reconcile predecessor no-panic pull request	2026-09-06T23:06:16.7316285Z ^[[1m^[[92m  Downloaded^[[0m lock_api v0.4.14
prepare	Reconcile predecessor no-panic pull request	2026-09-06T23:06:16.7323681Z ^[[1m^[[92m  Downloaded^[[0m autocfg v1.5.0
prepare	Reconcile predecessor no-panic pull request	2026-09-06T23:06:16.7331920Z ^[[1m^[[92m  Downloaded^[[0m ed25519 v2.2.3
prepare	Reconcile predecessor no-panic pull request	2026-09-06T23:06:16.7344481Z ^[[1m^[[92m  Downloaded^[[0m termtree v0.5.1
prepare	Reconcile predecessor no-panic pull request	2026-09-06T23:06:16.7352192Z ^[[1m^[[92m  Downloaded^[[0m base64ct v1.8.3
prepare	Reconcile predecessor no-panic pull request	2026-09-06T23:06:16.7367929Z ^[[1m^[[92m  Downloaded^[[0m signature v3.0.0
prepare	Reconcile predecessor no-panic pull request	2026-09-06T23:06:16.7380267Z ^[[1m^[[92m  Downloaded^[[0m clap_derive v4.6.1
prepare	Reconcile predecessor no-panic pull request	2026-09-06T23:06:16.7399733Z ^[[1m^[[92m  Downloaded^[[0m hmac v0.13.0
prepare	Reconcile predecessor no-panic pull request	2026-09-06T23:06:16.7410769Z ^[[1m^[[92m  Downloaded^[[0m ecdsa v0.17.0-rc.16
prepare	Reconcile predecessor no-panic pull request	2026-09-06T23:06:16.7423854Z ^[[1m^[[92m  Downloaded^[[0m zeroize v1.8.2
prepare	Reconcile predecessor no-panic pull request	2026-09-06T23:06:16.7431396Z ^[[1m^[[92m  Downloaded^[[0m asn1-rs v0.7.1
prepare	Reconcile predecessor no-panic pull request	2026-09-06T23:06:16.7458375Z ^[[1m^[[92m  Downloaded^[[0m spki v0.7.3
prepare	Reconcile predecessor no-panic pull request	2026-09-06T23:06:16.7467413Z ^[[1m^[[92m  Downloaded^[[0m elliptic-curve v0.14.0-rc.29
prepare	Reconcile predecessor no-panic pull request	2026-09-06T23:06:16.7488949Z ^[[1m^[[92m  Downloaded^[[0m synstructure v0.13.2
prepare	Reconcile predecessor no-panic pull request	2026-09-06T23:06:16.7496897Z ^[[1m^[[92m  Downloaded^[[0m untrusted v0.9.0
prepare	Reconcile predecessor no-panic pull request	2026-09-06T23:06:16.7510713Z ^[[1m^[[92m  Downloaded^[[0m wait-timeout v0.2.1
prepare	Reconcile predecessor no-panic pull request	2026-09-06T23:06:16.7522206Z ^[[1m^[[92m  Downloaded^[[0m shlex v1.3.0
prepare	Reconcile predecessor no-panic pull request	2026-09-06T23:06:16.7530358Z ^[[1m^[[92m  Downloaded^[[0m zmij v1.0.21
prepare	Reconcile predecessor no-panic pull request	2026-09-06T23:06:16.7541850Z ^[[1m^[[92m  Downloaded^[[0m utf8parse v0.2.2
prepare	Reconcile predecessor no-panic pull request	2026-09-06T23:06:16.7547185Z ^[[1m^[[92m  Downloaded^[[0m rustcrypto-group v0.14.0-rc.0
prepare	Reconcile predecessor no-panic pull request	2026-09-06T23:06:16.7557673Z ^[[1m^[[92m  Downloaded^[[0m subtle v2.6.1
prepare	Reconcile predecessor no-panic pull request	2026-09-06T23:06:16.7563734Z ^[[1m^[[92m  Downloaded^[[0m semver v1.0.27
prepare	Reconcile predecessor no-panic pull request	2026-09-06T23:06:16.7576271Z ^[[1m^[[92m  Downloaded^[[0m indexmap v2.13.0
prepare	Reconcile predecessor no-panic pull request	2026-09-06T23:06:16.7596679Z ^[[1m^[[92m  Downloaded^[[0m der v0.8.0
prepare	Reconcile predecessor no-panic pull request	2026-09-06T23:06:16.7629214Z ^[[1m^[[92m  Downloaded^[[0m toml_datetime v1.1.0+spec-1.1.0
prepare	Reconcile predecessor no-panic pull request	2026-09-06T23:06:16.7643240Z ^[[1m^[[92m  Downloaded^[[0m toml_writer v1.1.0+spec-1.1.0
prepare	Reconcile predecessor no-panic pull request	2026-09-06T23:06:16.7654624Z ^[[1m^[[92m  Downloaded^[[0m spki v0.8.0-rc.4
prepare	Reconcile predecessor no-panic pull request	2026-09-06T23:06:16.7667222Z ^[[1m^[[92m  Downloaded^[[0m rustcrypto-ff v0.14.0-rc.0
prepare	Reconcile predecessor no-panic pull request	2026-09-06T23:06:16.7676947Z ^[[1m^[[92m  Downloaded^[[0m quote v1.0.45
prepare	Reconcile predecessor no-panic pull request	2026-09-06T23:06:16.7691958Z ^[[1m^[[92m  Downloaded^[[0m spin v0.12.3
prepare	Reconcile predecessor no-panic pull request	2026-09-06T23:06:16.7706194Z ^[[1m^[[92m  Downloaded^[[0m clap_builder v4.6.0
prepare	Reconcile predecessor no-panic pull request	2026-09-06T23:06:16.7739998Z ^[[1m^[[92m  Downloaded^[[0m tempfile v3.27.0
prepare	Reconcile predecessor no-panic pull request	2026-09-06T23:06:16.7753182Z ^[[1m^[[92m  Downloaded^[[0m blake3 v1.8.5
prepare	Reconcile predecessor no-panic pull request	2026-09-06T23:06:16.7801604Z ^[[1m^[[92m  Downloaded^[[0m yasna v0.6.0
prepare	Reconcile predecessor no-panic pull request	2026-09-06T23:06:16.7817553Z ^[[1m^[[92m  Downloaded^[[0m unicode-ident v1.0.24
prepare	Reconcile predecessor no-panic pull request	2026-09-06T23:06:16.7832814Z ^[[1m^[[92m  Downloaded^[[0m toml v1.1.0+spec-1.1.0
prepare	Reconcile predecessor no-panic pull request	2026-09-06T23:06:16.7851212Z ^[[1m^[[92m  Downloaded^[[0m curve25519-dalek v4.1.3
prepare	Reconcile predecessor no-panic pull request	2026-09-06T23:06:16.7900638Z ^[[1m^[[92m  Downloaded^[[0m bstr v1.12.1
prepare	Reconcile predecessor no-panic pull request	2026-09-06T23:06:16.7949978Z ^[[1m^[[92m  Downloaded^[[0m typenum v1.19.0
prepare	Reconcile predecessor no-panic pull request	2026-09-06T23:06:16.7968573Z ^[[1m^[[92m  Downloaded^[[0m rsa v0.9.10
prepare	Reconcile predecessor no-panic pull request	2026-09-06T23:06:16.7993261Z ^[[1m^[[92m  Downloaded^[[0m x509-parser v0.18.1
prepare	Reconcile predecessor no-panic pull request	2026-09-06T23:06:16.8019364Z ^[[1m^[[92m  Downloaded^[[0m serde_json v1.0.151
prepare	Reconcile predecessor no-panic pull request	2026-09-06T23:06:16.8051618Z ^[[1m^[[92m  Downloaded^[[0m rand v0.10.1
prepare	Reconcile predecessor no-panic pull request	2026-09-06T23:06:16.8070777Z ^[[1m^[[92m  Downloaded^[[0m rsa v0.10.0-rc.17
prepare	Reconcile predecessor no-panic pull request	2026-09-06T23:06:16.8105726Z ^[[1m^[[92m  Downloaded^[[0m regex v1.13.1
prepare	Reconcile predecessor no-panic pull request	2026-09-06T23:06:16.8135187Z ^[[1m^[[92m  Downloaded^[[0m rand v0.8.5
prepare	Reconcile predecessor no-panic pull request	2026-09-06T23:06:16.8153818Z ^[[1m^[[92m  Downloaded^[[0m winnow v1.0.1
prepare	Reconcile predecessor no-panic pull request	2026-09-06T23:06:16.8197640Z ^[[1m^[[92m  Downloaded^[[0m serde_core v1.0.228
prepare	Reconcile predecessor no-panic pull request	2026-09-06T23:06:16.8213307Z ^[[1m^[[92m  Downloaded^[[0m fiat-crypto v0.3.0
prepare	Reconcile predecessor no-panic pull request	2026-09-06T23:06:16.8285570Z ^[[1m^[[92m  Downloaded^[[0m serde v1.0.228
prepare	Reconcile predecessor no-panic pull request	2026-09-06T23:06:16.8305328Z ^[[1m^[[92m  Downloaded^[[0m serde_derive v1.0.228
prepare	Reconcile predecessor no-panic pull request	2026-09-06T23:06:16.8328564Z ^[[1m^[[92m  Downloaded^[[0m time v0.3.55
prepare	Reconcile predecessor no-panic pull request	2026-09-06T23:06:16.8389589Z ^[[1m^[[92m  Downloaded^[[0m zerocopy v0.8.48
prepare	Reconcile predecessor no-panic pull request	2026-09-06T23:06:16.8477716Z ^[[1m^[[92m  Downloaded^[[0m syn v2.0.117
prepare	Reconcile predecessor no-panic pull request	2026-09-06T23:06:16.8531076Z ^[[1m^[[92m  Downloaded^[[0m regex-syntax v0.8.11
prepare	Reconcile predecessor no-panic pull request	2026-09-06T23:06:16.8572047Z ^[[1m^[[92m  Downloaded^[[0m rcgen v0.14.8
prepare	Reconcile predecessor no-panic pull request	2026-09-06T23:06:16.8584557Z ^[[1m^[[92m  Downloaded^[[0m rand_core v0.6.4
prepare	Reconcile predecessor no-panic pull request	2026-09-06T23:06:16.8592075Z ^[[1m^[[92m  Downloaded^[[0m proc-macro2 v1.0.106
prepare	Reconcile predecessor no-panic pull request	2026-09-06T23:06:16.8606640Z ^[[1m^[[92m  Downloaded^[[0m predicates v3.1.4
prepare	Reconcile predecessor no-panic pull request	2026-09-06T23:06:16.8620931Z ^[[1m^[[92m  Downloaded^[[0m rustix v1.1.4
prepare	Reconcile predecessor no-panic pull request	2026-09-06T23:06:16.8726623Z ^[[1m^[[92m  Downloaded^[[0m ucd-trie v0.1.7
prepare	Reconcile predecessor no-panic pull request	2026-09-06T23:06:16.8735390Z ^[[1m^[[92m  Downloaded^[[0m toml_parser v1.1.0+spec-1.1.0
prepare	Reconcile predecessor no-panic pull request	2026-09-06T23:06:16.8747696Z ^[[1m^[[92m  Downloaded^[[0m time-macros v0.2.32
prepare	Reconcile predecessor no-panic pull request	2026-09-06T23:06:16.8758911Z ^[[1m^[[92m  Downloaded^[[0m spin v0.9.8
prepare	Reconcile predecessor no-panic pull request	2026-09-06T23:06:16.8769998Z ^[[1m^[[92m  Downloaded^[[0m similar v2.7.0
prepare	Reconcile predecessor no-panic pull request	2026-09-06T23:06:16.8793379Z ^[[1m^[[92m  Downloaded^[[0m sec1 v0.8.0
prepare	Reconcile predecessor no-panic pull request	2026-09-06T23:06:16.8806447Z ^[[1m^[[92m  Downloaded^[[0m rustls-pki-types v1.14.1
prepare	Reconcile predecessor no-panic pull request	2026-09-06T23:06:16.8818041Z ^[[1m^[[92m  Downloaded^[[0m crypto-bigint v0.7.3
prepare	Reconcile predecessor no-panic pull request	2026-09-06T23:06:16.8885135Z ^[[1m^[[92m  Downloaded^[[0m primefield v0.14.0-rc.8
prepare	Reconcile predecessor no-panic pull request	2026-09-06T23:06:16.8892678Z ^[[1m^[[92m  Downloaded^[[0m pest_generator v2.8.6
prepare	Reconcile predecessor no-panic pull request	2026-09-06T23:06:16.8901574Z ^[[1m^[[92m  Downloaded^[[0m libc v0.2.183
prepare	Reconcile predecessor no-panic pull request	2026-09-06T23:06:16.9060600Z ^[[1m^[[92m  Downloaded^[[0m regex-automata v0.4.18
prepare	Reconcile predecessor no-panic pull request	2026-09-06T23:06:16.9136311Z ^[[1m^[[92m  Downloaded^[[0m crypto-primes v0.7.0
prepare	Reconcile predecessor no-panic pull request	2026-09-06T23:06:16.9160496Z ^[[1m^[[92m  Downloaded^[[0m rand_core v0.10.1
prepare	Reconcile predecessor no-panic pull request	2026-09-06T23:06:16.9167843Z ^[[1m^[[92m  Downloaded^[[0m pest_meta v2.8.6
prepare	Reconcile predecessor no-panic pull request	2026-09-06T23:06:16.9179971Z ^[[1m^[[92m  Downloaded^[[0m libm v0.2.16
prepare	Reconcile predecessor no-panic pull request	2026-09-06T23:06:16.9222564Z ^[[1m^[[92m  Downloaded^[[0m hashbrown v0.14.5
prepare	Reconcile predecessor no-panic pull request	2026-09-06T23:06:16.9246163Z ^[[1m^[[92m  Downloaded^[[0m thiserror-impl v2.0.18
prepare	Reconcile predecessor no-panic pull request	2026-09-06T23:06:16.9252850Z ^[[1m^[[92m  Downloaded^[[0m sha2 v0.11.0
prepare	Reconcile predecessor no-panic pull request	2026-09-06T23:06:16.9267761Z ^[[1m^[[92m  Downloaded^[[0m primeorder v0.14.0-rc.8
prepare	Reconcile predecessor no-panic pull request	2026-09-06T23:06:16.9274514Z ^[[1m^[[92m  Downloaded^[[0m pest v2.8.6
prepare	Reconcile predecessor no-panic pull request	2026-09-06T23:06:16.9297743Z ^[[1m^[[92m  Downloaded^[[0m num-bigint-dig v0.8.6
prepare	Reconcile predecessor no-panic pull request	2026-09-06T23:06:16.9319182Z ^[[1m^[[92m  Downloaded^[[0m hashbrown v0.16.1
prepare	Reconcile predecessor no-panic pull request	2026-09-06T23:06:16.9344302Z ^[[1m^[[92m  Downloaded^[[0m aho-corasick v1.1.4
prepare	Reconcile predecessor no-panic pull request	2026-09-06T23:06:16.9370648Z ^[[1m^[[92m  Downloaded^[[0m thiserror v2.0.18
prepare	Reconcile predecessor no-panic pull request	2026-09-06T23:06:16.9392971Z ^[[1m^[[92m  Downloaded^[[0m serdect v0.4.2
prepare	Reconcile predecessor no-panic pull request	2026-09-06T23:06:16.9399974Z ^[[1m^[[92m  Downloaded^[[0m insta v1.48.0
prepare	Reconcile predecessor no-panic pull request	2026-09-06T23:06:16.9440772Z ^[[1m^[[92m  Downloaded^[[0m der v0.7.10
prepare	Reconcile predecessor no-panic pull request	2026-09-06T23:06:16.9463092Z ^[[1m^[[92m  Downloaded^[[0m num-bigint v0.4.6
prepare	Reconcile predecessor no-panic pull request	2026-09-06T23:06:16.9484113Z ^[[1m^[[92m  Downloaded^[[0m memchr v2.8.0
prepare	Reconcile predecessor no-panic pull request	2026-09-06T23:06:16.9506506Z ^[[1m^[[92m  Downloaded^[[0m cc v1.2.58
prepare	Reconcile predecessor no-panic pull request	2026-09-06T23:06:16.9522092Z ^[[1m^[[92m  Downloaded^[[0m pest_derive v2.8.6
prepare	Reconcile predecessor no-panic pull request	2026-09-06T23:06:16.9533178Z ^[[1m^[[92m  Downloaded^[[0m p384 v0.14.0-rc.8
prepare	Reconcile predecessor no-panic pull request	2026-09-06T23:06:16.9546555Z ^[[1m^[[92m  Downloaded^[[0m nom v7.1.3
prepare	Reconcile predecessor no-panic pull request	2026-09-06T23:06:16.9570340Z ^[[1m^[[92m  Downloaded^[[0m smallvec v1.15.1
prepare	Reconcile predecessor no-panic pull request	2026-09-06T23:06:16.9582316Z ^[[1m^[[92m  Downloaded^[[0m rand_chacha v0.3.1
prepare	Reconcile predecessor no-panic pull request	2026-09-06T23:06:16.9588531Z ^[[1m^[[92m  Downloaded^[[0m num-traits v0.2.19
prepare	Reconcile predecessor no-panic pull request	2026-09-06T23:06:16.9600321Z ^[[1m^[[92m  Downloaded^[[0m minimal-lexical v0.2.1
prepare	Reconcile predecessor no-panic pull request	2026-09-06T23:06:16.9619972Z ^[[1m^[[92m  Downloaded^[[0m sha2 v0.10.9
prepare	Reconcile predecessor no-panic pull request	2026-09-06T23:06:16.9631311Z ^[[1m^[[92m  Downloaded^[[0m p256 v0.14.0-rc.8
prepare	Reconcile predecessor no-panic pull request	2026-09-06T23:06:16.9647769Z ^[[1m^[[92m  Downloaded^[[0m der-parser v10.0.0
prepare	Reconcile predecessor no-panic pull request	2026-09-06T23:06:16.9664199Z ^[[1m^[[92m  Downloaded^[[0m clap v4.6.1
prepare	Reconcile predecessor no-panic pull request	2026-09-06T23:06:16.9699211Z ^[[1m^[[92m  Downloaded^[[0m ed25519-dalek v2.2.0
prepare	Reconcile predecessor no-panic pull request	2026-09-06T23:06:16.9715127Z ^[[1m^[[92m  Downloaded^[[0m const-oid v0.9.6
prepare	Reconcile predecessor no-panic pull request	2026-09-06T23:06:16.9725416Z ^[[1m^[[92m  Downloaded^[[0m console v0.16.3
prepare	Reconcile predecessor no-panic pull request	2026-09-06T23:06:16.9733693Z ^[[1m^[[92m  Downloaded^[[0m getrandom v0.4.2
prepare	Reconcile predecessor no-panic pull request	2026-09-06T23:06:16.9749908Z ^[[1m^[[92m  Downloaded^[[0m const-oid v0.10.2
prepare	Reconcile predecessor no-panic pull request	2026-09-06T23:06:16.9763843Z ^[[1m^[[92m  Downloaded^[[0m base64 v0.22.1
prepare	Reconcile predecessor no-panic pull request	2026-09-06T23:06:16.9781565Z ^[[1m^[[92m  Downloaded^[[0m hybrid-array v0.4.9
prepare	Reconcile predecessor no-panic pull request	2026-09-06T23:06:16.9791004Z ^[[1m^[[92m  Downloaded^[[0m getrandom v0.2.17
prepare	Reconcile predecessor no-panic pull request	2026-09-06T23:06:16.9803284Z ^[[1m^[[92m  Downloaded^[[0m parking_lot_core v0.9.12
prepare	Reconcile predecessor no-panic pull request	2026-09-06T23:06:16.9812540Z ^[[1m^[[92m  Downloaded^[[0m digest v0.11.2
prepare	Reconcile predecessor no-panic pull request	2026-09-06T23:06:16.9823483Z ^[[1m^[[92m  Downloaded^[[0m bitflags v2.11.0
prepare	Reconcile predecessor no-panic pull request	2026-09-06T23:06:16.9839974Z ^[[1m^[[92m  Downloaded^[[0m digest v0.10.7
prepare	Reconcile predecessor no-panic pull request	2026-09-06T23:06:16.9847876Z ^[[1m^[[92m  Downloaded^[[0m data-encoding v2.10.0
prepare	Reconcile predecessor no-panic pull request	2026-09-06T23:06:16.9853269Z ^[[1m^[[92m  Downloaded^[[0m bit-vec v0.9.1
prepare	Reconcile predecessor no-panic pull request	2026-09-06T23:06:16.9861455Z ^[[1m^[[92m  Downloaded^[[0m oid-registry v0.8.1
prepare	Reconcile predecessor no-panic pull request	2026-09-06T23:06:16.9867348Z ^[[1m^[[92m  Downloaded^[[0m deranged v0.5.8
prepare	Reconcile predecessor no-panic pull request	2026-09-06T23:06:16.9874949Z ^[[1m^[[92m  Downloaded^[[0m pkcs1 v0.8.0-rc.4
prepare	Reconcile predecessor no-panic pull request	2026-09-06T23:06:16.9885793Z ^[[1m^[[92m  Downloaded^[[0m ppv-lite86 v0.2.21
prepare	Reconcile predecessor no-panic pull request	2026-09-06T23:06:16.9892771Z ^[[1m^[[92m  Downloaded^[[0m ring v0.17.14
prepare	Reconcile predecessor no-panic pull request	2026-09-06T23:06:17.0109165Z ^[[1m^[[92m  Downloaded^[[0m linux-raw-sys v0.12.1
prepare	Reconcile predecessor no-panic pull request	2026-09-06T23:06:17.2205345Z ^[[1m^[[92m   Compiling^[[0m libc v0.2.183
prepare	Reconcile predecessor no-panic pull request	2026-09-06T23:06:17.2205966Z ^[[1m^[[92m   Compiling^[[0m cfg-if v1.0.4
prepare	Reconcile predecessor no-panic pull request	2026-09-06T23:06:17.2235702Z ^[[1m^[[92m   Compiling^[[0m zeroize v1.8.2
prepare	Reconcile predecessor no-panic pull request	2026-09-06T23:06:17.2261412Z ^[[1m^[[92m   Compiling^[[0m typenum v1.19.0
prepare	Reconcile predecessor no-panic pull request	2026-09-06T23:06:17.2451242Z ^[[1m^[[92m   Compiling^[[0m proc-macro2 v1.0.106
prepare	Reconcile predecessor no-panic pull request	2026-09-06T23:06:17.3447402Z ^[[1m^[[92m   Compiling^[[0m quote v1.0.45
prepare	Reconcile predecessor no-panic pull request	2026-09-06T23:06:17.7303219Z ^[[1m^[[92m   Compiling^[[0m unicode-ident v1.0.24
prepare	Reconcile predecessor no-panic pull request	2026-09-06T23:06:17.7916139Z ^[[1m^[[92m   Compiling^[[0m rand_core v0.10.1
prepare	Reconcile predecessor no-panic pull request	2026-09-06T23:06:17.8822175Z ^[[1m^[[92m   Compiling^[[0m subtle v2.6.1
prepare	Reconcile predecessor no-panic pull request	2026-09-06T23:06:17.9672075Z ^[[1m^[[92m   Compiling^[[0m getrandom v0.4.2
prepare	Reconcile predecessor no-panic pull request	2026-09-06T23:06:18.0731820Z ^[[1m^[[92m   Compiling^[[0m autocfg v1.5.0
prepare	Reconcile predecessor no-panic pull request	2026-09-06T23:06:18.2921824Z ^[[1m^[[92m   Compiling^[[0m libm v0.2.16
prepare	Reconcile predecessor no-panic pull request	2026-09-06T23:06:18.3301000Z ^[[1m^[[92m   Compiling^[[0m num-traits v0.2.19
prepare	Reconcile predecessor no-panic pull request	2026-09-06T23:06:18.4041827Z ^[[1m^[[92m   Compiling^[[0m syn v2.0.117
prepare	Reconcile predecessor no-panic pull request	2026-09-06T23:06:18.4891816Z ^[[1m^[[92m   Compiling^[[0m base64ct v1.8.3
prepare	Reconcile predecessor no-panic pull request	2026-09-06T23:06:18.5962354Z ^[[1m^[[92m   Compiling^[[0m memchr v2.8.0
prepare	Reconcile predecessor no-panic pull request	2026-09-06T23:06:18.7136258Z ^[[1m^[[92m   Compiling^[[0m hybrid-array v0.4.9
prepare	Reconcile predecessor no-panic pull request	2026-09-06T23:06:19.1231728Z ^[[1m^[[92m   Compiling^[[0m cmov v0.5.2
prepare	Reconcile predecessor no-panic pull request	2026-09-06T23:06:19.8822191Z ^[[1m^[[92m   Compiling^[[0m const-oid v0.10.2
prepare	Reconcile predecessor no-panic pull request	2026-09-06T23:06:20.0911417Z ^[[1m^[[92m   Compiling^[[0m ctutils v0.4.0
prepare	Reconcile predecessor no-panic pull request	2026-09-06T23:06:20.0971582Z ^[[1m^[[92m   Compiling^[[0m find-msvc-tools v0.1.9
prepare	Reconcile predecessor no-panic pull request	2026-09-06T23:06:20.2372601Z ^[[1m^[[92m   Compiling^[[0m shlex v1.3.0
prepare	Reconcile predecessor no-panic pull request	2026-09-06T23:06:20.2441577Z ^[[1m^[[92m   Compiling^[[0m crypto-common v0.2.1
prepare	Reconcile predecessor no-panic pull request	2026-09-06T23:06:20.3412433Z ^[[1m^[[92m   Compiling^[[0m cc v1.2.58
prepare	Reconcile predecessor no-panic pull request	2026-09-06T23:06:20.4982405Z ^[[1m^[[92m   Compiling^[[0m serde_core v1.0.228
prepare	Reconcile predecessor no-panic pull request	2026-09-06T23:06:20.6821527Z ^[[1m^[[92m   Compiling^[[0m zerocopy v0.8.48
prepare	Reconcile predecessor no-panic pull request	2026-09-06T23:06:20.9101341Z ^[[1m^[[92m   Compiling^[[0m block-buffer v0.12.0
prepare	Reconcile predecessor no-panic pull request	2026-09-06T23:06:20.9992086Z ^[[1m^[[92m   Compiling^[[0m version_check v0.9.5
prepare	Reconcile predecessor no-panic pull request	2026-09-06T23:06:21.1621840Z ^[[1m^[[92m   Compiling^[[0m generic-array v0.14.7
prepare	Reconcile predecessor no-panic pull request	2026-09-06T23:06:21.2412109Z ^[[1m^[[92m   Compiling^[[0m digest v0.11.2
prepare	Reconcile predecessor no-panic pull request	2026-09-06T23:06:21.8190899Z ^[[1m^[[92m   Compiling^[[0m pem-rfc7468 v1.0.0
prepare	Reconcile predecessor no-panic pull request	2026-09-06T23:06:21.9811622Z ^[[1m^[[92m   Compiling^[[0m thiserror v2.0.18
prepare	Reconcile predecessor no-panic pull request	2026-09-06T23:06:22.1381431Z ^[[1m^[[92m   Compiling^[[0m const-oid v0.9.6
prepare	Reconcile predecessor no-panic pull request	2026-09-06T23:06:22.3452363Z ^[[1m^[[92m   Compiling^[[0m cpufeatures v0.3.0
prepare	Reconcile predecessor no-panic pull request	2026-09-06T23:06:22.4121959Z ^[[1m^[[92m   Compiling^[[0m der v0.8.0
prepare	Reconcile predecessor no-panic pull request	2026-09-06T23:06:22.5061881Z ^[[1m^[[92m   Compiling^[[0m thiserror-impl v2.0.18
prepare	Reconcile predecessor no-panic pull request	2026-09-06T23:06:23.0991824Z ^[[1m^[[92m   Compiling^[[0m getrandom v0.2.17
prepare	Reconcile predecessor no-panic pull request	2026-09-06T23:06:23.3882025Z ^[[1m^[[92m   Compiling^[[0m rustix v1.1.4
prepare	Reconcile predecessor no-panic pull request	2026-09-06T23:06:23.5541994Z ^[[1m^[[92m   Compiling^[[0m cpubits v0.1.0
prepare	Reconcile predecessor no-panic pull request	2026-09-06T23:06:23.5903100Z ^[[1m^[[92m   Compiling^[[0m smallvec v1.15.1
prepare	Reconcile predecessor no-panic pull request	2026-09-06T23:06:23.7351810Z ^[[1m^[[92m   Compiling^[[0m crypto-bigint v0.7.3
prepare	Reconcile predecessor no-panic pull request	2026-09-06T23:06:23.8091815Z ^[[1m^[[92m   Compiling^[[0m spki v0.8.0-rc.4
prepare	Reconcile predecessor no-panic pull request	2026-09-06T23:06:24.0182139Z ^[[1m^[[92m   Compiling^[[0m blake3 v1.8.5
prepare	Reconcile predecessor no-panic pull request	2026-09-06T23:06:24.1682270Z ^[[1m^[[92m   Compiling^[[0m base64 v0.22.1
prepare	Reconcile predecessor no-panic pull request	2026-09-06T23:06:24.3231736Z ^[[1m^[[92m   Compiling^[[0m ppv-lite86 v0.2.21
prepare	Reconcile predecessor no-panic pull request	2026-09-06T23:06:24.5818958Z ^[[1m^[[92m   Compiling^[[0m parking_lot_core v0.9.12
prepare	Reconcile predecessor no-panic pull request	2026-09-06T23:06:24.6391764Z ^[[1m^[[92m   Compiling^[[0m bitflags v2.11.0
prepare	Reconcile predecessor no-panic pull request	2026-09-06T23:06:24.6861862Z ^[[1m^[[92m   Compiling^[[0m linux-raw-sys v0.12.1
prepare	Reconcile predecessor no-panic pull request	2026-09-06T23:06:24.9447688Z ^[[1m^[[92m   Compiling^[[0m zmij v1.0.21
prepare	Reconcile predecessor no-panic pull request	2026-09-06T23:06:24.9871396Z ^[[1m^[[92m   Compiling^[[0m once_cell v1.21.4
prepare	Reconcile predecessor no-panic pull request	2026-09-06T23:06:25.0472005Z ^[[1m^[[92m   Compiling^[[0m crossbeam-utils v0.8.21
prepare	Reconcile predecessor no-panic pull request	2026-09-06T23:06:25.8888436Z ^[[1m^[[92m   Compiling^[[0m block-buffer v0.10.4
prepare	Reconcile predecessor no-panic pull request	2026-09-06T23:06:25.9653967Z ^[[1m^[[92m   Compiling^[[0m crypto-common v0.1.7
prepare	Reconcile predecessor no-panic pull request	2026-09-06T23:06:26.0292267Z ^[[1m^[[92m   Compiling^[[0m rand_core v0.6.4
prepare	Reconcile predecessor no-panic pull request	2026-09-06T23:06:26.2091350Z ^[[1m^[[92m   Compiling^[[0m pem-rfc7468 v0.7.0
prepare	Reconcile predecessor no-panic pull request	2026-09-06T23:06:26.8442406Z ^[[1m^[[92m   Compiling^[[0m arrayvec v0.7.6
prepare	Reconcile predecessor no-panic pull request	2026-09-06T23:06:26.8921846Z ^[[1m^[[92m   Compiling^[[0m arrayref v0.3.9
prepare	Reconcile predecessor no-panic pull request	2026-09-06T23:06:26.9181614Z ^[[1m^[[92m   Compiling^[[0m fastrand v2.3.0
prepare	Reconcile predecessor no-panic pull request	2026-09-06T23:06:26.9912097Z ^[[1m^[[92m   Compiling^[[0m constant_time_eq v0.4.2
prepare	Reconcile predecessor no-panic pull request	2026-09-06T23:06:27.1231938Z ^[[1m^[[92m   Compiling^[[0m serde_json v1.0.151
prepare	Reconcile predecessor no-panic pull request	2026-09-06T23:06:27.1491672Z ^[[1m^[[92m   Compiling^[[0m scopeguard v1.2.0
prepare	Reconcile predecessor no-panic pull request	2026-09-06T23:06:27.1813433Z ^[[1m^[[92m   Compiling^[[0m lock_api v0.4.14
prepare	Reconcile predecessor no-panic pull request	2026-09-06T23:06:27.3471544Z ^[[1m^[[92m   Compiling^[[0m tempfile v3.27.0
prepare	Reconcile predecessor no-panic pull request	2026-09-06T23:06:27.7591901Z ^[[1m^[[92m   Compiling^[[0m der v0.7.10
prepare	Reconcile predecessor no-panic pull request	2026-09-06T23:06:28.0651659Z ^[[1m^[[92m   Compiling^[[0m digest v0.10.7
prepare	Reconcile predecessor no-panic pull request	2026-09-06T23:06:28.8751907Z ^[[1m^[[92m   Compiling^[[0m pkcs8 v0.11.0-rc.11
prepare	Reconcile predecessor no-panic pull request	2026-09-06T23:06:29.0101833Z ^[[1m^[[92m   Compiling^[[0m time-core v0.1.9
prepare	Reconcile predecessor no-panic pull request	2026-09-06T23:06:29.0491487Z ^[[1m^[[92m   Compiling^[[0m itoa v1.0.18
prepare	Reconcile predecessor no-panic pull request	2026-09-06T23:06:29.1201822Z ^[[1m^[[92m   Compiling^[[0m num-conv v0.2.2
prepare	Reconcile predecessor no-panic pull request	2026-09-06T23:06:29.2001960Z ^[[1m^[[92m   Compiling^[[0m serde v1.0.228
prepare	Reconcile predecessor no-panic pull request	2026-09-06T23:06:29.2345147Z ^[[1m^[[92m   Compiling^[[0m hashbrown v0.14.5
prepare	Reconcile predecessor no-panic pull request	2026-09-06T23:06:29.3479670Z ^[[1m^[[92m   Compiling^[[0m time-macros v0.2.32
prepare	Reconcile predecessor no-panic pull request	2026-09-06T23:06:29.8031851Z ^[[1m^[[92m   Compiling^[[0m dashmap v6.2.1
prepare	Reconcile predecessor no-panic pull request	2026-09-06T23:06:30.3567492Z ^[[1m^[[92m   Compiling^[[0m spki v0.7.3
prepare	Reconcile predecessor no-panic pull request	2026-09-06T23:06:30.5622113Z ^[[1m^[[92m   Compiling^[[0m rand_chacha v0.10.0
prepare	Reconcile predecessor no-panic pull request	2026-09-06T23:06:31.1311856Z ^[[1m^[[92m   Compiling^[[0m serde_derive v1.0.228
prepare	Reconcile predecessor no-panic pull request	2026-09-06T23:06:31.2292171Z ^[[1m^[[92m   Compiling^[[0m num-integer v0.1.46
prepare	Reconcile predecessor no-panic pull request	2026-09-06T23:06:31.6491860Z ^[[1m^[[92m   Compiling^[[0m rand v0.10.1
prepare	Reconcile predecessor no-panic pull request	2026-09-06T23:06:31.8821779Z ^[[1m^[[92m   Compiling^[[0m rustcrypto-ff v0.14.0-rc.0
prepare	Reconcile predecessor no-panic pull request	2026-09-06T23:06:32.1430782Z ^[[1m^[[92m   Compiling^[[0m powerfmt v0.2.0
prepare	Reconcile predecessor no-panic pull request	2026-09-06T23:06:32.1481062Z ^[[1m^[[92m   Compiling^[[0m deranged v0.5.8
prepare	Reconcile predecessor no-panic pull request	2026-09-06T23:06:32.3141708Z ^[[1m^[[92m   Compiling^[[0m spin v0.12.3
prepare	Reconcile predecessor no-panic pull request	2026-09-06T23:06:32.3671923Z ^[[1m^[[92m   Compiling^[[0m uselesskey-core v0.10.0 (/home/runner/work/uselesskey/uselesskey/crates/uselesskey-core)
prepare	Reconcile predecessor no-panic pull request	2026-09-06T23:06:33.0200526Z ^[[1m^[[92m   Compiling^[[0m time v0.3.55
prepare	Reconcile predecessor no-panic pull request	2026-09-06T23:06:33.1191751Z ^[[1m^[[92m   Compiling^[[0m pkcs8 v0.10.2
prepare	Reconcile predecessor no-panic pull request	2026-09-06T23:06:33.7707335Z ^[[1m^[[92m   Compiling^[[0m sha2 v0.11.0
prepare	Reconcile predecessor no-panic pull request	2026-09-06T23:06:33.9118611Z ^[[1m^[[92m   Compiling^[[0m signature v3.0.0
prepare	Reconcile predecessor no-panic pull request	2026-09-06T23:06:33.9991096Z ^[[1m^[[92m   Compiling^[[0m minimal-lexical v0.2.1
prepare	Reconcile predecessor no-panic pull request	2026-09-06T23:06:34.2432031Z ^[[1m^[[92m   Compiling^[[0m base16ct v1.0.0
prepare	Reconcile predecessor no-panic pull request	2026-09-06T23:06:34.3915775Z ^[[1m^[[92m   Compiling^[[0m sec1 v0.8.0
prepare	Reconcile predecessor no-panic pull request	2026-09-06T23:06:34.3961496Z ^[[1m^[[92m   Compiling^[[0m nom v7.1.3
prepare	Reconcile predecessor no-panic pull request	2026-09-06T23:06:35.1771791Z ^[[1m^[[92m   Compiling^[[0m rustcrypto-group v0.14.0-rc.0
prepare	Reconcile predecessor no-panic pull request	2026-09-06T23:06:35.2971579Z ^[[1m^[[92m   Compiling^[[0m signature v2.2.0
prepare	Reconcile predecessor no-panic pull request	2026-09-06T23:06:35.3871845Z ^[[1m^[[92m   Compiling^[[0m hmac v0.13.0
prepare	Reconcile predecessor no-panic pull request	2026-09-06T23:06:35.4835680Z ^[[1m^[[92m   Compiling^[[0m synstructure v0.13.2
prepare	Reconcile predecessor no-panic pull request	2026-09-06T23:06:35.8011776Z ^[[1m^[[92m   Compiling^[[0m semver v1.0.27
prepare	Reconcile predecessor no-panic pull request	2026-09-06T23:06:35.8672008Z ^[[1m^[[92m   Compiling^[[0m spin v0.9.8
prepare	Reconcile predecessor no-panic pull request	2026-09-06T23:06:35.9311588Z ^[[1m^[[92m   Compiling^[[0m lazy_static v1.5.0
prepare	Reconcile predecessor no-panic pull request	2026-09-06T23:06:35.9651714Z ^[[1m^[[92m   Compiling^[[0m rustc_version v0.4.1
prepare	Reconcile predecessor no-panic pull request	2026-09-06T23:06:35.9803834Z ^[[1m^[[92m   Compiling^[[0m asn1-rs-derive v0.6.0
prepare	Reconcile predecessor no-panic pull request	2026-09-06T23:06:36.0151351Z ^[[1m^[[92m   Compiling^[[0m rusticata-macros v4.1.0
prepare	Reconcile predecessor no-panic pull request	2026-09-06T23:06:36.1442142Z ^[[1m^[[92m   Compiling^[[0m elliptic-curve v0.14.0-rc.29
prepare	Reconcile predecessor no-panic pull request	2026-09-06T23:06:36.2212200Z ^[[1m^[[92m   Compiling^[[0m uselesskey-jwk v0.10.0 (/home/runner/work/uselesskey/uselesskey/crates/uselesskey-jwk)
prepare	Reconcile predecessor no-panic pull request	2026-09-06T23:06:36.2912196Z ^[[1m^[[92m   Compiling^[[0m rand_chacha v0.3.1
prepare	Reconcile predecessor no-panic pull request	2026-09-06T23:06:36.4153115Z ^[[1m^[[92m   Compiling^[[0m asn1-rs-impl v0.2.0
prepare	Reconcile predecessor no-panic pull request	2026-09-06T23:06:36.5272008Z ^[[1m^[[92m   Compiling^[[0m displaydoc v0.2.5
prepare	Reconcile predecessor no-panic pull request	2026-09-06T23:06:36.6031758Z ^[[1m^[[92m   Compiling^[[0m anstyle v1.0.14
prepare	Reconcile predecessor no-panic pull request	2026-09-06T23:06:36.7562324Z ^[[1m^[[92m   Compiling^[[0m num-bigint-dig v0.8.6
prepare	Reconcile predecessor no-panic pull request	2026-09-06T23:06:36.7891691Z ^[[1m^[[92m   Compiling^[[0m rand v0.8.5
prepare	Reconcile predecessor no-panic pull request	2026-09-06T23:06:36.8331423Z ^[[1m^[[92m   Compiling^[[0m curve25519-dalek v4.1.3
prepare	Reconcile predecessor no-panic pull request	2026-09-06T23:06:36.9311864Z ^[[1m^[[92m   Compiling^[[0m asn1-rs v0.7.1
prepare	Reconcile predecessor no-panic pull request	2026-09-06T23:06:36.9335090Z ^[[1m^[[92m   Compiling^[[0m rfc6979 v0.5.0-rc.5
prepare	Reconcile predecessor no-panic pull request	2026-09-06T23:06:37.0111925Z ^[[1m^[[92m   Compiling^[[0m num-iter v0.1.45
prepare	Reconcile predecessor no-panic pull request	2026-09-06T23:06:37.0625198Z ^[[1m^[[92m   Compiling^[[0m ring v0.17.14
prepare	Reconcile predecessor no-panic pull request	2026-09-06T23:06:37.1846160Z ^[[1m^[[92m   Compiling^[[0m utf8parse v0.2.2
prepare	Reconcile predecessor no-panic pull request	2026-09-06T23:06:37.2362110Z ^[[1m^[[92m   Compiling^[[0m cpufeatures v0.2.17
prepare	Reconcile predecessor no-panic pull request	2026-09-06T23:06:37.2681643Z ^[[1m^[[92m   Compiling^[[0m oid-registry v0.8.1
prepare	Reconcile predecessor no-panic pull request	2026-09-06T23:06:37.4363848Z ^[[1m^[[92m   Compiling^[[0m anstyle-parse v1.0.0
prepare	Reconcile predecessor no-panic pull request	2026-09-06T23:06:38.4042825Z ^[[1m^[[92m   Compiling^[[0m ecdsa v0.17.0-rc.16
prepare	Reconcile predecessor no-panic pull request	2026-09-06T23:06:38.8603268Z ^[[1m^[[92m   Compiling^[[0m primeorder v0.14.0-rc.8
prepare	Reconcile predecessor no-panic pull request	2026-09-06T23:06:39.0824341Z ^[[1m^[[92m   Compiling^[[0m pkcs1 v0.7.5
prepare	Reconcile predecessor no-panic pull request	2026-09-06T23:06:40.3262100Z ^[[1m^[[92m   Compiling^[[0m primefield v0.14.0-rc.8
prepare	Reconcile predecessor no-panic pull request	2026-09-06T23:06:40.4668231Z ^[[1m^[[92m   Compiling^[[0m num-bigint v0.4.6
prepare	Reconcile predecessor no-panic pull request	2026-09-06T23:06:40.7771172Z ^[[1m^[[92m   Compiling^[[0m crypto-primes v0.7.0
prepare	Reconcile predecessor no-panic pull request	2026-09-06T23:06:41.6290545Z ^[[1m^[[92m   Compiling^[[0m pkcs1 v0.8.0-rc.4
prepare	Reconcile predecessor no-panic pull request	2026-09-06T23:06:42.5091814Z ^[[1m^[[92m   Compiling^[[0m curve25519-dalek-derive v0.1.1
prepare	Reconcile predecessor no-panic pull request	2026-09-06T23:06:42.8232491Z ^[[1m^[[92m   Compiling^[[0m aho-corasick v1.1.4
prepare	Reconcile predecessor no-panic pull request	2026-09-06T23:06:42.9731554Z ^[[1m^[[92m   Compiling^[[0m is_terminal_polyfill v1.70.2
prepare	Reconcile predecessor no-panic pull request	2026-09-06T23:06:43.0111665Z ^[[1m^[[92m   Compiling^[[0m anstyle-query v1.1.5
prepare	Reconcile predecessor no-panic pull request	2026-09-06T23:06:43.0513792Z ^[[1m^[[92m   Compiling^[[0m regex-syntax v0.8.11
prepare	Reconcile predecessor no-panic pull request	2026-09-06T23:06:43.4462272Z ^[[1m^[[92m   Compiling^[[0m ucd-trie v0.1.7
prepare	Reconcile predecessor no-panic pull request	2026-09-06T23:06:43.5741999Z ^[[1m^[[92m   Compiling^[[0m colorchoice v1.0.5
prepare	Reconcile predecessor no-panic pull request	2026-09-06T23:06:43.6241724Z ^[[1m^[[92m   Compiling^[[0m untrusted v0.9.0
prepare	Reconcile predecessor no-panic pull request	2026-09-06T23:06:44.6781698Z ^[[1m^[[92m   Compiling^[[0m regex-automata v0.4.18
prepare	Reconcile predecessor no-panic pull request	2026-09-06T23:06:48.9122199Z ^[[1m^[[92m   Compiling^[[0m anstream v1.0.0
prepare	Reconcile predecessor no-panic pull request	2026-09-06T23:06:49.3422197Z ^[[1m^[[92m   Compiling^[[0m pest v2.8.6
prepare	Reconcile predecessor no-panic pull request	2026-09-06T23:06:51.2781783Z ^[[1m^[[92m   Compiling^[[0m rsa v0.10.0-rc.17
prepare	Reconcile predecessor no-panic pull request	2026-09-06T23:06:52.1191693Z ^[[1m^[[92m   Compiling^[[0m der-parser v10.0.0
prepare	Reconcile predecessor no-panic pull request	2026-09-06T23:06:52.9901594Z ^[[1m^[[92m   Compiling^[[0m rsa v0.9.10
prepare	Reconcile predecessor no-panic pull request	2026-09-06T23:06:54.4084790Z ^[[1m^[[92m   Compiling^[[0m sha2 v0.10.9
prepare	Reconcile predecessor no-panic pull request	2026-09-06T23:06:55.8132348Z ^[[1m^[[92m   Compiling^[[0m ed25519 v2.2.3
prepare	Reconcile predecessor no-panic pull request	2026-09-06T23:06:55.9201799Z ^[[1m^[[92m   Compiling^[[0m yasna v0.6.0
prepare	Reconcile predecessor no-panic pull request	2026-09-06T23:06:56.1789107Z ^[[1m^[[92m   Compiling^[[0m pem v3.0.6
prepare	Reconcile predecessor no-panic pull request	2026-09-06T23:06:56.8172444Z ^[[1m^[[92m   Compiling^[[0m rustls-pki-types v1.14.1
prepare	Reconcile predecessor no-panic pull request	2026-09-06T23:06:57.0652511Z ^[[1m^[[92m   Compiling^[[0m clap_lex v1.1.0
prepare	Reconcile predecessor no-panic pull request	2026-09-06T23:06:57.4092336Z ^[[1m^[[92m   Compiling^[[0m heck v0.5.0
prepare	Reconcile predecessor no-panic pull request	2026-09-06T23:06:57.5391639Z ^[[1m^[[92m   Compiling^[[0m data-encoding v2.10.0
prepare	Reconcile predecessor no-panic pull request	2026-09-06T23:06:57.6132270Z ^[[1m^[[92m   Compiling^[[0m winnow v1.0.1
prepare	Reconcile predecessor no-panic pull request	2026-09-06T23:06:57.8172115Z ^[[1m^[[92m   Compiling^[[0m fiat-crypto v0.3.0
prepare	Reconcile predecessor no-panic pull request	2026-09-06T23:06:57.9661805Z ^[[1m^[[92m   Compiling^[[0m strsim v0.11.1
prepare	Reconcile predecessor no-panic pull request	2026-09-06T23:06:58.8382237Z ^[[1m^[[92m   Compiling^[[0m anyhow v1.0.103
prepare	Reconcile predecessor no-panic pull request	2026-09-06T23:06:59.0351843Z ^[[1m^[[92m   Compiling^[[0m clap_builder v4.6.0
prepare	Reconcile predecessor no-panic pull request	2026-09-06T23:07:00.8361903Z ^[[1m^[[92m   Compiling^[[0m toml_parser v1.1.0+spec-1.1.0
prepare	Reconcile predecessor no-panic pull request	2026-09-06T23:07:01.0272334Z ^[[1m^[[92m   Compiling^[[0m x509-parser v0.18.1
prepare	Reconcile predecessor no-panic pull request	2026-09-06T23:07:02.3982177Z ^[[1m^[[92m   Compiling^[[0m clap_derive v4.6.1
prepare	Reconcile predecessor no-panic pull request	2026-09-06T23:07:03.5371816Z ^[[1m^[[92m   Compiling^[[0m rcgen v0.14.8
prepare	Reconcile predecessor no-panic pull request	2026-09-06T23:07:07.4582052Z ^[[1m^[[92m   Compiling^[[0m ed25519-dalek v2.2.0
prepare	Reconcile predecessor no-panic pull request	2026-09-06T23:07:07.9882623Z ^[[1m^[[92m   Compiling^[[0m uselesskey-rsa v0.10.0 (/home/runner/work/uselesskey/uselesskey/crates/uselesskey-rsa)
prepare	Reconcile predecessor no-panic pull request	2026-09-06T23:07:09.8161853Z ^[[1m^[[92m   Compiling^[[0m pest_meta v2.8.6
prepare	Reconcile predecessor no-panic pull request	2026-09-06T23:07:10.0261646Z ^[[1m^[[92m   Compiling^[[0m p256 v0.14.0-rc.8
prepare	Reconcile predecessor no-panic pull request	2026-09-06T23:07:10.3117059Z ^[[1m^[[92m   Compiling^[[0m p384 v0.14.0-rc.8
prepare	Reconcile predecessor no-panic pull request	2026-09-06T23:07:10.9952114Z ^[[1m^[[92m   Compiling^[[0m serde_spanned v1.1.0
prepare	Reconcile predecessor no-panic pull request	2026-09-06T23:07:11.0631773Z ^[[1m^[[92m   Compiling^[[0m toml_datetime v1.1.0+spec-1.1.0
prepare	Reconcile predecessor no-panic pull request	2026-09-06T23:07:11.4612154Z ^[[1m^[[92m   Compiling^[[0m hex v0.4.3
prepare	Reconcile predecessor no-panic pull request	2026-09-06T23:07:11.6631783Z ^[[1m^[[92m   Compiling^[[0m predicates-core v1.0.10
prepare	Reconcile predecessor no-panic pull request	2026-09-06T23:07:11.8641608Z ^[[1m^[[92m   Compiling^[[0m toml_writer v1.1.0+spec-1.1.0
prepare	Reconcile predecessor no-panic pull request	2026-09-06T23:07:12.0211934Z ^[[1m^[[92m   Compiling^[[0m toml v1.1.0+spec-1.1.0
prepare	Reconcile predecessor no-panic pull request	2026-09-06T23:07:12.2812291Z ^[[1m^[[92m   Compiling^[[0m uselesskey-webhook v0.10.0 (/home/runner/work/uselesskey/uselesskey/crates/uselesskey-webhook)
prepare	Reconcile predecessor no-panic pull request	2026-09-06T23:07:13.2722395Z ^[[1m^[[92m   Compiling^[[0m uselesskey-ecdsa v0.10.0 (/home/runner/work/uselesskey/uselesskey/crates/uselesskey-ecdsa)
prepare	Reconcile predecessor no-panic pull request	2026-09-06T23:07:13.8912502Z ^[[1m^[[92m   Compiling^[[0m pest_generator v2.8.6
prepare	Reconcile predecessor no-panic pull request	2026-09-06T23:07:14.3842392Z ^[[1m^[[92m   Compiling^[[0m uselesskey-x509 v0.10.0 (/home/runner/work/uselesskey/uselesskey/crates/uselesskey-x509)
prepare	Reconcile predecessor no-panic pull request	2026-09-06T23:07:15.7202103Z ^[[1m^[[92m   Compiling^[[0m uselesskey-ed25519 v0.10.0 (/home/runner/work/uselesskey/uselesskey/crates/uselesskey-ed25519)
prepare	Reconcile predecessor no-panic pull request	2026-09-06T23:07:16.1212064Z ^[[1m^[[92m   Compiling^[[0m clap v4.6.1
prepare	Reconcile predecessor no-panic pull request	2026-09-06T23:07:16.2642694Z ^[[1m^[[92m   Compiling^[[0m regex v1.13.1
prepare	Reconcile predecessor no-panic pull request	2026-09-06T23:07:16.9162965Z ^[[1m^[[92m   Compiling^[[0m uselesskey-hmac v0.10.0 (/home/runner/work/uselesskey/uselesskey/crates/uselesskey-hmac)
prepare	Reconcile predecessor no-panic pull request	2026-09-06T23:07:17.4001277Z ^[[1m^[[92m   Compiling^[[0m uselesskey-token v0.10.0 (/home/runner/work/uselesskey/uselesskey/crates/uselesskey-token)
prepare	Reconcile predecessor no-panic pull request	2026-09-06T23:07:17.7702092Z ^[[1m^[[92m   Compiling^[[0m float-cmp v0.10.0
prepare	Reconcile predecessor no-panic pull request	2026-09-06T23:07:17.8421890Z ^[[1m^[[92m   Compiling^[[0m difflib v0.4.0
prepare	Reconcile predecessor no-panic pull request	2026-09-06T23:07:18.0431892Z ^[[1m^[[92m   Compiling^[[0m normalize-line-endings v0.3.0
prepare	Reconcile predecessor no-panic pull request	2026-09-06T23:07:18.7042158Z ^[[1m^[[92m   Compiling^[[0m termtree v0.5.1
prepare	Reconcile predecessor no-panic pull request	2026-09-06T23:07:18.7876288Z ^[[1m^[[92m   Compiling^[[0m assert_cmd v2.2.2
prepare	Reconcile predecessor no-panic pull request	2026-09-06T23:07:18.8637651Z ^[[1m^[[92m   Compiling^[[0m predicates-tree v1.0.13
prepare	Reconcile predecessor no-panic pull request	2026-09-06T23:07:19.3872040Z ^[[1m^[[92m   Compiling^[[0m predicates v3.1.4
prepare	Reconcile predecessor no-panic pull request	2026-09-06T23:07:19.8651626Z ^[[1m^[[92m   Compiling^[[0m uselesskey-cli v0.10.0 (/home/runner/work/uselesskey/uselesskey/crates/uselesskey-cli)
prepare	Reconcile predecessor no-panic pull request	2026-09-06T23:07:20.3881884Z ^[[1m^[[92m   Compiling^[[0m pest_derive v2.8.6
prepare	Reconcile predecessor no-panic pull request	2026-09-06T23:07:20.5301763Z ^[[1m^[[92m   Compiling^[[0m bstr v1.12.1
prepare	Reconcile predecessor no-panic pull request	2026-09-06T23:07:20.9692441Z ^[[1m^[[92m   Compiling^[[0m console v0.16.3
prepare	Reconcile predecessor no-panic pull request	2026-09-06T23:07:22.3260468Z ^[[1m^[[92m   Compiling^[[0m wait-timeout v0.2.1
prepare	Reconcile predecessor no-panic pull request	2026-09-06T23:07:22.3405144Z ^[[1m^[[92m   Compiling^[[0m similar v2.7.0
prepare	Reconcile predecessor no-panic pull request	2026-09-06T23:07:22.8792011Z ^[[1m^[[92m   Compiling^[[0m insta v1.48.0
prepare	Reconcile predecessor no-panic pull request	2026-09-06T23:07:24.1792160Z ^[[1m^[[92m   Compiling^[[0m uselesskey-test-support v0.10.0 (/home/runner/work/uselesskey/uselesskey/crates/uselesskey-test-support)
prepare	Reconcile predecessor no-panic pull request	2026-09-06T23:07:33.4283148Z ^[[1m^[[92m    Finished^[[0m `test` profile [optimized + debuginfo] target(s) in 1m 18s
prepare	Reconcile predecessor no-panic pull request	2026-09-06T23:07:33.5004314Z ^[[1m^[[92m     Running^[[0m tests/export_targets.rs (target/debug/deps/export_targets-73c737c782518829)
prepare	Reconcile predecessor no-panic pull request	2026-09-06T23:07:33.5030321Z 
prepare	Reconcile predecessor no-panic pull request	2026-09-06T23:07:33.5031005Z running 4 tests
prepare	Reconcile predecessor no-panic pull request	2026-09-06T23:07:33.5034227Z test golden_manifest_json ... ok
prepare	Reconcile predecessor no-panic pull request	2026-09-06T23:07:33.5034957Z test golden_renderer_outputs_match_expected_files ... ok
prepare	Reconcile predecessor no-panic pull request	2026-09-06T23:07:33.5035492Z test manifest_write_json_round_trip ... ok
prepare	Reconcile predecessor no-panic pull request	2026-09-06T23:07:33.5035796Z test local_file_target_round_trip ... ok
prepare	Reconcile predecessor no-panic pull request	2026-09-06T23:07:33.5035983Z 
prepare	Reconcile predecessor no-panic pull request	2026-09-06T23:07:33.5036267Z test result: ok. 4 passed; 0 failed; 0 ignored; 0 measured; 0 filtered out; finished in 0.00s
prepare	Reconcile predecessor no-panic pull request	2026-09-06T23:07:33.5036741Z 
prepare	Reconcile predecessor no-panic pull request	2026-09-06T23:07:33.6939966Z ^[[1m^[[92m    Checking^[[0m cfg-if v1.0.4
prepare	Reconcile predecessor no-panic pull request	2026-09-06T23:07:33.6940674Z ^[[1m^[[92m    Checking^[[0m zeroize v1.8.2
prepare	Reconcile predecessor no-panic pull request	2026-09-06T23:07:33.6941668Z ^[[1m^[[92m    Checking^[[0m libc v0.2.183
prepare	Reconcile predecessor no-panic pull request	2026-09-06T23:07:33.6942107Z ^[[1m^[[92m    Checking^[[0m typenum v1.19.0
prepare	Reconcile predecessor no-panic pull request	2026-09-06T23:07:33.7143078Z ^[[1m^[[92m    Checking^[[0m rand_core v0.10.1
prepare	Reconcile predecessor no-panic pull request	2026-09-06T23:07:33.7661256Z ^[[1m^[[92m    Checking^[[0m subtle v2.6.1
prepare	Reconcile predecessor no-panic pull request	2026-09-06T23:07:33.7772023Z ^[[1m^[[92m    Checking^[[0m libm v0.2.16
prepare	Reconcile predecessor no-panic pull request	2026-09-06T23:07:33.8401690Z ^[[1m^[[92m    Checking^[[0m base64ct v1.8.3
prepare	Reconcile predecessor no-panic pull request	2026-09-06T23:07:33.9877356Z ^[[1m^[[92m    Checking^[[0m memchr v2.8.0
prepare	Reconcile predecessor no-panic pull request	2026-09-06T23:07:34.1922398Z ^[[1m^[[92m    Checking^[[0m hybrid-array v0.4.9
prepare	Reconcile predecessor no-panic pull request	2026-09-06T23:07:34.2836359Z ^[[1m^[[92m    Checking^[[0m cmov v0.5.2
prepare	Reconcile predecessor no-panic pull request	2026-09-06T23:07:34.2871767Z ^[[1m^[[92m    Checking^[[0m getrandom v0.4.2
prepare	Reconcile predecessor no-panic pull request	2026-09-06T23:07:34.3635207Z ^[[1m^[[92m    Checking^[[0m const-oid v0.10.2
prepare	Reconcile predecessor no-panic pull request	2026-09-06T23:07:34.3773609Z ^[[1m^[[92m    Checking^[[0m ctutils v0.4.0
prepare	Reconcile predecessor no-panic pull request	2026-09-06T23:07:34.4520753Z ^[[1m^[[92m    Checking^[[0m serde_core v1.0.228
prepare	Reconcile predecessor no-panic pull request	2026-09-06T23:07:34.4791636Z ^[[1m^[[92m    Checking^[[0m zerocopy v0.8.48
prepare	Reconcile predecessor no-panic pull request	2026-09-06T23:07:34.4821252Z ^[[1m^[[92m    Checking^[[0m num-traits v0.2.19
prepare	Reconcile predecessor no-panic pull request	2026-09-06T23:07:34.5531845Z ^[[1m^[[92m    Checking^[[0m crypto-common v0.2.1
prepare	Reconcile predecessor no-panic pull request	2026-09-06T23:07:34.9361745Z ^[[1m^[[92m    Checking^[[0m block-buffer v0.12.0
prepare	Reconcile predecessor no-panic pull request	2026-09-06T23:07:35.0061644Z ^[[1m^[[92m    Checking^[[0m pem-rfc7468 v1.0.0
prepare	Reconcile predecessor no-panic pull request	2026-09-06T23:07:35.0942113Z ^[[1m^[[92m    Checking^[[0m cpufeatures v0.3.0
prepare	Reconcile predecessor no-panic pull request	2026-09-06T23:07:35.1161469Z ^[[1m^[[92m    Checking^[[0m digest v0.11.2
prepare	Reconcile predecessor no-panic pull request	2026-09-06T23:07:35.1178627Z ^[[1m^[[92m    Checking^[[0m const-oid v0.9.6
prepare	Reconcile predecessor no-panic pull request	2026-09-06T23:07:35.1931603Z ^[[1m^[[92m    Checking^[[0m der v0.8.0
prepare	Reconcile predecessor no-panic pull request	2026-09-06T23:07:35.2101490Z ^[[1m^[[92m    Checking^[[0m getrandom v0.2.17
prepare	Reconcile predecessor no-panic pull request	2026-09-06T23:07:35.2881471Z ^[[1m^[[92m    Checking^[[0m thiserror v2.0.18
prepare	Reconcile predecessor no-panic pull request	2026-09-06T23:07:35.3163388Z ^[[1m^[[92m    Checking^[[0m generic-array v0.14.7
prepare	Reconcile predecessor no-panic pull request	2026-09-06T23:07:35.6881542Z ^[[1m^[[92m    Checking^[[0m cpubits v0.1.0
prepare	Reconcile predecessor no-panic pull request	2026-09-06T23:07:35.7112906Z ^[[1m^[[92m    Checking^[[0m smallvec v1.15.1
prepare	Reconcile predecessor no-panic pull request	2026-09-06T23:07:35.8133855Z ^[[1m^[[92m    Checking^[[0m crypto-bigint v0.7.3
prepare	Reconcile predecessor no-panic pull request	2026-09-06T23:07:35.8412702Z ^[[1m^[[92m    Checking^[[0m base64 v0.22.1
prepare	Reconcile predecessor no-panic pull request	2026-09-06T23:07:35.9941935Z ^[[1m^[[92m    Checking^[[0m spki v0.8.0-rc.4
prepare	Reconcile predecessor no-panic pull request	2026-09-06T23:07:36.0048912Z ^[[1m^[[92m    Checking^[[0m bitflags v2.11.0
prepare	Reconcile predecessor no-panic pull request	2026-09-06T23:07:36.0778895Z ^[[1m^[[92m    Checking^[[0m once_cell v1.21.4
prepare	Reconcile predecessor no-panic pull request	2026-09-06T23:07:36.0877186Z ^[[1m^[[92m    Checking^[[0m linux-raw-sys v0.12.1
prepare	Reconcile predecessor no-panic pull request	2026-09-06T23:07:36.1691592Z ^[[1m^[[92m    Checking^[[0m block-buffer v0.10.4
prepare	Reconcile predecessor no-panic pull request	2026-09-06T23:07:36.2231526Z ^[[1m^[[92m    Checking^[[0m crypto-common v0.1.7
prepare	Reconcile predecessor no-panic pull request	2026-09-06T23:07:36.2651958Z ^[[1m^[[92m    Checking^[[0m rand_core v0.6.4
prepare	Reconcile predecessor no-panic pull request	2026-09-06T23:07:36.2945182Z ^[[1m^[[92m    Checking^[[0m rustix v1.1.4
prepare	Reconcile predecessor no-panic pull request	2026-09-06T23:07:36.3521484Z ^[[1m^[[92m    Checking^[[0m pem-rfc7468 v0.7.0
prepare	Reconcile predecessor no-panic pull request	2026-09-06T23:07:36.4341850Z ^[[1m^[[92m    Checking^[[0m arrayref v0.3.9
prepare	Reconcile predecessor no-panic pull request	2026-09-06T23:07:36.4551295Z ^[[1m^[[92m    Checking^[[0m scopeguard v1.2.0
prepare	Reconcile predecessor no-panic pull request	2026-09-06T23:07:36.4851610Z ^[[1m^[[92m    Checking^[[0m fastrand v2.3.0
prepare	Reconcile predecessor no-panic pull request	2026-09-06T23:07:36.5751646Z ^[[1m^[[92m    Checking^[[0m constant_time_eq v0.4.2
prepare	Reconcile predecessor no-panic pull request	2026-09-06T23:07:36.6292189Z ^[[1m^[[92m    Checking^[[0m arrayvec v0.7.6
prepare	Reconcile predecessor no-panic pull request	2026-09-06T23:07:36.7221239Z ^[[1m^[[92m    Checking^[[0m blake3 v1.8.5
prepare	Reconcile predecessor no-panic pull request	2026-09-06T23:07:36.9461807Z ^[[1m^[[92m    Checking^[[0m lock_api v0.4.14
prepare	Reconcile predecessor no-panic pull request	2026-09-06T23:07:37.0592104Z ^[[1m^[[92m    Checking^[[0m der v0.7.10
prepare	Reconcile predecessor no-panic pull request	2026-09-06T23:07:37.0911971Z ^[[1m^[[92m    Checking^[[0m ppv-lite86 v0.2.21
prepare	Reconcile predecessor no-panic pull request	2026-09-06T23:07:37.2480855Z ^[[1m^[[92m    Checking^[[0m tempfile v3.27.0
prepare	Reconcile predecessor no-panic pull request	2026-09-06T23:07:37.2851532Z ^[[1m^[[92m    Checking^[[0m digest v0.10.7
prepare	Reconcile predecessor no-panic pull request	2026-09-06T23:07:37.3772138Z ^[[1m^[[92m    Checking^[[0m crossbeam-utils v0.8.21
prepare	Reconcile predecessor no-panic pull request	2026-09-06T23:07:37.3781244Z ^[[1m^[[92m    Checking^[[0m parking_lot_core v0.9.12
prepare	Reconcile predecessor no-panic pull request	2026-09-06T23:07:37.4784744Z ^[[1m^[[92m    Checking^[[0m zmij v1.0.21
prepare	Reconcile predecessor no-panic pull request	2026-09-06T23:07:37.6042327Z ^[[1m^[[92m    Checking^[[0m pkcs8 v0.11.0-rc.11
prepare	Reconcile predecessor no-panic pull request	2026-09-06T23:07:37.6118052Z ^[[1m^[[92m    Checking^[[0m hashbrown v0.14.5
prepare	Reconcile predecessor no-panic pull request	2026-09-06T23:07:37.6861505Z ^[[1m^[[92m    Checking^[[0m itoa v1.0.18
prepare	Reconcile predecessor no-panic pull request	2026-09-06T23:07:37.7342223Z ^[[1m^[[92m    Checking^[[0m rand_chacha v0.10.0
prepare	Reconcile predecessor no-panic pull request	2026-09-06T23:07:37.7429758Z ^[[1m^[[92m    Checking^[[0m spki v0.7.3
prepare	Reconcile predecessor no-panic pull request	2026-09-06T23:07:37.7595102Z ^[[1m^[[92m    Checking^[[0m serde_json v1.0.151
prepare	Reconcile predecessor no-panic pull request	2026-09-06T23:07:37.8292497Z ^[[1m^[[92m    Checking^[[0m num-integer v0.1.46
prepare	Reconcile predecessor no-panic pull request	2026-09-06T23:07:37.8392246Z ^[[1m^[[92m    Checking^[[0m rand v0.10.1
prepare	Reconcile predecessor no-panic pull request	2026-09-06T23:07:37.9561324Z ^[[1m^[[92m    Checking^[[0m dashmap v6.2.1
prepare	Reconcile predecessor no-panic pull request	2026-09-06T23:07:37.9824026Z ^[[1m^[[92m    Checking^[[0m rustcrypto-ff v0.14.0-rc.0
prepare	Reconcile predecessor no-panic pull request	2026-09-06T23:07:38.0371507Z ^[[1m^[[92m    Checking^[[0m deranged v0.5.8
prepare	Reconcile predecessor no-panic pull request	2026-09-06T23:07:38.1642021Z ^[[1m^[[92m    Checking^[[0m time-core v0.1.9
prepare	Reconcile predecessor no-panic pull request	2026-09-06T23:07:38.1819324Z ^[[1m^[[92m    Checking^[[0m powerfmt v0.2.0
prepare	Reconcile predecessor no-panic pull request	2026-09-06T23:07:38.2649207Z ^[[1m^[[92m    Checking^[[0m num-conv v0.2.2
prepare	Reconcile predecessor no-panic pull request	2026-09-06T23:07:38.2661361Z ^[[1m^[[92m    Checking^[[0m spin v0.12.3
prepare	Reconcile predecessor no-panic pull request	2026-09-06T23:07:38.3122052Z ^[[1m^[[92m    Checking^[[0m uselesskey-core v0.10.0 (/home/runner/work/uselesskey/uselesskey/crates/uselesskey-core)
prepare	Reconcile predecessor no-panic pull request	2026-09-06T23:07:38.3241554Z ^[[1m^[[92m    Checking^[[0m serde v1.0.228
prepare	Reconcile predecessor no-panic pull request	2026-09-06T23:07:38.3361860Z ^[[1m^[[92m    Checking^[[0m pkcs8 v0.10.2
prepare	Reconcile predecessor no-panic pull request	2026-09-06T23:07:38.4054982Z ^[[1m^[[92m    Checking^[[0m sha2 v0.11.0
prepare	Reconcile predecessor no-panic pull request	2026-09-06T23:07:38.4721619Z ^[[1m^[[92m    Checking^[[0m signature v3.0.0
prepare	Reconcile predecessor no-panic pull request	2026-09-06T23:07:38.5321528Z ^[[1m^[[92m    Checking^[[0m minimal-lexical v0.2.1
prepare	Reconcile predecessor no-panic pull request	2026-09-06T23:07:38.6319932Z ^[[1m^[[92m    Checking^[[0m base16ct v1.0.0
prepare	Reconcile predecessor no-panic pull request	2026-09-06T23:07:38.6521455Z ^[[1m^[[92m    Checking^[[0m nom v7.1.3
prepare	Reconcile predecessor no-panic pull request	2026-09-06T23:07:38.6971565Z ^[[1m^[[92m    Checking^[[0m sec1 v0.8.0
prepare	Reconcile predecessor no-panic pull request	2026-09-06T23:07:38.8011917Z ^[[1m^[[92m    Checking^[[0m time v0.3.55
prepare	Reconcile predecessor no-panic pull request	2026-09-06T23:07:38.8116330Z ^[[1m^[[92m    Checking^[[0m rustcrypto-group v0.14.0-rc.0
prepare	Reconcile predecessor no-panic pull request	2026-09-06T23:07:38.8776066Z ^[[1m^[[92m    Checking^[[0m signature v2.2.0
prepare	Reconcile predecessor no-panic pull request	2026-09-06T23:07:38.9291651Z ^[[1m^[[92m    Checking^[[0m hmac v0.13.0
prepare	Reconcile predecessor no-panic pull request	2026-09-06T23:07:39.0062216Z ^[[1m^[[92m    Checking^[[0m spin v0.9.8
prepare	Reconcile predecessor no-panic pull request	2026-09-06T23:07:39.0491577Z ^[[1m^[[92m    Checking^[[0m lazy_static v1.5.0
prepare	Reconcile predecessor no-panic pull request	2026-09-06T23:07:39.0731466Z ^[[1m^[[92m    Checking^[[0m elliptic-curve v0.14.0-rc.29
prepare	Reconcile predecessor no-panic pull request	2026-09-06T23:07:39.0906870Z ^[[1m^[[92m    Checking^[[0m uselesskey-jwk v0.10.0 (/home/runner/work/uselesskey/uselesskey/crates/uselesskey-jwk)
prepare	Reconcile predecessor no-panic pull request	2026-09-06T23:07:39.2251869Z ^[[1m^[[92m    Checking^[[0m rand_chacha v0.3.1
prepare	Reconcile predecessor no-panic pull request	2026-09-06T23:07:39.3317050Z ^[[1m^[[92m    Checking^[[0m anstyle v1.0.14
prepare	Reconcile predecessor no-panic pull request	2026-09-06T23:07:39.3492197Z ^[[1m^[[92m    Checking^[[0m rand v0.8.5
prepare	Reconcile predecessor no-panic pull request	2026-09-06T23:07:39.4317041Z ^[[1m^[[92m    Checking^[[0m rfc6979 v0.5.0-rc.5
prepare	Reconcile predecessor no-panic pull request	2026-09-06T23:07:39.4851894Z ^[[1m^[[92m    Checking^[[0m num-iter v0.1.45
prepare	Reconcile predecessor no-panic pull request	2026-09-06T23:07:39.5291607Z ^[[1m^[[92m    Checking^[[0m aho-corasick v1.1.4
prepare	Reconcile predecessor no-panic pull request	2026-09-06T23:07:39.6291470Z ^[[1m^[[92m    Checking^[[0m rusticata-macros v4.1.0
prepare	Reconcile predecessor no-panic pull request	2026-09-06T23:07:39.6741793Z ^[[1m^[[92m    Checking^[[0m utf8parse v0.2.2
prepare	Reconcile predecessor no-panic pull request	2026-09-06T23:07:39.6873420Z ^[[1m^[[92m    Checking^[[0m regex-syntax v0.8.11
prepare	Reconcile predecessor no-panic pull request	2026-09-06T23:07:39.7089444Z ^[[1m^[[92m    Checking^[[0m cpufeatures v0.2.17
prepare	Reconcile predecessor no-panic pull request	2026-09-06T23:07:39.7321550Z ^[[1m^[[92m    Checking^[[0m anstyle-parse v1.0.0
prepare	Reconcile predecessor no-panic pull request	2026-09-06T23:07:39.8041626Z ^[[1m^[[92m    Checking^[[0m num-bigint-dig v0.8.6
prepare	Reconcile predecessor no-panic pull request	2026-09-06T23:07:40.2311074Z ^[[1m^[[92m    Checking^[[0m ecdsa v0.17.0-rc.16
prepare	Reconcile predecessor no-panic pull request	2026-09-06T23:07:40.2491682Z ^[[1m^[[92m    Checking^[[0m asn1-rs v0.7.1
prepare	Reconcile predecessor no-panic pull request	2026-09-06T23:07:40.4811738Z ^[[1m^[[92m    Checking^[[0m primeorder v0.14.0-rc.8
prepare	Reconcile predecessor no-panic pull request	2026-09-06T23:07:40.5072044Z ^[[1m^[[92m    Checking^[[0m pkcs1 v0.7.5
prepare	Reconcile predecessor no-panic pull request	2026-09-06T23:07:40.6282099Z ^[[1m^[[92m    Checking^[[0m primefield v0.14.0-rc.8
prepare	Reconcile predecessor no-panic pull request	2026-09-06T23:07:40.6622766Z ^[[1m^[[92m    Checking^[[0m num-bigint v0.4.6
prepare	Reconcile predecessor no-panic pull request	2026-09-06T23:07:40.7311257Z ^[[1m^[[92m    Checking^[[0m crypto-primes v0.7.0
prepare	Reconcile predecessor no-panic pull request	2026-09-06T23:07:40.9441638Z ^[[1m^[[92m    Checking^[[0m regex-automata v0.4.18
prepare	Reconcile predecessor no-panic pull request	2026-09-06T23:07:41.0582298Z ^[[1m^[[92m    Checking^[[0m pkcs1 v0.8.0-rc.4
prepare	Reconcile predecessor no-panic pull request	2026-09-06T23:07:41.1841498Z ^[[1m^[[92m    Checking^[[0m colorchoice v1.0.5
prepare	Reconcile predecessor no-panic pull request	2026-09-06T23:07:41.2181652Z ^[[1m^[[92m    Checking^[[0m untrusted v0.9.0
prepare	Reconcile predecessor no-panic pull request	2026-09-06T23:07:41.2561686Z ^[[1m^[[92m    Checking^[[0m anstyle-query v1.1.5
prepare	Reconcile predecessor no-panic pull request	2026-09-06T23:07:41.2861432Z ^[[1m^[[92m    Checking^[[0m is_terminal_polyfill v1.70.2
prepare	Reconcile predecessor no-panic pull request	2026-09-06T23:07:41.3111609Z ^[[1m^[[92m    Checking^[[0m anstream v1.0.0
prepare	Reconcile predecessor no-panic pull request	2026-09-06T23:07:41.4150874Z ^[[1m^[[92m    Checking^[[0m der-parser v10.0.0
prepare	Reconcile predecessor no-panic pull request	2026-09-06T23:07:41.4232494Z ^[[1m^[[92m    Checking^[[0m ring v0.17.14
prepare	Reconcile predecessor no-panic pull request	2026-09-06T23:07:41.4861627Z ^[[1m^[[92m    Checking^[[0m rsa v0.10.0-rc.17
prepare	Reconcile predecessor no-panic pull request	2026-09-06T23:07:41.7511919Z ^[[1m^[[92m    Checking^[[0m curve25519-dalek v4.1.3
prepare	Reconcile predecessor no-panic pull request	2026-09-06T23:07:41.8851483Z ^[[1m^[[92m    Checking^[[0m oid-registry v0.8.1
prepare	Reconcile predecessor no-panic pull request	2026-09-06T23:07:42.0271192Z ^[[1m^[[92m    Checking^[[0m rsa v0.9.10
prepare	Reconcile predecessor no-panic pull request	2026-09-06T23:07:42.3422006Z ^[[1m^[[92m    Checking^[[0m yasna v0.6.0
prepare	Reconcile predecessor no-panic pull request	2026-09-06T23:07:42.4001519Z ^[[1m^[[92m    Checking^[[0m sha2 v0.10.9
prepare	Reconcile predecessor no-panic pull request	2026-09-06T23:07:42.5119337Z ^[[1m^[[92m    Checking^[[0m ed25519 v2.2.3
prepare	Reconcile predecessor no-panic pull request	2026-09-06T23:07:42.5771490Z ^[[1m^[[92m    Checking^[[0m pem v3.0.6
prepare	Reconcile predecessor no-panic pull request	2026-09-06T23:07:42.6022134Z ^[[1m^[[92m    Checking^[[0m rustls-pki-types v1.14.1
prepare	Reconcile predecessor no-panic pull request	2026-09-06T23:07:42.6801989Z ^[[1m^[[92m    Checking^[[0m predicates-core v1.0.10
prepare	Reconcile predecessor no-panic pull request	2026-09-06T23:07:42.6854898Z ^[[1m^[[92m    Checking^[[0m data-encoding v2.10.0
prepare	Reconcile predecessor no-panic pull request	2026-09-06T23:07:42.7331354Z ^[[1m^[[92m    Checking^[[0m strsim v0.11.1
prepare	Reconcile predecessor no-panic pull request	2026-09-06T23:07:42.7842362Z ^[[1m^[[92m    Checking^[[0m fiat-crypto v0.3.0
prepare	Reconcile predecessor no-panic pull request	2026-09-06T23:07:42.7983300Z ^[[1m^[[92m    Checking^[[0m winnow v1.0.1
prepare	Reconcile predecessor no-panic pull request	2026-09-06T23:07:42.8481715Z ^[[1m^[[92m    Checking^[[0m clap_lex v1.1.0
prepare	Reconcile predecessor no-panic pull request	2026-09-06T23:07:42.8981879Z ^[[1m^[[92m    Checking^[[0m x509-parser v0.18.1
prepare	Reconcile predecessor no-panic pull request	2026-09-06T23:07:42.9361740Z ^[[1m^[[92m    Checking^[[0m clap_builder v4.6.0
prepare	Reconcile predecessor no-panic pull request	2026-09-06T23:07:43.0061971Z ^[[1m^[[92m    Checking^[[0m toml_parser v1.1.0+spec-1.1.0
prepare	Reconcile predecessor no-panic pull request	2026-09-06T23:07:43.2941366Z ^[[1m^[[92m    Checking^[[0m rcgen v0.14.8
prepare	Reconcile predecessor no-panic pull request	2026-09-06T23:07:43.6142310Z ^[[1m^[[92m    Checking^[[0m regex v1.13.1
prepare	Reconcile predecessor no-panic pull request	2026-09-06T23:07:43.6191954Z ^[[1m^[[92m    Checking^[[0m ed25519-dalek v2.2.0
prepare	Reconcile predecessor no-panic pull request	2026-09-06T23:07:43.7331728Z ^[[1m^[[92m    Checking^[[0m uselesskey-rsa v0.10.0 (/home/runner/work/uselesskey/uselesskey/crates/uselesskey-rsa)
prepare	Reconcile predecessor no-panic pull request	2026-09-06T23:07:43.8188839Z ^[[1m^[[92m    Checking^[[0m p256 v0.14.0-rc.8
prepare	Reconcile predecessor no-panic pull request	2026-09-06T23:07:43.8189505Z ^[[1m^[[92m    Checking^[[0m toml_datetime v1.1.0+spec-1.1.0
prepare	Reconcile predecessor no-panic pull request	2026-09-06T23:07:43.9522025Z ^[[1m^[[92m    Checking^[[0m serde_spanned v1.1.0
prepare	Reconcile predecessor no-panic pull request	2026-09-06T23:07:44.0062080Z ^[[1m^[[92m    Checking^[[0m float-cmp v0.10.0
prepare	Reconcile predecessor no-panic pull request	2026-09-06T23:07:44.0581812Z ^[[1m^[[92m    Checking^[[0m difflib v0.4.0
prepare	Reconcile predecessor no-panic pull request	2026-09-06T23:07:44.1502408Z ^[[1m^[[92m    Checking^[[0m toml_writer v1.1.0+spec-1.1.0
prepare	Reconcile predecessor no-panic pull request	2026-09-06T23:07:44.2031902Z ^[[1m^[[92m    Checking^[[0m normalize-line-endings v0.3.0
prepare	Reconcile predecessor no-panic pull request	2026-09-06T23:07:44.2302535Z ^[[1m^[[92m    Checking^[[0m ucd-trie v0.1.7
prepare	Reconcile predecessor no-panic pull request	2026-09-06T23:07:44.2521551Z ^[[1m^[[92m    Checking^[[0m termtree v0.5.1
prepare	Reconcile predecessor no-panic pull request	2026-09-06T23:07:44.3031514Z ^[[1m^[[92m    Checking^[[0m hex v0.4.3
prepare	Reconcile predecessor no-panic pull request	2026-09-06T23:07:44.3061173Z ^[[1m^[[92m    Checking^[[0m pest v2.8.6
prepare	Reconcile predecessor no-panic pull request	2026-09-06T23:07:44.4311764Z ^[[1m^[[92m    Checking^[[0m uselesskey-webhook v0.10.0 (/home/runner/work/uselesskey/uselesskey/crates/uselesskey-webhook)
prepare	Reconcile predecessor no-panic pull request	2026-09-06T23:07:44.4871812Z ^[[1m^[[92m    Checking^[[0m predicates-tree v1.0.13
prepare	Reconcile predecessor no-panic pull request	2026-09-06T23:07:44.5232024Z ^[[1m^[[92m    Checking^[[0m toml v1.1.0+spec-1.1.0
prepare	Reconcile predecessor no-panic pull request	2026-09-06T23:07:44.5331913Z ^[[1m^[[92m    Checking^[[0m predicates v3.1.4
prepare	Reconcile predecessor no-panic pull request	2026-09-06T23:07:44.7662190Z ^[[1m^[[92m    Checking^[[0m clap v4.6.1
prepare	Reconcile predecessor no-panic pull request	2026-09-06T23:07:44.7922073Z ^[[1m^[[92m    Checking^[[0m uselesskey-x509 v0.10.0 (/home/runner/work/uselesskey/uselesskey/crates/uselesskey-x509)
prepare	Reconcile predecessor no-panic pull request	2026-09-06T23:07:44.9781855Z ^[[1m^[[92m    Checking^[[0m uselesskey-ed25519 v0.10.0 (/home/runner/work/uselesskey/uselesskey/crates/uselesskey-ed25519)
prepare	Reconcile predecessor no-panic pull request	2026-09-06T23:07:45.0511532Z ^[[1m^[[92m    Checking^[[0m anyhow v1.0.103
prepare	Reconcile predecessor no-panic pull request	2026-09-06T23:07:45.0897331Z ^[[1m^[[92m    Checking^[[0m bstr v1.12.1
prepare	Reconcile predecessor no-panic pull request	2026-09-06T23:07:45.1517945Z ^[[1m^[[92m    Checking^[[0m uselesskey-hmac v0.10.0 (/home/runner/work/uselesskey/uselesskey/crates/uselesskey-hmac)
prepare	Reconcile predecessor no-panic pull request	2026-09-06T23:07:45.1811637Z ^[[1m^[[92m    Checking^[[0m uselesskey-token v0.10.0 (/home/runner/work/uselesskey/uselesskey/crates/uselesskey-token)
prepare	Reconcile predecessor no-panic pull request	2026-09-06T23:07:45.2189874Z ^[[1m^[[92m    Checking^[[0m wait-timeout v0.2.1
prepare	Reconcile predecessor no-panic pull request	2026-09-06T23:07:45.2804121Z ^[[1m^[[92m    Checking^[[0m console v0.16.3
prepare	Reconcile predecessor no-panic pull request	2026-09-06T23:07:45.2877135Z ^[[1m^[[92m    Checking^[[0m similar v2.7.0
prepare	Reconcile predecessor no-panic pull request	2026-09-06T23:07:45.4081973Z ^[[1m^[[92m    Checking^[[0m assert_cmd v2.2.2
prepare	Reconcile predecessor no-panic pull request	2026-09-06T23:07:45.5172216Z ^[[1m^[[92m    Checking^[[0m uselesskey-test-support v0.10.0 (/home/runner/work/uselesskey/uselesskey/crates/uselesskey-test-support)
prepare	Reconcile predecessor no-panic pull request	2026-09-06T23:07:45.6134876Z ^[[1m^[[92m    Checking^[[0m insta v1.48.0
prepare	Reconcile predecessor no-panic pull request	2026-09-06T23:07:46.7412157Z ^[[1m^[[92m    Checking^[[0m p384 v0.14.0-rc.8
prepare	Reconcile predecessor no-panic pull request	2026-09-06T23:07:48.0666776Z ^[[1m^[[92m    Checking^[[0m uselesskey-ecdsa v0.10.0 (/home/runner/work/uselesskey/uselesskey/crates/uselesskey-ecdsa)
prepare	Reconcile predecessor no-panic pull request	2026-09-06T23:07:48.1350832Z ^[[1m^[[92m    Checking^[[0m uselesskey-cli v0.10.0 (/home/runner/work/uselesskey/uselesskey/crates/uselesskey-cli)
prepare	Reconcile predecessor no-panic pull request	2026-09-06T23:07:48.4179571Z ^[[1m^[[92m    Finished^[[0m `dev` profile [optimized + debuginfo] target(s) in 14.87s
prepare	Reconcile predecessor no-panic pull request	2026-09-06T23:07:48.5497882Z ^[[1m^[[92m Downloading^[[0m crates ...
prepare	Reconcile predecessor no-panic pull request	2026-09-06T23:07:48.6203944Z ^[[1m^[[92m  Downloaded^[[0m unit-prefix v0.5.2
prepare	Reconcile predecessor no-panic pull request	2026-09-06T23:07:48.6464805Z ^[[1m^[[92m  Downloaded^[[0m owo-colors v4.3.0
prepare	Reconcile predecessor no-panic pull request	2026-09-06T23:07:48.6721020Z ^[[1m^[[92m  Downloaded^[[0m iana-time-zone v0.1.65
prepare	Reconcile predecessor no-panic pull request	2026-09-06T23:07:48.6769216Z ^[[1m^[[92m  Downloaded^[[0m indicatif v0.18.4
prepare	Reconcile predecessor no-panic pull request	2026-09-06T23:07:48.6877410Z ^[[1m^[[92m  Downloaded^[[0m chrono v0.4.45
prepare	Reconcile predecessor no-panic pull request	2026-09-06T23:07:48.6917481Z ^[[1m^[[92m  Downloaded^[[0m unicode-width v0.2.2
prepare	Reconcile predecessor no-panic pull request	2026-09-06T23:07:48.6954584Z ^[[1m^[[92m  Downloaded^[[0m portable-atomic v1.13.1
prepare	Reconcile predecessor no-panic pull request	2026-09-06T23:07:48.7378214Z ^[[1m^[[92m   Compiling^[[0m memchr v2.8.0
prepare	Reconcile predecessor no-panic pull request	2026-09-06T23:07:48.7378644Z ^[[1m^[[92m   Compiling^[[0m syn v2.0.117
prepare	Reconcile predecessor no-panic pull request	2026-09-06T23:07:48.7379007Z ^[[1m^[[92m   Compiling^[[0m num-traits v0.2.19
prepare	Reconcile predecessor no-panic pull request	2026-09-06T23:07:48.7426453Z ^[[1m^[[92m   Compiling^[[0m portable-atomic v1.13.1
prepare	Reconcile predecessor no-panic pull request	2026-09-06T23:07:48.8682348Z ^[[1m^[[92m   Compiling^[[0m unicode-width v0.2.2
prepare	Reconcile predecessor no-panic pull request	2026-09-06T23:07:49.0071806Z ^[[1m^[[92m   Compiling^[[0m owo-colors v4.3.0
prepare	Reconcile predecessor no-panic pull request	2026-09-06T23:07:49.0521769Z ^[[1m^[[92m   Compiling^[[0m console v0.16.3
prepare	Reconcile predecessor no-panic pull request	2026-09-06T23:07:49.1511895Z ^[[1m^[[92m   Compiling^[[0m aho-corasick v1.1.4
prepare	Reconcile predecessor no-panic pull request	2026-09-06T23:07:50.1987875Z ^[[1m^[[92m   Compiling^[[0m regex-automata v0.4.18
prepare	Reconcile predecessor no-panic pull request	2026-09-06T23:07:51.4713532Z ^[[1m^[[92m   Compiling^[[0m serde_derive v1.0.228
prepare	Reconcile predecessor no-panic pull request	2026-09-06T23:07:51.9712229Z ^[[1m^[[92m   Compiling^[[0m clap_derive v4.6.1
prepare	Reconcile predecessor no-panic pull request	2026-09-06T23:07:53.2012068Z ^[[1m^[[92m   Compiling^[[0m unit-prefix v0.5.2
prepare	Reconcile predecessor no-panic pull request	2026-09-06T23:07:53.2801653Z ^[[1m^[[92m   Compiling^[[0m iana-time-zone v0.1.65
prepare	Reconcile predecessor no-panic pull request	2026-09-06T23:07:53.6261782Z ^[[1m^[[92m   Compiling^[[0m serde_json v1.0.151
prepare	Reconcile predecessor no-panic pull request	2026-09-06T23:07:53.9471734Z ^[[1m^[[92m   Compiling^[[0m serde v1.0.228
prepare	Reconcile predecessor no-panic pull request	2026-09-06T23:07:54.4931902Z ^[[1m^[[92m   Compiling^[[0m chrono v0.4.45
prepare	Reconcile predecessor no-panic pull request	2026-09-06T23:07:56.5512395Z ^[[1m^[[92m   Compiling^[[0m indicatif v0.18.4
prepare	Reconcile predecessor no-panic pull request	2026-09-06T23:07:57.6862165Z ^[[1m^[[92m   Compiling^[[0m clap v4.6.1
prepare	Reconcile predecessor no-panic pull request	2026-09-06T23:07:57.7211566Z ^[[1m^[[92m   Compiling^[[0m regex v1.13.1
prepare	Reconcile predecessor no-panic pull request	2026-09-06T23:07:59.5212162Z ^[[1m^[[92m   Compiling^[[0m uselesskey-feature-grid v0.10.0 (/home/runner/work/uselesskey/uselesskey/crates/uselesskey-feature-grid)
prepare	Reconcile predecessor no-panic pull request	2026-09-06T23:08:01.4681224Z ^[[1m^[[92m   Compiling^[[0m xtask v0.0.0 (/home/runner/work/uselesskey/uselesskey/xtask)
prepare	Reconcile predecessor no-panic pull request	2026-09-06T23:08:28.0906129Z ^[[1m^[[92m    Finished^[[0m `dev` profile [optimized + debuginfo] target(s) in 39.63s
prepare	Reconcile predecessor no-panic pull request	2026-09-06T23:08:28.0970966Z ^[[1m^[[92m     Running^[[0m `target/debug/xtask check-no-panic-family`
prepare	Reconcile predecessor no-panic pull request	2026-09-06T23:08:28.1448146Z no-panic: 3334 finding(s); 15 allowlisted; 3319 baselined; 0 new-debt; 0 stale-baseline; 0 expired (mode=no-new-debt; baseline=1938/1938)
prepare	Reconcile predecessor no-panic pull request	2026-09-06T23:08:28.2542261Z ^[[1m^[[92m    Finished^[[0m `dev` profile [optimized + debuginfo] target(s) in 0.08s
prepare	Reconcile predecessor no-panic pull request	2026-09-06T23:08:28.2568217Z ^[[1m^[[92m     Running^[[0m `target/debug/xtask pr`
prepare	Reconcile predecessor no-panic pull request	2026-09-06T23:08:28.2623348Z ==> detect-changes
prepare	Reconcile predecessor no-panic pull request	2026-09-06T23:08:28.2623588Z ==> detect-changes [ok, 0.0s]
prepare	Reconcile predecessor no-panic pull request	2026-09-06T23:08:28.2623872Z ==> public-surface
prepare	Reconcile predecessor no-panic pull request	2026-09-06T23:08:28.3037049Z docs-sync inventory:
prepare	Reconcile predecessor no-panic pull request	2026-09-06T23:08:28.3037323Z - README.md
prepare	Reconcile predecessor no-panic pull request	2026-09-06T23:08:28.3037829Z   - dependency-snippets
prepare	Reconcile predecessor no-panic pull request	2026-09-06T23:08:28.3038039Z   - runnable-examples
prepare	Reconcile predecessor no-panic pull request	2026-09-06T23:08:28.3038305Z   - workspace-crates
prepare	Reconcile predecessor no-panic pull request	2026-09-06T23:08:28.3038508Z   - adapter-crates
prepare	Reconcile predecessor no-panic pull request	2026-09-06T23:08:28.3038713Z   - feature-matrix-facade
prepare	Reconcile predecessor no-panic pull request	2026-09-06T23:08:28.3039303Z   - feature-matrix-adapters
prepare	Reconcile predecessor no-panic pull request	2026-09-06T23:08:28.3039500Z - crates/uselesskey/README.md
prepare	Reconcile predecessor no-panic pull request	2026-09-06T23:08:28.3039677Z   - dependency-snippets
prepare	Reconcile predecessor no-panic pull request	2026-09-06T23:08:28.3039860Z - docs/how-to/choose-features.md
prepare	Reconcile predecessor no-panic pull request	2026-09-06T23:08:28.3040042Z   - dependency-snippets
prepare	Reconcile predecessor no-panic pull request	2026-09-06T23:08:28.3040360Z   - minimal-example-commands
prepare	Reconcile predecessor no-panic pull request	2026-09-06T23:08:28.3232184Z ==> public-surface [ok, 0.1s]
prepare	Reconcile predecessor no-panic pull request	2026-09-06T23:08:28.3232418Z ==> spec-check
prepare	Reconcile predecessor no-panic pull request	2026-09-06T23:08:28.3232818Z public-surface: checked 35 workspace crates (17 public promises, 7 adapter promises, 0 published internals, 11 workspace-only)
prepare	Reconcile predecessor no-panic pull request	2026-09-06T23:08:28.3254132Z spec-check: pass (artifacts=53, claims=9, warnings=0, errors=0)
prepare	Reconcile predecessor no-panic pull request	2026-09-06T23:08:28.3254463Z id                     kind       status       path
prepare	Reconcile predecessor no-panic pull request	2026-09-06T23:08:28.3255057Z USELESSKEY-ADR-0001    adr        accepted     docs/adr/USELESSKEY-ADR-0001-contract-packs-are-proof-backed-fixture-profiles.md
prepare	Reconcile predecessor no-panic pull request	2026-09-06T23:08:28.3255633Z ==> spec-check [ok, 0.0s]
prepare	Reconcile predecessor no-panic pull request	2026-09-06T23:08:28.3255867Z ==> fmt
prepare	Reconcile predecessor no-panic pull request	2026-09-06T23:08:28.3256386Z ^[[1m^[[30;104m RUN ^[[0m^[[0m ^[[1m"cargo" "fmt" "--all" "--" "--check"^[[0m
prepare	Reconcile predecessor no-panic pull request	2026-09-06T23:08:28.3256956Z USELESSKEY-ADR-0002    adr        accepted     docs/adr/USELESSKEY-ADR-0002-public-claims-require-command-backed-evidence.md
prepare	Reconcile predecessor no-panic pull request	2026-09-06T23:08:28.3257706Z USELESSKEY-ADR-0003    adr        accepted     docs/adr/USELESSKEY-ADR-0003-repo-goals-are-the-agent-control-plane.md
prepare	Reconcile predecessor no-panic pull request	2026-09-06T23:08:28.3258449Z USELESSKEY-ADR-0004    adr        accepted     docs/adr/USELESSKEY-ADR-0004-readme-badges-are-front-panel-not-dashboard.md
prepare	Reconcile predecessor no-panic pull request	2026-09-06T23:08:28.3259217Z USELESSKEY-PROP-0001   proposal   proposed     docs/proposals/USELESSKEY-PROP-0001-spec-governed-fixture-platform.md
prepare	Reconcile predecessor no-panic pull request	2026-09-06T23:08:28.3259922Z USELESSKEY-SPEC-0001   spec       accepted     docs/specs/USELESSKEY-SPEC-0001-source-of-truth-model.md
prepare	Reconcile predecessor no-panic pull request	2026-09-06T23:08:28.3260712Z USELESSKEY-SPEC-0002   spec       accepted     docs/specs/USELESSKEY-SPEC-0002-public-claim-ledger.md
prepare	Reconcile predecessor no-panic pull request	2026-09-06T23:08:28.3261349Z USELESSKEY-SPEC-0003   spec       accepted     docs/specs/USELESSKEY-SPEC-0003-contract-pack-profile.md
prepare	Reconcile predecessor no-panic pull request	2026-09-06T23:08:28.3262037Z USELESSKEY-SPEC-0004   spec       accepted     docs/specs/USELESSKEY-SPEC-0004-generated-evidence-endpoints.md
prepare	Reconcile predecessor no-panic pull request	2026-09-06T23:08:28.3262712Z USELESSKEY-SPEC-0005   spec       accepted     docs/specs/USELESSKEY-SPEC-0005-agent-lane-state.md
prepare	Reconcile predecessor no-panic pull request	2026-09-06T23:08:28.3263372Z USELESSKEY-SPEC-0006   spec       accepted     docs/specs/USELESSKEY-SPEC-0006-release-evidence-lanes.md
prepare	Reconcile predecessor no-panic pull request	2026-09-06T23:08:28.3264119Z USELESSKEY-SPEC-0007   spec       accepted     docs/specs/USELESSKEY-SPEC-0007-pr-review-evidence.md
prepare	Reconcile predecessor no-panic pull request	2026-09-06T23:08:28.3264816Z USELESSKEY-SPEC-0008   spec       accepted     docs/specs/USELESSKEY-SPEC-0008-claim-proof-execution.md
prepare	Reconcile predecessor no-panic pull request	2026-09-06T23:08:28.3265465Z USELESSKEY-SPEC-0009   spec       accepted     docs/specs/USELESSKEY-SPEC-0009-verification-pack.md
prepare	Reconcile predecessor no-panic pull request	2026-09-06T23:08:28.3266072Z USELESSKEY-SPEC-0010   spec       accepted     docs/specs/USELESSKEY-SPEC-0010-pr-lite-evidence.md
prepare	Reconcile predecessor no-panic pull request	2026-09-06T23:08:28.3266715Z USELESSKEY-SPEC-0011   spec       accepted     docs/specs/USELESSKEY-SPEC-0011-webhook-contract-pack.md
prepare	Reconcile predecessor no-panic pull request	2026-09-06T23:08:28.3267332Z USELESSKEY-SPEC-0012   spec       accepted     docs/specs/USELESSKEY-SPEC-0012-cli-proof-handoff.md
prepare	Reconcile predecessor no-panic pull request	2026-09-06T23:08:28.3267888Z USELESSKEY-SPEC-0013   spec       accepted     docs/specs/USELESSKEY-SPEC-0013-external-adoption-smoke.md
prepare	Reconcile predecessor no-panic pull request	2026-09-06T23:08:28.3268473Z USELESSKEY-SPEC-0014   spec       accepted     docs/specs/USELESSKEY-SPEC-0014-installed-bundle-audit.md
prepare	Reconcile predecessor no-panic pull request	2026-09-06T23:08:28.3269106Z USELESSKEY-SPEC-0015   spec       accepted     docs/specs/USELESSKEY-SPEC-0015-real-user-workflows.md
prepare	Reconcile predecessor no-panic pull request	2026-09-06T23:08:28.3269737Z USELESSKEY-SPEC-0016   spec       accepted     docs/specs/USELESSKEY-SPEC-0016-negative-fixture-taxonomy.md
prepare	Reconcile predecessor no-panic pull request	2026-09-06T23:08:28.3270585Z USELESSKEY-SPEC-0017   spec       accepted     docs/specs/USELESSKEY-SPEC-0017-bundle-product-surface.md
prepare	Reconcile predecessor no-panic pull request	2026-09-06T23:08:28.3271305Z USELESSKEY-SPEC-0018   spec       accepted     docs/specs/USELESSKEY-SPEC-0018-install-distribution-polish.md
prepare	Reconcile predecessor no-panic pull request	2026-09-06T23:08:28.3272178Z USELESSKEY-SPEC-0019   spec       accepted     docs/specs/USELESSKEY-SPEC-0019-library-facade-polish.md
prepare	Reconcile predecessor no-panic pull request	2026-09-06T23:08:28.3272753Z USELESSKEY-SPEC-0020   spec       accepted     docs/specs/USELESSKEY-SPEC-0020-downstream-policy-pack.md
prepare	Reconcile predecessor no-panic pull request	2026-09-06T23:08:28.3273366Z USELESSKEY-SPEC-0021   spec       accepted     docs/specs/USELESSKEY-SPEC-0021-material-classification.md
prepare	Reconcile predecessor no-panic pull request	2026-09-06T23:08:28.3273910Z USELESSKEY-SPEC-0022   spec       accepted     docs/specs/USELESSKEY-SPEC-0022-task-first-docs.md
prepare	Reconcile predecessor no-panic pull request	2026-09-06T23:08:28.3274428Z USELESSKEY-PLAN-0015   plan       implemented  plans/adoption-confidence/closeout.md
prepare	Reconcile predecessor no-panic pull request	2026-09-06T23:08:28.3275052Z USELESSKEY-PLAN-0004   plan       implemented  plans/claim-backed-verification/closeout.md
prepare	Reconcile predecessor no-panic pull request	2026-09-06T23:08:28.3275587Z USELESSKEY-PLAN-0003   plan       accepted     plans/claim-backed-verification/implementation-plan.md
prepare	Reconcile predecessor no-panic pull request	2026-09-06T23:08:28.3276121Z USELESSKEY-PLAN-0023   plan       implemented  plans/downstream-ci-polish/closeout.md
prepare	Reconcile predecessor no-panic pull request	2026-09-06T23:08:28.3276679Z USELESSKEY-PLAN-0022   plan       accepted     plans/downstream-ci-polish/implementation-plan.md
prepare	Reconcile predecessor no-panic pull request	2026-09-06T23:08:28.3277217Z USELESSKEY-PLAN-0014   plan       implemented  plans/first-run-ux/closeout.md
prepare	Reconcile predecessor no-panic pull request	2026-09-06T23:08:28.3277734Z USELESSKEY-PLAN-0013   plan       accepted     plans/first-run-ux/implementation-plan.md
prepare	Reconcile predecessor no-panic pull request	2026-09-06T23:08:28.3278258Z USELESSKEY-PLAN-0021   plan       implemented  plans/installed-bundle-audit/closeout.md
prepare	Reconcile predecessor no-panic pull request	2026-09-06T23:08:28.3278830Z USELESSKEY-PLAN-0020   plan       accepted     plans/installed-bundle-audit/implementation-plan.md
prepare	Reconcile predecessor no-panic pull request	2026-09-06T23:08:28.3279448Z USELESSKEY-PLAN-0008   plan       implemented  plans/no-panic-burndown/closeout.md
prepare	Reconcile predecessor no-panic pull request	2026-09-06T23:08:28.3280048Z USELESSKEY-PLAN-0007   plan       accepted     plans/no-panic-burndown/implementation-plan.md
prepare	Reconcile predecessor no-panic pull request	2026-09-06T23:08:28.3280783Z USELESSKEY-PLAN-0006   plan       implemented  plans/pr-lite-evidence/closeout.md
prepare	Reconcile predecessor no-panic pull request	2026-09-06T23:08:28.3281352Z USELESSKEY-PLAN-0005   plan       accepted     plans/pr-lite-evidence/implementation-plan.md
prepare	Reconcile predecessor no-panic pull request	2026-09-06T23:08:28.3281957Z USELESSKEY-PLAN-0024   plan       accepted     plans/real-workflow-closure/implementation-plan.md
prepare	Reconcile predecessor no-panic pull request	2026-09-06T23:08:28.3282491Z USELESSKEY-PLAN-0002   plan       implemented  plans/spec-system/closeout.md
prepare	Reconcile predecessor no-panic pull request	2026-09-06T23:08:28.3283028Z USELESSKEY-PLAN-0001   plan       implemented  plans/spec-system/implementation-plan.md
prepare	Reconcile predecessor no-panic pull request	2026-09-06T23:08:28.3283575Z USELESSKEY-PLAN-0026   plan       implemented  plans/usability-polish/closeout.md
prepare	Reconcile predecessor no-panic pull request	2026-09-06T23:08:28.3284131Z USELESSKEY-PLAN-0025   plan       accepted     plans/usability-polish/implementation-plan.md
prepare	Reconcile predecessor no-panic pull request	2026-09-06T23:08:28.3284722Z USELESSKEY-PLAN-0019   plan       implemented  plans/v0.10.0-external-adoption/closeout.md
prepare	Reconcile predecessor no-panic pull request	2026-09-06T23:08:28.3285328Z USELESSKEY-PLAN-0018   plan       accepted     plans/v0.10.0-external-adoption/implementation-plan.md
prepare	Reconcile predecessor no-panic pull request	2026-09-06T23:08:28.3285887Z USELESSKEY-PLAN-0012   plan       implemented  plans/v0.9.0-release/closeout.md
prepare	Reconcile predecessor no-panic pull request	2026-09-06T23:08:28.3286403Z USELESSKEY-PLAN-0011   plan       accepted     plans/v0.9.0-release/implementation-plan.md
prepare	Reconcile predecessor no-panic pull request	2026-09-06T23:08:28.3286870Z USELESSKEY-PLAN-0017   plan       implemented  plans/v0.9.1-release/closeout.md
prepare	Reconcile predecessor no-panic pull request	2026-09-06T23:08:28.3287339Z USELESSKEY-PLAN-0016   plan       accepted     plans/v0.9.1-release/implementation-plan.md
prepare	Reconcile predecessor no-panic pull request	2026-09-06T23:08:28.3287885Z USELESSKEY-PLAN-0010   plan       implemented  plans/webhook-contract-pack/closeout.md
prepare	Reconcile predecessor no-panic pull request	2026-09-06T23:08:28.3288423Z USELESSKEY-PLAN-0009   plan       accepted     plans/webhook-contract-pack/implementation-plan.md
prepare	Reconcile predecessor no-panic pull request	2026-09-06T23:08:28.3288740Z 
prepare	Reconcile predecessor no-panic pull request	2026-09-06T23:08:28.3288832Z claims:
prepare	Reconcile predecessor no-panic pull request	2026-09-06T23:08:28.3289045Z - scanner-safe-fixtures (stable)
prepare	Reconcile predecessor no-panic pull request	2026-09-06T23:08:28.3289349Z - ripr-plus-evidence-endpoint (stable)
prepare	Reconcile predecessor no-panic pull request	2026-09-06T23:08:28.3289642Z - tls-contract-pack (stable)
prepare	Reconcile predecessor no-panic pull request	2026-09-06T23:08:28.3289919Z - oidc-jwks-contract-pack (stable)
prepare	Reconcile predecessor no-panic pull request	2026-09-06T23:08:28.3290355Z - webhook-contract-pack (stable)
prepare	Reconcile predecessor no-panic pull request	2026-09-06T23:08:28.3290651Z - public-crate-surface-cleanup (stable)
prepare	Reconcile predecessor no-panic pull request	2026-09-06T23:08:28.3291187Z - external-cratesio-install-smoke (release-proof)
prepare	Reconcile predecessor no-panic pull request	2026-09-06T23:08:28.3291541Z - generated-badge-endpoints (stable)
prepare	Reconcile predecessor no-panic pull request	2026-09-06T23:08:28.3291835Z - ripr-pr-review-evidence (advisory)
prepare	Reconcile predecessor no-panic pull request	2026-09-06T23:08:29.0278609Z ==> fmt [ok, 0.7s]
prepare	Reconcile predecessor no-panic pull request	2026-09-06T23:08:29.0278901Z ==> clippy
prepare	Reconcile predecessor no-panic pull request	2026-09-06T23:08:29.0279624Z ^[[1m^[[30;104m RUN ^[[0m^[[0m ^[[1m"cargo" "clippy" "--workspace" "--all-targets" "--all-features" "--" "-D" "warnings"^[[0m
prepare	Reconcile predecessor no-panic pull request	2026-09-06T23:08:29.1581148Z ^[[1m^[[92m Downloading^[[0m crates ...
prepare	Reconcile predecessor no-panic pull request	2026-09-06T23:08:29.2902527Z ^[[1m^[[92m  Downloaded^[[0m aead v0.5.2
prepare	Reconcile predecessor no-panic pull request	2026-09-06T23:08:29.2938195Z ^[[1m^[[92m  Downloaded^[[0m atomic-waker v1.1.2
prepare	Reconcile predecessor no-panic pull request	2026-09-06T23:08:29.3063967Z ^[[1m^[[92m  Downloaded^[[0m anes v0.1.6
prepare	Reconcile predecessor no-panic pull request	2026-09-06T23:08:29.3155713Z ^[[1m^[[92m  Downloaded^[[0m aes-kw v0.2.1
prepare	Reconcile predecessor no-panic pull request	2026-09-06T23:08:29.3169273Z ^[[1m^[[92m  Downloaded^[[0m alloca v0.4.0
prepare	Reconcile predecessor no-panic pull request	2026-09-06T23:08:29.3244717Z ^[[1m^[[92m  Downloaded^[[0m ident_case v1.0.1
prepare	Reconcile predecessor no-panic pull request	2026-09-06T23:08:29.3347615Z ^[[1m^[[92m  Downloaded^[[0m bit-set v0.8.0
prepare	Reconcile predecessor no-panic pull request	2026-09-06T23:08:29.3358483Z ^[[1m^[[92m  Downloaded^[[0m base16ct v0.2.0
prepare	Reconcile predecessor no-panic pull request	2026-09-06T23:08:29.3468406Z ^[[1m^[[92m  Downloaded^[[0m cfg_aliases v0.2.1
prepare	Reconcile predecessor no-panic pull request	2026-09-06T23:08:29.3515278Z ^[[1m^[[92m  Downloaded^[[0m ciborium-ll v0.2.2
prepare	Reconcile predecessor no-panic pull request	2026-09-06T23:08:29.3544908Z ^[[1m^[[92m  Downloaded^[[0m icu_provider v2.1.1
prepare	Reconcile predecessor no-panic pull request	2026-09-06T23:08:29.3567067Z ^[[1m^[[92m  Downloaded^[[0m idna_adapter v1.2.1
prepare	Reconcile predecessor no-panic pull request	2026-09-06T23:08:29.3576342Z ^[[1m^[[92m  Downloaded^[[0m dbl v0.3.2
prepare	Reconcile predecessor no-panic pull request	2026-09-06T23:08:29.3606103Z ^[[1m^[[92m  Downloaded^[[0m block-padding v0.3.3
prepare	Reconcile predecessor no-panic pull request	2026-09-06T23:08:29.3653325Z ^[[1m^[[92m  Downloaded^[[0m ciborium-io v0.2.2
prepare	Reconcile predecessor no-panic pull request	2026-09-06T23:08:29.3662122Z ^[[1m^[[92m  Downloaded^[[0m darling_macro v0.20.11
prepare	Reconcile predecessor no-panic pull request	2026-09-06T23:08:29.3670334Z ^[[1m^[[92m  Downloaded^[[0m percent-encoding v2.3.2
prepare	Reconcile predecessor no-panic pull request	2026-09-06T23:08:29.3677982Z ^[[1m^[[92m  Downloaded^[[0m crc24 v0.1.6
prepare	Reconcile predecessor no-panic pull request	2026-09-06T23:08:29.3702225Z ^[[1m^[[92m  Downloaded^[[0m http-body v1.0.1
prepare	Reconcile predecessor no-panic pull request	2026-09-06T23:08:29.3710383Z ^[[1m^[[92m  Downloaded^[[0m ghash v0.5.1
prepare	Reconcile predecessor no-panic pull request	2026-09-06T23:08:29.3719944Z ^[[1m^[[92m  Downloaded^[[0m argon2 v0.5.3
prepare	Reconcile predecessor no-panic pull request	2026-09-06T23:08:29.3743170Z ^[[1m^[[92m  Downloaded^[[0m futures-core v0.3.32
prepare	Reconcile predecessor no-panic pull request	2026-09-06T23:08:29.3754851Z ^[[1m^[[92m  Downloaded^[[0m derive_builder_macro v0.20.2
prepare	Reconcile predecessor no-panic pull request	2026-09-06T23:08:29.3762410Z ^[[1m^[[92m  Downloaded^[[0m axum-core v0.5.6
prepare	Reconcile predecessor no-panic pull request	2026-09-06T23:08:29.3792950Z ^[[1m^[[92m  Downloaded^[[0m httpdate v1.0.3
prepare	Reconcile predecessor no-panic pull request	2026-09-06T23:08:29.3801969Z ^[[1m^[[92m  Downloaded^[[0m globwalk v0.9.1
prepare	Reconcile predecessor no-panic pull request	2026-09-06T23:08:29.3811346Z ^[[1m^[[92m  Downloaded^[[0m futures-task v0.3.32
prepare	Reconcile predecessor no-panic pull request	2026-09-06T23:08:29.3821045Z ^[[1m^[[92m  Downloaded^[[0m fnv v1.0.7
prepare	Reconcile predecessor no-panic pull request	2026-09-06T23:08:29.3859603Z ^[[1m^[[92m  Downloaded^[[0m futures-sink v0.3.32
prepare	Reconcile predecessor no-panic pull request	2026-09-06T23:08:29.3879876Z ^[[1m^[[92m  Downloaded^[[0m form_urlencoded v1.2.2
prepare	Reconcile predecessor no-panic pull request	2026-09-06T23:08:29.3889435Z ^[[1m^[[92m  Downloaded^[[0m futures-io v0.3.32
prepare	Reconcile predecessor no-panic pull request	2026-09-06T23:08:29.3899062Z ^[[1m^[[92m  Downloaded^[[0m dunce v1.0.5
prepare	Reconcile predecessor no-panic pull request	2026-09-06T23:08:29.3909261Z ^[[1m^[[92m  Downloaded^[[0m futures-macro v0.3.32
prepare	Reconcile predecessor no-panic pull request	2026-09-06T23:08:29.3917540Z ^[[1m^[[92m  Downloaded^[[0m bitfields v1.0.3
prepare	Reconcile predecessor no-panic pull request	2026-09-06T23:08:29.3938220Z ^[[1m^[[92m  Downloaded^[[0m sync_wrapper v1.0.2
prepare	Reconcile predecessor no-panic pull request	2026-09-06T23:08:29.3945571Z ^[[1m^[[92m  Downloaded^[[0m stable_deref_trait v1.2.1
prepare	Reconcile predecessor no-panic pull request	2026-09-06T23:08:29.3959042Z ^[[1m^[[92m  Downloaded^[[0m idea v0.5.1
prepare	Reconcile predecessor no-panic pull request	2026-09-06T23:08:29.3969362Z ^[[1m^[[92m  Downloaded^[[0m eax v0.5.0
prepare	Reconcile predecessor no-panic pull request	2026-09-06T23:08:29.3999454Z ^[[1m^[[92m  Downloaded^[[0m derive_builder_core v0.20.2
prepare	Reconcile predecessor no-panic pull request	2026-09-06T23:08:29.4011560Z ^[[1m^[[92m  Downloaded^[[0m cfb-mode v0.8.2
prepare	Reconcile predecessor no-panic pull request	2026-09-06T23:08:29.4024366Z ^[[1m^[[92m  Downloaded^[[0m convert_case v0.10.0
prepare	Reconcile predecessor no-panic pull request	2026-09-06T23:08:29.4040595Z ^[[1m^[[92m  Downloaded^[[0m tap v1.0.1
prepare	Reconcile predecessor no-panic pull request	2026-09-06T23:08:29.4048999Z ^[[1m^[[92m  Downloaded^[[0m humantime v2.3.0
prepare	Reconcile predecessor no-panic pull request	2026-09-06T23:08:29.4058950Z ^[[1m^[[92m  Downloaded^[[0m dsa v0.6.3
prepare	Reconcile predecessor no-panic pull request	2026-09-06T23:08:29.4071567Z ^[[1m^[[92m  Downloaded^[[0m synthez v0.4.0
prepare	Reconcile predecessor no-panic pull request	2026-09-06T23:08:29.4079681Z ^[[1m^[[92m  Downloaded^[[0m inout v0.1.4
prepare	Reconcile predecessor no-panic pull request	2026-09-06T23:08:29.4090660Z ^[[1m^[[92m  Downloaded^[[0m potential_utf v0.1.4
prepare	Reconcile predecessor no-panic pull request	2026-09-06T23:08:29.4097679Z ^[[1m^[[92m  Downloaded^[[0m pin-utils v0.1.0
prepare	Reconcile predecessor no-panic pull request	2026-09-06T23:08:29.4105410Z ^[[1m^[[92m  Downloaded^[[0m radium v0.7.0
prepare	Reconcile predecessor no-panic pull request	2026-09-06T23:08:29.4112573Z ^[[1m^[[92m  Downloaded^[[0m lru-slab v0.1.2
prepare	Reconcile predecessor no-panic pull request	2026-09-06T23:08:29.4119021Z ^[[1m^[[92m  Downloaded^[[0m futures-executor v0.3.32
prepare	Reconcile predecessor no-panic pull request	2026-09-06T23:08:29.4127598Z ^[[1m^[[92m  Downloaded^[[0m keccak v0.1.6
prepare	Reconcile predecessor no-panic pull request	2026-09-06T23:08:29.4136870Z ^[[1m^[[92m  Downloaded^[[0m opaque-debug v0.3.1
prepare	Reconcile predecessor no-panic pull request	2026-09-06T23:08:29.4143682Z ^[[1m^[[92m  Downloaded^[[0m ocb3 v0.1.0
prepare	Reconcile predecessor no-panic pull request	2026-09-06T23:08:29.4151653Z ^[[1m^[[92m  Downloaded^[[0m funty v2.0.0
prepare	Reconcile predecessor no-panic pull request	2026-09-06T23:08:29.4158495Z ^[[1m^[[92m  Downloaded^[[0m ctr v0.9.2
prepare	Reconcile predecessor no-panic pull request	2026-09-06T23:08:29.4175712Z ^[[1m^[[92m  Downloaded^[[0m target-triple v1.0.0
prepare	Reconcile predecessor no-panic pull request	2026-09-06T23:08:29.4187503Z ^[[1m^[[92m  Downloaded^[[0m hyper-rustls v0.27.7
prepare	Reconcile predecessor no-panic pull request	2026-09-06T23:08:29.4200765Z ^[[1m^[[92m  Downloaded^[[0m des v0.8.1
prepare	Reconcile predecessor no-panic pull request	2026-09-06T23:08:29.4211537Z ^[[1m^[[92m  Downloaded^[[0m httparse v1.10.1
prepare	Reconcile predecessor no-panic pull request	2026-09-06T23:08:29.4226282Z ^[[1m^[[92m  Downloaded^[[0m tinyvec_macros v0.1.1
prepare	Reconcile predecessor no-panic pull request	2026-09-06T23:08:29.4231653Z ^[[1m^[[92m  Downloaded^[[0m termcolor v1.4.1
prepare	Reconcile predecessor no-panic pull request	2026-09-06T23:08:29.4238762Z ^[[1m^[[92m  Downloaded^[[0m mime v0.3.17
prepare	Reconcile predecessor no-panic pull request	2026-09-06T23:08:29.4246979Z ^[[1m^[[92m  Downloaded^[[0m ssh-cipher v0.2.0
prepare	Reconcile predecessor no-panic pull request	2026-09-06T23:08:29.4256391Z ^[[1m^[[92m  Downloaded^[[0m derive_builder v0.20.2
prepare	Reconcile predecessor no-panic pull request	2026-09-06T23:08:29.4279902Z ^[[1m^[[92m  Downloaded^[[0m rand_xorshift v0.4.0
prepare	Reconcile predecessor no-panic pull request	2026-09-06T23:08:29.4287703Z ^[[1m^[[92m  Downloaded^[[0m page_size v0.6.0
prepare	Reconcile predecessor no-panic pull request	2026-09-06T23:08:29.4294048Z ^[[1m^[[92m  Downloaded^[[0m md-5 v0.10.6
prepare	Reconcile predecessor no-panic pull request	2026-09-06T23:08:29.4306966Z ^[[1m^[[92m  Downloaded^[[0m getrandom v0.3.4
prepare	Reconcile predecessor no-panic pull request	2026-09-06T23:08:29.4332800Z ^[[1m^[[92m  Downloaded^[[0m tower-service v0.3.3
prepare	Reconcile predecessor no-panic pull request	2026-09-06T23:08:29.4338418Z ^[[1m^[[92m  Downloaded^[[0m tinytemplate v1.2.1
prepare	Reconcile predecessor no-panic pull request	2026-09-06T23:08:29.4348341Z ^[[1m^[[92m  Downloaded^[[0m icu_locale_core v2.1.1
prepare	Reconcile predecessor no-panic pull request	2026-09-06T23:08:29.4377999Z ^[[1m^[[92m  Downloaded^[[0m tokio-rustls v0.26.4
prepare	Reconcile predecessor no-panic pull request	2026-09-06T23:08:29.4390550Z ^[[1m^[[92m  Downloaded^[[0m synthez-codegen v0.4.0
prepare	Reconcile predecessor no-panic pull request	2026-09-06T23:08:29.4396986Z ^[[1m^[[92m  Downloaded^[[0m aes-gcm v0.10.3
prepare	Reconcile predecessor no-panic pull request	2026-09-06T23:08:29.4420315Z ^[[1m^[[92m  Downloaded^[[0m tokio-stream v0.1.18
prepare	Reconcile predecessor no-panic pull request	2026-09-06T23:08:29.4444417Z ^[[1m^[[92m  Downloaded^[[0m serdect v0.3.0
prepare	Reconcile predecessor no-panic pull request	2026-09-06T23:08:29.4459323Z ^[[1m^[[92m  Downloaded^[[0m unarray v0.1.4
prepare	Reconcile predecessor no-panic pull request	2026-09-06T23:08:29.4474456Z ^[[1m^[[92m  Downloaded^[[0m unicode-linebreak v0.1.5
prepare	Reconcile predecessor no-panic pull request	2026-09-06T23:08:29.4480517Z ^[[1m^[[92m  Downloaded^[[0m http v1.5.0
prepare	Reconcile predecessor no-panic pull request	2026-09-06T23:08:29.4504445Z ^[[1m^[[92m  Downloaded^[[0m trybuild v1.0.120
prepare	Reconcile predecessor no-panic pull request	2026-09-06T23:08:29.4524793Z ^[[1m^[[92m  Downloaded^[[0m smawk v0.3.2
prepare	Reconcile predecessor no-panic pull request	2026-09-06T23:08:29.4534780Z ^[[1m^[[92m  Downloaded^[[0m rustc-hash v2.1.2
prepare	Reconcile predecessor no-panic pull request	2026-09-06T23:08:29.4543296Z ^[[1m^[[92m  Downloaded^[[0m utf8_iter v1.0.4
prepare	Reconcile predecessor no-panic pull request	2026-09-06T23:08:29.4549576Z ^[[1m^[[92m  Downloaded^[[0m smart-default v0.7.1
prepare	Reconcile predecessor no-panic pull request	2026-09-06T23:08:29.4557458Z ^[[1m^[[92m  Downloaded^[[0m universal-hash v0.5.1
prepare	Reconcile predecessor no-panic pull request	2026-09-06T23:08:29.4563829Z ^[[1m^[[92m  Downloaded^[[0m quick-error v1.2.3
prepare	Reconcile predecessor no-panic pull request	2026-09-06T23:08:29.4570579Z ^[[1m^[[92m  Downloaded^[[0m sha1 v0.10.6
prepare	Reconcile predecessor no-panic pull request	2026-09-06T23:08:29.4587889Z ^[[1m^[[92m  Downloaded^[[0m zerofrom v0.1.6
prepare	Reconcile predecessor no-panic pull request	2026-09-06T23:08:29.4598415Z ^[[1m^[[92m  Downloaded^[[0m zerovec-derive v0.11.2
prepare	Reconcile predecessor no-panic pull request	2026-09-06T23:08:29.4612007Z ^[[1m^[[92m  Downloaded^[[0m yoke v0.8.1
prepare	Reconcile predecessor no-panic pull request	2026-09-06T23:08:29.4624223Z ^[[1m^[[92m  Downloaded^[[0m zeroize_derive v1.4.3
prepare	Reconcile predecessor no-panic pull request	2026-09-06T23:08:29.4634093Z ^[[1m^[[92m  Downloaded^[[0m rand_core v0.9.5
prepare	Reconcile predecessor no-panic pull request	2026-09-06T23:08:29.4646240Z ^[[1m^[[92m  Downloaded^[[0m tokio-macros v2.7.0
prepare	Reconcile predecessor no-panic pull request	2026-09-06T23:08:29.4663820Z ^[[1m^[[92m  Downloaded^[[0m slab v0.4.12
prepare	Reconcile predecessor no-panic pull request	2026-09-06T23:08:29.4672952Z ^[[1m^[[92m  Downloaded^[[0m snafu-derive v0.8.9
prepare	Reconcile predecessor no-panic pull request	2026-09-06T23:08:29.4681133Z ^[[1m^[[92m  Downloaded^[[0m sec1 v0.7.3
prepare	Reconcile predecessor no-panic pull request	2026-09-06T23:08:29.4689386Z ^[[1m^[[92m  Downloaded^[[0m ref-cast v1.0.25
prepare	Reconcile predecessor no-panic pull request	2026-09-06T23:08:29.4703555Z ^[[1m^[[92m  Downloaded^[[0m terminal_size v0.4.4
prepare	Reconcile predecessor no-panic pull request	2026-09-06T23:08:29.4710494Z ^[[1m^[[92m  Downloaded^[[0m icu_properties v2.1.2
prepare	Reconcile predecessor no-panic pull request	2026-09-06T23:08:29.4727349Z ^[[1m^[[92m  Downloaded^[[0m matchit v0.8.4
prepare	Reconcile predecessor no-panic pull request	2026-09-06T23:08:29.4741739Z ^[[1m^[[92m  Downloaded^[[0m tokio-util v0.7.18
prepare	Reconcile predecessor no-panic pull request	2026-09-06T23:08:29.4778593Z ^[[1m^[[92m  Downloaded^[[0m tower v0.5.3
prepare	Reconcile predecessor no-panic pull request	2026-09-06T23:08:29.4822756Z ^[[1m^[[92m  Downloaded^[[0m tower-http v0.6.8
prepare	Reconcile predecessor no-panic pull request	2026-09-06T23:08:29.4861461Z ^[[1m^[[92m  Downloaded^[[0m ryu v1.0.23
prepare	Reconcile predecessor no-panic pull request	2026-09-06T23:08:29.4878799Z ^[[1m^[[92m  Downloaded^[[0m rstest v0.26.1
prepare	Reconcile predecessor no-panic pull request	2026-09-06T23:08:29.4907382Z ^[[1m^[[92m  Downloaded^[[0m hyper-util v0.1.20
prepare	Reconcile predecessor no-panic pull request	2026-09-06T23:08:29.4948469Z ^[[1m^[[92m  Downloaded^[[0m textwrap v0.16.2
prepare	Reconcile predecessor no-panic pull request	2026-09-06T23:08:29.4965882Z ^[[1m^[[92m  Downloaded^[[0m rustls-webpki v0.103.13
prepare	Reconcile predecessor no-panic pull request	2026-09-06T23:08:29.4985491Z ^[[1m^[[92m  Downloaded^[[0m rand v0.9.2
prepare	Reconcile predecessor no-panic pull request	2026-09-06T23:08:29.5007900Z ^[[1m^[[92m  Downloaded^[[0m tracing v0.1.44
prepare	Reconcile predecessor no-panic pull request	2026-09-06T23:08:29.5092862Z ^[[1m^[[92m  Downloaded^[[0m unicode-segmentation v1.13.2
prepare	Reconcile predecessor no-panic pull request	2026-09-06T23:08:29.5112082Z ^[[1m^[[92m  Downloaded^[[0m reqwest v0.12.28
prepare	Reconcile predecessor no-panic pull request	2026-09-06T23:08:29.5143172Z ^[[1m^[[92m  Downloaded^[[0m itertools v0.14.0
prepare	Reconcile predecessor no-panic pull request	2026-09-06T23:08:29.5176517Z ^[[1m^[[92m  Downloaded^[[0m p384 v0.13.1
prepare	Reconcile predecessor no-panic pull request	2026-09-06T23:08:29.5204009Z ^[[1m^[[92m  Downloaded^[[0m itertools v0.13.0
prepare	Reconcile predecessor no-panic pull request	2026-09-06T23:08:29.5236995Z ^[[1m^[[92m  Downloaded^[[0m proptest v1.11.0
prepare	Reconcile predecessor no-panic pull request	2026-09-06T23:08:29.5281280Z ^[[1m^[[92m  Downloaded^[[0m quinn-proto v0.11.14
prepare	Reconcile predecessor no-panic pull request	2026-09-06T23:08:29.5317859Z ^[[1m^[[92m  Downloaded^[[0m iri-string v0.7.12
prepare	Reconcile predecessor no-panic pull request	2026-09-06T23:08:29.5352876Z ^[[1m^[[92m  Downloaded^[[0m idna v1.1.0
prepare	Reconcile predecessor no-panic pull request	2026-09-06T23:08:29.5375931Z ^[[1m^[[92m  Downloaded^[[0m p521 v0.13.3
prepare	Reconcile predecessor no-panic pull request	2026-09-06T23:08:29.5397926Z ^[[1m^[[92m  Downloaded^[[0m nom v8.0.0
prepare	Reconcile predecessor no-panic pull request	2026-09-06T23:08:29.5425225Z ^[[1m^[[92m  Downloaded^[[0m ssh-key v0.6.7
prepare	Reconcile predecessor no-panic pull request	2026-09-06T23:08:29.5457367Z ^[[1m^[[92m  Downloaded^[[0m mio v1.2.0
prepare	Reconcile predecessor no-panic pull request	2026-09-06T23:08:29.5485304Z ^[[1m^[[92m  Downloaded^[[0m icu_properties_data v2.1.2
prepare	Reconcile predecessor no-panic pull request	2026-09-06T23:08:29.5531755Z ^[[1m^[[92m  Downloaded^[[0m rustls v0.23.43
prepare	Reconcile predecessor no-panic pull request	2026-09-06T23:08:29.5591501Z ^[[1m^[[92m  Downloaded^[[0m quinn v0.11.9
prepare	Reconcile predecessor no-panic pull request	2026-09-06T23:08:29.5609411Z ^[[1m^[[92m  Downloaded^[[0m k256 v0.13.4
prepare	Reconcile predecessor no-panic pull request	2026-09-06T23:08:29.5628528Z ^[[1m^[[92m  Downloaded^[[0m jsonwebtoken v10.4.0
prepare	Reconcile predecessor no-panic pull request	2026-09-06T23:08:29.5650494Z ^[[1m^[[92m  Downloaded^[[0m socket2 v0.6.3
prepare	Reconcile predecessor no-panic pull request	2026-09-06T23:08:29.5661920Z ^[[1m^[[92m  Downloaded^[[0m snafu v0.8.9
prepare	Reconcile predecessor no-panic pull request	2026-09-06T23:08:29.5689598Z ^[[1m^[[92m  Downloaded^[[0m rstest_macros v0.26.1
prepare	Reconcile predecessor no-panic pull request	2026-09-06T23:08:29.5708057Z ^[[1m^[[92m  Downloaded^[[0m pin-project v1.1.11
prepare	Reconcile predecessor no-panic pull request	2026-09-06T23:08:29.5753924Z ^[[1m^[[92m  Downloaded^[[0m quinn-udp v0.5.14
prepare	Reconcile predecessor no-panic pull request	2026-09-06T23:08:29.5763880Z ^[[1m^[[92m  Downloaded^[[0m p256 v0.13.2
prepare	Reconcile predecessor no-panic pull request	2026-09-06T23:08:29.5780319Z ^[[1m^[[92m  Downloaded^[[0m log v0.4.29
prepare	Reconcile predecessor no-panic pull request	2026-09-06T23:08:29.5793736Z ^[[1m^[[92m  Downloaded^[[0m icu_normalizer v2.1.1
prepare	Reconcile predecessor no-panic pull request	2026-09-06T23:08:29.5811878Z ^[[1m^[[92m  Downloaded^[[0m tonic v0.14.6
prepare	Reconcile predecessor no-panic pull request	2026-09-06T23:08:29.5839560Z ^[[1m^[[92m  Downloaded^[[0m litemap v0.8.1
prepare	Reconcile predecessor no-panic pull request	2026-09-06T23:08:29.5851448Z ^[[1m^[[92m  Downloaded^[[0m toml_edit v0.25.8+spec-1.1.0
prepare	Reconcile predecessor no-panic pull request	2026-09-06T23:08:29.5870471Z ^[[1m^[[92m  Downloaded^[[0m tokio v1.52.3
prepare	Reconcile predecessor no-panic pull request	2026-09-06T23:08:29.6057540Z ^[[1m^[[92m  Downloaded^[[0m url v2.5.8
prepare	Reconcile predecessor no-panic pull request	2026-09-06T23:08:29.6073912Z ^[[1m^[[92m  Downloaded^[[0m serde_path_to_error v0.1.20
prepare	Reconcile predecessor no-panic pull request	2026-09-06T23:08:29.6082462Z ^[[1m^[[92m  Downloaded^[[0m rustversion v1.0.22
prepare	Reconcile predecessor no-panic pull request	2026-09-06T23:08:29.6094324Z ^[[1m^[[92m  Downloaded^[[0m ripemd v0.1.3
prepare	Reconcile predecessor no-panic pull request	2026-09-06T23:08:29.6102800Z ^[[1m^[[92m  Downloaded^[[0m relative-path v1.9.3
prepare	Reconcile predecessor no-panic pull request	2026-09-06T23:08:29.6109276Z ^[[1m^[[92m  Downloaded^[[0m peg v0.6.3
prepare	Reconcile predecessor no-panic pull request	2026-09-06T23:08:29.6122958Z ^[[1m^[[92m  Downloaded^[[0m zerotrie v0.2.3
prepare	Reconcile predecessor no-panic pull request	2026-09-06T23:08:29.6139704Z ^[[1m^[[92m  Downloaded^[[0m zerocopy-derive v0.8.48
prepare	Reconcile predecessor no-panic pull request	2026-09-06T23:08:29.6176063Z ^[[1m^[[92m  Downloaded^[[0m x25519-dalek v2.0.1
prepare	Reconcile predecessor no-panic pull request	2026-09-06T23:08:29.6191028Z ^[[1m^[[92m  Downloaded^[[0m zerovec v0.11.5
prepare	Reconcile predecessor no-panic pull request	2026-09-06T23:08:29.6215808Z ^[[1m^[[92m  Downloaded^[[0m sha1-checked v0.10.0
prepare	Reconcile predecessor no-panic pull request	2026-09-06T23:08:29.6257068Z ^[[1m^[[92m  Downloaded^[[0m rand_chacha v0.9.0
prepare	Reconcile predecessor no-panic pull request	2026-09-06T23:08:29.6263766Z ^[[1m^[[92m  Downloaded^[[0m oorandom v11.1.5
prepare	Reconcile predecessor no-panic pull request	2026-09-06T23:08:29.6270032Z ^[[1m^[[92m  Downloaded^[[0m webpki-roots v1.0.6
prepare	Reconcile predecessor no-panic pull request	2026-09-06T23:08:29.6292813Z ^[[1m^[[92m  Downloaded^[[0m sha3 v0.10.8
prepare	Reconcile predecessor no-panic pull request	2026-09-06T23:08:29.6319831Z ^[[1m^[[92m  Downloaded^[[0m nom_locate v5.0.0
prepare	Reconcile predecessor no-panic pull request	2026-09-06T23:08:29.6327777Z ^[[1m^[[92m  Downloaded^[[0m primeorder v0.13.6
prepare	Reconcile predecessor no-panic pull request	2026-09-06T23:08:29.6334815Z ^[[1m^[[92m  Downloaded^[[0m password-hash v0.5.0
prepare	Reconcile predecessor no-panic pull request	2026-09-06T23:08:29.6343519Z ^[[1m^[[92m  Downloaded^[[0m num_enum_derive v0.7.6
prepare	Reconcile predecessor no-panic pull request	2026-09-06T23:08:29.6350032Z ^[[1m^[[92m  Downloaded^[[0m jobserver v0.1.34
prepare	Reconcile predecessor no-panic pull request	2026-09-06T23:08:29.6359902Z ^[[1m^[[92m  Downloaded^[[0m icu_normalizer_data v2.1.1
prepare	Reconcile predecessor no-panic pull request	2026-09-06T23:08:29.6372045Z ^[[1m^[[92m  Downloaded^[[0m simple_asn1 v0.6.4
prepare	Reconcile predecessor no-panic pull request	2026-09-06T23:08:29.6378740Z ^[[1m^[[92m  Downloaded^[[0m rusty-fork v0.3.1
prepare	Reconcile predecessor no-panic pull request	2026-09-06T23:08:29.6386026Z ^[[1m^[[92m  Downloaded^[[0m pin-project-lite v0.2.17
prepare	Reconcile predecessor no-panic pull request	2026-09-06T23:08:29.6407420Z ^[[1m^[[92m  Downloaded^[[0m zlib-rs v0.6.3
prepare	Reconcile predecessor no-panic pull request	2026-09-06T23:08:29.6433830Z ^[[1m^[[92m  Downloaded^[[0m peg-macros v0.6.3
prepare	Reconcile predecessor no-panic pull request	2026-09-06T23:08:29.6440991Z ^[[1m^[[92m  Downloaded^[[0m num_enum v0.7.6
prepare	Reconcile predecessor no-panic pull request	2026-09-06T23:08:29.6461493Z ^[[1m^[[92m  Downloaded^[[0m zerofrom-derive v0.1.6
prepare	Reconcile predecessor no-panic pull request	2026-09-06T23:08:29.6466868Z ^[[1m^[[92m  Downloaded^[[0m yoke-derive v0.8.1
prepare	Reconcile predecessor no-panic pull request	2026-09-06T23:08:29.6471623Z ^[[1m^[[92m  Downloaded^[[0m wyz v0.5.1
prepare	Reconcile predecessor no-panic pull request	2026-09-06T23:08:29.6477768Z ^[[1m^[[92m  Downloaded^[[0m writeable v0.6.2
prepare	Reconcile predecessor no-panic pull request	2026-09-06T23:08:29.6486377Z ^[[1m^[[92m  Downloaded^[[0m want v0.3.1
prepare	Reconcile predecessor no-panic pull request	2026-09-06T23:08:29.6490962Z ^[[1m^[[92m  Downloaded^[[0m walkdir v2.5.0
prepare	Reconcile predecessor no-panic pull request	2026-09-06T23:08:29.6499393Z ^[[1m^[[92m  Downloaded^[[0m polyval v0.6.2
prepare	Reconcile predecessor no-panic pull request	2026-09-06T23:08:29.6507114Z ^[[1m^[[92m  Downloaded^[[0m pin-project-internal v1.1.11
prepare	Reconcile predecessor no-panic pull request	2026-09-06T23:08:29.6515525Z ^[[1m^[[92m  Downloaded^[[0m ipnet v2.12.0
prepare	Reconcile predecessor no-panic pull request	2026-09-06T23:08:29.6524304Z ^[[1m^[[92m  Downloaded^[[0m inflections v1.1.1
prepare	Reconcile predecessor no-panic pull request	2026-09-06T23:08:29.6529274Z ^[[1m^[[92m  Downloaded^[[0m bitvec v1.0.1
prepare	Reconcile predecessor no-panic pull request	2026-09-06T23:08:29.6592547Z ^[[1m^[[92m  Downloaded^[[0m aws-lc-rs v1.17.0
prepare	Reconcile predecessor no-panic pull request	2026-09-06T23:08:29.6638704Z ^[[1m^[[92m  Downloaded^[[0m unicode-xid v0.2.6
prepare	Reconcile predecessor no-panic pull request	2026-09-06T23:08:29.6645172Z ^[[1m^[[92m  Downloaded^[[0m axum v0.8.8
prepare	Reconcile predecessor no-panic pull request	2026-09-06T23:08:29.6682356Z ^[[1m^[[92m  Downloaded^[[0m untrusted v0.7.1
prepare	Reconcile predecessor no-panic pull request	2026-09-06T23:08:29.6687452Z ^[[1m^[[92m  Downloaded^[[0m tracing-core v0.1.36
prepare	Reconcile predecessor no-panic pull request	2026-09-06T23:08:29.6700905Z ^[[1m^[[92m  Downloaded^[[0m hkdf v0.12.4
prepare	Reconcile predecessor no-panic pull request	2026-09-06T23:08:29.6714505Z ^[[1m^[[92m  Downloaded^[[0m h2 v0.4.16
prepare	Reconcile predecessor no-panic pull request	2026-09-06T23:08:29.6744728Z ^[[1m^[[92m  Downloaded^[[0m futures-util v0.3.32
prepare	Reconcile predecessor no-panic pull request	2026-09-06T23:08:29.6794919Z ^[[1m^[[92m  Downloaded^[[0m replace_with v0.1.8
prepare	Reconcile predecessor no-panic pull request	2026-09-06T23:08:29.6800314Z ^[[1m^[[92m  Downloaded^[[0m rfc6979 v0.4.0
prepare	Reconcile predecessor no-panic pull request	2026-09-06T23:08:29.6805630Z ^[[1m^[[92m  Downloaded^[[0m proc-macro-crate v3.5.0
prepare	Reconcile predecessor no-panic pull request	2026-09-06T23:08:29.6812019Z ^[[1m^[[92m  Downloaded^[[0m hyper v1.8.1
prepare	Reconcile predecessor no-panic pull request	2026-09-06T23:08:29.6842466Z ^[[1m^[[92m  Downloaded^[[0m cucumber v0.23.0
prepare	Reconcile predecessor no-panic pull request	2026-09-06T23:08:29.6866119Z ^[[1m^[[92m  Downloaded^[[0m tracing-attributes v0.1.31
prepare	Reconcile predecessor no-panic pull request	2026-09-06T23:08:29.6878967Z ^[[1m^[[92m  Downloaded^[[0m ssh-encoding v0.2.0
prepare	Reconcile predecessor no-panic pull request	2026-09-06T23:08:29.6885763Z ^[[1m^[[92m  Downloaded^[[0m sealed v0.6.0
prepare	Reconcile predecessor no-panic pull request	2026-09-06T23:08:29.6898730Z ^[[1m^[[92m  Downloaded^[[0m ref-cast-impl v1.0.25
prepare	Reconcile predecessor no-panic pull request	2026-09-06T23:08:29.6903149Z ^[[1m^[[92m  Downloaded^[[0m criterion v0.8.2
prepare	Reconcile predecessor no-panic pull request	2026-09-06T23:08:29.6933966Z ^[[1m^[[92m  Downloaded^[[0m typed-builder-macro v0.23.2
prepare	Reconcile predecessor no-panic pull request	2026-09-06T23:08:29.6940590Z ^[[1m^[[92m  Downloaded^[[0m typed-builder v0.23.2
prepare	Reconcile predecessor no-panic pull request	2026-09-06T23:08:29.6949210Z ^[[1m^[[92m  Downloaded^[[0m twofish v0.7.1
prepare	Reconcile predecessor no-panic pull request	2026-09-06T23:08:29.6955033Z ^[[1m^[[92m  Downloaded^[[0m aes v0.8.4
prepare	Reconcile predecessor no-panic pull request	2026-09-06T23:08:29.6972444Z ^[[1m^[[92m  Downloaded^[[0m try-lock v0.2.5
prepare	Reconcile predecessor no-panic pull request	2026-09-06T23:08:29.6976719Z ^[[1m^[[92m  Downloaded^[[0m derive_more-impl v2.1.1
prepare	Reconcile predecessor no-panic pull request	2026-09-06T23:08:29.6999880Z ^[[1m^[[92m  Downloaded^[[0m derive_more v2.1.1
prepare	Reconcile predecessor no-panic pull request	2026-09-06T23:08:29.7046281Z ^[[1m^[[92m  Downloaded^[[0m crypto-bigint v0.5.5
prepare	Reconcile predecessor no-panic pull request	2026-09-06T23:08:29.7075023Z ^[[1m^[[92m  Downloaded^[[0m tinyvec v1.11.0
prepare	Reconcile predecessor no-panic pull request	2026-09-06T23:08:29.7088497Z ^[[1m^[[92m  Downloaded^[[0m serdect v0.2.0
prepare	Reconcile predecessor no-panic pull request	2026-09-06T23:08:29.7095439Z ^[[1m^[[92m  Downloaded^[[0m serde_urlencoded v0.7.1
prepare	Reconcile predecessor no-panic pull request	2026-09-06T23:08:29.7102767Z ^[[1m^[[92m  Downloaded^[[0m same-file v1.0.6
prepare	Reconcile predecessor no-panic pull request	2026-09-06T23:08:29.7113948Z ^[[1m^[[92m  Downloaded^[[0m icu_collections v2.1.1
prepare	Reconcile predecessor no-panic pull request	2026-09-06T23:08:29.7142382Z ^[[1m^[[92m  Downloaded^[[0m flate2 v1.1.9
prepare	Reconcile predecessor no-panic pull request	2026-09-06T23:08:29.7163899Z ^[[1m^[[92m  Downloaded^[[0m camellia v0.1.0
prepare	Reconcile predecessor no-panic pull request	2026-09-06T23:08:29.7174211Z ^[[1m^[[92m  Downloaded^[[0m tower-layer v0.3.3
prepare	Reconcile predecessor no-panic pull request	2026-09-06T23:08:29.7178587Z ^[[1m^[[92m  Downloaded^[[0m tinystr v0.8.2
prepare	Reconcile predecessor no-panic pull request	2026-09-06T23:08:29.7187863Z ^[[1m^[[92m  Downloaded^[[0m half v2.7.1
prepare	Reconcile predecessor no-panic pull request	2026-09-06T23:08:29.7201648Z ^[[1m^[[92m  Downloaded^[[0m darling_core v0.20.11
prepare	Reconcile predecessor no-panic pull request	2026-09-06T23:08:29.7222279Z ^[[1m^[[92m  Downloaded^[[0m bytes v1.11.1
prepare	Reconcile predecessor no-panic pull request	2026-09-06T23:08:29.7240883Z ^[[1m^[[92m  Downloaded^[[0m futures-channel v0.3.32
prepare	Reconcile predecessor no-panic pull request	2026-09-06T23:08:29.7250489Z ^[[1m^[[92m  Downloaded^[[0m futures v0.3.32
prepare	Reconcile predecessor no-panic pull request	2026-09-06T23:08:29.7271811Z ^[[1m^[[92m  Downloaded^[[0m elliptic-curve v0.13.8
prepare	Reconcile predecessor no-panic pull request	2026-09-06T23:08:29.7289355Z ^[[1m^[[92m  Downloaded^[[0m linked-hash-map v0.5.6
prepare	Reconcile predecessor no-panic pull request	2026-09-06T23:08:29.7294999Z ^[[1m^[[92m  Downloaded^[[0m inventory v0.3.23
prepare	Reconcile predecessor no-panic pull request	2026-09-06T23:08:29.7304330Z ^[[1m^[[92m  Downloaded^[[0m ignore v0.4.25
prepare	Reconcile predecessor no-panic pull request	2026-09-06T23:08:29.7316027Z ^[[1m^[[92m  Downloaded^[[0m cx448 v0.1.1
prepare	Reconcile predecessor no-panic pull request	2026-09-06T23:08:29.7333489Z ^[[1m^[[92m  Downloaded^[[0m crossbeam-deque v0.8.6
prepare	Reconcile predecessor no-panic pull request	2026-09-06T23:08:29.7340753Z ^[[1m^[[92m  Downloaded^[[0m hmac v0.12.1
prepare	Reconcile predecessor no-panic pull request	2026-09-06T23:08:29.7349763Z ^[[1m^[[92m  Downloaded^[[0m glob v0.3.3
prepare	Reconcile predecessor no-panic pull request	2026-09-06T23:08:29.7357152Z ^[[1m^[[92m  Downloaded^[[0m gherkin v0.16.0
prepare	Reconcile predecessor no-panic pull request	2026-09-06T23:08:29.7366360Z ^[[1m^[[92m  Downloaded^[[0m pgp v0.19.0
prepare	Reconcile predecessor no-panic pull request	2026-09-06T23:08:29.7655494Z ^[[1m^[[92m  Downloaded^[[0m fs_extra v1.3.0
prepare	Reconcile predecessor no-panic pull request	2026-09-06T23:08:29.7665266Z ^[[1m^[[92m  Downloaded^[[0m crossbeam-epoch v0.9.20
prepare	Reconcile predecessor no-panic pull request	2026-09-06T23:08:29.7677396Z ^[[1m^[[92m  Downloaded^[[0m cast5 v0.11.1
prepare	Reconcile predecessor no-panic pull request	2026-09-06T23:08:29.7683924Z ^[[1m^[[92m  Downloaded^[[0m blake2 v0.10.6
prepare	Reconcile predecessor no-panic pull request	2026-09-06T23:08:29.7694860Z ^[[1m^[[92m  Downloaded^[[0m synthez-core v0.4.0
prepare	Reconcile predecessor no-panic pull request	2026-09-06T23:08:29.7702289Z ^[[1m^[[92m  Downloaded^[[0m futures-timer v3.0.3
prepare	Reconcile predecessor no-panic pull request	2026-09-06T23:08:29.7710270Z ^[[1m^[[92m  Downloaded^[[0m either v1.15.0
prepare	Reconcile predecessor no-panic pull request	2026-09-06T23:08:29.7717268Z ^[[1m^[[92m  Downloaded^[[0m darling v0.20.11
prepare	Reconcile predecessor no-panic pull request	2026-09-06T23:08:29.7736623Z ^[[1m^[[92m  Downloaded^[[0m cucumber-expressions v0.5.0
prepare	Reconcile predecessor no-panic pull request	2026-09-06T23:08:29.7744484Z ^[[1m^[[92m  Downloaded^[[0m cucumber-codegen v0.23.0
prepare	Reconcile predecessor no-panic pull request	2026-09-06T23:08:29.7750914Z ^[[1m^[[92m  Downloaded^[[0m cmac v0.7.2
prepare	Reconcile predecessor no-panic pull request	2026-09-06T23:08:29.7760411Z ^[[1m^[[92m  Downloaded^[[0m ciborium v0.2.2
prepare	Reconcile predecessor no-panic pull request	2026-09-06T23:08:29.7771004Z ^[[1m^[[92m  Downloaded^[[0m bit-vec v0.8.0
prepare	Reconcile predecessor no-panic pull request	2026-09-06T23:08:29.7778725Z ^[[1m^[[92m  Downloaded^[[0m peg-runtime v0.6.3
prepare	Reconcile predecessor no-panic pull request	2026-09-06T23:08:29.7781984Z ^[[1m^[[92m  Downloaded^[[0m globset v0.4.18
prepare	Reconcile predecessor no-panic pull request	2026-09-06T23:08:29.7789830Z ^[[1m^[[92m  Downloaded^[[0m ecdsa v0.16.9
prepare	Reconcile predecessor no-panic pull request	2026-09-06T23:08:29.7798609Z ^[[1m^[[92m  Downloaded^[[0m hyper-timeout v0.5.2
prepare	Reconcile predecessor no-panic pull request	2026-09-06T23:08:29.7805476Z ^[[1m^[[92m  Downloaded^[[0m http-body-util v0.1.3
prepare	Reconcile predecessor no-panic pull request	2026-09-06T23:08:29.7813180Z ^[[1m^[[92m  Downloaded^[[0m group v0.13.0
prepare	Reconcile predecessor no-panic pull request	2026-09-06T23:08:29.7820062Z ^[[1m^[[92m  Downloaded^[[0m ff v0.13.1
prepare	Reconcile predecessor no-panic pull request	2026-09-06T23:08:29.7827212Z ^[[1m^[[92m  Downloaded^[[0m criterion-plot v0.8.2
prepare	Reconcile predecessor no-panic pull request	2026-09-06T23:08:29.7835440Z ^[[1m^[[92m  Downloaded^[[0m cast v0.3.0
prepare	Reconcile predecessor no-panic pull request	2026-09-06T23:08:29.7840636Z ^[[1m^[[92m  Downloaded^[[0m cmake v0.1.58
prepare	Reconcile predecessor no-panic pull request	2026-09-06T23:08:29.7847054Z ^[[1m^[[92m  Downloaded^[[0m cipher v0.4.4
prepare	Reconcile predecessor no-panic pull request	2026-09-06T23:08:29.7854042Z ^[[1m^[[92m  Downloaded^[[0m byteorder v1.5.0
prepare	Reconcile predecessor no-panic pull request	2026-09-06T23:08:29.7861752Z ^[[1m^[[92m  Downloaded^[[0m bytecount v0.6.9
prepare	Reconcile predecessor no-panic pull request	2026-09-06T23:08:29.7869980Z ^[[1m^[[92m  Downloaded^[[0m buffer-redux v1.1.0
prepare	Reconcile predecessor no-panic pull request	2026-09-06T23:08:29.7880977Z ^[[1m^[[92m  Downloaded^[[0m blowfish v0.9.1
prepare	Reconcile predecessor no-panic pull request	2026-09-06T23:08:29.7887443Z ^[[1m^[[92m  Downloaded^[[0m bitfields-impl v1.0.3
prepare	Reconcile predecessor no-panic pull request	2026-09-06T23:08:29.7899396Z ^[[1m^[[92m  Downloaded^[[0m aws-lc-sys v0.41.0
prepare	Reconcile predecessor no-panic pull request	2026-09-06T23:08:30.1788757Z ^[[1m^[[92m   Compiling^[[0m libc v0.2.183
prepare	Reconcile predecessor no-panic pull request	2026-09-06T23:08:30.1790443Z ^[[1m^[[92m   Compiling^[[0m syn v2.0.117
prepare	Reconcile predecessor no-panic pull request	2026-09-06T23:08:30.1865075Z ^[[1m^[[92m    Checking^[[0m memchr v2.8.0
prepare	Reconcile predecessor no-panic pull request	2026-09-06T23:08:30.1865704Z ^[[1m^[[92m   Compiling^[[0m serde_core v1.0.228
prepare	Reconcile predecessor no-panic pull request	2026-09-06T23:08:30.4881277Z ^[[1m^[[92m   Compiling^[[0m serde v1.0.228
prepare	Reconcile predecessor no-panic pull request	2026-09-06T23:08:30.6428930Z ^[[1m^[[92m   Compiling^[[0m zerocopy v0.8.48
prepare	Reconcile predecessor no-panic pull request	2026-09-06T23:08:30.8642095Z ^[[1m^[[92m   Compiling^[[0m jobserver v0.1.34
prepare	Reconcile predecessor no-panic pull request	2026-09-06T23:08:30.8741372Z ^[[1m^[[92m   Compiling^[[0m rustix v1.1.4
prepare	Reconcile predecessor no-panic pull request	2026-09-06T23:08:31.0751946Z ^[[1m^[[92m   Compiling^[[0m cc v1.2.58
prepare	Reconcile predecessor no-panic pull request	2026-09-06T23:08:31.7931449Z ^[[1m^[[92m    Checking^[[0m smallvec v1.15.1
prepare	Reconcile predecessor no-panic pull request	2026-09-06T23:08:31.9128130Z ^[[1m^[[92m   Compiling^[[0m serde_json v1.0.151
prepare	Reconcile predecessor no-panic pull request	2026-09-06T23:08:32.1853926Z ^[[1m^[[92m   Compiling^[[0m blake3 v1.8.5
prepare	Reconcile predecessor no-panic pull request	2026-09-06T23:08:32.4312528Z ^[[1m^[[92m    Checking^[[0m tempfile v3.27.0
prepare	Reconcile predecessor no-panic pull request	2026-09-06T23:08:32.5461451Z ^[[1m^[[92m    Checking^[[0m parking_lot_core v0.9.12
prepare	Reconcile predecessor no-panic pull request	2026-09-06T23:08:32.6554125Z ^[[1m^[[92m    Checking^[[0m dashmap v6.2.1
prepare	Reconcile predecessor no-panic pull request	2026-09-06T23:08:32.8323246Z ^[[1m^[[92m   Compiling^[[0m generic-array v0.14.7
prepare	Reconcile predecessor no-panic pull request	2026-09-06T23:08:32.9181723Z ^[[1m^[[92m    Checking^[[0m base64ct v1.8.3
prepare	Reconcile predecessor no-panic pull request	2026-09-06T23:08:32.9937067Z ^[[1m^[[92m    Checking^[[0m unicode-width v0.2.2
prepare	Reconcile predecessor no-panic pull request	2026-09-06T23:08:33.0511227Z ^[[1m^[[92m   Compiling^[[0m pest v2.8.6
prepare	Reconcile predecessor no-panic pull request	2026-09-06T23:08:33.1082262Z ^[[1m^[[92m    Checking^[[0m console v0.16.3
prepare	Reconcile predecessor no-panic pull request	2026-09-06T23:08:33.3841826Z ^[[1m^[[92m    Checking^[[0m pem-rfc7468 v0.7.0
prepare	Reconcile predecessor no-panic pull request	2026-09-06T23:08:33.4842116Z ^[[1m^[[92m    Checking^[[0m fnv v1.0.7
prepare	Reconcile predecessor no-panic pull request	2026-09-06T23:08:33.5231854Z ^[[1m^[[92m   Compiling^[[0m getrandom v0.3.4
prepare	Reconcile predecessor no-panic pull request	2026-09-06T23:08:33.6903345Z ^[[1m^[[92m    Checking^[[0m pem-rfc7468 v1.0.0
prepare	Reconcile predecessor no-panic pull request	2026-09-06T23:08:33.8791760Z ^[[1m^[[92m   Compiling^[[0m zeroize_derive v1.4.3
prepare	Reconcile predecessor no-panic pull request	2026-09-06T23:08:33.8839819Z ^[[1m^[[92m   Compiling^[[0m serde_derive v1.0.228
prepare	Reconcile predecessor no-panic pull request	2026-09-06T23:08:34.0046808Z ^[[1m^[[92m   Compiling^[[0m zerocopy-derive v0.8.48
prepare	Reconcile predecessor no-panic pull request	2026-09-06T23:08:34.1914115Z ^[[1m^[[92m   Compiling^[[0m thiserror-impl v2.0.18
prepare	Reconcile predecessor no-panic pull request	2026-09-06T23:08:34.1971334Z ^[[1m^[[92m    Checking^[[0m zeroize v1.8.2
prepare	Reconcile predecessor no-panic pull request	2026-09-06T23:08:34.6451818Z ^[[1m^[[92m    Checking^[[0m crypto-common v0.1.7
prepare	Reconcile predecessor no-panic pull request	2026-09-06T23:08:34.6991923Z ^[[1m^[[92m    Checking^[[0m block-buffer v0.10.4
prepare	Reconcile predecessor no-panic pull request	2026-09-06T23:08:34.7547137Z ^[[1m^[[92m    Checking^[[0m digest v0.10.7
prepare	Reconcile predecessor no-panic pull request	2026-09-06T23:08:34.8681817Z ^[[1m^[[92m   Compiling^[[0m pest_meta v2.8.6
prepare	Reconcile predecessor no-panic pull request	2026-09-06T23:08:35.0603730Z ^[[1m^[[92m    Checking^[[0m thiserror v2.0.18
prepare	Reconcile predecessor no-panic pull request	2026-09-06T23:08:35.0932445Z ^[[1m^[[92m    Checking^[[0m der v0.7.10
prepare	Reconcile predecessor no-panic pull request	2026-09-06T23:08:35.8305631Z ^[[1m^[[92m   Compiling^[[0m pest_generator v2.8.6
prepare	Reconcile predecessor no-panic pull request	2026-09-06T23:08:36.1701918Z ^[[1m^[[92m    Checking^[[0m spki v0.7.3
prepare	Reconcile predecessor no-panic pull request	2026-09-06T23:08:36.2550734Z ^[[1m^[[92m    Checking^[[0m pkcs8 v0.10.2
prepare	Reconcile predecessor no-panic pull request	2026-09-06T23:08:36.3307514Z ^[[1m^[[92m    Checking^[[0m signature v2.2.0
prepare	Reconcile predecessor no-panic pull request	2026-09-06T23:08:36.3360456Z ^[[1m^[[92m   Compiling^[[0m pest_derive v2.8.6
prepare	Reconcile predecessor no-panic pull request	2026-09-06T23:08:36.3841541Z ^[[1m^[[92m    Checking^[[0m sha2 v0.10.9
prepare	Reconcile predecessor no-panic pull request	2026-09-06T23:08:36.4702602Z ^[[1m^[[92m    Checking^[[0m hybrid-array v0.4.9
prepare	Reconcile predecessor no-panic pull request	2026-09-06T23:08:36.4756013Z ^[[1m^[[92m    Checking^[[0m insta v1.48.0
prepare	Reconcile predecessor no-panic pull request	2026-09-06T23:08:36.5671827Z ^[[1m^[[92m    Checking^[[0m uselesskey-jwk v0.10.0 (/home/runner/work/uselesskey/uselesskey/crates/uselesskey-jwk)
prepare	Reconcile predecessor no-panic pull request	2026-09-06T23:08:36.6991314Z ^[[1m^[[92m    Checking^[[0m der v0.8.0
prepare	Reconcile predecessor no-panic pull request	2026-09-06T23:08:36.8311624Z ^[[1m^[[92m    Checking^[[0m crypto-common v0.2.1
prepare	Reconcile predecessor no-panic pull request	2026-09-06T23:08:37.1882809Z ^[[1m^[[92m    Checking^[[0m block-buffer v0.12.0
prepare	Reconcile predecessor no-panic pull request	2026-09-06T23:08:37.2579894Z ^[[1m^[[92m    Checking^[[0m rand_core v0.9.5
prepare	Reconcile predecessor no-panic pull request	2026-09-06T23:08:37.3369975Z ^[[1m^[[92m    Checking^[[0m digest v0.11.2
prepare	Reconcile predecessor no-panic pull request	2026-09-06T23:08:37.3512400Z ^[[1m^[[92m    Checking^[[0m crypto-bigint v0.7.3
prepare	Reconcile predecessor no-panic pull request	2026-09-06T23:08:37.4391430Z ^[[1m^[[92m    Checking^[[0m sha2 v0.11.0
prepare	Reconcile predecessor no-panic pull request	2026-09-06T23:08:37.4535456Z ^[[1m^[[92m    Checking^[[0m spki v0.8.0-rc.4
prepare	Reconcile predecessor no-panic pull request	2026-09-06T23:08:37.5451692Z ^[[1m^[[92m    Checking^[[0m bit-vec v0.8.0
prepare	Reconcile predecessor no-panic pull request	2026-09-06T23:08:37.6581692Z ^[[1m^[[92m    Checking^[[0m quick-error v1.2.3
prepare	Reconcile predecessor no-panic pull request	2026-09-06T23:08:37.6941516Z ^[[1m^[[92m    Checking^[[0m rusty-fork v0.3.1
prepare	Reconcile predecessor no-panic pull request	2026-09-06T23:08:37.7761599Z ^[[1m^[[92m    Checking^[[0m ppv-lite86 v0.2.21
prepare	Reconcile predecessor no-panic pull request	2026-09-06T23:08:37.8062299Z ^[[1m^[[92m    Checking^[[0m bit-set v0.8.0
prepare	Reconcile predecessor no-panic pull request	2026-09-06T23:08:37.8821512Z ^[[1m^[[92m    Checking^[[0m pkcs8 v0.11.0-rc.11
prepare	Reconcile predecessor no-panic pull request	2026-09-06T23:08:37.9583907Z ^[[1m^[[92m    Checking^[[0m rand v0.9.2
prepare	Reconcile predecessor no-panic pull request	2026-09-06T23:08:37.9859274Z ^[[1m^[[92m    Checking^[[0m rand_chacha v0.10.0
prepare	Reconcile predecessor no-panic pull request	2026-09-06T23:08:38.0972372Z ^[[1m^[[92m    Checking^[[0m uselesskey-core v0.10.0 (/home/runner/work/uselesskey/uselesskey/crates/uselesskey-core)
prepare	Reconcile predecessor no-panic pull request	2026-09-06T23:08:38.1029450Z ^[[1m^[[92m    Checking^[[0m rand_chacha v0.9.0
prepare	Reconcile predecessor no-panic pull request	2026-09-06T23:08:38.2021969Z ^[[1m^[[92m    Checking^[[0m rand_xorshift v0.4.0
prepare	Reconcile predecessor no-panic pull request	2026-09-06T23:08:38.2531873Z ^[[1m^[[92m    Checking^[[0m unarray v0.1.4
prepare	Reconcile predecessor no-panic pull request	2026-09-06T23:08:38.2604715Z ^[[1m^[[92m    Checking^[[0m rand_chacha v0.3.1
prepare	Reconcile predecessor no-panic pull request	2026-09-06T23:08:38.2982260Z ^[[1m^[[92m   Compiling^[[0m num-bigint-dig v0.8.6
prepare	Reconcile predecessor no-panic pull request	2026-09-06T23:08:38.3041567Z ^[[1m^[[92m    Checking^[[0m proptest v1.11.0
prepare	Reconcile predecessor no-panic pull request	2026-09-06T23:08:38.3892197Z ^[[1m^[[92m    Checking^[[0m signature v3.0.0
prepare	Reconcile predecessor no-panic pull request	2026-09-06T23:08:38.4051987Z ^[[1m^[[92m    Checking^[[0m rand v0.8.5
prepare	Reconcile predecessor no-panic pull request	2026-09-06T23:08:38.4541965Z ^[[1m^[[92m    Checking^[[0m pkcs1 v0.7.5
prepare	Reconcile predecessor no-panic pull request	2026-09-06T23:08:38.5821742Z ^[[1m^[[92m    Checking^[[0m pkcs1 v0.8.0-rc.4
prepare	Reconcile predecessor no-panic pull request	2026-09-06T23:08:38.7021851Z ^[[1m^[[92m   Compiling^[[0m curve25519-dalek-derive v0.1.1
prepare	Reconcile predecessor no-panic pull request	2026-09-06T23:08:39.0301750Z ^[[1m^[[92m    Checking^[[0m curve25519-dalek v4.1.3
prepare	Reconcile predecessor no-panic pull request	2026-09-06T23:08:39.3403937Z ^[[1m^[[92m    Checking^[[0m crypto-primes v0.7.0
prepare	Reconcile predecessor no-panic pull request	2026-09-06T23:08:39.4991432Z ^[[1m^[[92m    Checking^[[0m rsa v0.9.10
prepare	Reconcile predecessor no-panic pull request	2026-09-06T23:08:39.7221692Z ^[[1m^[[92m    Checking^[[0m ed25519 v2.2.3
prepare	Reconcile predecessor no-panic pull request	2026-09-06T23:08:39.8201901Z ^[[1m^[[92m    Checking^[[0m ed25519-dalek v2.2.0
prepare	Reconcile predecessor no-panic pull request	2026-09-06T23:08:39.9401842Z ^[[1m^[[92m   Compiling^[[0m winnow v1.0.1
prepare	Reconcile predecessor no-panic pull request	2026-09-06T23:08:39.9792066Z ^[[1m^[[92m    Checking^[[0m hmac v0.13.0
prepare	Reconcile predecessor no-panic pull request	2026-09-06T23:08:40.0581909Z ^[[1m^[[92m    Checking^[[0m sec1 v0.8.0
prepare	Reconcile predecessor no-panic pull request	2026-09-06T23:08:40.1601623Z ^[[1m^[[92m    Checking^[[0m rsa v0.10.0-rc.17
prepare	Reconcile predecessor no-panic pull request	2026-09-06T23:08:40.1667854Z ^[[1m^[[92m    Checking^[[0m elliptic-curve v0.14.0-rc.29
prepare	Reconcile predecessor no-panic pull request	2026-09-06T23:08:40.4341245Z ^[[1m^[[92m    Checking^[[0m rfc6979 v0.5.0-rc.5
prepare	Reconcile predecessor no-panic pull request	2026-09-06T23:08:40.4891824Z ^[[1m^[[92m    Checking^[[0m ecdsa v0.17.0-rc.16
prepare	Reconcile predecessor no-panic pull request	2026-09-06T23:08:40.5221874Z ^[[1m^[[92m    Checking^[[0m uselesskey-rsa v0.10.0 (/home/runner/work/uselesskey/uselesskey/crates/uselesskey-rsa)
prepare	Reconcile predecessor no-panic pull request	2026-09-06T23:08:40.6111789Z ^[[1m^[[92m    Checking^[[0m primeorder v0.14.0-rc.8
prepare	Reconcile predecessor no-panic pull request	2026-09-06T23:08:40.7651815Z ^[[1m^[[92m   Compiling^[[0m toml_parser v1.1.0+spec-1.1.0
prepare	Reconcile predecessor no-panic pull request	2026-09-06T23:08:40.7958669Z ^[[1m^[[92m    Checking^[[0m primefield v0.14.0-rc.8
prepare	Reconcile predecessor no-panic pull request	2026-09-06T23:08:40.8031416Z ^[[1m^[[92m   Compiling^[[0m hashbrown v0.16.1
prepare	Reconcile predecessor no-panic pull request	2026-09-06T23:08:40.9006887Z ^[[1m^[[92m    Checking^[[0m p256 v0.14.0-rc.8
prepare	Reconcile predecessor no-panic pull request	2026-09-06T23:08:41.2105945Z ^[[1m^[[92m    Checking^[[0m p384 v0.14.0-rc.8
prepare	Reconcile predecessor no-panic pull request	2026-09-06T23:08:41.2181632Z ^[[1m^[[92m   Compiling^[[0m equivalent v1.0.2
prepare	Reconcile predecessor no-panic pull request	2026-09-06T23:08:41.2481431Z ^[[1m^[[92m   Compiling^[[0m indexmap v2.13.0
prepare	Reconcile predecessor no-panic pull request	2026-09-06T23:08:41.4291682Z ^[[1m^[[92m   Compiling^[[0m toml_datetime v1.1.0+spec-1.1.0
prepare	Reconcile predecessor no-panic pull request	2026-09-06T23:08:41.5542194Z ^[[1m^[[92m    Checking^[[0m uselesskey-ed25519 v0.10.0 (/home/runner/work/uselesskey/uselesskey/crates/uselesskey-ed25519)
prepare	Reconcile predecessor no-panic pull request	2026-09-06T23:08:41.5876946Z ^[[1m^[[92m   Compiling^[[0m synstructure v0.13.2
prepare	Reconcile predecessor no-panic pull request	2026-09-06T23:08:41.6322225Z ^[[1m^[[92m   Compiling^[[0m ring v0.17.14
prepare	Reconcile predecessor no-panic pull request	2026-09-06T23:08:41.7242418Z ^[[1m^[[92m   Compiling^[[0m toml_edit v0.25.8+spec-1.1.0
prepare	Reconcile predecessor no-panic pull request	2026-09-06T23:08:42.0531079Z ^[[1m^[[92m   Compiling^[[0m displaydoc v0.2.5
prepare	Reconcile predecessor no-panic pull request	2026-09-06T23:08:42.4372360Z ^[[1m^[[92m   Compiling^[[0m proc-macro-crate v3.5.0
prepare	Reconcile predecessor no-panic pull request	2026-09-06T23:08:42.4692004Z ^[[1m^[[92m    Checking^[[0m rustls-pki-types v1.14.1
prepare	Reconcile predecessor no-panic pull request	2026-09-06T23:08:42.6841435Z ^[[1m^[[92m    Checking^[[0m nom v7.1.3
prepare	Reconcile predecessor no-panic pull request	2026-09-06T23:08:42.7651747Z ^[[1m^[[92m   Compiling^[[0m asn1-rs-derive v0.6.0
prepare	Reconcile predecessor no-panic pull request	2026-09-06T23:08:43.2041699Z ^[[1m^[[92m   Compiling^[[0m asn1-rs-impl v0.2.0
prepare	Reconcile predecessor no-panic pull request	2026-09-06T23:08:43.2722009Z ^[[1m^[[92m    Checking^[[0m uselesskey-ecdsa v0.10.0 (/home/runner/work/uselesskey/uselesskey/crates/uselesskey-ecdsa)
prepare	Reconcile predecessor no-panic pull request	2026-09-06T23:08:43.3802430Z ^[[1m^[[92m   Compiling^[[0m radium v0.7.0
prepare	Reconcile predecessor no-panic pull request	2026-09-06T23:08:43.3891614Z ^[[1m^[[92m    Checking^[[0m tap v1.0.1
prepare	Reconcile predecessor no-panic pull request	2026-09-06T23:08:43.4251476Z ^[[1m^[[92m    Checking^[[0m log v0.4.29
prepare	Reconcile predecessor no-panic pull request	2026-09-06T23:08:43.5005484Z ^[[1m^[[92m    Checking^[[0m wyz v0.5.1
prepare	Reconcile predecessor no-panic pull request	2026-09-06T23:08:43.5771971Z ^[[1m^[[92m    Checking^[[0m hmac v0.12.1
prepare	Reconcile predecessor no-panic pull request	2026-09-06T23:08:43.5841692Z ^[[1m^[[92m    Checking^[[0m rusticata-macros v4.1.0
prepare	Reconcile predecessor no-panic pull request	2026-09-06T23:08:43.5976500Z ^[[1m^[[92m    Checking^[[0m base16ct v0.2.0
prepare	Reconcile predecessor no-panic pull request	2026-09-06T23:08:43.6371573Z ^[[1m^[[92m    Checking^[[0m funty v2.0.0
prepare	Reconcile predecessor no-panic pull request	2026-09-06T23:08:43.6441190Z ^[[1m^[[92m    Checking^[[0m asn1-rs v0.7.1
prepare	Reconcile predecessor no-panic pull request	2026-09-06T23:08:43.6623448Z ^[[1m^[[92m    Checking^[[0m serdect v0.2.0
prepare	Reconcile predecessor no-panic pull request	2026-09-06T23:08:43.7291480Z ^[[1m^[[92m    Checking^[[0m sec1 v0.7.3
prepare	Reconcile predecessor no-panic pull request	2026-09-06T23:08:43.8440057Z ^[[1m^[[92m    Checking^[[0m hkdf v0.12.4
prepare	Reconcile predecessor no-panic pull request	2026-09-06T23:08:43.8712598Z ^[[1m^[[92m    Checking^[[0m bitvec v1.0.1
prepare	Reconcile predecessor no-panic pull request	2026-09-06T23:08:43.9017580Z ^[[1m^[[92m    Checking^[[0m crypto-bigint v0.5.5
prepare	Reconcile predecessor no-panic pull request	2026-09-06T23:08:44.4411875Z ^[[1m^[[92m    Checking^[[0m oid-registry v0.8.1
prepare	Reconcile predecessor no-panic pull request	2026-09-06T23:08:44.4467822Z ^[[1m^[[92m    Checking^[[0m der-parser v10.0.0
prepare	Reconcile predecessor no-panic pull request	2026-09-06T23:08:44.5666862Z ^[[1m^[[92m   Compiling^[[0m cmake v0.1.58
prepare	Reconcile predecessor no-panic pull request	2026-09-06T23:08:44.6846835Z ^[[1m^[[92m    Checking^[[0m x509-parser v0.18.1
prepare	Reconcile predecessor no-panic pull request	2026-09-06T23:08:44.7951613Z ^[[1m^[[92m   Compiling^[[0m dunce v1.0.5
prepare	Reconcile predecessor no-panic pull request	2026-09-06T23:08:44.8302147Z ^[[1m^[[92m   Compiling^[[0m fs_extra v1.3.0
prepare	Reconcile predecessor no-panic pull request	2026-09-06T23:08:44.9840699Z ^[[1m^[[92m   Compiling^[[0m aws-lc-sys v0.41.0
prepare	Reconcile predecessor no-panic pull request	2026-09-06T23:08:45.0339618Z ^[[1m^[[92m    Checking^[[0m ff v0.13.1
prepare	Reconcile predecessor no-panic pull request	2026-09-06T23:08:45.0899030Z ^[[1m^[[92m    Checking^[[0m group v0.13.0
prepare	Reconcile predecessor no-panic pull request	2026-09-06T23:08:45.1631856Z ^[[1m^[[92m    Checking^[[0m elliptic-curve v0.13.8
prepare	Reconcile predecessor no-panic pull request	2026-09-06T23:08:45.2707207Z ^[[1m^[[92m    Checking^[[0m rfc6979 v0.4.0
prepare	Reconcile predecessor no-panic pull request	2026-09-06T23:08:45.3076482Z ^[[1m^[[92m    Checking^[[0m bytes v1.11.1
prepare	Reconcile predecessor no-panic pull request	2026-09-06T23:08:45.4557126Z ^[[1m^[[92m   Compiling^[[0m aws-lc-rs v1.17.0
prepare	Reconcile predecessor no-panic pull request	2026-09-06T23:08:45.7036333Z ^[[1m^[[92m    Checking^[[0m ecdsa v0.16.9
prepare	Reconcile predecessor no-panic pull request	2026-09-06T23:08:45.7075282Z ^[[1m^[[92m    Checking^[[0m primeorder v0.13.6
prepare	Reconcile predecessor no-panic pull request	2026-09-06T23:08:45.8217228Z ^[[1m^[[92m    Checking^[[0m uselesskey-hmac v0.10.0 (/home/runner/work/uselesskey/uselesskey/crates/uselesskey-hmac)
prepare	Reconcile predecessor no-panic pull request	2026-09-06T23:08:45.8871925Z ^[[1m^[[92m    Checking^[[0m untrusted v0.7.1
prepare	Reconcile predecessor no-panic pull request	2026-09-06T23:08:45.9211941Z ^[[1m^[[92m   Compiling^[[0m rustls v0.23.43
prepare	Reconcile predecessor no-panic pull request	2026-09-06T23:08:45.9353496Z ^[[1m^[[92m    Checking^[[0m p384 v0.13.1
prepare	Reconcile predecessor no-panic pull request	2026-09-06T23:08:45.9659806Z ^[[1m^[[92m    Checking^[[0m p256 v0.13.2
prepare	Reconcile predecessor no-panic pull request	2026-09-06T23:08:46.0740963Z ^[[1m^[[92m    Checking^[[0m pin-project-lite v0.2.17
prepare	Reconcile predecessor no-panic pull request	2026-09-06T23:08:46.0977048Z ^[[1m^[[92m    Checking^[[0m futures-core v0.3.32
prepare	Reconcile predecessor no-panic pull request	2026-09-06T23:08:46.1356425Z ^[[1m^[[92m    Checking^[[0m futures-sink v0.3.32
prepare	Reconcile predecessor no-panic pull request	2026-09-06T23:08:46.1593424Z ^[[1m^[[92m    Checking^[[0m slab v0.4.12
prepare	Reconcile predecessor no-panic pull request	2026-09-06T23:08:46.2140973Z ^[[1m^[[92m    Checking^[[0m futures-channel v0.3.32
prepare	Reconcile predecessor no-panic pull request	2026-09-06T23:08:46.2529896Z ^[[1m^[[92m    Checking^[[0m inout v0.1.4
prepare	Reconcile predecessor no-panic pull request	2026-09-06T23:08:46.2880948Z ^[[1m^[[92m    Checking^[[0m aho-corasick v1.1.4
prepare	Reconcile predecessor no-panic pull request	2026-09-06T23:08:46.2951087Z ^[[1m^[[92m    Checking^[[0m cipher v0.4.4
prepare	Reconcile predecessor no-panic pull request	2026-09-06T23:08:46.4055938Z ^[[1m^[[92m   Compiling^[[0m futures-macro v0.3.32
prepare	Reconcile predecessor no-panic pull request	2026-09-06T23:08:46.8128194Z ^[[1m^[[92m    Checking^[[0m regex-automata v0.4.18
prepare	Reconcile predecessor no-panic pull request	2026-09-06T23:08:46.8711693Z ^[[1m^[[92m    Checking^[[0m futures-io v0.3.32
prepare	Reconcile predecessor no-panic pull request	2026-09-06T23:08:46.9118531Z ^[[1m^[[92m    Checking^[[0m futures-task v0.3.32
prepare	Reconcile predecessor no-panic pull request	2026-09-06T23:08:46.9589879Z ^[[1m^[[92m    Checking^[[0m futures-util v0.3.32
prepare	Reconcile predecessor no-panic pull request	2026-09-06T23:08:48.0546926Z ^[[1m^[[92m   Compiling^[[0m strsim v0.11.1
prepare	Reconcile predecessor no-panic pull request	2026-09-06T23:08:48.1414951Z ^[[1m^[[92m    Checking^[[0m regex v1.13.1
prepare	Reconcile predecessor no-panic pull request	2026-09-06T23:08:48.1954161Z ^[[1m^[[92m    Checking^[[0m simple_asn1 v0.6.4
prepare	Reconcile predecessor no-panic pull request	2026-09-06T23:08:48.2951790Z ^[[1m^[[92m    Checking^[[0m uselesskey-token v0.10.0 (/home/runner/work/uselesskey/uselesskey/crates/uselesskey-token)
prepare	Reconcile predecessor no-panic pull request	2026-09-06T23:08:48.3011351Z ^[[1m^[[92m    Checking^[[0m jsonwebtoken v10.4.0
prepare	Reconcile predecessor no-panic pull request	2026-09-06T23:08:48.3673549Z ^[[1m^[[92m   Compiling^[[0m unicode-segmentation v1.13.2
prepare	Reconcile predecessor no-panic pull request	2026-09-06T23:08:48.5526596Z ^[[1m^[[92m   Compiling^[[0m cfg-if v1.0.4
prepare	Reconcile predecessor no-panic pull request	2026-09-06T23:08:48.5730272Z ^[[1m^[[92m   Compiling^[[0m convert_case v0.10.0
prepare	Reconcile predecessor no-panic pull request	2026-09-06T23:08:48.6836099Z ^[[1m^[[92m   Compiling^[[0m unicode-xid v0.2.6
prepare	Reconcile predecessor no-panic pull request	2026-09-06T23:08:48.7354310Z ^[[1m^[[92m   Compiling^[[0m derive_more-impl v2.1.1
prepare	Reconcile predecessor no-panic pull request	2026-09-06T23:08:48.8033457Z ^[[1m^[[92m   Compiling^[[0m ident_case v1.0.1
prepare	Reconcile predecessor no-panic pull request	2026-09-06T23:08:48.8698921Z ^[[1m^[[92m   Compiling^[[0m darling_core v0.20.11
prepare	Reconcile predecessor no-panic pull request	2026-09-06T23:08:50.0244118Z ^[[1m^[[92m    Checking^[[0m rcgen v0.14.8
prepare	Reconcile predecessor no-panic pull request	2026-09-06T23:08:50.2733233Z ^[[1m^[[92m   Compiling^[[0m darling_macro v0.20.11
prepare	Reconcile predecessor no-panic pull request	2026-09-06T23:08:50.3221852Z ^[[1m^[[92m    Checking^[[0m uselesskey-x509 v0.10.0 (/home/runner/work/uselesskey/uselesskey/crates/uselesskey-x509)
prepare	Reconcile predecessor no-panic pull request	2026-09-06T23:08:50.4302040Z ^[[1m^[[92m    Checking^[[0m uselesskey-jsonwebtoken v0.10.0 (/home/runner/work/uselesskey/uselesskey/crates/uselesskey-jsonwebtoken)
prepare	Reconcile predecessor no-panic pull request	2026-09-06T23:08:50.4698533Z ^[[1m^[[92m   Compiling^[[0m darling v0.20.11
prepare	Reconcile predecessor no-panic pull request	2026-09-06T23:08:50.4955670Z ^[[1m^[[92m    Checking^[[0m ctr v0.9.2
prepare	Reconcile predecessor no-panic pull request	2026-09-06T23:08:50.5018157Z ^[[1m^[[92m    Checking^[[0m aead v0.5.2
prepare	Reconcile predecessor no-panic pull request	2026-09-06T23:08:50.5554497Z ^[[1m^[[92m    Checking^[[0m universal-hash v0.5.1
prepare	Reconcile predecessor no-panic pull request	2026-09-06T23:08:50.5672339Z ^[[1m^[[92m    Checking^[[0m nom v8.0.0
prepare	Reconcile predecessor no-panic pull request	2026-09-06T23:08:50.6021592Z ^[[1m^[[92m    Checking^[[0m opaque-debug v0.3.1
prepare	Reconcile predecessor no-panic pull request	2026-09-06T23:08:50.6225279Z ^[[1m^[[92m   Compiling^[[0m rustversion v1.0.22
prepare	Reconcile predecessor no-panic pull request	2026-09-06T23:08:50.7531796Z ^[[1m^[[92m    Checking^[[0m polyval v0.6.2
prepare	Reconcile predecessor no-panic pull request	2026-09-06T23:08:50.8297447Z ^[[1m^[[92m   Compiling^[[0m derive_builder_core v0.20.2
prepare	Reconcile predecessor no-panic pull request	2026-09-06T23:08:51.0762942Z ^[[1m^[[92m    Checking^[[0m derive_more v2.1.1
prepare	Reconcile predecessor no-panic pull request	2026-09-06T23:08:51.1330502Z ^[[1m^[[92m    Checking^[[0m aes v0.8.4
prepare	Reconcile predecessor no-panic pull request	2026-09-06T23:08:51.3332714Z ^[[1m^[[92m    Checking^[[0m dbl v0.3.2
prepare	Reconcile predecessor no-panic pull request	2026-09-06T23:08:51.3636555Z ^[[1m^[[92m   Compiling^[[0m crc24 v0.1.6
prepare	Reconcile predecessor no-panic pull request	2026-09-06T23:08:51.4146384Z ^[[1m^[[92m    Checking^[[0m byteorder v1.5.0
prepare	Reconcile predecessor no-panic pull request	2026-09-06T23:08:51.4412916Z ^[[1m^[[92m    Checking^[[0m keccak v0.1.6
prepare	Reconcile predecessor no-panic pull request	2026-09-06T23:08:51.5061837Z ^[[1m^[[92m    Checking^[[0m sha3 v0.10.8
prepare	Reconcile predecessor no-panic pull request	2026-09-06T23:08:51.5342678Z ^[[1m^[[92m    Checking^[[0m cmac v0.7.2
prepare	Reconcile predecessor no-panic pull request	2026-09-06T23:08:51.5768766Z ^[[1m^[[92m   Compiling^[[0m derive_builder_macro v0.20.2
prepare	Reconcile predecessor no-panic pull request	2026-09-06T23:08:51.6013485Z ^[[1m^[[92m    Checking^[[0m ghash v0.5.1
prepare	Reconcile predecessor no-panic pull request	2026-09-06T23:08:51.6947492Z ^[[1m^[[92m   Compiling^[[0m bitfields-impl v1.0.3
prepare	Reconcile predecessor no-panic pull request	2026-09-06T23:08:51.9515421Z ^[[1m^[[92m   Compiling^[[0m snafu-derive v0.8.9
prepare	Reconcile predecessor no-panic pull request	2026-09-06T23:08:52.0815921Z ^[[1m^[[92m    Checking^[[0m serdect v0.3.0
prepare	Reconcile predecessor no-panic pull request	2026-09-06T23:08:52.1412667Z ^[[1m^[[92m   Compiling^[[0m num_enum_derive v0.7.6
prepare	Reconcile predecessor no-panic pull request	2026-09-06T23:08:52.4197730Z ^[[1m^[[92m    Checking^[[0m blake2 v0.10.6
prepare	Reconcile predecessor no-panic pull request	2026-09-06T23:08:52.5512099Z ^[[1m^[[92m    Checking^[[0m sha1 v0.10.6
prepare	Reconcile predecessor no-panic pull request	2026-09-06T23:08:52.6281047Z ^[[1m^[[92m    Checking^[[0m password-hash v0.5.0
prepare	Reconcile predecessor no-panic pull request	2026-09-06T23:08:52.6465451Z ^[[1m^[[92m    Checking^[[0m zlib-rs v0.6.3
prepare	Reconcile predecessor no-panic pull request	2026-09-06T23:08:52.7643596Z ^[[1m^[[92m    Checking^[[0m argon2 v0.5.3
prepare	Reconcile predecessor no-panic pull request	2026-09-06T23:08:52.9601560Z ^[[1m^[[92m    Checking^[[0m sha1-checked v0.10.0
prepare	Reconcile predecessor no-panic pull request	2026-09-06T23:08:53.0799210Z ^[[1m^[[92m    Checking^[[0m snafu v0.8.9
prepare	Reconcile predecessor no-panic pull request	2026-09-06T23:08:53.1182219Z ^[[1m^[[92m    Checking^[[0m num_enum v0.7.6
prepare	Reconcile predecessor no-panic pull request	2026-09-06T23:08:53.1538359Z ^[[1m^[[92m    Checking^[[0m bitfields v1.0.3
prepare	Reconcile predecessor no-panic pull request	2026-09-06T23:08:53.1742031Z ^[[1m^[[92m    Checking^[[0m cx448 v0.1.1
prepare	Reconcile predecessor no-panic pull request	2026-09-06T23:08:53.1794075Z ^[[1m^[[92m    Checking^[[0m derive_builder v0.20.2
prepare	Reconcile predecessor no-panic pull request	2026-09-06T23:08:53.2072800Z ^[[1m^[[92m    Checking^[[0m aes-gcm v0.10.3
prepare	Reconcile predecessor no-panic pull request	2026-09-06T23:08:53.2616543Z ^[[1m^[[92m    Checking^[[0m eax v0.5.0
prepare	Reconcile predecessor no-panic pull request	2026-09-06T23:08:53.3745128Z ^[[1m^[[92m    Checking^[[0m camellia v0.1.0
prepare	Reconcile predecessor no-panic pull request	2026-09-06T23:08:53.4168078Z ^[[1m^[[92m    Checking^[[0m flate2 v1.1.9
prepare	Reconcile predecessor no-panic pull request	2026-09-06T23:08:53.4425964Z ^[[1m^[[92m    Checking^[[0m blowfish v0.9.1
prepare	Reconcile predecessor no-panic pull request	2026-09-06T23:08:53.4996518Z ^[[1m^[[92m    Checking^[[0m aes-kw v0.2.1
prepare	Reconcile predecessor no-panic pull request	2026-09-06T23:08:53.5739651Z ^[[1m^[[92m    Checking^[[0m ocb3 v0.1.0
prepare	Reconcile predecessor no-panic pull request	2026-09-06T23:08:53.6081275Z ^[[1m^[[92m    Checking^[[0m des v0.8.1
prepare	Reconcile predecessor no-panic pull request	2026-09-06T23:08:53.6482244Z ^[[1m^[[92m    Checking^[[0m twofish v0.7.1
prepare	Reconcile predecessor no-panic pull request	2026-09-06T23:08:53.6842529Z ^[[1m^[[92m    Checking^[[0m cfb-mode v0.8.2
prepare	Reconcile predecessor no-panic pull request	2026-09-06T23:08:53.7070478Z ^[[1m^[[92m    Checking^[[0m idea v0.5.1
prepare	Reconcile predecessor no-panic pull request	2026-09-06T23:08:53.7455568Z ^[[1m^[[92m    Checking^[[0m cast5 v0.11.1
prepare	Reconcile predecessor no-panic pull request	2026-09-06T23:08:53.7524340Z ^[[1m^[[92m    Checking^[[0m k256 v0.13.4
prepare	Reconcile predecessor no-panic pull request	2026-09-06T23:08:53.8972419Z ^[[1m^[[92m    Checking^[[0m p521 v0.13.3
prepare	Reconcile predecessor no-panic pull request	2026-09-06T23:08:54.0539437Z ^[[1m^[[92m    Checking^[[0m dsa v0.6.3
prepare	Reconcile predecessor no-panic pull request	2026-09-06T23:08:54.0893648Z ^[[1m^[[92m    Checking^[[0m x25519-dalek v2.0.1
prepare	Reconcile predecessor no-panic pull request	2026-09-06T23:08:54.1397687Z ^[[1m^[[92m    Checking^[[0m ripemd v0.1.3
prepare	Reconcile predecessor no-panic pull request	2026-09-06T23:08:54.1721607Z ^[[1m^[[92m    Checking^[[0m md-5 v0.10.6
prepare	Reconcile predecessor no-panic pull request	2026-09-06T23:08:54.2341801Z ^[[1m^[[92m    Checking^[[0m block-padding v0.3.3
prepare	Reconcile predecessor no-panic pull request	2026-09-06T23:08:54.2763848Z ^[[1m^[[92m    Checking^[[0m buffer-redux v1.1.0
prepare	Reconcile predecessor no-panic pull request	2026-09-06T23:08:54.3737564Z ^[[1m^[[92m    Checking^[[0m replace_with v0.1.8
prepare	Reconcile predecessor no-panic pull request	2026-09-06T23:08:54.4102561Z ^[[1m^[[92m    Checking^[[0m uselesskey-webhook v0.10.0 (/home/runner/work/uselesskey/uselesskey/crates/uselesskey-webhook)
prepare	Reconcile predecessor no-panic pull request	2026-09-06T23:08:54.4989639Z ^[[1m^[[92m    Checking^[[0m ssh-encoding v0.2.0
prepare	Reconcile predecessor no-panic pull request	2026-09-06T23:08:54.6091242Z ^[[1m^[[92m    Checking^[[0m ssh-cipher v0.2.0
prepare	Reconcile predecessor no-panic pull request	2026-09-06T23:08:54.6502192Z ^[[1m^[[92m    Checking^[[0m pgp v0.19.0
prepare	Reconcile predecessor no-panic pull request	2026-09-06T23:08:54.6661505Z ^[[1m^[[92m   Compiling^[[0m regex-syntax v0.8.11
prepare	Reconcile predecessor no-panic pull request	2026-09-06T23:08:55.8003075Z ^[[1m^[[92m    Checking^[[0m ssh-key v0.6.7
prepare	Reconcile predecessor no-panic pull request	2026-09-06T23:08:56.3949314Z ^[[1m^[[92m   Compiling^[[0m clap_derive v4.6.1
prepare	Reconcile predecessor no-panic pull request	2026-09-06T23:08:57.5425246Z ^[[1m^[[92m    Checking^[[0m uselesskey-pgp v0.10.0 (/home/runner/work/uselesskey/uselesskey/crates/uselesskey-pgp)
prepare	Reconcile predecessor no-panic pull request	2026-09-06T23:08:57.6451434Z ^[[1m^[[92m    Checking^[[0m uselesskey-ssh v0.10.0 (/home/runner/work/uselesskey/uselesskey/crates/uselesskey-ssh)
prepare	Reconcile predecessor no-panic pull request	2026-09-06T23:08:57.6892250Z ^[[1m^[[92m    Checking^[[0m uselesskey-entropy v0.10.0 (/home/runner/work/uselesskey/uselesskey/crates/uselesskey-entropy)
prepare	Reconcile predecessor no-panic pull request	2026-09-06T23:08:57.7303814Z ^[[1m^[[92m   Compiling^[[0m rstest_macros v0.26.1
prepare	Reconcile predecessor no-panic pull request	2026-09-06T23:08:57.7351672Z ^[[1m^[[92m    Checking^[[0m uselesskey v0.10.0 (/home/runner/work/uselesskey/uselesskey/crates/uselesskey)
prepare	Reconcile predecessor no-panic pull request	2026-09-06T23:08:57.7664060Z ^[[1m^[[92m    Checking^[[0m terminal_size v0.4.4
prepare	Reconcile predecessor no-panic pull request	2026-09-06T23:08:57.8053979Z ^[[1m^[[92m   Compiling^[[0m relative-path v1.9.3
prepare	Reconcile predecessor no-panic pull request	2026-09-06T23:08:57.8349601Z ^[[1m^[[92m   Compiling^[[0m glob v0.3.3
prepare	Reconcile predecessor no-panic pull request	2026-09-06T23:08:57.9696223Z ^[[1m^[[92m    Checking^[[0m clap_builder v4.6.0
prepare	Reconcile predecessor no-panic pull request	2026-09-06T23:08:58.0261866Z ^[[1m^[[92m    Checking^[[0m futures-timer v3.0.3
prepare	Reconcile predecessor no-panic pull request	2026-09-06T23:08:58.3993767Z ^[[1m^[[92m    Checking^[[0m either v1.15.0
prepare	Reconcile predecessor no-panic pull request	2026-09-06T23:08:58.4954525Z ^[[1m^[[92m    Checking^[[0m same-file v1.0.6
prepare	Reconcile predecessor no-panic pull request	2026-09-06T23:08:58.5342272Z ^[[1m^[[92m    Checking^[[0m walkdir v2.5.0
prepare	Reconcile predecessor no-panic pull request	2026-09-06T23:08:58.6351781Z ^[[1m^[[92m    Checking^[[0m half v2.7.1
prepare	Reconcile predecessor no-panic pull request	2026-09-06T23:08:58.7662504Z ^[[1m^[[92m    Checking^[[0m ciborium-io v0.2.2
prepare	Reconcile predecessor no-panic pull request	2026-09-06T23:08:58.7936131Z ^[[1m^[[92m    Checking^[[0m ciborium-ll v0.2.2
prepare	Reconcile predecessor no-panic pull request	2026-09-06T23:08:58.8821758Z ^[[1m^[[92m    Checking^[[0m ciborium v0.2.2
prepare	Reconcile predecessor no-panic pull request	2026-09-06T23:08:59.1182782Z ^[[1m^[[92m    Checking^[[0m clap v4.6.1
prepare	Reconcile predecessor no-panic pull request	2026-09-06T23:08:59.1511981Z ^[[1m^[[92m   Compiling^[[0m alloca v0.4.0
prepare	Reconcile predecessor no-panic pull request	2026-09-06T23:08:59.2051531Z ^[[1m^[[92m    Checking^[[0m itertools v0.13.0
prepare	Reconcile predecessor no-panic pull request	2026-09-06T23:08:59.5771680Z ^[[1m^[[92m    Checking^[[0m cast v0.3.0
prepare	Reconcile predecessor no-panic pull request	2026-09-06T23:08:59.6753116Z ^[[1m^[[92m    Checking^[[0m tinytemplate v1.2.1
prepare	Reconcile predecessor no-panic pull request	2026-09-06T23:08:59.8396865Z ^[[1m^[[92m    Checking^[[0m page_size v0.6.0
prepare	Reconcile predecessor no-panic pull request	2026-09-06T23:08:59.8791890Z ^[[1m^[[92m    Checking^[[0m anes v0.1.6
prepare	Reconcile predecessor no-panic pull request	2026-09-06T23:08:59.9982532Z ^[[1m^[[92m    Checking^[[0m oorandom v11.1.5
prepare	Reconcile predecessor no-panic pull request	2026-09-06T23:09:00.0411775Z ^[[1m^[[92m    Checking^[[0m uselesskey-ring v0.10.0 (/home/runner/work/uselesskey/uselesskey/crates/uselesskey-ring)
prepare	Reconcile predecessor no-panic pull request	2026-09-06T23:09:00.0794933Z ^[[1m^[[92m    Checking^[[0m uselesskey-rustcrypto v0.10.0 (/home/runner/work/uselesskey/uselesskey/crates/uselesskey-rustcrypto)
prepare	Reconcile predecessor no-panic pull request	2026-09-06T23:09:00.1302538Z ^[[1m^[[92m   Compiling^[[0m tokio-macros v2.7.0
prepare	Reconcile predecessor no-panic pull request	2026-09-06T23:09:00.1848950Z ^[[1m^[[92m    Checking^[[0m criterion-plot v0.8.2
prepare	Reconcile predecessor no-panic pull request	2026-09-06T23:09:00.3778378Z ^[[1m^[[92m    Checking^[[0m criterion v0.8.2
prepare	Reconcile predecessor no-panic pull request	2026-09-06T23:09:00.4807639Z ^[[1m^[[92m    Checking^[[0m mio v1.2.0
prepare	Reconcile predecessor no-panic pull request	2026-09-06T23:09:00.7124868Z ^[[1m^[[92m    Checking^[[0m socket2 v0.6.3
prepare	Reconcile predecessor no-panic pull request	2026-09-06T23:09:00.8992391Z ^[[1m^[[92m    Checking^[[0m rstest v0.26.1
prepare	Reconcile predecessor no-panic pull request	2026-09-06T23:09:00.9387459Z ^[[1m^[[92m    Checking^[[0m tokio v1.52.3
prepare	Reconcile predecessor no-panic pull request	2026-09-06T23:09:00.9501487Z ^[[1m^[[92m    Checking^[[0m http v1.5.0
prepare	Reconcile predecessor no-panic pull request	2026-09-06T23:09:01.3108361Z ^[[1m^[[92m   Compiling^[[0m tracing-attributes v0.1.31
prepare	Reconcile predecessor no-panic pull request	2026-09-06T23:09:01.3731827Z ^[[1m^[[92m    Checking^[[0m tracing-core v0.1.36
prepare	Reconcile predecessor no-panic pull request	2026-09-06T23:09:02.0695669Z ^[[1m^[[92m    Checking^[[0m tracing v0.1.44
prepare	Reconcile predecessor no-panic pull request	2026-09-06T23:09:02.1793226Z ^[[1m^[[92m    Checking^[[0m http-body v1.0.1
prepare	Reconcile predecessor no-panic pull request	2026-09-06T23:09:02.2303692Z ^[[1m^[[92m    Checking^[[0m serde_spanned v1.1.0
prepare	Reconcile predecessor no-panic pull request	2026-09-06T23:09:02.3765259Z ^[[1m^[[92m    Checking^[[0m tower-service v0.3.3
prepare	Reconcile predecessor no-panic pull request	2026-09-06T23:09:02.4083961Z ^[[1m^[[92m    Checking^[[0m percent-encoding v2.3.2
prepare	Reconcile predecessor no-panic pull request	2026-09-06T23:09:02.4138091Z ^[[1m^[[92m    Checking^[[0m toml v1.1.0+spec-1.1.0
prepare	Reconcile predecessor no-panic pull request	2026-09-06T23:09:02.4897566Z ^[[1m^[[92m   Compiling^[[0m httparse v1.10.1
prepare	Reconcile predecessor no-panic pull request	2026-09-06T23:09:02.6737623Z ^[[1m^[[92m    Checking^[[0m atomic-waker v1.1.2
prepare	Reconcile predecessor no-panic pull request	2026-09-06T23:09:02.7088020Z ^[[1m^[[92m    Checking^[[0m try-lock v0.2.5
prepare	Reconcile predecessor no-panic pull request	2026-09-06T23:09:02.7441853Z ^[[1m^[[92m    Checking^[[0m want v0.3.1
prepare	Reconcile predecessor no-panic pull request	2026-09-06T23:09:02.9472399Z ^[[1m^[[92m    Checking^[[0m httpdate v1.0.3
prepare	Reconcile predecessor no-panic pull request	2026-09-06T23:09:02.9576133Z ^[[1m^[[92m    Checking^[[0m pin-utils v0.1.0
prepare	Reconcile predecessor no-panic pull request	2026-09-06T23:09:02.9765755Z ^[[1m^[[92m    Checking^[[0m sync_wrapper v1.0.2
prepare	Reconcile predecessor no-panic pull request	2026-09-06T23:09:03.0025702Z ^[[1m^[[92m    Checking^[[0m tower-layer v0.3.3
prepare	Reconcile predecessor no-panic pull request	2026-09-06T23:09:03.0351809Z ^[[1m^[[92m    Checking^[[0m ipnet v2.12.0
prepare	Reconcile predecessor no-panic pull request	2026-09-06T23:09:03.0852200Z ^[[1m^[[92m    Checking^[[0m http-body-util v0.1.3
prepare	Reconcile predecessor no-panic pull request	2026-09-06T23:09:03.1927211Z ^[[1m^[[92m   Compiling^[[0m uselesskey-aws-lc-rs v0.10.0 (/home/runner/work/uselesskey/uselesskey/crates/uselesskey-aws-lc-rs)
prepare	Reconcile predecessor no-panic pull request	2026-09-06T23:09:03.2142031Z ^[[1m^[[92m   Compiling^[[0m zmij v1.0.21
prepare	Reconcile predecessor no-panic pull request	2026-09-06T23:09:03.2285652Z ^[[1m^[[92m   Compiling^[[0m typenum v1.19.0
prepare	Reconcile predecessor no-panic pull request	2026-09-06T23:09:03.2394832Z ^[[1m^[[92m   Compiling^[[0m target-triple v1.0.0
prepare	Reconcile predecessor no-panic pull request	2026-09-06T23:09:03.4561538Z ^[[1m^[[92m    Checking^[[0m tokio-util v0.7.18
prepare	Reconcile predecessor no-panic pull request	2026-09-06T23:09:03.5957832Z ^[[1m^[[92m   Compiling^[[0m itoa v1.0.18
prepare	Reconcile predecessor no-panic pull request	2026-09-06T23:09:03.7481438Z ^[[1m^[[92m    Checking^[[0m h2 v0.4.16
prepare	Reconcile predecessor no-panic pull request	2026-09-06T23:09:03.7625476Z ^[[1m^[[92m    Checking^[[0m tower v0.5.3
prepare	Reconcile predecessor no-panic pull request	2026-09-06T23:09:04.3464077Z ^[[1m^[[92m   Compiling^[[0m pin-project-internal v1.1.11
prepare	Reconcile predecessor no-panic pull request	2026-09-06T23:09:04.5028129Z ^[[1m^[[92m    Checking^[[0m termcolor v1.4.1
prepare	Reconcile predecessor no-panic pull request	2026-09-06T23:09:04.7708263Z ^[[1m^[[92m    Checking^[[0m trybuild v1.0.120
prepare	Reconcile predecessor no-panic pull request	2026-09-06T23:09:04.9753053Z ^[[1m^[[92m    Checking^[[0m pin-project v1.1.11
prepare	Reconcile predecessor no-panic pull request	2026-09-06T23:09:05.2462402Z ^[[1m^[[92m    Checking^[[0m tokio-stream v0.1.18
prepare	Reconcile predecessor no-panic pull request	2026-09-06T23:09:05.2962303Z ^[[1m^[[92m   Compiling^[[0m rand_core v0.10.1
prepare	Reconcile predecessor no-panic pull request	2026-09-06T23:09:05.3792217Z ^[[1m^[[92m   Compiling^[[0m libm v0.2.16
prepare	Reconcile predecessor no-panic pull request	2026-09-06T23:09:05.3851355Z ^[[1m^[[92m   Compiling^[[0m num-traits v0.2.19
prepare	Reconcile predecessor no-panic pull request	2026-09-06T23:09:05.5472165Z ^[[1m^[[92m    Checking^[[0m hyper v1.8.1
prepare	Reconcile predecessor no-panic pull request	2026-09-06T23:09:06.2966891Z ^[[1m^[[92m    Checking^[[0m hyper-util v0.1.20
prepare	Reconcile predecessor no-panic pull request	2026-09-06T23:09:06.3118050Z ^[[1m^[[92m    Checking^[[0m bstr v1.12.1
prepare	Reconcile predecessor no-panic pull request	2026-09-06T23:09:06.6026199Z ^[[1m^[[92m   Compiling^[[0m zerofrom-derive v0.1.6
prepare	Reconcile predecessor no-panic pull request	2026-09-06T23:09:07.0066128Z ^[[1m^[[92m    Checking^[[0m hyper-timeout v0.5.2
prepare	Reconcile predecessor no-panic pull request	2026-09-06T23:09:07.0780404Z ^[[1m^[[92m   Compiling^[[0m const-oid v0.10.2
prepare	Reconcile predecessor no-panic pull request	2026-09-06T23:09:07.3697901Z ^[[1m^[[92m    Checking^[[0m zerofrom v0.1.6
prepare	Reconcile predecessor no-panic pull request	2026-09-06T23:09:07.4216565Z ^[[1m^[[92m   Compiling^[[0m yoke-derive v0.8.1
prepare	Reconcile predecessor no-panic pull request	2026-09-06T23:09:07.6169189Z ^[[1m^[[92m    Checking^[[0m stable_deref_trait v1.2.1
prepare	Reconcile predecessor no-panic pull request	2026-09-06T23:09:07.6414638Z ^[[1m^[[92m   Compiling^[[0m const-oid v0.9.6
prepare	Reconcile predecessor no-panic pull request	2026-09-06T23:09:07.9916105Z ^[[1m^[[92m    Checking^[[0m yoke v0.8.1
prepare	Reconcile predecessor no-panic pull request	2026-09-06T23:09:08.0652048Z ^[[1m^[[92m   Compiling^[[0m getrandom v0.2.17
prepare	Reconcile predecessor no-panic pull request	2026-09-06T23:09:08.0809852Z ^[[1m^[[92m   Compiling^[[0m cpufeatures v0.3.0
prepare	Reconcile predecessor no-panic pull request	2026-09-06T23:09:08.1599014Z ^[[1m^[[92m   Compiling^[[0m rand_core v0.6.4
prepare	Reconcile predecessor no-panic pull request	2026-09-06T23:09:08.3471846Z ^[[1m^[[92m   Compiling^[[0m zerovec-derive v0.11.2
prepare	Reconcile predecessor no-panic pull request	2026-09-06T23:09:08.4021905Z ^[[1m^[[92m   Compiling^[[0m getrandom v0.4.2
prepare	Reconcile predecessor no-panic pull request	2026-09-06T23:09:08.9239559Z ^[[1m^[[92m    Checking^[[0m zerovec v0.11.5
prepare	Reconcile predecessor no-panic pull request	2026-09-06T23:09:09.7092145Z ^[[1m^[[92m   Compiling^[[0m crossbeam-utils v0.8.21
prepare	Reconcile predecessor no-panic pull request	2026-09-06T23:09:09.7151401Z ^[[1m^[[92m   Compiling^[[0m cmov v0.5.2
prepare	Reconcile predecessor no-panic pull request	2026-09-06T23:09:09.8175947Z ^[[1m^[[92m   Compiling^[[0m uselesskey-interop-tests v0.0.0 (/home/runner/work/uselesskey/uselesskey/crates/uselesskey-interop-tests)
prepare	Reconcile predecessor no-panic pull request	2026-09-06T23:09:09.8317044Z ^[[1m^[[92m   Compiling^[[0m constant_time_eq v0.4.2
prepare	Reconcile predecessor no-panic pull request	2026-09-06T23:09:09.9014433Z ^[[1m^[[92m   Compiling^[[0m arrayvec v0.7.6
prepare	Reconcile predecessor no-panic pull request	2026-09-06T23:09:09.9057836Z ^[[1m^[[92m   Compiling^[[0m bitflags v2.11.0
prepare	Reconcile predecessor no-panic pull request	2026-09-06T23:09:09.9878004Z ^[[1m^[[92m   Compiling^[[0m arrayref v0.3.9
prepare	Reconcile predecessor no-panic pull request	2026-09-06T23:09:10.0090755Z ^[[1m^[[92m   Compiling^[[0m scopeguard v1.2.0
prepare	Reconcile predecessor no-panic pull request	2026-09-06T23:09:10.0091544Z ^[[1m^[[92m   Compiling^[[0m once_cell v1.21.4
prepare	Reconcile predecessor no-panic pull request	2026-09-06T23:09:10.0415677Z ^[[1m^[[92m   Compiling^[[0m linux-raw-sys v0.12.1
prepare	Reconcile predecessor no-panic pull request	2026-09-06T23:09:10.1087756Z ^[[1m^[[92m   Compiling^[[0m lock_api v0.4.14
prepare	Reconcile predecessor no-panic pull request	2026-09-06T23:09:10.2396287Z ^[[1m^[[92m   Compiling^[[0m ctutils v0.4.0
prepare	Reconcile predecessor no-panic pull request	2026-09-06T23:09:10.8311559Z ^[[1m^[[92m   Compiling^[[0m num-integer v0.1.46
prepare	Reconcile predecessor no-panic pull request	2026-09-06T23:09:10.9891413Z ^[[1m^[[92m   Compiling^[[0m base64 v0.22.1
prepare	Reconcile predecessor no-panic pull request	2026-09-06T23:09:11.0131753Z ^[[1m^[[92m   Compiling^[[0m fastrand v2.3.0
prepare	Reconcile predecessor no-panic pull request	2026-09-06T23:09:11.1318029Z ^[[1m^[[92m   Compiling^[[0m spin v0.9.8
prepare	Reconcile predecessor no-panic pull request	2026-09-06T23:09:11.1746915Z ^[[1m^[[92m   Compiling^[[0m hashbrown v0.14.5
prepare	Reconcile predecessor no-panic pull request	2026-09-06T23:09:11.1783351Z ^[[1m^[[92m   Compiling^[[0m cpubits v0.1.0
prepare	Reconcile predecessor no-panic pull request	2026-09-06T23:09:11.2111864Z ^[[1m^[[92m   Compiling^[[0m utf8parse v0.2.2
prepare	Reconcile predecessor no-panic pull request	2026-09-06T23:09:11.2592022Z ^[[1m^[[92m   Compiling^[[0m anstyle-parse v1.0.0
prepare	Reconcile predecessor no-panic pull request	2026-09-06T23:09:11.5851446Z ^[[1m^[[92m   Compiling^[[0m lazy_static v1.5.0
prepare	Reconcile predecessor no-panic pull request	2026-09-06T23:09:11.6291806Z ^[[1m^[[92m   Compiling^[[0m num-iter v0.1.45
prepare	Reconcile predecessor no-panic pull request	2026-09-06T23:09:11.9781771Z ^[[1m^[[92m   Compiling^[[0m rand v0.10.1
prepare	Reconcile predecessor no-panic pull request	2026-09-06T23:09:12.3231203Z ^[[1m^[[92m   Compiling^[[0m spin v0.12.3
prepare	Reconcile predecessor no-panic pull request	2026-09-06T23:09:12.3525197Z ^[[1m^[[92m   Compiling^[[0m anstyle v1.0.14
prepare	Reconcile predecessor no-panic pull request	2026-09-06T23:09:12.3741699Z ^[[1m^[[92m   Compiling^[[0m colorchoice v1.0.5
prepare	Reconcile predecessor no-panic pull request	2026-09-06T23:09:12.4172113Z ^[[1m^[[92m   Compiling^[[0m crossbeam-epoch v0.9.20
prepare	Reconcile predecessor no-panic pull request	2026-09-06T23:09:12.4773473Z ^[[1m^[[92m   Compiling^[[0m anstyle-query v1.1.5
prepare	Reconcile predecessor no-panic pull request	2026-09-06T23:09:12.5221106Z ^[[1m^[[92m   Compiling^[[0m is_terminal_polyfill v1.70.2
prepare	Reconcile predecessor no-panic pull request	2026-09-06T23:09:12.5592147Z ^[[1m^[[92m   Compiling^[[0m anstream v1.0.0
prepare	Reconcile predecessor no-panic pull request	2026-09-06T23:09:13.7068981Z ^[[1m^[[92m    Checking^[[0m tinystr v0.8.2
prepare	Reconcile predecessor no-panic pull request	2026-09-06T23:09:13.8041393Z ^[[1m^[[92m    Checking^[[0m uselesskey-cli v0.10.0 (/home/runner/work/uselesskey/uselesskey/crates/uselesskey-cli)
prepare	Reconcile predecessor no-panic pull request	2026-09-06T23:09:14.0365970Z ^[[1m^[[92m   Compiling^[[0m sealed v0.6.0
prepare	Reconcile predecessor no-panic pull request	2026-09-06T23:09:14.0432774Z ^[[1m^[[92m    Checking^[[0m writeable v0.6.2
prepare	Reconcile predecessor no-panic pull request	2026-09-06T23:09:14.1025036Z ^[[1m^[[92m   Compiling^[[0m clap_lex v1.1.0
prepare	Reconcile predecessor no-panic pull request	2026-09-06T23:09:14.1531749Z ^[[1m^[[92m    Checking^[[0m litemap v0.8.1
prepare	Reconcile predecessor no-panic pull request	2026-09-06T23:09:14.2190023Z ^[[1m^[[92m   Compiling^[[0m subtle v2.6.1
prepare	Reconcile predecessor no-panic pull request	2026-09-06T23:09:14.2211967Z ^[[1m^[[92m    Checking^[[0m mime v0.3.17
prepare	Reconcile predecessor no-panic pull request	2026-09-06T23:09:14.2601706Z ^[[1m^[[92m    Checking^[[0m icu_locale_core v2.1.1
prepare	Reconcile predecessor no-panic pull request	2026-09-06T23:09:14.3351757Z ^[[1m^[[92m    Checking^[[0m axum-core v0.5.6
prepare	Reconcile predecessor no-panic pull request	2026-09-06T23:09:14.7267055Z ^[[1m^[[92m   Compiling^[[0m synthez-core v0.4.0
prepare	Reconcile predecessor no-panic pull request	2026-09-06T23:09:15.6855170Z ^[[1m^[[92m    Checking^[[0m potential_utf v0.1.4
prepare	Reconcile predecessor no-panic pull request	2026-09-06T23:09:15.6961747Z ^[[1m^[[92m    Checking^[[0m zerotrie v0.2.3
prepare	Reconcile predecessor no-panic pull request	2026-09-06T23:09:15.7349082Z ^[[1m^[[92m   Compiling^[[0m anyhow v1.0.103
prepare	Reconcile predecessor no-panic pull request	2026-09-06T23:09:15.8592247Z ^[[1m^[[92m    Checking^[[0m serde_path_to_error v0.1.20
prepare	Reconcile predecessor no-panic pull request	2026-09-06T23:09:16.0897839Z ^[[1m^[[92m   Compiling^[[0m peg-runtime v0.6.3
prepare	Reconcile predecessor no-panic pull request	2026-09-06T23:09:16.3855367Z ^[[1m^[[92m    Checking^[[0m matchit v0.8.4
prepare	Reconcile predecessor no-panic pull request	2026-09-06T23:09:16.5272353Z ^[[1m^[[92m   Compiling^[[0m toml_writer v1.1.0+spec-1.1.0
prepare	Reconcile predecessor no-panic pull request	2026-09-06T23:09:16.6370344Z ^[[1m^[[92m   Compiling^[[0m icu_properties_data v2.1.2
prepare	Reconcile predecessor no-panic pull request	2026-09-06T23:09:16.7017477Z ^[[1m^[[92m   Compiling^[[0m bytecount v0.6.9
prepare	Reconcile predecessor no-panic pull request	2026-09-06T23:09:16.7512953Z ^[[1m^[[92m   Compiling^[[0m icu_normalizer_data v2.1.1
prepare	Reconcile predecessor no-panic pull request	2026-09-06T23:09:16.9192036Z ^[[1m^[[92m    Checking^[[0m axum v0.8.8
prepare	Reconcile predecessor no-panic pull request	2026-09-06T23:09:17.5742388Z ^[[1m^[[92m   Compiling^[[0m peg-macros v0.6.3
prepare	Reconcile predecessor no-panic pull request	2026-09-06T23:09:17.9011834Z ^[[1m^[[92m   Compiling^[[0m nom_locate v5.0.0
prepare	Reconcile predecessor no-panic pull request	2026-09-06T23:09:17.9858739Z ^[[1m^[[92m    Checking^[[0m icu_provider v2.1.1
prepare	Reconcile predecessor no-panic pull request	2026-09-06T23:09:18.1617947Z ^[[1m^[[92m    Checking^[[0m icu_collections v2.1.1
prepare	Reconcile predecessor no-panic pull request	2026-09-06T23:09:18.3748439Z ^[[1m^[[92m    Checking^[[0m crossbeam-deque v0.8.6
prepare	Reconcile predecessor no-panic pull request	2026-09-06T23:09:18.4721917Z ^[[1m^[[92m   Compiling^[[0m synthez-codegen v0.4.0
prepare	Reconcile predecessor no-panic pull request	2026-09-06T23:09:18.6100886Z ^[[1m^[[92m    Checking^[[0m globset v0.4.18
prepare	Reconcile predecessor no-panic pull request	2026-09-06T23:09:18.7369247Z ^[[1m^[[92m   Compiling^[[0m gherkin v0.16.0
prepare	Reconcile predecessor no-panic pull request	2026-09-06T23:09:18.8981884Z ^[[1m^[[92m   Compiling^[[0m typed-builder-macro v0.23.2
prepare	Reconcile predecessor no-panic pull request	2026-09-06T23:09:19.0121742Z ^[[1m^[[92m   Compiling^[[0m ref-cast v1.0.25
prepare	Reconcile predecessor no-panic pull request	2026-09-06T23:09:19.0632563Z ^[[1m^[[92m    Checking^[[0m smawk v0.3.2
prepare	Reconcile predecessor no-panic pull request	2026-09-06T23:09:19.1106607Z ^[[1m^[[92m    Checking^[[0m unicode-linebreak v0.1.5
prepare	Reconcile predecessor no-panic pull request	2026-09-06T23:09:19.2227074Z ^[[1m^[[92m    Checking^[[0m textwrap v0.16.2
prepare	Reconcile predecessor no-panic pull request	2026-09-06T23:09:19.2432520Z ^[[1m^[[92m    Checking^[[0m predicates v3.1.4
prepare	Reconcile predecessor no-panic pull request	2026-09-06T23:09:19.4041971Z ^[[1m^[[92m    Checking^[[0m peg v0.6.3
prepare	Reconcile predecessor no-panic pull request	2026-09-06T23:09:19.4411685Z ^[[1m^[[92m   Compiling^[[0m cucumber-expressions v0.5.0
prepare	Reconcile predecessor no-panic pull request	2026-09-06T23:09:19.4764429Z ^[[1m^[[92m    Checking^[[0m ignore v0.4.25
prepare	Reconcile predecessor no-panic pull request	2026-09-06T23:09:19.7792209Z ^[[1m^[[92m    Checking^[[0m typed-builder v0.23.2
prepare	Reconcile predecessor no-panic pull request	2026-09-06T23:09:19.8751907Z ^[[1m^[[92m   Compiling^[[0m synthez v0.4.0
prepare	Reconcile predecessor no-panic pull request	2026-09-06T23:09:19.9833389Z ^[[1m^[[92m   Compiling^[[0m itertools v0.14.0
prepare	Reconcile predecessor no-panic pull request	2026-09-06T23:09:19.9951793Z ^[[1m^[[92m    Checking^[[0m futures-executor v0.3.32
prepare	Reconcile predecessor no-panic pull request	2026-09-06T23:09:20.0435660Z ^[[1m^[[92m   Compiling^[[0m ref-cast-impl v1.0.25
prepare	Reconcile predecessor no-panic pull request	2026-09-06T23:09:20.2612482Z ^[[1m^[[92m    Checking^[[0m uselesskey-feature-grid v0.10.0 (/home/runner/work/uselesskey/uselesskey/crates/uselesskey-feature-grid)
prepare	Reconcile predecessor no-panic pull request	2026-09-06T23:09:20.3016168Z ^[[1m^[[92m   Compiling^[[0m inflections v1.1.1
prepare	Reconcile predecessor no-panic pull request	2026-09-06T23:09:20.4655275Z ^[[1m^[[92m    Checking^[[0m futures v0.3.32
prepare	Reconcile predecessor no-panic pull request	2026-09-06T23:09:20.4952567Z ^[[1m^[[92m    Checking^[[0m icu_normalizer v2.1.1
prepare	Reconcile predecessor no-panic pull request	2026-09-06T23:09:20.5133010Z ^[[1m^[[92m    Checking^[[0m icu_properties v2.1.2
prepare	Reconcile predecessor no-panic pull request	2026-09-06T23:09:20.7208005Z ^[[1m^[[92m    Checking^[[0m globwalk v0.9.1
prepare	Reconcile predecessor no-panic pull request	2026-09-06T23:09:21.0413925Z ^[[1m^[[92m   Compiling^[[0m cucumber-codegen v0.23.0
prepare	Reconcile predecessor no-panic pull request	2026-09-06T23:09:21.1921770Z ^[[1m^[[92m    Checking^[[0m assert_cmd v2.2.2
prepare	Reconcile predecessor no-panic pull request	2026-09-06T23:09:21.6542391Z ^[[1m^[[92m   Compiling^[[0m smart-default v0.7.1
prepare	Reconcile predecessor no-panic pull request	2026-09-06T23:09:21.6972737Z ^[[1m^[[92m    Checking^[[0m humantime v2.3.0
prepare	Reconcile predecessor no-panic pull request	2026-09-06T23:09:21.8142406Z ^[[1m^[[92m   Compiling^[[0m uselesskey-bdd-steps v0.10.0 (/home/runner/work/uselesskey/uselesskey/crates/uselesskey-bdd-steps)
prepare	Reconcile predecessor no-panic pull request	2026-09-06T23:09:21.8861613Z ^[[1m^[[92m    Checking^[[0m linked-hash-map v0.5.6
prepare	Reconcile predecessor no-panic pull request	2026-09-06T23:09:21.9132151Z ^[[1m^[[92m    Checking^[[0m inventory v0.3.23
prepare	Reconcile predecessor no-panic pull request	2026-09-06T23:09:21.9431025Z ^[[1m^[[92m    Checking^[[0m idna_adapter v1.2.1
prepare	Reconcile predecessor no-panic pull request	2026-09-06T23:09:21.9769442Z ^[[1m^[[92m    Checking^[[0m form_urlencoded v1.2.2
prepare	Reconcile predecessor no-panic pull request	2026-09-06T23:09:21.9818798Z ^[[1m^[[92m    Checking^[[0m utf8_iter v1.0.4
prepare	Reconcile predecessor no-panic pull request	2026-09-06T23:09:22.0312147Z ^[[1m^[[92m    Checking^[[0m idna v1.1.0
prepare	Reconcile predecessor no-panic pull request	2026-09-06T23:09:22.0461864Z ^[[1m^[[92m    Checking^[[0m webpki-roots v1.0.6
prepare	Reconcile predecessor no-panic pull request	2026-09-06T23:09:22.0952022Z ^[[1m^[[92m    Checking^[[0m iri-string v0.7.12
prepare	Reconcile predecessor no-panic pull request	2026-09-06T23:09:22.2321796Z ^[[1m^[[92m    Checking^[[0m ryu v1.0.23
prepare	Reconcile predecessor no-panic pull request	2026-09-06T23:09:22.2781600Z ^[[1m^[[92m    Checking^[[0m cucumber v0.23.0
prepare	Reconcile predecessor no-panic pull request	2026-09-06T23:09:22.3091904Z ^[[1m^[[92m    Checking^[[0m serde_urlencoded v0.7.1
prepare	Reconcile predecessor no-panic pull request	2026-09-06T23:09:22.4311358Z ^[[1m^[[92m    Checking^[[0m url v2.5.8
prepare	Reconcile predecessor no-panic pull request	2026-09-06T23:09:22.8118901Z ^[[1m^[[92m    Checking^[[0m uselesskey-test-grid v0.10.0 (/home/runner/work/uselesskey/uselesskey/crates/uselesskey-test-grid)
prepare	Reconcile predecessor no-panic pull request	2026-09-06T23:09:22.8412485Z ^[[1m^[[92m    Checking^[[0m uselesskey-webauthn v0.10.0 (/home/runner/work/uselesskey/uselesskey/crates/uselesskey-webauthn)
prepare	Reconcile predecessor no-panic pull request	2026-09-06T23:09:22.9291984Z ^[[1m^[[92m    Checking^[[0m uselesskey-pkcs11-mock v0.10.0 (/home/runner/work/uselesskey/uselesskey/crates/uselesskey-pkcs11-mock)
prepare	Reconcile predecessor no-panic pull request	2026-09-06T23:09:23.0182215Z ^[[1m^[[92m    Checking^[[0m portable-atomic v1.13.1
prepare	Reconcile predecessor no-panic pull request	2026-09-06T23:09:23.1000717Z ^[[1m^[[92m    Checking^[[0m tower-http v0.6.8
prepare	Reconcile predecessor no-panic pull request	2026-09-06T23:09:23.2282571Z ^[[1m^[[92m   Compiling^[[0m materialize-shape-buildrs-example v0.0.0 (/home/runner/work/uselesskey/uselesskey/crates/materialize-shape-buildrs-example)
prepare	Reconcile predecessor no-panic pull request	2026-09-06T23:09:23.2782518Z ^[[1m^[[92m   Compiling^[[0m materialize-buildrs-example v0.0.0 (/home/runner/work/uselesskey/uselesskey/crates/materialize-buildrs-example)
prepare	Reconcile predecessor no-panic pull request	2026-09-06T23:09:23.3066565Z ^[[1m^[[92m    Checking^[[0m uselesskey-axum v0.10.0 (/home/runner/work/uselesskey/uselesskey/crates/uselesskey-axum)
prepare	Reconcile predecessor no-panic pull request	2026-09-06T23:09:23.3952488Z ^[[1m^[[92m    Checking^[[0m iana-time-zone v0.1.65
prepare	Reconcile predecessor no-panic pull request	2026-09-06T23:09:23.4561721Z ^[[1m^[[92m    Checking^[[0m unit-prefix v0.5.2
prepare	Reconcile predecessor no-panic pull request	2026-09-06T23:09:23.4651881Z ^[[1m^[[92m    Checking^[[0m chrono v0.4.45
prepare	Reconcile predecessor no-panic pull request	2026-09-06T23:09:23.5133526Z ^[[1m^[[92m    Checking^[[0m indicatif v0.18.4
prepare	Reconcile predecessor no-panic pull request	2026-09-06T23:09:23.7911155Z ^[[1m^[[92m    Checking^[[0m owo-colors v4.3.0
prepare	Reconcile predecessor no-panic pull request	2026-09-06T23:09:24.1812013Z ^[[1m^[[92m    Checking^[[0m uselesskey-bench v0.0.0 (/home/runner/work/uselesskey/uselesskey/crates/uselesskey-bench)
prepare	Reconcile predecessor no-panic pull request	2026-09-06T23:09:24.1972923Z ^[[1m^[[92m    Checking^[[0m uselesskey-test-server v0.10.0 (/home/runner/work/uselesskey/uselesskey/crates/uselesskey-test-server)
prepare	Reconcile predecessor no-panic pull request	2026-09-06T23:09:24.4212309Z ^[[1m^[[92m    Checking^[[0m xtask v0.0.0 (/home/runner/work/uselesskey/uselesskey/xtask)
prepare	Reconcile predecessor no-panic pull request	2026-09-06T23:09:36.0142465Z ^[[1m^[[92m    Checking^[[0m uselesskey-test-support v0.10.0 (/home/runner/work/uselesskey/uselesskey/crates/uselesskey-test-support)
prepare	Reconcile predecessor no-panic pull request	2026-09-06T23:09:45.9975801Z ^[[1m^[[33mwarning^[[0m: uselesskey-aws-lc-rs@0.10.0: NASM not found - aws-lc-rs tests gated on has_nasm will be skipped
prepare	Reconcile predecessor no-panic pull request	2026-09-06T23:09:46.7822593Z ^[[1m^[[92m    Checking^[[0m rustls-webpki v0.103.13
prepare	Reconcile predecessor no-panic pull request	2026-09-06T23:09:49.0268265Z ^[[1m^[[92m    Checking^[[0m uselesskey-rustls v0.10.0 (/home/runner/work/uselesskey/uselesskey/crates/uselesskey-rustls)
prepare	Reconcile predecessor no-panic pull request	2026-09-06T23:09:49.0269807Z ^[[1m^[[92m    Checking^[[0m tokio-rustls v0.26.4
prepare	Reconcile predecessor no-panic pull request	2026-09-06T23:09:49.1952441Z ^[[1m^[[92m    Checking^[[0m tonic v0.14.6
prepare	Reconcile predecessor no-panic pull request	2026-09-06T23:09:49.2412150Z ^[[1m^[[92m    Checking^[[0m hyper-rustls v0.27.7
prepare	Reconcile predecessor no-panic pull request	2026-09-06T23:09:49.3541670Z ^[[1m^[[92m    Checking^[[0m reqwest v0.12.28
prepare	Reconcile predecessor no-panic pull request	2026-09-06T23:09:49.7582574Z ^[[1m^[[92m    Checking^[[0m uselesskey-integration-tests v0.0.0 (/home/runner/work/uselesskey/uselesskey/tests)
prepare	Reconcile predecessor no-panic pull request	2026-09-06T23:09:50.2495363Z ^[[1m^[[92m    Checking^[[0m uselesskey-tonic v0.10.0 (/home/runner/work/uselesskey/uselesskey/crates/uselesskey-tonic)
prepare	Reconcile predecessor no-panic pull request	2026-09-06T23:09:54.7150443Z ^[[1m^[[92m    Checking^[[0m uselesskey-bdd v0.0.0 (/home/runner/work/uselesskey/uselesskey/crates/uselesskey-bdd)
prepare	Reconcile predecessor no-panic pull request	2026-09-06T23:09:54.7843522Z ^[[1m^[[92m    Finished^[[0m `dev` profile [optimized + debuginfo] target(s) in 1m 25s
prepare	Reconcile predecessor no-panic pull request	2026-09-06T23:09:54.8452633Z ==> clippy [ok, 85.8s]
prepare	Reconcile predecessor no-panic pull request	2026-09-06T23:09:54.8454274Z ==> test:uselesskey-cli
prepare	Reconcile predecessor no-panic pull request	2026-09-06T23:09:54.8454863Z ^[[1m^[[30;104m RUN ^[[0m^[[0m ^[[1m"cargo" "test" "-p" "uselesskey-cli" "--all-features"^[[0m
prepare	Reconcile predecessor no-panic pull request	2026-09-06T23:09:54.9980561Z ^[[1m^[[92m   Compiling^[[0m ring v0.17.14
prepare	Reconcile predecessor no-panic pull request	2026-09-06T23:09:58.3050463Z ^[[1m^[[92m   Compiling^[[0m rcgen v0.14.8
prepare	Reconcile predecessor no-panic pull request	2026-09-06T23:09:58.7242915Z ^[[1m^[[92m   Compiling^[[0m uselesskey-x509 v0.10.0 (/home/runner/work/uselesskey/uselesskey/crates/uselesskey-x509)
prepare	Reconcile predecessor no-panic pull request	2026-09-06T23:10:00.4897980Z ^[[1m^[[92m   Compiling^[[0m uselesskey-cli v0.10.0 (/home/runner/work/uselesskey/uselesskey/crates/uselesskey-cli)
prepare	Reconcile predecessor no-panic pull request	2026-09-06T23:10:13.2526283Z ^[[1m^[[92m    Finished^[[0m `test` profile [optimized + debuginfo] target(s) in 18.40s
prepare	Reconcile predecessor no-panic pull request	2026-09-06T23:10:13.2647605Z ^[[1m^[[92m     Running^[[0m unittests src/lib.rs (target/debug/deps/uselesskey_cli-cf2be3278e26c61e)
prepare	Reconcile predecessor no-panic pull request	2026-09-06T23:10:13.2659580Z 
prepare	Reconcile predecessor no-panic pull request	2026-09-06T23:10:13.2660226Z running 3 tests
prepare	Reconcile predecessor no-panic pull request	2026-09-06T23:10:13.2667279Z test tests::dotenv_escapes_special_characters ... ok
prepare	Reconcile predecessor no-panic pull request	2026-09-06T23:10:13.2667859Z ^[[1m^[[92m     Running^[[0m unittests src/main.rs (target/debug/deps/uselesskey-d93754b852ab2fd9)
prepare	Reconcile predecessor no-panic pull request	2026-09-06T23:10:13.2668307Z test tests::materialize_manifest_accepts_singular_fixture_and_dot_kinds ... ok
prepare	Reconcile predecessor no-panic pull request	2026-09-06T23:10:13.2668617Z test tests::ssh_public_key_shape_stays_shape_only ... ok
prepare	Reconcile predecessor no-panic pull request	2026-09-06T23:10:13.2668767Z 
prepare	Reconcile predecessor no-panic pull request	2026-09-06T23:10:13.2668933Z test result: ok. 3 passed; 0 failed; 0 ignored; 0 measured; 0 filtered out; finished in 0.00s
prepare	Reconcile predecessor no-panic pull request	2026-09-06T23:10:13.2669147Z 
prepare	Reconcile predecessor no-panic pull request	2026-09-06T23:10:13.2673048Z 
prepare	Reconcile predecessor no-panic pull request	2026-09-06T23:10:13.2673146Z running 27 tests
prepare	Reconcile predecessor no-panic pull request	2026-09-06T23:10:13.2677684Z test inspect_bundle_tests::negative_failure_class_pins_scanner_safe_token_guard ... ok
prepare	Reconcile predecessor no-panic pull request	2026-09-06T23:10:13.2678170Z test inspect_bundle_tests::negative_failure_class_pins_tls_taxonomy_classes ... ok
prepare	Reconcile predecessor no-panic pull request	2026-09-06T23:10:13.2678707Z test inspect_bundle_tests::private_key_material_requires_private_key_format_and_non_scanner_safe_artifact ... ok
prepare	Reconcile predecessor no-panic pull request	2026-09-06T23:10:13.2679213Z test inspect_bundle_tests::runtime_public_jwk_outputs_are_scanner_safe ... ok
prepare	Reconcile predecessor no-panic pull request	2026-09-06T23:10:13.2679622Z test inspect_bundle_tests::summary_scalar_renderers_are_stable ... ok
prepare	Reconcile predecessor no-panic pull request	2026-09-06T23:10:13.2680072Z test inspect_bundle_tests::symmetric_secret_material_requires_hmac_and_non_scanner_safe_artifact ... ok
prepare	Reconcile predecessor no-panic pull request	2026-09-06T23:10:13.2681766Z test bundle_input_arg_tests::inspect_bundle_accepts_positional_path_and_aliases ... ok
prepare	Reconcile predecessor no-panic pull request	2026-09-06T23:10:13.2682299Z test bundle_input_arg_tests::verify_bundle_accepts_positional_path_and_aliases ... ok
prepare	Reconcile predecessor no-panic pull request	2026-09-06T23:10:13.2682877Z test bundle_input_arg_tests::audit_bundle_accepts_path_aliases_with_ci_policy_flags ... ok
prepare	Reconcile predecessor no-panic pull request	2026-09-06T23:10:13.2683475Z test profile_discovery_tests::profile_list_includes_contract_pack_boundaries ... ok
prepare	Reconcile predecessor no-panic pull request	2026-09-06T23:10:13.2685303Z test profile_discovery_tests::webhook_profile_explain_mentions_negative_classes_and_limits ... ok
prepare	Reconcile predecessor no-panic pull request	2026-09-06T23:10:13.2685786Z test tests::artifact_material_classifiers_follow_scanner_posture ... ok
prepare	Reconcile predecessor no-panic pull request	2026-09-06T23:10:13.2686222Z test tests::audit_bundle_policy_accepts_matching_profile_and_strict_pass ... ok
prepare	Reconcile predecessor no-panic pull request	2026-09-06T23:10:13.2686897Z test tests::audit_bundle_policy_rejects_expected_profile_mismatch ... ok
prepare	Reconcile predecessor no-panic pull request	2026-09-06T23:10:13.2687724Z ^[[1m^[[92m     Running^[[0m tests/cli.rs (target/debug/deps/cli-877865b4965beb48)
prepare	Reconcile predecessor no-panic pull request	2026-09-06T23:10:13.2688351Z test tests::audit_bundle_policy_strict_rejects_missing_files ... ok
prepare	Reconcile predecessor no-panic pull request	2026-09-06T23:10:13.2688759Z test tests::audit_bundle_policy_strict_rejects_non_pass_status ... ok
prepare	Reconcile predecessor no-panic pull request	2026-09-06T23:10:13.2689152Z test tests::audit_bundle_policy_strict_rejects_unexpected_files ... ok
prepare	Reconcile predecessor no-panic pull request	2026-09-06T23:10:13.2689595Z test tests::bundle_manifest_path_context_is_display_safe ... ok
prepare	Reconcile predecessor no-panic pull request	2026-09-06T23:10:13.2689991Z test tests::audit_bundle_policy_strict_rejects_non_pass_check ... ok
prepare	Reconcile predecessor no-panic pull request	2026-09-06T23:10:13.2690698Z test tests::bundle_audit_markdown_escapes_bundle_metadata ... ok
prepare	Reconcile predecessor no-panic pull request	2026-09-06T23:10:13.2691083Z test tests::bundle_audit_failure_diagnostics_are_class_specific ... ok
prepare	Reconcile predecessor no-panic pull request	2026-09-06T23:10:13.2691510Z test tests::bundle_relative_path_safety_rejects_absolute_and_parent_paths ... ok
prepare	Reconcile predecessor no-panic pull request	2026-09-06T23:10:13.2691947Z test tests::bundle_relative_path_safety_rejects_control_characters ... ok
prepare	Reconcile predecessor no-panic pull request	2026-09-06T23:10:13.2692363Z test tests::bundle_relative_path_safety_rejects_empty_components ... ok
prepare	Reconcile predecessor no-panic pull request	2026-09-06T23:10:13.2692785Z test tests::bundle_relative_path_safety_rejects_windows_drive_prefixes ... ok
prepare	Reconcile predecessor no-panic pull request	2026-09-06T23:10:13.2693161Z test tests::default_output_hint_safety_requires_relative_target_paths ... ok
prepare	Reconcile predecessor no-panic pull request	2026-09-06T23:10:13.2693463Z test tests::helper_formatters_cover_all_branches ... ok
prepare	Reconcile predecessor no-panic pull request	2026-09-06T23:10:13.2693618Z 
prepare	Reconcile predecessor no-panic pull request	2026-09-06T23:10:13.2693790Z test result: ok. 27 passed; 0 failed; 0 ignored; 0 measured; 0 filtered out; finished in 0.00s
prepare	Reconcile predecessor no-panic pull request	2026-09-06T23:10:13.2694008Z 
prepare	Reconcile predecessor no-panic pull request	2026-09-06T23:10:13.2695566Z 
prepare	Reconcile predecessor no-panic pull request	2026-09-06T23:10:13.2695768Z running 67 tests
prepare	Reconcile predecessor no-panic pull request	2026-09-06T23:10:13.4899323Z test audit_bundle_ci_failure_json_reports_missing_manifest ... ok
prepare	Reconcile predecessor no-panic pull request	2026-09-06T23:10:13.4906877Z test audit_bundle_ci_build_failure_writes_metadata_only_receipts_when_out_is_set ... ok
prepare	Reconcile predecessor no-panic pull request	2026-09-06T23:10:13.4924121Z test audit_bundle_ci_accepts_strict_policy_and_expected_profile ... ok
prepare	Reconcile predecessor no-panic pull request	2026-09-06T23:10:13.4930958Z test audit_bundle_ci_fails_on_expected_profile_mismatch ... ok
prepare	Reconcile predecessor no-panic pull request	2026-09-06T23:10:13.4959816Z test audit_bundle_ci_outputs_failure_json_and_exit_1 ... ok
prepare	Reconcile predecessor no-panic pull request	2026-09-06T23:10:13.4960901Z test audit_bundle_ci_outputs_json_on_success ... ok
prepare	Reconcile predecessor no-panic pull request	2026-09-06T23:10:13.4988387Z test audit_bundle_ci_reports_missing_artifact_class ... ok
prepare	Reconcile predecessor no-panic pull request	2026-09-06T23:10:13.5011491Z test audit_bundle_ci_failure_writes_metadata_only_receipts_when_out_is_set ... ok
prepare	Reconcile predecessor no-panic pull request	2026-09-06T23:10:13.5021790Z test audit_bundle_ci_reports_missing_receipt_class ... ok
prepare	Reconcile predecessor no-panic pull request	2026-09-06T23:10:13.5039982Z test audit_bundle_ci_reports_runtime_material_mismatch_class ... ok
prepare	Reconcile predecessor no-panic pull request	2026-09-06T23:10:13.5055408Z test audit_bundle_ci_reports_scanner_safe_mismatch_class ... ok
prepare	Reconcile predecessor no-panic pull request	2026-09-06T23:10:13.5077703Z test audit_bundle_ci_reports_unexpected_artifact_class ... ok
prepare	Reconcile predecessor no-panic pull request	2026-09-06T23:10:13.5098404Z test audit_bundle_ci_writes_metadata_only_receipts_when_out_is_set ... ok
prepare	Reconcile predecessor no-panic pull request	2026-09-06T23:10:13.5415451Z test audit_bundle_golden_json_preserves_schema_and_boundaries ... ok
prepare	Reconcile predecessor no-panic pull request	2026-09-06T23:10:13.5447497Z test audit_bundle_golden_markdown_preserves_metadata_only_posture ... ok
prepare	Reconcile predecessor no-panic pull request	2026-09-06T23:10:13.5458199Z test audit_bundle_help_explains_ci_receipts_and_boundaries ... ok
prepare	Reconcile predecessor no-panic pull request	2026-09-06T23:10:13.5490712Z test audit_bundle_json_reports_artifact_runtime_material_flags ... ok
prepare	Reconcile predecessor no-panic pull request	2026-09-06T23:10:13.6046441Z test audit_bundle_ci_reports_invalid_receipt_class ... ok
prepare	Reconcile predecessor no-panic pull request	2026-09-06T23:10:13.6077133Z test audit_bundle_path_escape_diagnostic_escapes_control_characters ... ok
prepare	Reconcile predecessor no-panic pull request	2026-09-06T23:10:14.1031520Z test audit_bundle_ci_failure_json_reports_unsupported_profile ... ok
prepare	Reconcile predecessor no-panic pull request	2026-09-06T23:10:14.1101033Z test audit_bundle_reports_path_escape_class ... ok
prepare	Reconcile predecessor no-panic pull request	2026-09-06T23:10:14.1130373Z test audit_bundle_reports_runtime_material_mismatch_class ... ok
prepare	Reconcile predecessor no-panic pull request	2026-09-06T23:10:14.1716530Z test audit_bundle_fails_on_unexpected_bundle_file ... ok
prepare	Reconcile predecessor no-panic pull request	2026-09-06T23:10:14.1803315Z test audit_bundle_summary_outputs_compact_terminal_report ... ok
prepare	Reconcile predecessor no-panic pull request	2026-09-06T23:10:14.1843082Z test audit_bundle_summary_rejects_ci_mode ... ok
prepare	Reconcile predecessor no-panic pull request	2026-09-06T23:10:14.1891180Z test audit_bundle_summary_with_out_writes_receipts_and_mentions_output_dir ... ok
prepare	Reconcile predecessor no-panic pull request	2026-09-06T23:10:14.1946886Z test audit_bundle_writes_metadata_only_reviewer_receipts ... ok
prepare	Reconcile predecessor no-panic pull request	2026-09-06T23:10:14.1970911Z test bad_format_for_kind_exits_nonzero ... ok
prepare	Reconcile predecessor no-panic pull request	2026-09-06T23:10:14.1992283Z test bundle_explain_has_copyable_webhook_paths_without_writing_bundle ... ok
prepare	Reconcile predecessor no-panic pull request	2026-09-06T23:10:14.2021473Z test bundle_help_shows_installed_generate_verify_inspect_audit_loop ... ok
prepare	Reconcile predecessor no-panic pull request	2026-09-06T23:10:14.5021786Z test bundle_profile_oidc_writes_contract_pack ... ok
prepare	Reconcile predecessor no-panic pull request	2026-09-06T23:10:14.8051453Z test audit_bundle_reports_unsupported_profile_class ... ok
prepare	Reconcile predecessor no-panic pull request	2026-09-06T23:10:14.9100954Z test audit_bundle_json_stdout_reports_scanner_safe_bundle ... ok
prepare	Reconcile predecessor no-panic pull request	2026-09-06T23:10:15.0081163Z test bundle_profile_runtime_jwk_marks_public_key_artifacts_scanner_safe ... ok
prepare	Reconcile predecessor no-panic pull request	2026-09-06T23:10:15.3093622Z test bundle_profile_runtime_jwks_marks_public_key_artifacts_scanner_safe ... ok
prepare	Reconcile predecessor no-panic pull request	2026-09-06T23:10:15.4140812Z test bundle_profile_runtime_preserves_requested_material_format ... ok
prepare	Reconcile predecessor no-panic pull request	2026-09-06T23:10:15.4200728Z test bundle_read_commands_reject_duplicate_bundle_dir_inputs ... ok
prepare	Reconcile predecessor no-panic pull request	2026-09-06T23:10:15.6932271Z test bundle_profile_scanner_safe_is_the_default_path ... ok
prepare	Reconcile predecessor no-panic pull request	2026-09-06T23:10:16.1101342Z test bundle_verify_and_inspect_reject_path_escape_class ... ok
prepare	Reconcile predecessor no-panic pull request	2026-09-06T23:10:16.1102084Z test doctor_help_stays_installed_user_scoped ... ok
prepare	Reconcile predecessor no-panic pull request	2026-09-06T23:10:16.1142784Z test doctor_json_reports_known_profiles_and_boundaries ... ok
prepare	Reconcile predecessor no-panic pull request	2026-09-06T23:10:16.1156552Z test doctor_text_reports_installed_cli_checks_only ... ok
prepare	Reconcile predecessor no-panic pull request	2026-09-06T23:10:16.3990919Z test bundle_writes_manifest_schema ... ok
prepare	Reconcile predecessor no-panic pull request	2026-09-06T23:10:16.5080886Z test generate_jwk_outputs_json ... ok
prepare	Reconcile predecessor no-panic pull request	2026-09-06T23:10:16.7231201Z test generate_rsa_pem_is_deterministic ... ok
prepare	Reconcile predecessor no-panic pull request	2026-09-06T23:10:17.2002262Z test audit_bundle_receipts_do_not_copy_runtime_payloads ... ok
prepare	Reconcile predecessor no-panic pull request	2026-09-06T23:10:17.7791260Z test inspect_bundle_fails_when_bundle_drift_is_detected ... ok
prepare	Reconcile predecessor no-panic pull request	2026-09-06T23:10:18.1761063Z test export_k8s_and_vault_payloads_from_scanner_safe_bundle ... ok
prepare	Reconcile predecessor no-panic pull request	2026-09-06T23:10:18.1783567Z test inspect_detects_jwk_json ... ok
prepare	Reconcile predecessor no-panic pull request	2026-09-06T23:10:18.1790416Z test inspect_detects_jwks_json ... ok
prepare	Reconcile predecessor no-panic pull request	2026-09-06T23:10:18.1850382Z test inspect_leaves_non_key_json_unknown ... ok
prepare	Reconcile predecessor no-panic pull request	2026-09-06T23:10:18.1861429Z test inspect_reads_stdin_writes_json ... ok
prepare	Reconcile predecessor no-panic pull request	2026-09-06T23:10:18.1870832Z test materialize_can_emit_include_bytes_module ... ok
prepare	Reconcile predecessor no-panic pull request	2026-09-06T23:10:18.2192671Z test materialize_check_fails_on_mismatch ... ok
prepare	Reconcile predecessor no-panic pull request	2026-09-06T23:10:18.2212943Z test materialize_writes_deterministic_fixtures ... ok
prepare	Reconcile predecessor no-panic pull request	2026-09-06T23:10:18.2231545Z test profile_command_summary_has_copyable_webhook_paths ... ok
prepare	Reconcile predecessor no-panic pull request	2026-09-06T23:10:18.2260439Z test profiles_command_lists_copyable_contract_pack_paths ... ok
prepare	Reconcile predecessor no-panic pull request	2026-09-06T23:10:18.2291232Z test top_level_help_routes_installed_users_to_self_check_and_audit ... ok
prepare	Reconcile predecessor no-panic pull request	2026-09-06T23:10:18.5741779Z test inspect_bundle_reports_runtime_material_without_printing_payloads ... ok
prepare	Reconcile predecessor no-panic pull request	2026-09-06T23:10:19.1248778Z test inspect_bundle_summarizes_verified_scanner_safe_receipts ... ok
prepare	Reconcile predecessor no-panic pull request	2026-09-06T23:10:19.1481108Z test verify_bundle_accepts_legacy_manifest_without_profile_metadata ... ok
prepare	Reconcile predecessor no-panic pull request	2026-09-06T23:10:19.4440970Z test bundle_read_commands_accept_positional_bundle_dir_and_keep_flag_forms ... ok
prepare	Reconcile predecessor no-panic pull request	2026-09-06T23:10:19.8592428Z test verify_bundle_accepts_generated_bundle_and_detects_mismatch ... ok
prepare	Reconcile predecessor no-panic pull request	2026-09-06T23:10:20.5086680Z test verify_bundle_rejects_manifest_metadata_drift ... ok
prepare	Reconcile predecessor no-panic pull request	2026-09-06T23:10:20.5399910Z test verify_bundle_rejects_missing_receipt_metadata_on_current_manifest ... ok
prepare	Reconcile predecessor no-panic pull request	2026-09-06T23:10:20.6861738Z test verify_bundle_rejects_receipt_drift ... ok
prepare	Reconcile predecessor no-panic pull request	2026-09-06T23:10:20.8925413Z test verify_bundle_rejects_receipt_metadata_drift ... ok
prepare	Reconcile predecessor no-panic pull request	2026-09-06T23:10:20.8925668Z 
prepare	Reconcile predecessor no-panic pull request	2026-09-06T23:10:20.8925847Z test result: ok. 67 passed; 0 failed; 0 ignored; 0 measured; 0 filtered out; finished in 7.62s
prepare	Reconcile predecessor no-panic pull request	2026-09-06T23:10:20.8926074Z 
prepare	Reconcile predecessor no-panic pull request	2026-09-06T23:10:20.8931392Z ^[[1m^[[92m     Running^[[0m tests/export_targets.rs (target/debug/deps/export_targets-73c737c782518829)
prepare	Reconcile predecessor no-panic pull request	2026-09-06T23:10:20.8939736Z 
prepare	Reconcile predecessor no-panic pull request	2026-09-06T23:10:20.8940002Z running 4 tests
prepare	Reconcile predecessor no-panic pull request	2026-09-06T23:10:20.8941834Z test golden_manifest_json ... ok
prepare	Reconcile predecessor no-panic pull request	2026-09-06T23:10:20.8944265Z test manifest_write_json_round_trip ... ok
prepare	Reconcile predecessor no-panic pull request	2026-09-06T23:10:20.8944638Z test local_file_target_round_trip ... ok
prepare	Reconcile predecessor no-panic pull request	2026-09-06T23:10:20.8944929Z test golden_renderer_outputs_match_expected_files ... ok
prepare	Reconcile predecessor no-panic pull request	2026-09-06T23:10:20.8945117Z 
prepare	Reconcile predecessor no-panic pull request	2026-09-06T23:10:20.8945303Z test result: ok. 4 passed; 0 failed; 0 ignored; 0 measured; 0 filtered out; finished in 0.00s
prepare	Reconcile predecessor no-panic pull request	2026-09-06T23:10:20.8945526Z 
prepare	Reconcile predecessor no-panic pull request	2026-09-06T23:10:20.8947279Z ^[[1m^[[92m     Running^[[0m tests/materialize_kinds.rs (target/debug/deps/materialize_kinds-6bd835eba9d484f3)
prepare	Reconcile predecessor no-panic pull request	2026-09-06T23:10:20.8956035Z 
prepare	Reconcile predecessor no-panic pull request	2026-09-06T23:10:20.8956291Z running 11 tests
prepare	Reconcile predecessor no-panic pull request	2026-09-06T23:10:20.8960971Z test emit_include_bytes_module_rejects_duplicate_const_names ... ok
prepare	Reconcile predecessor no-panic pull request	2026-09-06T23:10:20.8961955Z test emit_include_bytes_module_prefixes_underscore_for_digit_leading_id ... ok
prepare	Reconcile predecessor no-panic pull request	2026-09-06T23:10:20.8962274Z test materialize_to_dir_with_empty_manifest_errors ... ok
prepare	Reconcile predecessor no-panic pull request	2026-09-06T23:10:20.8962675Z test emit_include_bytes_module_with_empty_manifest_errors ... ok
prepare	Reconcile predecessor no-panic pull request	2026-09-06T23:10:20.8963036Z test entropy_bytes_kind_uses_default_length_when_unset ... ok
prepare	Reconcile predecessor no-panic pull request	2026-09-06T23:10:20.8963373Z test pem_block_shape_emits_block_with_normalized_label ... ok
prepare	Reconcile predecessor no-panic pull request	2026-09-06T23:10:20.8963727Z test pem_block_shape_empty_label_falls_back_to_secret ... ok
prepare	Reconcile predecessor no-panic pull request	2026-09-06T23:10:20.8964144Z test pem_block_shape_label_with_only_special_chars_falls_back_to_secret ... ok
prepare	Reconcile predecessor no-panic pull request	2026-09-06T23:10:20.8964495Z test ssh_public_key_shape_with_only_disallowed_label_falls_back_to_fixture ... ok
prepare	Reconcile predecessor no-panic pull request	2026-09-06T23:10:20.8964911Z test token_api_key_is_deterministic_across_runs ... ok
prepare	Reconcile predecessor no-panic pull request	2026-09-06T23:10:20.8965307Z test token_api_key_kind_emits_non_empty_token_value ... ok
prepare	Reconcile predecessor no-panic pull request	2026-09-06T23:10:20.8965596Z 
prepare	Reconcile predecessor no-panic pull request	2026-09-06T23:10:20.8965919Z test result: ok. 11 passed; 0 failed; 0 ignored; 0 measured; 0 filtered out; finished in 0.00s
prepare	Reconcile predecessor no-panic pull request	2026-09-06T23:10:20.8966207Z 
prepare	Reconcile predecessor no-panic pull request	2026-09-06T23:10:20.8968704Z ^[[1m^[[92m     Running^[[0m tests/tls_profile.rs (target/debug/deps/tls_profile-a99c52a159319770)
prepare	Reconcile predecessor no-panic pull request	2026-09-06T23:10:20.8975405Z 
prepare	Reconcile predecessor no-panic pull request	2026-09-06T23:10:20.8975620Z running 5 tests
prepare	Reconcile predecessor no-panic pull request	2026-09-06T23:10:21.7841048Z test tls_bundle_emits_expected_layout ... ok
prepare	Reconcile predecessor no-panic pull request	2026-09-06T23:10:21.7841852Z test tls_bundle_certificate_fixtures_parse_as_pem_certificates ... ok
prepare	Reconcile predecessor no-panic pull request	2026-09-06T23:10:22.2502206Z test tls_bundle_is_deterministic_across_runs ... ok
prepare	Reconcile predecessor no-panic pull request	2026-09-06T23:10:22.4792886Z test tls_evidence_markdown_lists_all_fixtures_with_failure_classes ... ok
prepare	Reconcile predecessor no-panic pull request	2026-09-06T23:10:22.9373045Z test tls_bundle_round_trips_through_verify_bundle ... ok
prepare	Reconcile predecessor no-panic pull request	2026-09-06T23:10:22.9373424Z 
prepare	Reconcile predecessor no-panic pull request	2026-09-06T23:10:22.9373670Z test result: ok. 5 passed; 0 failed; 0 ignored; 0 measured; 0 filtered out; finished in 2.04s
prepare	Reconcile predecessor no-panic pull request	2026-09-06T23:10:22.9373977Z 
prepare	Reconcile predecessor no-panic pull request	2026-09-06T23:10:22.9377807Z ^[[1m^[[92m     Running^[[0m tests/webhook_profile.rs (target/debug/deps/webhook_profile-f5ec182e6070cd72)
prepare	Reconcile predecessor no-panic pull request	2026-09-06T23:10:22.9388651Z 
prepare	Reconcile predecessor no-panic pull request	2026-09-06T23:10:22.9389153Z running 4 tests
prepare	Reconcile predecessor no-panic pull request	2026-09-06T23:10:22.9416712Z test webhook_bundle_emits_expected_layout ... ok
prepare	Reconcile predecessor no-panic pull request	2026-09-06T23:10:22.9417212Z test webhook_evidence_markdown_lists_all_rejection_classes ... ok
prepare	Reconcile predecessor no-panic pull request	2026-09-06T23:10:22.9419615Z test webhook_request_fixtures_record_stable_rejection_classes ... ok
prepare	Reconcile predecessor no-panic pull request	2026-09-06T23:10:22.9441430Z test webhook_bundle_is_deterministic_and_verifiable ... ok
prepare	Reconcile predecessor no-panic pull request	2026-09-06T23:10:22.9441698Z 
prepare	Reconcile predecessor no-panic pull request	2026-09-06T23:10:22.9441914Z test result: ok. 4 passed; 0 failed; 0 ignored; 0 measured; 0 filtered out; finished in 0.01s
prepare	Reconcile predecessor no-panic pull request	2026-09-06T23:10:22.9442210Z 
prepare	Reconcile predecessor no-panic pull request	2026-09-06T23:10:22.9442910Z ^[[1m^[[92m   Doc-tests^[[0m uselesskey_cli
prepare	Reconcile predecessor no-panic pull request	2026-09-06T23:10:22.9897085Z 
prepare	Reconcile predecessor no-panic pull request	2026-09-06T23:10:22.9897568Z running 0 tests
prepare	Reconcile predecessor no-panic pull request	2026-09-06T23:10:22.9897747Z 
prepare	Reconcile predecessor no-panic pull request	2026-09-06T23:10:22.9897944Z test result: ok. 0 passed; 0 failed; 0 ignored; 0 measured; 0 filtered out; finished in 0.00s
prepare	Reconcile predecessor no-panic pull request	2026-09-06T23:10:22.9898179Z 
prepare	Reconcile predecessor no-panic pull request	2026-09-06T23:10:22.9956870Z ==> test:uselesskey-cli [ok, 28.2s]
prepare	Reconcile predecessor no-panic pull request	2026-09-06T23:10:22.9957248Z ==> feature-matrix [skipped]
prepare	Reconcile predecessor no-panic pull request	2026-09-06T23:10:22.9957442Z ==> dep-guard [skipped]
prepare	Reconcile predecessor no-panic pull request	2026-09-06T23:10:22.9957858Z ==> bdd
prepare	Reconcile predecessor no-panic pull request	2026-09-06T23:10:22.9958375Z ^[[1m^[[30;104m RUN ^[[0m^[[0m ^[[1m"cargo" "test" "-p" "uselesskey-bdd" "--test" "bdd" "--no-default-features" "--features" "uk-all" "--release"^[[0m
prepare	Reconcile predecessor no-panic pull request	2026-09-06T23:10:23.1800289Z ^[[1m^[[92m   Compiling^[[0m proc-macro2 v1.0.106
prepare	Reconcile predecessor no-panic pull request	2026-09-06T23:10:23.1800776Z ^[[1m^[[92m   Compiling^[[0m quote v1.0.45
prepare	Reconcile predecessor no-panic pull request	2026-09-06T23:10:23.1801144Z ^[[1m^[[92m   Compiling^[[0m unicode-ident v1.0.24
prepare	Reconcile predecessor no-panic pull request	2026-09-06T23:10:23.1801649Z ^[[1m^[[92m   Compiling^[[0m libc v0.2.183
prepare	Reconcile predecessor no-panic pull request	2026-09-06T23:10:23.2255621Z ^[[1m^[[92m   Compiling^[[0m cfg-if v1.0.4
prepare	Reconcile predecessor no-panic pull request	2026-09-06T23:10:23.2552068Z ^[[1m^[[92m   Compiling^[[0m typenum v1.19.0
prepare	Reconcile predecessor no-panic pull request	2026-09-06T23:10:23.2951899Z ^[[1m^[[92m   Compiling^[[0m subtle v2.6.1
prepare	Reconcile predecessor no-panic pull request	2026-09-06T23:10:23.3802393Z ^[[1m^[[92m   Compiling^[[0m version_check v0.9.5
prepare	Reconcile predecessor no-panic pull request	2026-09-06T23:10:23.5412467Z ^[[1m^[[92m   Compiling^[[0m generic-array v0.14.7
prepare	Reconcile predecessor no-panic pull request	2026-09-06T23:10:23.7722012Z ^[[1m^[[92m   Compiling^[[0m syn v2.0.117
prepare	Reconcile predecessor no-panic pull request	2026-09-06T23:10:23.7781535Z ^[[1m^[[92m   Compiling^[[0m memchr v2.8.0
prepare	Reconcile predecessor no-panic pull request	2026-09-06T23:10:23.9145428Z ^[[1m^[[92m   Compiling^[[0m const-oid v0.9.6
prepare	Reconcile predecessor no-panic pull request	2026-09-06T23:10:23.9785460Z ^[[1m^[[92m   Compiling^[[0m getrandom v0.2.17
prepare	Reconcile predecessor no-panic pull request	2026-09-06T23:10:24.0962300Z ^[[1m^[[92m   Compiling^[[0m rand_core v0.6.4
prepare	Reconcile predecessor no-panic pull request	2026-09-06T23:10:24.1132148Z ^[[1m^[[92m   Compiling^[[0m base64ct v1.8.3
prepare	Reconcile predecessor no-panic pull request	2026-09-06T23:10:24.3431657Z ^[[1m^[[92m   Compiling^[[0m shlex v1.3.0
prepare	Reconcile predecessor no-panic pull request	2026-09-06T23:10:24.4331642Z ^[[1m^[[92m   Compiling^[[0m find-msvc-tools v0.1.9
prepare	Reconcile predecessor no-panic pull request	2026-09-06T23:10:24.5652249Z ^[[1m^[[92m   Compiling^[[0m rand_core v0.10.1
prepare	Reconcile predecessor no-panic pull request	2026-09-06T23:10:24.6411712Z ^[[1m^[[92m   Compiling^[[0m libm v0.2.16
prepare	Reconcile predecessor no-panic pull request	2026-09-06T23:10:24.7291689Z ^[[1m^[[92m   Compiling^[[0m autocfg v1.5.0
prepare	Reconcile predecessor no-panic pull request	2026-09-06T23:10:24.7541774Z ^[[1m^[[92m   Compiling^[[0m serde_core v1.0.228
prepare	Reconcile predecessor no-panic pull request	2026-09-06T23:10:24.8541816Z ^[[1m^[[92m   Compiling^[[0m jobserver v0.1.34
prepare	Reconcile predecessor no-panic pull request	2026-09-06T23:10:24.8892180Z ^[[1m^[[92m   Compiling^[[0m getrandom v0.4.2
prepare	Reconcile predecessor no-panic pull request	2026-09-06T23:10:24.9669759Z ^[[1m^[[92m   Compiling^[[0m num-traits v0.2.19
prepare	Reconcile predecessor no-panic pull request	2026-09-06T23:10:24.9845651Z ^[[1m^[[92m   Compiling^[[0m cc v1.2.58
prepare	Reconcile predecessor no-panic pull request	2026-09-06T23:10:26.0332357Z ^[[1m^[[92m   Compiling^[[0m zmij v1.0.21
prepare	Reconcile predecessor no-panic pull request	2026-09-06T23:10:26.6732276Z ^[[1m^[[92m   Compiling^[[0m itoa v1.0.18
prepare	Reconcile predecessor no-panic pull request	2026-09-06T23:10:26.6906404Z ^[[1m^[[92m   Compiling^[[0m cpufeatures v0.2.17
prepare	Reconcile predecessor no-panic pull request	2026-09-06T23:10:26.7161178Z ^[[1m^[[92m   Compiling^[[0m pem-rfc7468 v0.7.0
prepare	Reconcile predecessor no-panic pull request	2026-09-06T23:10:26.7761934Z ^[[1m^[[92m   Compiling^[[0m serde v1.0.228
prepare	Reconcile predecessor no-panic pull request	2026-09-06T23:10:26.8151906Z ^[[1m^[[92m   Compiling^[[0m thiserror v2.0.18
prepare	Reconcile predecessor no-panic pull request	2026-09-06T23:10:26.9026921Z ^[[1m^[[92m   Compiling^[[0m once_cell v1.21.4
prepare	Reconcile predecessor no-panic pull request	2026-09-06T23:10:26.9491810Z ^[[1m^[[92m   Compiling^[[0m smallvec v1.15.1
prepare	Reconcile predecessor no-panic pull request	2026-09-06T23:10:27.0431409Z ^[[1m^[[92m   Compiling^[[0m zerocopy v0.8.48
prepare	Reconcile predecessor no-panic pull request	2026-09-06T23:10:27.1071581Z ^[[1m^[[92m   Compiling^[[0m zeroize_derive v1.4.3
prepare	Reconcile predecessor no-panic pull request	2026-09-06T23:10:27.1125746Z ^[[1m^[[92m   Compiling^[[0m serde_derive v1.0.228
prepare	Reconcile predecessor no-panic pull request	2026-09-06T23:10:27.2091249Z ^[[1m^[[92m   Compiling^[[0m thiserror-impl v2.0.18
prepare	Reconcile predecessor no-panic pull request	2026-09-06T23:10:27.3831601Z ^[[1m^[[92m   Compiling^[[0m zeroize v1.8.2
prepare	Reconcile predecessor no-panic pull request	2026-09-06T23:10:27.9531841Z ^[[1m^[[92m   Compiling^[[0m crypto-common v0.1.7
prepare	Reconcile predecessor no-panic pull request	2026-09-06T23:10:27.9782926Z ^[[1m^[[92m   Compiling^[[0m block-buffer v0.10.4
prepare	Reconcile predecessor no-panic pull request	2026-09-06T23:10:28.0241654Z ^[[1m^[[92m   Compiling^[[0m der v0.7.10
prepare	Reconcile predecessor no-panic pull request	2026-09-06T23:10:28.0411681Z ^[[1m^[[92m   Compiling^[[0m digest v0.10.7
prepare	Reconcile predecessor no-panic pull request	2026-09-06T23:10:28.1821781Z ^[[1m^[[92m   Compiling^[[0m hybrid-array v0.4.9
prepare	Reconcile predecessor no-panic pull request	2026-09-06T23:10:28.5652105Z ^[[1m^[[92m   Compiling^[[0m serde_json v1.0.151
prepare	Reconcile predecessor no-panic pull request	2026-09-06T23:10:28.8471813Z ^[[1m^[[92m   Compiling^[[0m spki v0.7.3
prepare	Reconcile predecessor no-panic pull request	2026-09-06T23:10:29.0102980Z ^[[1m^[[92m   Compiling^[[0m pkcs8 v0.10.2
prepare	Reconcile predecessor no-panic pull request	2026-09-06T23:10:29.6282231Z ^[[1m^[[92m   Compiling^[[0m cmov v0.5.2
prepare	Reconcile predecessor no-panic pull request	2026-09-06T23:10:29.6342423Z ^[[1m^[[92m   Compiling^[[0m const-oid v0.10.2
prepare	Reconcile predecessor no-panic pull request	2026-09-06T23:10:29.7471579Z ^[[1m^[[92m   Compiling^[[0m ctutils v0.4.0
prepare	Reconcile predecessor no-panic pull request	2026-09-06T23:10:29.8789589Z ^[[1m^[[92m   Compiling^[[0m crossbeam-utils v0.8.21
prepare	Reconcile predecessor no-panic pull request	2026-09-06T23:10:29.9991399Z ^[[1m^[[92m   Compiling^[[0m signature v2.2.0
prepare	Reconcile predecessor no-panic pull request	2026-09-06T23:10:30.0591982Z ^[[1m^[[92m   Compiling^[[0m ppv-lite86 v0.2.21
prepare	Reconcile predecessor no-panic pull request	2026-09-06T23:10:30.0771656Z ^[[1m^[[92m   Compiling^[[0m bitflags v2.11.0
prepare	Reconcile predecessor no-panic pull request	2026-09-06T23:10:30.2912257Z ^[[1m^[[92m   Compiling^[[0m rustix v1.1.4
prepare	Reconcile predecessor no-panic pull request	2026-09-06T23:10:30.4451890Z ^[[1m^[[92m   Compiling^[[0m sha2 v0.10.9
prepare	Reconcile predecessor no-panic pull request	2026-09-06T23:10:30.5073100Z ^[[1m^[[92m   Compiling^[[0m cpufeatures v0.3.0
prepare	Reconcile predecessor no-panic pull request	2026-09-06T23:10:30.5352198Z ^[[1m^[[92m   Compiling^[[0m base64 v0.22.1
prepare	Reconcile predecessor no-panic pull request	2026-09-06T23:10:30.7742107Z ^[[1m^[[92m   Compiling^[[0m linux-raw-sys v0.12.1
prepare	Reconcile predecessor no-panic pull request	2026-09-06T23:10:30.8751604Z ^[[1m^[[92m   Compiling^[[0m crypto-common v0.2.1
prepare	Reconcile predecessor no-panic pull request	2026-09-06T23:10:31.6081727Z ^[[1m^[[92m   Compiling^[[0m block-buffer v0.12.0
prepare	Reconcile predecessor no-panic pull request	2026-09-06T23:10:31.6911920Z ^[[1m^[[92m   Compiling^[[0m num-integer v0.1.46
prepare	Reconcile predecessor no-panic pull request	2026-09-06T23:10:31.9181807Z ^[[1m^[[92m   Compiling^[[0m digest v0.11.2
prepare	Reconcile predecessor no-panic pull request	2026-09-06T23:10:32.0381767Z ^[[1m^[[92m   Compiling^[[0m inout v0.1.4
prepare	Reconcile predecessor no-panic pull request	2026-09-06T23:10:32.0461330Z ^[[1m^[[92m   Compiling^[[0m blake3 v1.8.5
prepare	Reconcile predecessor no-panic pull request	2026-09-06T23:10:32.0831553Z ^[[1m^[[92m   Compiling^[[0m pem-rfc7468 v1.0.0
prepare	Reconcile predecessor no-panic pull request	2026-09-06T23:10:32.1031423Z ^[[1m^[[92m   Compiling^[[0m parking_lot_core v0.9.12
prepare	Reconcile predecessor no-panic pull request	2026-09-06T23:10:32.1801671Z ^[[1m^[[92m   Compiling^[[0m bytes v1.11.1
prepare	Reconcile predecessor no-panic pull request	2026-09-06T23:10:32.5374012Z ^[[1m^[[92m   Compiling^[[0m der v0.8.0
prepare	Reconcile predecessor no-panic pull request	2026-09-06T23:10:32.7902034Z ^[[1m^[[92m   Compiling^[[0m cipher v0.4.4
prepare	Reconcile predecessor no-panic pull request	2026-09-06T23:10:32.8683352Z ^[[1m^[[92m   Compiling^[[0m scopeguard v1.2.0
prepare	Reconcile predecessor no-panic pull request	2026-09-06T23:10:32.9039637Z ^[[1m^[[92m   Compiling^[[0m arrayvec v0.7.6
prepare	Reconcile predecessor no-panic pull request	2026-09-06T23:10:32.9361338Z ^[[1m^[[92m   Compiling^[[0m constant_time_eq v0.4.2
prepare	Reconcile predecessor no-panic pull request	2026-09-06T23:10:33.0271899Z ^[[1m^[[92m   Compiling^[[0m arrayref v0.3.9
prepare	Reconcile predecessor no-panic pull request	2026-09-06T23:10:33.0467721Z ^[[1m^[[92m   Compiling^[[0m lock_api v0.4.14
prepare	Reconcile predecessor no-panic pull request	2026-09-06T23:10:33.3812046Z ^[[1m^[[92m   Compiling^[[0m radium v0.7.0
prepare	Reconcile predecessor no-panic pull request	2026-09-06T23:10:33.4636673Z ^[[1m^[[92m   Compiling^[[0m hashbrown v0.14.5
prepare	Reconcile predecessor no-panic pull request	2026-09-06T23:10:33.4794473Z ^[[1m^[[92m   Compiling^[[0m cpubits v0.1.0
prepare	Reconcile predecessor no-panic pull request	2026-09-06T23:10:33.5071372Z ^[[1m^[[92m   Compiling^[[0m fastrand v2.3.0
prepare	Reconcile predecessor no-panic pull request	2026-09-06T23:10:33.6721805Z ^[[1m^[[92m   Compiling^[[0m spin v0.9.8
prepare	Reconcile predecessor no-panic pull request	2026-09-06T23:10:33.6903640Z ^[[1m^[[92m   Compiling^[[0m tempfile v3.27.0
prepare	Reconcile predecessor no-panic pull request	2026-09-06T23:10:33.7322557Z ^[[1m^[[92m   Compiling^[[0m lazy_static v1.5.0
prepare	Reconcile predecessor no-panic pull request	2026-09-06T23:10:33.7631438Z ^[[1m^[[92m   Compiling^[[0m crypto-bigint v0.7.3
prepare	Reconcile predecessor no-panic pull request	2026-09-06T23:10:33.9731544Z ^[[1m^[[92m   Compiling^[[0m dashmap v6.2.1
prepare	Reconcile predecessor no-panic pull request	2026-09-06T23:10:34.3831577Z ^[[1m^[[92m   Compiling^[[0m spki v0.8.0-rc.4
prepare	Reconcile predecessor no-panic pull request	2026-09-06T23:10:34.4131626Z ^[[1m^[[92m   Compiling^[[0m rand_chacha v0.3.1
prepare	Reconcile predecessor no-panic pull request	2026-09-06T23:10:34.5657729Z ^[[1m^[[92m   Compiling^[[0m rand_chacha v0.10.0
prepare	Reconcile predecessor no-panic pull request	2026-09-06T23:10:34.8771695Z ^[[1m^[[92m   Compiling^[[0m rand v0.10.1
prepare	Reconcile predecessor no-panic pull request	2026-09-06T23:10:34.9614649Z ^[[1m^[[92m   Compiling^[[0m tap v1.0.1
prepare	Reconcile predecessor no-panic pull request	2026-09-06T23:10:34.9671058Z ^[[1m^[[92m   Compiling^[[0m num-bigint-dig v0.8.6
prepare	Reconcile predecessor no-panic pull request	2026-09-06T23:10:35.0051987Z ^[[1m^[[92m   Compiling^[[0m spin v0.12.3
prepare	Reconcile predecessor no-panic pull request	2026-09-06T23:10:35.0233620Z ^[[1m^[[92m   Compiling^[[0m wyz v0.5.1
prepare	Reconcile predecessor no-panic pull request	2026-09-06T23:10:35.0571354Z ^[[1m^[[92m   Compiling^[[0m rand v0.8.5
prepare	Reconcile predecessor no-panic pull request	2026-09-06T23:10:35.2481450Z ^[[1m^[[92m   Compiling^[[0m num-iter v0.1.45
prepare	Reconcile predecessor no-panic pull request	2026-09-06T23:10:35.2991369Z ^[[1m^[[92m   Compiling^[[0m hmac v0.12.1
prepare	Reconcile predecessor no-panic pull request	2026-09-06T23:10:35.3316211Z ^[[1m^[[92m   Compiling^[[0m uselesskey-core v0.10.0 (/home/runner/work/uselesskey/uselesskey/crates/uselesskey-core)
prepare	Reconcile predecessor no-panic pull request	2026-09-06T23:10:35.3751078Z ^[[1m^[[92m   Compiling^[[0m pin-project-lite v0.2.17
prepare	Reconcile predecessor no-panic pull request	2026-09-06T23:10:35.4141454Z ^[[1m^[[92m   Compiling^[[0m base16ct v0.2.0
prepare	Reconcile predecessor no-panic pull request	2026-09-06T23:10:35.5311983Z ^[[1m^[[92m   Compiling^[[0m semver v1.0.27
prepare	Reconcile predecessor no-panic pull request	2026-09-06T23:10:35.6401401Z ^[[1m^[[92m   Compiling^[[0m funty v2.0.0
prepare	Reconcile predecessor no-panic pull request	2026-09-06T23:10:35.7100435Z ^[[1m^[[92m   Compiling^[[0m rustc_version v0.4.1
prepare	Reconcile predecessor no-panic pull request	2026-09-06T23:10:36.3493221Z ^[[1m^[[92m   Compiling^[[0m bitvec v1.0.1
prepare	Reconcile predecessor no-panic pull request	2026-09-06T23:10:36.4791447Z ^[[1m^[[92m   Compiling^[[0m pkcs8 v0.11.0-rc.11
prepare	Reconcile predecessor no-panic pull request	2026-09-06T23:10:36.6021504Z ^[[1m^[[92m   Compiling^[[0m curve25519-dalek v4.1.3
prepare	Reconcile predecessor no-panic pull request	2026-09-06T23:10:36.6852477Z ^[[1m^[[92m   Compiling^[[0m serdect v0.2.0
prepare	Reconcile predecessor no-panic pull request	2026-09-06T23:10:36.7734356Z ^[[1m^[[92m   Compiling^[[0m pkcs1 v0.7.5
prepare	Reconcile predecessor no-panic pull request	2026-09-06T23:10:37.9422141Z ^[[1m^[[92m   Compiling^[[0m ff v0.13.1
prepare	Reconcile predecessor no-panic pull request	2026-09-06T23:10:38.0201509Z ^[[1m^[[92m   Compiling^[[0m futures-core v0.3.32
prepare	Reconcile predecessor no-panic pull request	2026-09-06T23:10:38.0916230Z ^[[1m^[[92m   Compiling^[[0m time-core v0.1.9
prepare	Reconcile predecessor no-panic pull request	2026-09-06T23:10:38.1001539Z ^[[1m^[[92m   Compiling^[[0m num-conv v0.2.2
prepare	Reconcile predecessor no-panic pull request	2026-09-06T23:10:38.1675444Z ^[[1m^[[92m   Compiling^[[0m group v0.13.0
prepare	Reconcile predecessor no-panic pull request	2026-09-06T23:10:38.1933838Z ^[[1m^[[92m   Compiling^[[0m time-macros v0.2.32
prepare	Reconcile predecessor no-panic pull request	2026-09-06T23:10:38.2809623Z ^[[1m^[[92m   Compiling^[[0m rsa v0.9.10
prepare	Reconcile predecessor no-panic pull request	2026-09-06T23:10:39.0512068Z ^[[1m^[[92m   Compiling^[[0m sec1 v0.7.3
prepare	Reconcile predecessor no-panic pull request	2026-09-06T23:10:39.7491737Z ^[[1m^[[92m   Compiling^[[0m hkdf v0.12.4
prepare	Reconcile predecessor no-panic pull request	2026-09-06T23:10:39.8221756Z ^[[1m^[[92m   Compiling^[[0m signature v3.0.0
prepare	Reconcile predecessor no-panic pull request	2026-09-06T23:10:39.8961451Z ^[[1m^[[92m   Compiling^[[0m sha2 v0.11.0
prepare	Reconcile predecessor no-panic pull request	2026-09-06T23:10:39.9101345Z ^[[1m^[[92m   Compiling^[[0m crypto-bigint v0.5.5
prepare	Reconcile predecessor no-panic pull request	2026-09-06T23:10:40.4431730Z ^[[1m^[[92m   Compiling^[[0m curve25519-dalek-derive v0.1.1
prepare	Reconcile predecessor no-panic pull request	2026-09-06T23:10:40.4761605Z ^[[1m^[[92m   Compiling^[[0m ring v0.17.14
prepare	Reconcile predecessor no-panic pull request	2026-09-06T23:10:40.7192287Z ^[[1m^[[92m   Compiling^[[0m deranged v0.5.8
prepare	Reconcile predecessor no-panic pull request	2026-09-06T23:10:40.8073772Z ^[[1m^[[92m   Compiling^[[0m powerfmt v0.2.0
prepare	Reconcile predecessor no-panic pull request	2026-09-06T23:10:41.4207406Z ^[[1m^[[92m   Compiling^[[0m elliptic-curve v0.13.8
prepare	Reconcile predecessor no-panic pull request	2026-09-06T23:10:41.5582052Z ^[[1m^[[92m   Compiling^[[0m time v0.3.55
prepare	Reconcile predecessor no-panic pull request	2026-09-06T23:10:42.1542410Z ^[[1m^[[92m   Compiling^[[0m rustcrypto-ff v0.14.0-rc.0
prepare	Reconcile predecessor no-panic pull request	2026-09-06T23:10:42.2301717Z ^[[1m^[[92m   Compiling^[[0m futures-sink v0.3.32
prepare	Reconcile predecessor no-panic pull request	2026-09-06T23:10:42.2721657Z ^[[1m^[[92m   Compiling^[[0m rfc6979 v0.4.0
prepare	Reconcile predecessor no-panic pull request	2026-09-06T23:10:42.3291891Z ^[[1m^[[92m   Compiling^[[0m uselesskey-jwk v0.10.0 (/home/runner/work/uselesskey/uselesskey/crates/uselesskey-jwk)
prepare	Reconcile predecessor no-panic pull request	2026-09-06T23:10:43.3981532Z ^[[1m^[[92m   Compiling^[[0m ed25519 v2.2.3
prepare	Reconcile predecessor no-panic pull request	2026-09-06T23:10:43.6272009Z ^[[1m^[[92m   Compiling^[[0m log v0.4.29
prepare	Reconcile predecessor no-panic pull request	2026-09-06T23:10:44.0552286Z ^[[1m^[[92m   Compiling^[[0m base16ct v1.0.0
prepare	Reconcile predecessor no-panic pull request	2026-09-06T23:10:44.0587834Z ^[[1m^[[92m   Compiling^[[0m ed25519-dalek v2.2.0
prepare	Reconcile predecessor no-panic pull request	2026-09-06T23:10:44.1392292Z ^[[1m^[[92m   Compiling^[[0m sec1 v0.8.0
prepare	Reconcile predecessor no-panic pull request	2026-09-06T23:10:44.1822442Z ^[[1m^[[92m   Compiling^[[0m rustcrypto-group v0.14.0-rc.0
prepare	Reconcile predecessor no-panic pull request	2026-09-06T23:10:44.2811767Z ^[[1m^[[92m   Compiling^[[0m hmac v0.13.0
prepare	Reconcile predecessor no-panic pull request	2026-09-06T23:10:44.3698873Z ^[[1m^[[92m   Compiling^[[0m tokio-macros v2.7.0
prepare	Reconcile predecessor no-panic pull request	2026-09-06T23:10:44.3992043Z ^[[1m^[[92m   Compiling^[[0m mio v1.2.0
prepare	Reconcile predecessor no-panic pull request	2026-09-06T23:10:44.6566991Z ^[[1m^[[92m   Compiling^[[0m socket2 v0.6.3
prepare	Reconcile predecessor no-panic pull request	2026-09-06T23:10:44.6833143Z ^[[1m^[[92m   Compiling^[[0m slab v0.4.12
prepare	Reconcile predecessor no-panic pull request	2026-09-06T23:10:44.7697079Z ^[[1m^[[92m   Compiling^[[0m heck v0.5.0
prepare	Reconcile predecessor no-panic pull request	2026-09-06T23:10:44.8464335Z ^[[1m^[[92m   Compiling^[[0m unicode-segmentation v1.13.2
prepare	Reconcile predecessor no-panic pull request	2026-09-06T23:10:44.8592490Z ^[[1m^[[92m   Compiling^[[0m untrusted v0.9.0
prepare	Reconcile predecessor no-panic pull request	2026-09-06T23:10:44.9074215Z ^[[1m^[[92m   Compiling^[[0m tokio v1.52.3
prepare	Reconcile predecessor no-panic pull request	2026-09-06T23:10:45.0785588Z ^[[1m^[[92m   Compiling^[[0m convert_case v0.10.0
prepare	Reconcile predecessor no-panic pull request	2026-09-06T23:10:45.2402433Z ^[[1m^[[92m   Compiling^[[0m elliptic-curve v0.14.0-rc.29
prepare	Reconcile predecessor no-panic pull request	2026-09-06T23:10:45.2711740Z ^[[1m^[[92m   Compiling^[[0m ecdsa v0.16.9
prepare	Reconcile predecessor no-panic pull request	2026-09-06T23:10:45.5799496Z ^[[1m^[[92m   Compiling^[[0m futures-channel v0.3.32
prepare	Reconcile predecessor no-panic pull request	2026-09-06T23:10:45.6891728Z ^[[1m^[[92m   Compiling^[[0m crypto-primes v0.7.0
prepare	Reconcile predecessor no-panic pull request	2026-09-06T23:10:45.7045073Z ^[[1m^[[92m   Compiling^[[0m pkcs1 v0.8.0-rc.4
prepare	Reconcile predecessor no-panic pull request	2026-09-06T23:10:46.4407862Z ^[[1m^[[92m   Compiling^[[0m aho-corasick v1.1.4
prepare	Reconcile predecessor no-panic pull request	2026-09-06T23:10:46.5416409Z ^[[1m^[[92m   Compiling^[[0m minimal-lexical v0.2.1
prepare	Reconcile predecessor no-panic pull request	2026-09-06T23:10:46.7241821Z ^[[1m^[[92m   Compiling^[[0m regex-syntax v0.8.11
prepare	Reconcile predecessor no-panic pull request	2026-09-06T23:10:50.8476968Z ^[[1m^[[92m   Compiling^[[0m unicode-xid v0.2.6
prepare	Reconcile predecessor no-panic pull request	2026-09-06T23:10:50.8981722Z ^[[1m^[[92m   Compiling^[[0m derive_more-impl v2.1.1
prepare	Reconcile predecessor no-panic pull request	2026-09-06T23:10:52.4122218Z ^[[1m^[[92m   Compiling^[[0m regex-automata v0.4.18
prepare	Reconcile predecessor no-panic pull request	2026-09-06T23:10:52.6028130Z ^[[1m^[[92m   Compiling^[[0m nom v7.1.3
prepare	Reconcile predecessor no-panic pull request	2026-09-06T23:10:53.3321634Z ^[[1m^[[92m   Compiling^[[0m rsa v0.10.0-rc.17
prepare	Reconcile predecessor no-panic pull request	2026-09-06T23:10:54.0121787Z ^[[1m^[[92m   Compiling^[[0m rfc6979 v0.5.0-rc.5
prepare	Reconcile predecessor no-panic pull request	2026-09-06T23:10:54.0801812Z ^[[1m^[[92m   Compiling^[[0m primeorder v0.13.6
prepare	Reconcile predecessor no-panic pull request	2026-09-06T23:10:54.2540041Z ^[[1m^[[92m   Compiling^[[0m num-bigint v0.4.6
prepare	Reconcile predecessor no-panic pull request	2026-09-06T23:10:54.2782442Z ^[[1m^[[92m   Compiling^[[0m rustls-pki-types v1.14.1
prepare	Reconcile predecessor no-panic pull request	2026-09-06T23:10:54.9472296Z ^[[1m^[[92m   Compiling^[[0m futures-macro v0.3.32
prepare	Reconcile predecessor no-panic pull request	2026-09-06T23:10:55.3731957Z ^[[1m^[[92m   Compiling^[[0m synstructure v0.13.2
prepare	Reconcile predecessor no-panic pull request	2026-09-06T23:10:55.7251547Z ^[[1m^[[92m   Compiling^[[0m futures-io v0.3.32
prepare	Reconcile predecessor no-panic pull request	2026-09-06T23:10:55.8212060Z ^[[1m^[[92m   Compiling^[[0m fnv v1.0.7
prepare	Reconcile predecessor no-panic pull request	2026-09-06T23:10:55.8603236Z ^[[1m^[[92m   Compiling^[[0m futures-task v0.3.32
prepare	Reconcile predecessor no-panic pull request	2026-09-06T23:10:55.9451673Z ^[[1m^[[92m   Compiling^[[0m strsim v0.11.1
prepare	Reconcile predecessor no-panic pull request	2026-09-06T23:10:56.1281786Z ^[[1m^[[92m   Compiling^[[0m ident_case v1.0.1
prepare	Reconcile predecessor no-panic pull request	2026-09-06T23:10:56.1772062Z ^[[1m^[[92m   Compiling^[[0m darling_core v0.20.11
prepare	Reconcile predecessor no-panic pull request	2026-09-06T23:10:56.9711779Z ^[[1m^[[92m   Compiling^[[0m futures-util v0.3.32
prepare	Reconcile predecessor no-panic pull request	2026-09-06T23:10:57.3981580Z ^[[1m^[[92m   Compiling^[[0m asn1-rs-derive v0.6.0
prepare	Reconcile predecessor no-panic pull request	2026-09-06T23:10:57.8221880Z ^[[1m^[[92m   Compiling^[[0m ecdsa v0.17.0-rc.16
prepare	Reconcile predecessor no-panic pull request	2026-09-06T23:10:57.9441852Z ^[[1m^[[92m   Compiling^[[0m rusticata-macros v4.1.0
prepare	Reconcile predecessor no-panic pull request	2026-09-06T23:10:58.0832260Z ^[[1m^[[92m   Compiling^[[0m uselesskey-rsa v0.10.0 (/home/runner/work/uselesskey/uselesskey/crates/uselesskey-rsa)
prepare	Reconcile predecessor no-panic pull request	2026-09-06T23:10:58.2591990Z ^[[1m^[[92m   Compiling^[[0m primeorder v0.14.0-rc.8
prepare	Reconcile predecessor no-panic pull request	2026-09-06T23:10:58.4891598Z ^[[1m^[[92m   Compiling^[[0m primefield v0.14.0-rc.8
prepare	Reconcile predecessor no-panic pull request	2026-09-06T23:10:58.6131511Z ^[[1m^[[92m   Compiling^[[0m http v1.5.0
prepare	Reconcile predecessor no-panic pull request	2026-09-06T23:10:59.2492306Z ^[[1m^[[92m   Compiling^[[0m asn1-rs-impl v0.2.0
prepare	Reconcile predecessor no-panic pull request	2026-09-06T23:10:59.4021826Z ^[[1m^[[92m   Compiling^[[0m tracing-attributes v0.1.31
prepare	Reconcile predecessor no-panic pull request	2026-09-06T23:10:59.4372004Z ^[[1m^[[92m   Compiling^[[0m displaydoc v0.2.5
prepare	Reconcile predecessor no-panic pull request	2026-09-06T23:10:59.7892642Z ^[[1m^[[92m   Compiling^[[0m tracing-core v0.1.36
prepare	Reconcile predecessor no-panic pull request	2026-09-06T23:11:00.1541874Z ^[[1m^[[92m   Compiling^[[0m cmake v0.1.58
prepare	Reconcile predecessor no-panic pull request	2026-09-06T23:11:00.1812051Z ^[[1m^[[92m   Compiling^[[0m equivalent v1.0.2
prepare	Reconcile predecessor no-panic pull request	2026-09-06T23:11:00.2081313Z ^[[1m^[[92m   Compiling^[[0m dunce v1.0.5
prepare	Reconcile predecessor no-panic pull request	2026-09-06T23:11:00.2351169Z ^[[1m^[[92m   Compiling^[[0m hashbrown v0.16.1
prepare	Reconcile predecessor no-panic pull request	2026-09-06T23:11:00.3802339Z ^[[1m^[[92m   Compiling^[[0m fs_extra v1.3.0
prepare	Reconcile predecessor no-panic pull request	2026-09-06T23:11:00.5729668Z ^[[1m^[[92m   Compiling^[[0m winnow v1.0.1
prepare	Reconcile predecessor no-panic pull request	2026-09-06T23:11:00.7982454Z ^[[1m^[[92m   Compiling^[[0m indexmap v2.13.0
prepare	Reconcile predecessor no-panic pull request	2026-09-06T23:11:01.2462068Z ^[[1m^[[92m   Compiling^[[0m aws-lc-sys v0.41.0
prepare	Reconcile predecessor no-panic pull request	2026-09-06T23:11:01.4121274Z ^[[1m^[[92m   Compiling^[[0m toml_parser v1.1.0+spec-1.1.0
prepare	Reconcile predecessor no-panic pull request	2026-09-06T23:11:01.6612161Z ^[[1m^[[92m   Compiling^[[0m tracing v0.1.44
prepare	Reconcile predecessor no-panic pull request	2026-09-06T23:11:01.7851787Z ^[[1m^[[92m   Compiling^[[0m asn1-rs v0.7.1
prepare	Reconcile predecessor no-panic pull request	2026-09-06T23:11:01.8251600Z ^[[1m^[[92m   Compiling^[[0m darling_macro v0.20.11
prepare	Reconcile predecessor no-panic pull request	2026-09-06T23:11:01.8901737Z ^[[1m^[[92m   Compiling^[[0m tokio-util v0.7.18
prepare	Reconcile predecessor no-panic pull request	2026-09-06T23:11:01.9821617Z ^[[1m^[[92m   Compiling^[[0m pem v3.0.6
prepare	Reconcile predecessor no-panic pull request	2026-09-06T23:11:02.3842248Z ^[[1m^[[92m   Compiling^[[0m httparse v1.10.1
prepare	Reconcile predecessor no-panic pull request	2026-09-06T23:11:02.4973054Z ^[[1m^[[92m   Compiling^[[0m oid-registry v0.8.1
prepare	Reconcile predecessor no-panic pull request	2026-09-06T23:11:02.5141752Z ^[[1m^[[92m   Compiling^[[0m fiat-crypto v0.3.0
prepare	Reconcile predecessor no-panic pull request	2026-09-06T23:11:02.6581405Z ^[[1m^[[92m   Compiling^[[0m toml_datetime v1.1.0+spec-1.1.0
prepare	Reconcile predecessor no-panic pull request	2026-09-06T23:11:02.7592497Z ^[[1m^[[92m   Compiling^[[0m toml_edit v0.25.8+spec-1.1.0
prepare	Reconcile predecessor no-panic pull request	2026-09-06T23:11:02.7941721Z ^[[1m^[[92m   Compiling^[[0m darling v0.20.11
prepare	Reconcile predecessor no-panic pull request	2026-09-06T23:11:04.1746078Z ^[[1m^[[92m   Compiling^[[0m http-body v1.0.1
prepare	Reconcile predecessor no-panic pull request	2026-09-06T23:11:04.2266502Z ^[[1m^[[92m   Compiling^[[0m p256 v0.14.0-rc.8
prepare	Reconcile predecessor no-panic pull request	2026-09-06T23:11:04.8874475Z ^[[1m^[[92m   Compiling^[[0m p384 v0.13.1
prepare	Reconcile predecessor no-panic pull request	2026-09-06T23:11:05.7369684Z ^[[1m^[[92m   Compiling^[[0m p256 v0.13.2
prepare	Reconcile predecessor no-panic pull request	2026-09-06T23:11:06.2892517Z ^[[1m^[[92m   Compiling^[[0m ctr v0.9.2
prepare	Reconcile predecessor no-panic pull request	2026-09-06T23:11:06.3741794Z ^[[1m^[[92m   Compiling^[[0m aead v0.5.2
prepare	Reconcile predecessor no-panic pull request	2026-09-06T23:11:06.4370004Z ^[[1m^[[92m   Compiling^[[0m universal-hash v0.5.1
prepare	Reconcile predecessor no-panic pull request	2026-09-06T23:11:06.4984099Z ^[[1m^[[92m   Compiling^[[0m nom v8.0.0
prepare	Reconcile predecessor no-panic pull request	2026-09-06T23:11:06.6006285Z ^[[1m^[[92m   Compiling^[[0m crossbeam-epoch v0.9.20
prepare	Reconcile predecessor no-panic pull request	2026-09-06T23:11:06.6722754Z ^[[1m^[[92m   Compiling^[[0m atomic-waker v1.1.2
prepare	Reconcile predecessor no-panic pull request	2026-09-06T23:11:06.7467688Z ^[[1m^[[92m   Compiling^[[0m rustversion v1.0.22
prepare	Reconcile predecessor no-panic pull request	2026-09-06T23:11:06.8619737Z ^[[1m^[[92m   Compiling^[[0m try-lock v0.2.5
prepare	Reconcile predecessor no-panic pull request	2026-09-06T23:11:06.9034402Z ^[[1m^[[92m   Compiling^[[0m opaque-debug v0.3.1
prepare	Reconcile predecessor no-panic pull request	2026-09-06T23:11:06.9209537Z ^[[1m^[[92m   Compiling^[[0m rustls v0.23.43
prepare	Reconcile predecessor no-panic pull request	2026-09-06T23:11:07.0282783Z ^[[1m^[[92m   Compiling^[[0m polyval v0.6.2
prepare	Reconcile predecessor no-panic pull request	2026-09-06T23:11:07.1671748Z ^[[1m^[[92m   Compiling^[[0m want v0.3.1
prepare	Reconcile predecessor no-panic pull request	2026-09-06T23:11:07.2525217Z ^[[1m^[[92m   Compiling^[[0m h2 v0.4.16
prepare	Reconcile predecessor no-panic pull request	2026-09-06T23:11:08.8984843Z ^[[1m^[[92m   Compiling^[[0m proc-macro-crate v3.5.0
prepare	Reconcile predecessor no-panic pull request	2026-09-06T23:11:09.1655401Z ^[[1m^[[92m   Compiling^[[0m derive_builder_core v0.20.2
prepare	Reconcile predecessor no-panic pull request	2026-09-06T23:11:10.4485778Z ^[[1m^[[92m   Compiling^[[0m der-parser v10.0.0
prepare	Reconcile predecessor no-panic pull request	2026-09-06T23:11:11.0861947Z ^[[1m^[[92m   Compiling^[[0m p384 v0.14.0-rc.8
prepare	Reconcile predecessor no-panic pull request	2026-09-06T23:11:11.4842267Z ^[[1m^[[92m   Compiling^[[0m rustls-webpki v0.103.13
prepare	Reconcile predecessor no-panic pull request	2026-09-06T23:11:12.3285316Z ^[[1m^[[92m   Compiling^[[0m regex v1.13.1
prepare	Reconcile predecessor no-panic pull request	2026-09-06T23:11:13.4361942Z ^[[1m^[[92m   Compiling^[[0m uselesskey-ecdsa v0.10.0 (/home/runner/work/uselesskey/uselesskey/crates/uselesskey-ecdsa)
prepare	Reconcile predecessor no-panic pull request	2026-09-06T23:11:13.4621468Z ^[[1m^[[92m   Compiling^[[0m derive_more v2.1.1
prepare	Reconcile predecessor no-panic pull request	2026-09-06T23:11:13.5633702Z ^[[1m^[[92m   Compiling^[[0m uselesskey-ed25519 v0.10.0 (/home/runner/work/uselesskey/uselesskey/crates/uselesskey-ed25519)
prepare	Reconcile predecessor no-panic pull request	2026-09-06T23:11:14.9841592Z ^[[1m^[[92m   Compiling^[[0m yasna v0.6.0
prepare	Reconcile predecessor no-panic pull request	2026-09-06T23:11:15.1341660Z ^[[1m^[[92m   Compiling^[[0m aes v0.8.4
prepare	Reconcile predecessor no-panic pull request	2026-09-06T23:11:15.5671801Z ^[[1m^[[92m   Compiling^[[0m dbl v0.3.2
prepare	Reconcile predecessor no-panic pull request	2026-09-06T23:11:15.6101960Z ^[[1m^[[92m   Compiling^[[0m sealed v0.6.0
prepare	Reconcile predecessor no-panic pull request	2026-09-06T23:11:15.7476091Z ^[[1m^[[92m   Compiling^[[0m tower-service v0.3.3
prepare	Reconcile predecessor no-panic pull request	2026-09-06T23:11:15.7891626Z ^[[1m^[[92m   Compiling^[[0m crc24 v0.1.6
prepare	Reconcile predecessor no-panic pull request	2026-09-06T23:11:15.8117504Z ^[[1m^[[92m   Compiling^[[0m httpdate v1.0.3
prepare	Reconcile predecessor no-panic pull request	2026-09-06T23:11:15.8702166Z ^[[1m^[[92m   Compiling^[[0m utf8parse v0.2.2
prepare	Reconcile predecessor no-panic pull request	2026-09-06T23:11:15.9055397Z ^[[1m^[[92m   Compiling^[[0m pin-utils v0.1.0
prepare	Reconcile predecessor no-panic pull request	2026-09-06T23:11:15.9264415Z ^[[1m^[[92m   Compiling^[[0m data-encoding v2.10.0
prepare	Reconcile predecessor no-panic pull request	2026-09-06T23:11:16.0506093Z ^[[1m^[[92m   Compiling^[[0m keccak v0.1.6
prepare	Reconcile predecessor no-panic pull request	2026-09-06T23:11:16.1991787Z ^[[1m^[[92m   Compiling^[[0m aws-lc-rs v1.17.0
prepare	Reconcile predecessor no-panic pull request	2026-09-06T23:11:16.2791477Z ^[[1m^[[92m   Compiling^[[0m byteorder v1.5.0
prepare	Reconcile predecessor no-panic pull request	2026-09-06T23:11:17.4311903Z ^[[1m^[[92m   Compiling^[[0m x509-parser v0.18.1
prepare	Reconcile predecessor no-panic pull request	2026-09-06T23:11:18.0102209Z ^[[1m^[[92m   Compiling^[[0m sha3 v0.10.8
prepare	Reconcile predecessor no-panic pull request	2026-09-06T23:11:18.2630425Z ^[[1m^[[92m   Compiling^[[0m hyper v1.8.1
prepare	Reconcile predecessor no-panic pull request	2026-09-06T23:11:19.9321671Z ^[[1m^[[92m   Compiling^[[0m anstyle-parse v1.0.0
prepare	Reconcile predecessor no-panic pull request	2026-09-06T23:11:20.0397131Z ^[[1m^[[92m   Compiling^[[0m synthez-core v0.4.0
prepare	Reconcile predecessor no-panic pull request	2026-09-06T23:11:20.4881352Z ^[[1m^[[92m   Compiling^[[0m cmac v0.7.2
prepare	Reconcile predecessor no-panic pull request	2026-09-06T23:11:20.5451428Z ^[[1m^[[92m   Compiling^[[0m rcgen v0.14.8
prepare	Reconcile predecessor no-panic pull request	2026-09-06T23:11:23.4541697Z ^[[1m^[[92m   Compiling^[[0m derive_builder_macro v0.20.2
prepare	Reconcile predecessor no-panic pull request	2026-09-06T23:11:23.5972345Z ^[[1m^[[92m   Compiling^[[0m num_enum_derive v0.7.6
prepare	Reconcile predecessor no-panic pull request	2026-09-06T23:11:23.6141423Z ^[[1m^[[92m   Compiling^[[0m bitfields-impl v1.0.3
prepare	Reconcile predecessor no-panic pull request	2026-09-06T23:11:24.6682780Z ^[[1m^[[92m   Compiling^[[0m ghash v0.5.1
prepare	Reconcile predecessor no-panic pull request	2026-09-06T23:11:24.7211711Z ^[[1m^[[92m   Compiling^[[0m snafu-derive v0.8.9
prepare	Reconcile predecessor no-panic pull request	2026-09-06T23:11:25.8645457Z ^[[1m^[[92m   Compiling^[[0m serdect v0.3.0
prepare	Reconcile predecessor no-panic pull request	2026-09-06T23:11:25.9455831Z ^[[1m^[[92m   Compiling^[[0m ssh-encoding v0.2.0
prepare	Reconcile predecessor no-panic pull request	2026-09-06T23:11:26.2701695Z ^[[1m^[[92m   Compiling^[[0m sha1 v0.10.6
prepare	Reconcile predecessor no-panic pull request	2026-09-06T23:11:26.5272671Z ^[[1m^[[92m   Compiling^[[0m blake2 v0.10.6
prepare	Reconcile predecessor no-panic pull request	2026-09-06T23:11:26.5771962Z ^[[1m^[[92m   Compiling^[[0m pin-project-internal v1.1.11
prepare	Reconcile predecessor no-panic pull request	2026-09-06T23:11:26.8942214Z ^[[1m^[[92m   Compiling^[[0m password-hash v0.5.0
prepare	Reconcile predecessor no-panic pull request	2026-09-06T23:11:27.0999807Z ^[[1m^[[92m   Compiling^[[0m bstr v1.12.1
prepare	Reconcile predecessor no-panic pull request	2026-09-06T23:11:27.5598085Z ^[[1m^[[92m   Compiling^[[0m anstyle v1.0.14
prepare	Reconcile predecessor no-panic pull request	2026-09-06T23:11:27.6131741Z ^[[1m^[[92m   Compiling^[[0m anstyle-query v1.1.5
prepare	Reconcile predecessor no-panic pull request	2026-09-06T23:11:27.6434339Z ^[[1m^[[92m   Compiling^[[0m is_terminal_polyfill v1.70.2
prepare	Reconcile predecessor no-panic pull request	2026-09-06T23:11:27.6721150Z ^[[1m^[[92m   Compiling^[[0m peg-runtime v0.6.3
prepare	Reconcile predecessor no-panic pull request	2026-09-06T23:11:27.7186198Z ^[[1m^[[92m   Compiling^[[0m zlib-rs v0.6.3
prepare	Reconcile predecessor no-panic pull request	2026-09-06T23:11:27.8011394Z ^[[1m^[[92m   Compiling^[[0m same-file v1.0.6
prepare	Reconcile predecessor no-panic pull request	2026-09-06T23:11:27.8761620Z ^[[1m^[[92m   Compiling^[[0m colorchoice v1.0.5
prepare	Reconcile predecessor no-panic pull request	2026-09-06T23:11:27.9131260Z ^[[1m^[[92m   Compiling^[[0m either v1.15.0
prepare	Reconcile predecessor no-panic pull request	2026-09-06T23:11:28.0281777Z ^[[1m^[[92m   Compiling^[[0m unicode-width v0.2.2
prepare	Reconcile predecessor no-panic pull request	2026-09-06T23:11:28.1762100Z ^[[1m^[[92m   Compiling^[[0m bytecount v0.6.9
prepare	Reconcile predecessor no-panic pull request	2026-09-06T23:11:28.2221624Z ^[[1m^[[92m   Compiling^[[0m hex v0.4.3
prepare	Reconcile predecessor no-panic pull request	2026-09-06T23:11:28.3861756Z ^[[1m^[[92m   Compiling^[[0m nom_locate v5.0.0
prepare	Reconcile predecessor no-panic pull request	2026-09-06T23:11:28.4415301Z ^[[1m^[[92m   Compiling^[[0m anstream v1.0.0
prepare	Reconcile predecessor no-panic pull request	2026-09-06T23:11:28.7811810Z ^[[1m^[[92m   Compiling^[[0m walkdir v2.5.0
prepare	Reconcile predecessor no-panic pull request	2026-09-06T23:11:29.3181318Z ^[[1m^[[92m   Compiling^[[0m flate2 v1.1.9
prepare	Reconcile predecessor no-panic pull request	2026-09-06T23:11:29.6941958Z ^[[1m^[[92m   Compiling^[[0m peg-macros v0.6.3
prepare	Reconcile predecessor no-panic pull request	2026-09-06T23:11:30.3691574Z ^[[1m^[[92m   Compiling^[[0m globset v0.4.18
prepare	Reconcile predecessor no-panic pull request	2026-09-06T23:11:31.2542356Z ^[[1m^[[92m   Compiling^[[0m pin-project v1.1.11
prepare	Reconcile predecessor no-panic pull request	2026-09-06T23:11:31.2892070Z ^[[1m^[[92m   Compiling^[[0m argon2 v0.5.3
prepare	Reconcile predecessor no-panic pull request	2026-09-06T23:11:32.1251894Z ^[[1m^[[92m   Compiling^[[0m sha1-checked v0.10.0
prepare	Reconcile predecessor no-panic pull request	2026-09-06T23:11:32.7591655Z ^[[1m^[[92m   Compiling^[[0m ssh-cipher v0.2.0
prepare	Reconcile predecessor no-panic pull request	2026-09-06T23:11:32.8411652Z ^[[1m^[[92m   Compiling^[[0m cx448 v0.1.1
prepare	Reconcile predecessor no-panic pull request	2026-09-06T23:11:33.2131751Z ^[[1m^[[92m   Compiling^[[0m snafu v0.8.9
prepare	Reconcile predecessor no-panic pull request	2026-09-06T23:11:33.5842042Z ^[[1m^[[92m   Compiling^[[0m num_enum v0.7.6
prepare	Reconcile predecessor no-panic pull request	2026-09-06T23:11:33.6381940Z ^[[1m^[[92m   Compiling^[[0m aes-gcm v0.10.3
prepare	Reconcile predecessor no-panic pull request	2026-09-06T23:11:33.7381622Z ^[[1m^[[92m   Compiling^[[0m crossbeam-deque v0.8.6
prepare	Reconcile predecessor no-panic pull request	2026-09-06T23:11:33.8662039Z ^[[1m^[[92m   Compiling^[[0m gherkin v0.16.0
prepare	Reconcile predecessor no-panic pull request	2026-09-06T23:11:34.1011834Z ^[[1m^[[92m   Compiling^[[0m bitfields v1.0.3
prepare	Reconcile predecessor no-panic pull request	2026-09-06T23:11:34.1321454Z ^[[1m^[[92m   Compiling^[[0m derive_builder v0.20.2
prepare	Reconcile predecessor no-panic pull request	2026-09-06T23:11:34.1791787Z ^[[1m^[[92m   Compiling^[[0m uselesskey-x509 v0.10.0 (/home/runner/work/uselesskey/uselesskey/crates/uselesskey-x509)
prepare	Reconcile predecessor no-panic pull request	2026-09-06T23:11:36.5401421Z ^[[1m^[[92m   Compiling^[[0m eax v0.5.0
prepare	Reconcile predecessor no-panic pull request	2026-09-06T23:11:36.6971996Z ^[[1m^[[92m   Compiling^[[0m synthez-codegen v0.4.0
prepare	Reconcile predecessor no-panic pull request	2026-09-06T23:11:36.8781324Z ^[[1m^[[92m   Compiling^[[0m hyper-util v0.1.20
prepare	Reconcile predecessor no-panic pull request	2026-09-06T23:11:37.3431582Z ^[[1m^[[92m   Compiling^[[0m camellia v0.1.0
prepare	Reconcile predecessor no-panic pull request	2026-09-06T23:11:37.4981853Z ^[[1m^[[92m   Compiling^[[0m blowfish v0.9.1
prepare	Reconcile predecessor no-panic pull request	2026-09-06T23:11:37.5711946Z ^[[1m^[[92m   Compiling^[[0m aes-kw v0.2.1
prepare	Reconcile predecessor no-panic pull request	2026-09-06T23:11:37.6971472Z ^[[1m^[[92m   Compiling^[[0m ocb3 v0.1.0
prepare	Reconcile predecessor no-panic pull request	2026-09-06T23:11:37.8052538Z ^[[1m^[[92m   Compiling^[[0m p521 v0.13.3
prepare	Reconcile predecessor no-panic pull request	2026-09-06T23:11:38.8587872Z ^[[1m^[[92m   Compiling^[[0m k256 v0.13.4
prepare	Reconcile predecessor no-panic pull request	2026-09-06T23:11:38.9961543Z ^[[1m^[[92m   Compiling^[[0m uselesskey-hmac v0.10.0 (/home/runner/work/uselesskey/uselesskey/crates/uselesskey-hmac)
prepare	Reconcile predecessor no-panic pull request	2026-09-06T23:11:39.3081729Z ^[[1m^[[92m   Compiling^[[0m dsa v0.6.3
prepare	Reconcile predecessor no-panic pull request	2026-09-06T23:11:40.7281336Z ^[[1m^[[92m   Compiling^[[0m x25519-dalek v2.0.1
prepare	Reconcile predecessor no-panic pull request	2026-09-06T23:11:40.7994441Z ^[[1m^[[92m   Compiling^[[0m idea v0.5.1
prepare	Reconcile predecessor no-panic pull request	2026-09-06T23:11:40.9102207Z ^[[1m^[[92m   Compiling^[[0m cast5 v0.11.1
prepare	Reconcile predecessor no-panic pull request	2026-09-06T23:11:41.1131989Z ^[[1m^[[92m   Compiling^[[0m cfb-mode v0.8.2
prepare	Reconcile predecessor no-panic pull request	2026-09-06T23:11:41.2071302Z ^[[1m^[[92m   Compiling^[[0m des v0.8.1
prepare	Reconcile predecessor no-panic pull request	2026-09-06T23:11:41.2201288Z ^[[1m^[[92m   Compiling^[[0m twofish v0.7.1
prepare	Reconcile predecessor no-panic pull request	2026-09-06T23:11:41.3311675Z ^[[1m^[[92m   Compiling^[[0m terminal_size v0.4.4
prepare	Reconcile predecessor no-panic pull request	2026-09-06T23:11:41.3787015Z ^[[1m^[[92m   Compiling^[[0m md-5 v0.10.6
prepare	Reconcile predecessor no-panic pull request	2026-09-06T23:11:41.4037530Z ^[[1m^[[92m   Compiling^[[0m ripemd v0.1.3
prepare	Reconcile predecessor no-panic pull request	2026-09-06T23:11:41.4632295Z ^[[1m^[[92m   Compiling^[[0m block-padding v0.3.3
prepare	Reconcile predecessor no-panic pull request	2026-09-06T23:11:41.5402115Z ^[[1m^[[92m   Compiling^[[0m typed-builder-macro v0.23.2
prepare	Reconcile predecessor no-panic pull request	2026-09-06T23:11:41.8001984Z ^[[1m^[[92m   Compiling^[[0m buffer-redux v1.1.0
prepare	Reconcile predecessor no-panic pull request	2026-09-06T23:11:42.0030943Z ^[[1m^[[92m   Compiling^[[0m ref-cast v1.0.25
prepare	Reconcile predecessor no-panic pull request	2026-09-06T23:11:42.2597668Z ^[[1m^[[92m   Compiling^[[0m clap_lex v1.1.0
prepare	Reconcile predecessor no-panic pull request	2026-09-06T23:11:42.4831615Z ^[[1m^[[92m   Compiling^[[0m sync_wrapper v1.0.2
prepare	Reconcile predecessor no-panic pull request	2026-09-06T23:11:42.5271502Z ^[[1m^[[92m   Compiling^[[0m unicode-linebreak v0.1.5
prepare	Reconcile predecessor no-panic pull request	2026-09-06T23:11:42.6355889Z ^[[1m^[[92m   Compiling^[[0m replace_with v0.1.8
prepare	Reconcile predecessor no-panic pull request	2026-09-06T23:11:42.6813246Z ^[[1m^[[92m   Compiling^[[0m smawk v0.3.2
prepare	Reconcile predecessor no-panic pull request	2026-09-06T23:11:42.6833206Z ^[[1m^[[92m   Compiling^[[0m anyhow v1.0.103
prepare	Reconcile predecessor no-panic pull request	2026-09-06T23:11:42.7572043Z ^[[1m^[[92m   Compiling^[[0m tower-layer v0.3.3
prepare	Reconcile predecessor no-panic pull request	2026-09-06T23:11:42.8482227Z ^[[1m^[[92m   Compiling^[[0m clap_builder v4.6.0
prepare	Reconcile predecessor no-panic pull request	2026-09-06T23:11:42.8821567Z ^[[1m^[[92m   Compiling^[[0m tower v0.5.3
prepare	Reconcile predecessor no-panic pull request	2026-09-06T23:11:43.3319477Z ^[[1m^[[92m   Compiling^[[0m textwrap v0.16.2
prepare	Reconcile predecessor no-panic pull request	2026-09-06T23:11:43.4434570Z ^[[1m^[[92m   Compiling^[[0m pgp v0.19.0
prepare	Reconcile predecessor no-panic pull request	2026-09-06T23:11:44.7681456Z ^[[1m^[[92m   Compiling^[[0m typed-builder v0.23.2
prepare	Reconcile predecessor no-panic pull request	2026-09-06T23:11:44.7961345Z ^[[1m^[[92m   Compiling^[[0m peg v0.6.3
prepare	Reconcile predecessor no-panic pull request	2026-09-06T23:11:44.8321633Z ^[[1m^[[92m   Compiling^[[0m cucumber-expressions v0.5.0
prepare	Reconcile predecessor no-panic pull request	2026-09-06T23:11:45.3261833Z ^[[1m^[[92m   Compiling^[[0m hyper-timeout v0.5.2
prepare	Reconcile predecessor no-panic pull request	2026-09-06T23:11:45.4470763Z ^[[1m^[[92m   Compiling^[[0m synthez v0.4.0
prepare	Reconcile predecessor no-panic pull request	2026-09-06T23:11:45.4901920Z ^[[1m^[[92m   Compiling^[[0m ignore v0.4.25
prepare	Reconcile predecessor no-panic pull request	2026-09-06T23:11:49.9764380Z ^[[1m^[[92m   Compiling^[[0m ssh-key v0.6.7
prepare	Reconcile predecessor no-panic pull request	2026-09-06T23:11:51.9786701Z ^[[1m^[[92m   Compiling^[[0m itertools v0.14.0
prepare	Reconcile predecessor no-panic pull request	2026-09-06T23:11:52.9672396Z ^[[1m^[[92m   Compiling^[[0m tokio-rustls v0.26.4
prepare	Reconcile predecessor no-panic pull request	2026-09-06T23:11:53.1481553Z ^[[1m^[[92m   Compiling^[[0m http-body-util v0.1.3
prepare	Reconcile predecessor no-panic pull request	2026-09-06T23:11:53.3148182Z ^[[1m^[[92m   Compiling^[[0m futures-executor v0.3.32
prepare	Reconcile predecessor no-panic pull request	2026-09-06T23:11:53.6702051Z ^[[1m^[[92m   Compiling^[[0m simple_asn1 v0.6.4
prepare	Reconcile predecessor no-panic pull request	2026-09-06T23:11:55.3392196Z ^[[1m^[[92m   Compiling^[[0m tokio-stream v0.1.18
prepare	Reconcile predecessor no-panic pull request	2026-09-06T23:11:55.5876043Z ^[[1m^[[92m   Compiling^[[0m clap_derive v4.6.1
prepare	Reconcile predecessor no-panic pull request	2026-09-06T23:11:55.9276243Z ^[[1m^[[92m   Compiling^[[0m ref-cast-impl v1.0.25
prepare	Reconcile predecessor no-panic pull request	2026-09-06T23:11:56.1631785Z ^[[1m^[[92m   Compiling^[[0m untrusted v0.7.1
prepare	Reconcile predecessor no-panic pull request	2026-09-06T23:11:56.2108806Z ^[[1m^[[92m   Compiling^[[0m percent-encoding v2.3.2
prepare	Reconcile predecessor no-panic pull request	2026-09-06T23:11:56.3632693Z ^[[1m^[[92m   Compiling^[[0m uselesskey-aws-lc-rs v0.10.0 (/home/runner/work/uselesskey/uselesskey/crates/uselesskey-aws-lc-rs)
prepare	Reconcile predecessor no-panic pull request	2026-09-06T23:11:56.4462009Z ^[[1m^[[92m   Compiling^[[0m inflections v1.1.1
prepare	Reconcile predecessor no-panic pull request	2026-09-06T23:11:56.5588132Z ^[[1m^[[92m   Compiling^[[0m cucumber-codegen v0.23.0
prepare	Reconcile predecessor no-panic pull request	2026-09-06T23:11:56.5782987Z ^[[1m^[[92m   Compiling^[[0m clap v4.6.1
prepare	Reconcile predecessor no-panic pull request	2026-09-06T23:11:56.6027954Z ^[[1m^[[92m   Compiling^[[0m tonic v0.14.6
prepare	Reconcile predecessor no-panic pull request	2026-09-06T23:11:57.0646756Z ^[[1m^[[92m   Compiling^[[0m jsonwebtoken v10.4.0
prepare	Reconcile predecessor no-panic pull request	2026-09-06T23:12:03.2760601Z ^[[1m^[[92m   Compiling^[[0m futures v0.3.32
prepare	Reconcile predecessor no-panic pull request	2026-09-06T23:12:03.3092825Z ^[[1m^[[92m   Compiling^[[0m uselesskey-ssh v0.10.0 (/home/runner/work/uselesskey/uselesskey/crates/uselesskey-ssh)
prepare	Reconcile predecessor no-panic pull request	2026-09-06T23:12:04.3682406Z ^[[1m^[[92m   Compiling^[[0m uselesskey-pgp v0.10.0 (/home/runner/work/uselesskey/uselesskey/crates/uselesskey-pgp)
prepare	Reconcile predecessor no-panic pull request	2026-09-06T23:12:06.4381280Z ^[[1m^[[92m   Compiling^[[0m globwalk v0.9.1
prepare	Reconcile predecessor no-panic pull request	2026-09-06T23:12:10.1112738Z ^[[1m^[[92m   Compiling^[[0m uselesskey-webhook v0.10.0 (/home/runner/work/uselesskey/uselesskey/crates/uselesskey-webhook)
prepare	Reconcile predecessor no-panic pull request	2026-09-06T23:12:10.7202149Z ^[[1m^[[92m   Compiling^[[0m console v0.16.3
prepare	Reconcile predecessor no-panic pull request	2026-09-06T23:12:10.7221667Z ^[[1m^[[92m   Compiling^[[0m uselesskey-entropy v0.10.0 (/home/runner/work/uselesskey/uselesskey/crates/uselesskey-entropy)
prepare	Reconcile predecessor no-panic pull request	2026-09-06T23:12:10.8982093Z ^[[1m^[[92m   Compiling^[[0m uselesskey-token v0.10.0 (/home/runner/work/uselesskey/uselesskey/crates/uselesskey-token)
prepare	Reconcile predecessor no-panic pull request	2026-09-06T23:12:11.6644982Z ^[[1m^[[92m   Compiling^[[0m smart-default v0.7.1
prepare	Reconcile predecessor no-panic pull request	2026-09-06T23:12:11.8742406Z ^[[1m^[[92m   Compiling^[[0m uselesskey-bdd-steps v0.10.0 (/home/runner/work/uselesskey/uselesskey/crates/uselesskey-bdd-steps)
prepare	Reconcile predecessor no-panic pull request	2026-09-06T23:12:11.9651879Z ^[[1m^[[92m   Compiling^[[0m linked-hash-map v0.5.6
prepare	Reconcile predecessor no-panic pull request	2026-09-06T23:12:12.0861897Z ^[[1m^[[92m   Compiling^[[0m humantime v2.3.0
prepare	Reconcile predecessor no-panic pull request	2026-09-06T23:12:12.3522332Z ^[[1m^[[92m   Compiling^[[0m inventory v0.3.23
prepare	Reconcile predecessor no-panic pull request	2026-09-06T23:12:12.3741868Z ^[[1m^[[92m   Compiling^[[0m uselesskey v0.10.0 (/home/runner/work/uselesskey/uselesskey/crates/uselesskey)
prepare	Reconcile predecessor no-panic pull request	2026-09-06T23:12:12.3957416Z ^[[1m^[[92m   Compiling^[[0m cucumber v0.23.0
prepare	Reconcile predecessor no-panic pull request	2026-09-06T23:12:12.4200532Z ^[[1m^[[92m   Compiling^[[0m uselesskey-tonic v0.10.0 (/home/runner/work/uselesskey/uselesskey/crates/uselesskey-tonic)
prepare	Reconcile predecessor no-panic pull request	2026-09-06T23:12:12.4941396Z ^[[1m^[[92m   Compiling^[[0m uselesskey-jsonwebtoken v0.10.0 (/home/runner/work/uselesskey/uselesskey/crates/uselesskey-jsonwebtoken)
prepare	Reconcile predecessor no-panic pull request	2026-09-06T23:12:12.5867538Z ^[[1m^[[92m   Compiling^[[0m uselesskey-rustcrypto v0.10.0 (/home/runner/work/uselesskey/uselesskey/crates/uselesskey-rustcrypto)
prepare	Reconcile predecessor no-panic pull request	2026-09-06T23:12:14.3672197Z ^[[1m^[[92m   Compiling^[[0m uselesskey-rustls v0.10.0 (/home/runner/work/uselesskey/uselesskey/crates/uselesskey-rustls)
prepare	Reconcile predecessor no-panic pull request	2026-09-06T23:12:14.9112337Z ^[[1m^[[92m   Compiling^[[0m uselesskey-ring v0.10.0 (/home/runner/work/uselesskey/uselesskey/crates/uselesskey-ring)
prepare	Reconcile predecessor no-panic pull request	2026-09-06T23:12:14.9558835Z ^[[1m^[[92m   Compiling^[[0m uselesskey-feature-grid v0.10.0 (/home/runner/work/uselesskey/uselesskey/crates/uselesskey-feature-grid)
prepare	Reconcile predecessor no-panic pull request	2026-09-06T23:12:14.9862594Z ^[[1m^[[92m   Compiling^[[0m uselesskey-test-grid v0.10.0 (/home/runner/work/uselesskey/uselesskey/crates/uselesskey-test-grid)
prepare	Reconcile predecessor no-panic pull request	2026-09-06T23:12:19.2709395Z ^[[1m^[[33mwarning^[[0m: uselesskey-aws-lc-rs@0.10.0: NASM not found - aws-lc-rs tests gated on has_nasm will be skipped
prepare	Reconcile predecessor no-panic pull request	2026-09-06T23:12:24.3194366Z ^[[1m^[[92m   Compiling^[[0m uselesskey-bdd v0.0.0 (/home/runner/work/uselesskey/uselesskey/crates/uselesskey-bdd)
prepare	Reconcile predecessor no-panic pull request	2026-09-06T23:12:42.6943062Z ^[[1m^[[92m    Finished^[[0m `release` profile [optimized] target(s) in 2m 19s
prepare	Reconcile predecessor no-panic pull request	2026-09-06T23:12:42.7128806Z ^[[1m^[[92m     Running^[[0m tests/bdd.rs (target/release/deps/bdd-7bc6181d546eba7a)
prepare	Reconcile predecessor no-panic pull request	2026-09-06T23:12:42.7393365Z Feature: Adapter interop expansion
prepare	Reconcile predecessor no-panic pull request	2026-09-06T23:12:42.7393741Z   Scenario: same RSA key signs JWT and aws-lc-rs message
prepare	Reconcile predecessor no-panic pull request	2026-09-06T23:12:43.3108161Z    ✔  Given a deterministic factory seeded with "interop-aws-rsa"
prepare	Reconcile predecessor no-panic pull request	2026-09-06T23:12:50.4555421Z    ✔  When I generate an RSA key for label "aws-jwt-rsa"
prepare	Reconcile predecessor no-panic pull request	2026-09-06T23:12:51.3835153Z    ✔  And I sign a JWT with the RSA key
prepare	Reconcile predecessor no-panic pull request	2026-09-06T23:12:51.3858431Z    ✔  Then the JWT should be valid
prepare	Reconcile predecessor no-panic pull request	2026-09-06T23:12:53.1818270Z    ✔  And the JWT header should have alg "RS256"
prepare	Reconcile predecessor no-panic pull request	2026-09-06T23:12:55.6621236Z    ✔  When I sign a message with the aws-lc-rs RSA key
prepare	Reconcile predecessor no-panic pull request	2026-09-06T23:12:56.9832874Z    ✔  Then the aws-lc-rs RSA signature should verify
prepare	Reconcile predecessor no-panic pull request	2026-09-06T23:12:57.2973117Z   Scenario: same ECDSA key signs JWT and aws-lc-rs message
prepare	Reconcile predecessor no-panic pull request	2026-09-06T23:12:57.2973910Z    ✔  Given a deterministic factory seeded with "interop-aws-ecdsa"
prepare	Reconcile predecessor no-panic pull request	2026-09-06T23:12:57.2974362Z    ✔  When I generate an ECDSA ES256 key for label "aws-jwt-ecdsa"
prepare	Reconcile predecessor no-panic pull request	2026-09-06T23:12:57.2974728Z    ✔  And I sign a JWT with the ECDSA key
prepare	Reconcile predecessor no-panic pull request	2026-09-06T23:12:57.2975062Z    ✔  Then the JWT should be valid
prepare	Reconcile predecessor no-panic pull request	2026-09-06T23:12:57.2975394Z    ✔  And the JWT header should have alg "ES256"
prepare	Reconcile predecessor no-panic pull request	2026-09-06T23:12:57.2975806Z    ✔  When I sign a message with the aws-lc-rs ECDSA P-256 key
prepare	Reconcile predecessor no-panic pull request	2026-09-06T23:12:57.2976177Z    ✔  Then the aws-lc-rs ECDSA P-256 signature should verify
prepare	Reconcile predecessor no-panic pull request	2026-09-06T23:12:57.2976502Z   Scenario: same Ed25519 key signs JWT and aws-lc-rs message
prepare	Reconcile predecessor no-panic pull request	2026-09-06T23:12:57.2976874Z    ✔  Given a deterministic factory seeded with "interop-aws-ed25519"
prepare	Reconcile predecessor no-panic pull request	2026-09-06T23:12:57.2977243Z    ✔  When I generate an Ed25519 key for label "aws-jwt-ed25519"
prepare	Reconcile predecessor no-panic pull request	2026-09-06T23:12:57.2977566Z    ✔  And I sign a JWT with the Ed25519 key
prepare	Reconcile predecessor no-panic pull request	2026-09-06T23:12:57.2977837Z    ✔  Then the JWT should be valid
prepare	Reconcile predecessor no-panic pull request	2026-09-06T23:12:57.2978089Z    ✔  And the JWT header should have alg "EdDSA"
prepare	Reconcile predecessor no-panic pull request	2026-09-06T23:12:57.2978405Z    ✔  When I sign a message with the aws-lc-rs Ed25519 key
prepare	Reconcile predecessor no-panic pull request	2026-09-06T23:12:57.2978727Z    ✔  Then the aws-lc-rs Ed25519 signature should verify
prepare	Reconcile predecessor no-panic pull request	2026-09-06T23:12:57.2979026Z   Scenario: same RSA key works in both RustCrypto and ring
prepare	Reconcile predecessor no-panic pull request	2026-09-06T23:12:57.2979394Z    ✔  Given a deterministic factory seeded with "interop-rc-ring-rsa"
prepare	Reconcile predecessor no-panic pull request	2026-09-06T23:12:57.2979765Z    ✔  When I generate an RSA key for label "cross-lib-rsa"
prepare	Reconcile predecessor no-panic pull request	2026-09-06T23:12:57.2980066Z    ✔  And I sign a message with the RustCrypto RSA key
prepare	Reconcile predecessor no-panic pull request	2026-09-06T23:12:57.2980692Z    ✔  Then the RustCrypto RSA signature should verify
prepare	Reconcile predecessor no-panic pull request	2026-09-06T23:12:57.2980999Z    ✔  When I sign a message with the ring RSA key
prepare	Reconcile predecessor no-panic pull request	2026-09-06T23:12:57.2981407Z    ✔  Then the ring RSA signature should verify
prepare	Reconcile predecessor no-panic pull request	2026-09-06T23:12:57.2981753Z   Scenario: same ECDSA P-256 key works in both RustCrypto and ring
prepare	Reconcile predecessor no-panic pull request	2026-09-06T23:12:57.2982184Z    ✔  Given a deterministic factory seeded with "interop-rc-ring-p256"
prepare	Reconcile predecessor no-panic pull request	2026-09-06T23:12:57.2982615Z    ✔  When I generate an ECDSA ES256 key for label "cross-lib-p256"
prepare	Reconcile predecessor no-panic pull request	2026-09-06T23:12:57.2983012Z    ✔  And I sign a message with the RustCrypto P-256 key
prepare	Reconcile predecessor no-panic pull request	2026-09-06T23:12:57.2983370Z    ✔  Then the RustCrypto P-256 signature should verify
prepare	Reconcile predecessor no-panic pull request	2026-09-06T23:12:57.2984034Z    ✔  When I sign a message with the ring ECDSA P-256 key
prepare	Reconcile predecessor no-panic pull request	2026-09-06T23:12:57.2984452Z    ✔  Then the ring ECDSA P-256 signature should verify
prepare	Reconcile predecessor no-panic pull request	2026-09-06T23:12:57.2984874Z   Scenario: same Ed25519 key works in both RustCrypto and ring
prepare	Reconcile predecessor no-panic pull request	2026-09-06T23:12:57.2985350Z    ✔  Given a deterministic factory seeded with "interop-rc-ring-ed25519"
prepare	Reconcile predecessor no-panic pull request	2026-09-06T23:12:57.2985779Z    ✔  When I generate an Ed25519 key for label "cross-lib-ed25519"
prepare	Reconcile predecessor no-panic pull request	2026-09-06T23:12:57.2986151Z    ✔  And I sign a message with the RustCrypto Ed25519 key
prepare	Reconcile predecessor no-panic pull request	2026-09-06T23:12:57.2986781Z    ✔  Then the RustCrypto Ed25519 signature should verify
prepare	Reconcile predecessor no-panic pull request	2026-09-06T23:12:57.2987150Z    ✔  When I sign a message with the ring Ed25519 key
prepare	Reconcile predecessor no-panic pull request	2026-09-06T23:12:57.2987478Z    ✔  Then the ring Ed25519 signature should verify
prepare	Reconcile predecessor no-panic pull request	2026-09-06T23:12:57.2987815Z   Scenario: same ECDSA P-384 key works in both RustCrypto and ring
prepare	Reconcile predecessor no-panic pull request	2026-09-06T23:12:57.2988214Z    ✔  Given a deterministic factory seeded with "interop-rc-ring-p384"
prepare	Reconcile predecessor no-panic pull request	2026-09-06T23:12:57.2988596Z    ✔  When I generate an ECDSA ES384 key for label "cross-lib-p384"
prepare	Reconcile predecessor no-panic pull request	2026-09-06T23:12:57.2988932Z    ✔  And I sign a message with the RustCrypto P-384 key
prepare	Reconcile predecessor no-panic pull request	2026-09-06T23:12:57.2989392Z    ✔  Then the RustCrypto P-384 signature should verify
prepare	Reconcile predecessor no-panic pull request	2026-09-06T23:12:57.2989744Z    ✔  When I sign a message with the ring ECDSA P-384 key
prepare	Reconcile predecessor no-panic pull request	2026-09-06T23:12:57.2990304Z    ✔  Then the ring ECDSA P-384 signature should verify
prepare	Reconcile predecessor no-panic pull request	2026-09-06T23:12:57.2990717Z   Scenario: same ECDSA P-384 key works in both aws-lc-rs and ring
prepare	Reconcile predecessor no-panic pull request	2026-09-06T23:12:57.2991251Z    ✔  Given a deterministic factory seeded with "interop-aws-ring-p384"
prepare	Reconcile predecessor no-panic pull request	2026-09-06T23:12:57.2991743Z    ✔  When I generate an ECDSA ES384 key for label "aws-ring-p384"
prepare	Reconcile predecessor no-panic pull request	2026-09-06T23:12:57.2992106Z    ✔  And I sign a message with the aws-lc-rs ECDSA P-384 key
prepare	Reconcile predecessor no-panic pull request	2026-09-06T23:12:57.2992473Z    ✔  Then the aws-lc-rs ECDSA P-384 signature should verify
prepare	Reconcile predecessor no-panic pull request	2026-09-06T23:12:57.2992806Z    ✔  When I sign a message with the ring ECDSA P-384 key
prepare	Reconcile predecessor no-panic pull request	2026-09-06T23:12:57.2993115Z    ✔  Then the ring ECDSA P-384 signature should verify
prepare	Reconcile predecessor no-panic pull request	2026-09-06T23:12:57.2993518Z   Scenario: X.509 chain works for rustls and JWT uses the underlying key
prepare	Reconcile predecessor no-panic pull request	2026-09-06T23:12:57.2993922Z    ✔  Given a deterministic factory seeded with "interop-rustls-jwt"
prepare	Reconcile predecessor no-panic pull request	2026-09-06T23:12:57.2994375Z    ✔  When I generate a certificate chain for domain "jwt.example.com" with label "rustls-jwt"
prepare	Reconcile predecessor no-panic pull request	2026-09-06T23:12:57.2994779Z    ✔  And I build a rustls ServerConfig from the chain
prepare	Reconcile predecessor no-panic pull request	2026-09-06T23:12:57.2995084Z    ✔  Then the rustls ServerConfig should be valid
prepare	Reconcile predecessor no-panic pull request	2026-09-06T23:12:57.2995493Z Feature: aws-lc-rs adapter
prepare	Reconcile predecessor no-panic pull request	2026-09-06T23:12:57.2995778Z   Scenario: aws-lc-rs RSA key conversion and sign/verify round-trip
prepare	Reconcile predecessor no-panic pull request	2026-09-06T23:12:57.2996163Z    ✔  Given a deterministic factory seeded with "aws-lc-rsa-test"
prepare	Reconcile predecessor no-panic pull request	2026-09-06T23:12:57.2996504Z    ✔  When I generate an RSA key for label "aws-lc-rsa"
prepare	Reconcile predecessor no-panic pull request	2026-09-06T23:12:57.2996804Z    ✔  And I sign a message with the aws-lc-rs RSA key
prepare	Reconcile predecessor no-panic pull request	2026-09-06T23:12:57.2997160Z    ✔  Then the aws-lc-rs RSA signature should verify
prepare	Reconcile predecessor no-panic pull request	2026-09-06T23:12:57.2997442Z   Scenario: aws-lc-rs RSA wrong-key rejection
prepare	Reconcile predecessor no-panic pull request	2026-09-06T23:12:57.2997829Z    ✔  Given a deterministic factory seeded with "aws-lc-rsa-wrong"
prepare	Reconcile predecessor no-panic pull request	2026-09-06T23:12:57.2998200Z    ✔  When I generate an RSA key for label "aws-lc-rsa-signer"
prepare	Reconcile predecessor no-panic pull request	2026-09-06T23:12:57.2998513Z    ✔  And I sign a message with the aws-lc-rs RSA key
prepare	Reconcile predecessor no-panic pull request	2026-09-06T23:12:57.2998895Z    ✔  And I generate another RSA key for label "aws-lc-rsa-wrong"
prepare	Reconcile predecessor no-panic pull request	2026-09-06T23:12:57.2999279Z    ✔  Then the aws-lc-rs RSA signature should not verify with the other key
prepare	Reconcile predecessor no-panic pull request	2026-09-06T23:12:57.2999660Z   Scenario: aws-lc-rs ECDSA P-256 key conversion and sign/verify round-trip
prepare	Reconcile predecessor no-panic pull request	2026-09-06T23:12:57.3000067Z    ✔  Given a deterministic factory seeded with "aws-lc-p256-test"
prepare	Reconcile predecessor no-panic pull request	2026-09-06T23:12:57.3001024Z    ✔  When I generate an ECDSA ES256 key for label "aws-lc-p256"
prepare	Reconcile predecessor no-panic pull request	2026-09-06T23:12:57.3001570Z    ✔  And I sign a message with the aws-lc-rs ECDSA P-256 key
prepare	Reconcile predecessor no-panic pull request	2026-09-06T23:12:57.3002001Z    ✔  Then the aws-lc-rs ECDSA P-256 signature should verify
prepare	Reconcile predecessor no-panic pull request	2026-09-06T23:12:57.3002573Z   Scenario: aws-lc-rs ECDSA P-384 key conversion and sign/verify round-trip
prepare	Reconcile predecessor no-panic pull request	2026-09-06T23:12:57.3003078Z    ✔  Given a deterministic factory seeded with "aws-lc-p384-test"
prepare	Reconcile predecessor no-panic pull request	2026-09-06T23:12:57.3003537Z    ✔  When I generate an ECDSA ES384 key for label "aws-lc-p384"
prepare	Reconcile predecessor no-panic pull request	2026-09-06T23:12:57.3003916Z    ✔  And I sign a message with the aws-lc-rs ECDSA P-384 key
prepare	Reconcile predecessor no-panic pull request	2026-09-06T23:12:57.3004263Z    ✔  Then the aws-lc-rs ECDSA P-384 signature should verify
prepare	Reconcile predecessor no-panic pull request	2026-09-06T23:12:57.3004639Z   Scenario: aws-lc-rs Ed25519 key conversion and sign/verify round-trip
prepare	Reconcile predecessor no-panic pull request	2026-09-06T23:12:57.3005168Z    ✔  Given a deterministic factory seeded with "aws-lc-ed25519-test"
prepare	Reconcile predecessor no-panic pull request	2026-09-06T23:12:57.3005540Z    ✔  When I generate an Ed25519 key for label "aws-lc-ed25519"
prepare	Reconcile predecessor no-panic pull request	2026-09-06T23:12:57.3005915Z    ✔  And I sign a message with the aws-lc-rs Ed25519 key
prepare	Reconcile predecessor no-panic pull request	2026-09-06T23:12:57.3006249Z    ✔  Then the aws-lc-rs Ed25519 signature should verify
prepare	Reconcile predecessor no-panic pull request	2026-09-06T23:12:57.3006740Z   Scenario: aws-lc-rs Ed25519 wrong-key rejection
prepare	Reconcile predecessor no-panic pull request	2026-09-06T23:12:57.3007103Z    ✔  Given a deterministic factory seeded with "aws-lc-ed25519-wrong"
prepare	Reconcile predecessor no-panic pull request	2026-09-06T23:12:57.3007481Z    ✔  When I generate an Ed25519 key for label "aws-lc-ed25519-signer"
prepare	Reconcile predecessor no-panic pull request	2026-09-06T23:12:57.3007994Z    ✔  And I sign a message with the aws-lc-rs Ed25519 key
prepare	Reconcile predecessor no-panic pull request	2026-09-06T23:12:57.3008356Z    ✔  And I generate another Ed25519 key for label "aws-lc-ed25519-wrong"
prepare	Reconcile predecessor no-panic pull request	2026-09-06T23:12:57.3008780Z    ✔  Then the aws-lc-rs Ed25519 signature should not verify with the other key
prepare	Reconcile predecessor no-panic pull request	2026-09-06T23:12:57.3009113Z   Scenario: aws-lc-rs ECDSA P-256 wrong-key rejection
prepare	Reconcile predecessor no-panic pull request	2026-09-06T23:12:57.3009456Z    ✔  Given a deterministic factory seeded with "aws-lc-p256-wrong"
prepare	Reconcile predecessor no-panic pull request	2026-09-06T23:12:57.3009877Z    ✔  When I generate an ECDSA ES256 key for label "aws-lc-p256-signer"
prepare	Reconcile predecessor no-panic pull request	2026-09-06T23:12:57.3010420Z    ✔  And I sign a message with the aws-lc-rs ECDSA P-256 key
prepare	Reconcile predecessor no-panic pull request	2026-09-06T23:12:57.3010800Z    ✔  And I generate another ECDSA ES256 key for label "aws-lc-p256-wrong"
prepare	Reconcile predecessor no-panic pull request	2026-09-06T23:12:57.3011258Z    ✔  Then the aws-lc-rs ECDSA P-256 signature should not verify with the other key
prepare	Reconcile predecessor no-panic pull request	2026-09-06T23:12:57.3011658Z   Scenario: aws-lc-rs ECDSA P-384 wrong-key rejection
prepare	Reconcile predecessor no-panic pull request	2026-09-06T23:12:57.3012036Z    ✔  Given a deterministic factory seeded with "aws-lc-p384-wrong"
prepare	Reconcile predecessor no-panic pull request	2026-09-06T23:12:57.3012412Z    ✔  When I generate an ECDSA ES384 key for label "aws-lc-p384-signer"
prepare	Reconcile predecessor no-panic pull request	2026-09-06T23:12:57.3012768Z    ✔  And I sign a message with the aws-lc-rs ECDSA P-384 key
prepare	Reconcile predecessor no-panic pull request	2026-09-06T23:12:57.3013144Z    ✔  And I generate another ECDSA ES384 key for label "aws-lc-p384-wrong"
prepare	Reconcile predecessor no-panic pull request	2026-09-06T23:12:57.3013583Z    ✔  Then the aws-lc-rs ECDSA P-384 signature should not verify with the other key
prepare	Reconcile predecessor no-panic pull request	2026-09-06T23:12:57.3013938Z Feature: Cache behavior
prepare	Reconcile predecessor no-panic pull request	2026-09-06T23:12:57.3014192Z   Scenario: RSA cache hit returns identical key material
prepare	Reconcile predecessor no-panic pull request	2026-09-06T23:12:57.3014901Z    ✔  Given a deterministic factory seeded with "cache-hit-rsa"
prepare	Reconcile predecessor no-panic pull request	2026-09-06T23:12:57.3015248Z    ✔  When I generate an RSA key for label "cached-rsa"
prepare	Reconcile predecessor no-panic pull request	2026-09-06T23:12:57.3015592Z    ✔  And I generate an RSA key for label "cached-rsa" again
prepare	Reconcile predecessor no-panic pull request	2026-09-06T23:12:57.3015928Z    ✔  Then the PKCS8 PEM should be identical
prepare	Reconcile predecessor no-panic pull request	2026-09-06T23:12:57.3016215Z   Scenario: ECDSA cache hit returns identical key material
prepare	Reconcile predecessor no-panic pull request	2026-09-06T23:12:57.3016577Z    ✔  Given a deterministic factory seeded with "cache-hit-ecdsa"
prepare	Reconcile predecessor no-panic pull request	2026-09-06T23:12:57.3016975Z    ✔  When I generate an ECDSA ES256 key for label "cached-ecdsa"
prepare	Reconcile predecessor no-panic pull request	2026-09-06T23:12:57.3017380Z    ✔  And I generate an ECDSA ES256 key for label "cached-ecdsa" again
prepare	Reconcile predecessor no-panic pull request	2026-09-06T23:12:57.3017731Z    ✔  Then the ECDSA PKCS8 PEM should be identical
prepare	Reconcile predecessor no-panic pull request	2026-09-06T23:12:57.3018035Z   Scenario: different labels are cache-isolated for RSA
prepare	Reconcile predecessor no-panic pull request	2026-09-06T23:12:57.3018388Z    ✔  Given a deterministic factory seeded with "cache-miss-label-rsa"
prepare	Reconcile predecessor no-panic pull request	2026-09-06T23:12:57.3018763Z    ✔  When I generate an RSA key for label "label-alpha"
prepare	Reconcile predecessor no-panic pull request	2026-09-06T23:12:57.3019106Z    ✔  And I generate another RSA key for label "label-beta"
prepare	Reconcile predecessor no-panic pull request	2026-09-06T23:12:57.3019425Z    ✔  Then the keys should have different moduli
prepare	Reconcile predecessor no-panic pull request	2026-09-06T23:12:57.3019733Z   Scenario: different labels are cache-isolated for ECDSA
prepare	Reconcile predecessor no-panic pull request	2026-09-06T23:12:57.3020240Z    ✔  Given a deterministic factory seeded with "cache-miss-label-ecdsa"
prepare	Reconcile predecessor no-panic pull request	2026-09-06T23:12:57.3020683Z    ✔  When I generate an ECDSA ES256 key for label "label-alpha"
prepare	Reconcile predecessor no-panic pull request	2026-09-06T23:12:57.3021061Z    ✔  And I generate another ECDSA ES256 key for label "label-beta"
prepare	Reconcile predecessor no-panic pull request	2026-09-06T23:12:57.3021413Z    ✔  Then the ECDSA keys should have different public keys
prepare	Reconcile predecessor no-panic pull request	2026-09-06T23:12:57.3021759Z   Scenario: same label different HMAC specs produce different secrets
prepare	Reconcile predecessor no-panic pull request	2026-09-06T23:12:57.3022229Z    ✔  Given a deterministic factory seeded with "cache-miss-spec-hmac"
prepare	Reconcile predecessor no-panic pull request	2026-09-06T23:12:57.3022625Z    ✔  When I generate an HMAC HS256 secret for label "shared-hmac"
prepare	Reconcile predecessor no-panic pull request	2026-09-06T23:12:57.3023014Z    ✔  And I generate another HMAC HS384 secret for label "shared-hmac"
prepare	Reconcile predecessor no-panic pull request	2026-09-06T23:12:57.3023377Z    ✔  Then the HMAC secrets should be different
prepare	Reconcile predecessor no-panic pull request	2026-09-06T23:12:57.3023709Z   Scenario: cache clear followed by re-derive gives identical RSA key
prepare	Reconcile predecessor no-panic pull request	2026-09-06T23:12:57.3024085Z    ✔  Given a deterministic factory seeded with "cache-clear-rsa"
prepare	Reconcile predecessor no-panic pull request	2026-09-06T23:12:57.3024436Z    ✔  When I generate an RSA key for label "clear-test"
prepare	Reconcile predecessor no-panic pull request	2026-09-06T23:12:57.3024817Z    ✔  And I clear the factory cache
prepare	Reconcile predecessor no-panic pull request	2026-09-06T23:12:57.3025106Z    ✔  And I generate an RSA key for label "clear-test" again
prepare	Reconcile predecessor no-panic pull request	2026-09-06T23:12:57.3025451Z    ✔  Then the PKCS8 PEM should be identical
prepare	Reconcile predecessor no-panic pull request	2026-09-06T23:12:57.3025766Z   Scenario: cache clear followed by re-derive gives identical HMAC secret
prepare	Reconcile predecessor no-panic pull request	2026-09-06T23:12:57.3026203Z    ✔  Given a deterministic factory seeded with "cache-clear-hmac"
prepare	Reconcile predecessor no-panic pull request	2026-09-06T23:12:57.3026570Z    ✔  When I generate an HMAC HS256 secret for label "clear-hmac"
prepare	Reconcile predecessor no-panic pull request	2026-09-06T23:12:57.3026870Z    ✔  And I clear the factory cache
prepare	Reconcile predecessor no-panic pull request	2026-09-06T23:12:57.3027212Z    ✔  And I generate an HMAC HS256 secret for label "clear-hmac" again
prepare	Reconcile predecessor no-panic pull request	2026-09-06T23:12:57.3027550Z    ✔  Then the HMAC secrets should be identical
prepare	Reconcile predecessor no-panic pull request	2026-09-06T23:12:57.3027858Z   Scenario: cache clear followed by re-derive gives identical token
prepare	Reconcile predecessor no-panic pull request	2026-09-06T23:12:57.3028259Z    ✔  Given a deterministic factory seeded with "cache-clear-token"
prepare	Reconcile predecessor no-panic pull request	2026-09-06T23:12:57.3028619Z    ✔  When I generate an API key token for label "clear-token"
prepare	Reconcile predecessor no-panic pull request	2026-09-06T23:12:57.3029708Z    ✔  And I clear the factory cache
prepare	Reconcile predecessor no-panic pull request	2026-09-06T23:12:57.3030020Z    ✔  And I generate an API key token for label "clear-token" again
prepare	Reconcile predecessor no-panic pull request	2026-09-06T23:12:57.3030512Z    ✔  Then the token values should be identical
prepare	Reconcile predecessor no-panic pull request	2026-09-06T23:12:57.3030857Z   Scenario: new factory instance gets cache miss but same deterministic value
prepare	Reconcile predecessor no-panic pull request	2026-09-06T23:12:57.3031261Z    ✔  Given a deterministic factory seeded with "cache-new-factory"
prepare	Reconcile predecessor no-panic pull request	2026-09-06T23:12:57.3031627Z    ✔  When I generate an RSA key for label "new-factory-test"
prepare	Reconcile predecessor no-panic pull request	2026-09-06T23:12:57.3032006Z    ✔  And I switch to a deterministic factory seeded with "cache-new-factory"
prepare	Reconcile predecessor no-panic pull request	2026-09-06T23:12:57.3032490Z    ✔  And I generate an RSA key for label "new-factory-test" again
prepare	Reconcile predecessor no-panic pull request	2026-09-06T23:12:57.3032826Z    ✔  Then the PKCS8 PEM should be identical
prepare	Reconcile predecessor no-panic pull request	2026-09-06T23:12:57.3033097Z   Scenario: random factory caches within session
prepare	Reconcile predecessor no-panic pull request	2026-09-06T23:12:57.3033399Z    ✔  Given a random factory
prepare	Reconcile predecessor no-panic pull request	2026-09-06T23:12:57.3033700Z    ✔  When I generate an RSA key for label "random-cached"
prepare	Reconcile predecessor no-panic pull request	2026-09-06T23:12:57.3034051Z    ✔  And I generate an RSA key for label "random-cached" again
prepare	Reconcile predecessor no-panic pull request	2026-09-06T23:12:57.3034390Z    ✔  Then the PKCS8 PEM should be identical
prepare	Reconcile predecessor no-panic pull request	2026-09-06T23:12:57.3034685Z   Scenario: random factory cache clear produces different key
prepare	Reconcile predecessor no-panic pull request	2026-09-06T23:12:57.3034995Z    ✔  Given a random factory
prepare	Reconcile predecessor no-panic pull request	2026-09-06T23:12:57.3035329Z    ✔  When I generate an RSA key for label "random-clear"
prepare	Reconcile predecessor no-panic pull request	2026-09-06T23:12:57.3035675Z    ✔  And I clear the factory cache
prepare	Reconcile predecessor no-panic pull request	2026-09-06T23:12:57.3036016Z    ✔  And I generate an RSA key for label "random-clear" again
prepare	Reconcile predecessor no-panic pull request	2026-09-06T23:12:57.3036330Z    ✔  Then the PKCS8 PEM should differ
prepare	Reconcile predecessor no-panic pull request	2026-09-06T23:12:57.3036612Z   Scenario: Ed25519 cache hit returns identical key material
prepare	Reconcile predecessor no-panic pull request	2026-09-06T23:12:57.3036984Z    ✔  Given a deterministic factory seeded with "cache-hit-ed25519"
prepare	Reconcile predecessor no-panic pull request	2026-09-06T23:12:57.3037357Z    ✔  When I generate an Ed25519 key for label "cached-ed25519"
prepare	Reconcile predecessor no-panic pull request	2026-09-06T23:12:57.3037734Z    ✔  And I generate an Ed25519 key for label "cached-ed25519" again
prepare	Reconcile predecessor no-panic pull request	2026-09-06T23:12:57.3038108Z    ✔  Then the Ed25519 PKCS8 PEM should be identical
prepare	Reconcile predecessor no-panic pull request	2026-09-06T23:12:57.3038410Z   Scenario: different labels are cache-isolated for Ed25519
prepare	Reconcile predecessor no-panic pull request	2026-09-06T23:12:57.3038810Z    ✔  Given a deterministic factory seeded with "cache-miss-label-ed25519"
prepare	Reconcile predecessor no-panic pull request	2026-09-06T23:12:57.3039210Z    ✔  When I generate an Ed25519 key for label "label-alpha"
prepare	Reconcile predecessor no-panic pull request	2026-09-06T23:12:57.3039649Z    ✔  And I generate another Ed25519 key for label "label-beta"
prepare	Reconcile predecessor no-panic pull request	2026-09-06T23:12:57.3039995Z    ✔  Then the Ed25519 keys should have different public keys
prepare	Reconcile predecessor no-panic pull request	2026-09-06T23:12:57.3040485Z   Scenario: cache clear followed by re-derive gives identical ECDSA key
prepare	Reconcile predecessor no-panic pull request	2026-09-06T23:12:57.3040910Z    ✔  Given a deterministic factory seeded with "cache-clear-ecdsa"
prepare	Reconcile predecessor no-panic pull request	2026-09-06T23:12:57.3041322Z    ✔  When I generate an ECDSA ES256 key for label "clear-ecdsa"
prepare	Reconcile predecessor no-panic pull request	2026-09-06T23:12:57.3041648Z    ✔  And I clear the factory cache
prepare	Reconcile predecessor no-panic pull request	2026-09-06T23:12:57.3041973Z    ✔  And I generate an ECDSA ES256 key for label "clear-ecdsa" again
prepare	Reconcile predecessor no-panic pull request	2026-09-06T23:12:57.3042368Z    ✔  Then the ECDSA PKCS8 PEM should be identical
prepare	Reconcile predecessor no-panic pull request	2026-09-06T23:12:57.3042733Z   Scenario: cache clear followed by re-derive gives identical Ed25519 key
prepare	Reconcile predecessor no-panic pull request	2026-09-06T23:12:57.3043125Z    ✔  Given a deterministic factory seeded with "cache-clear-ed25519"
prepare	Reconcile predecessor no-panic pull request	2026-09-06T23:12:57.3043540Z    ✔  When I generate an Ed25519 key for label "clear-ed25519"
prepare	Reconcile predecessor no-panic pull request	2026-09-06T23:12:57.3043867Z    ✔  And I clear the factory cache
prepare	Reconcile predecessor no-panic pull request	2026-09-06T23:12:57.3044195Z    ✔  And I generate an Ed25519 key for label "clear-ed25519" again
prepare	Reconcile predecessor no-panic pull request	2026-09-06T23:12:57.3044567Z    ✔  Then the Ed25519 PKCS8 PEM should be identical
prepare	Reconcile predecessor no-panic pull request	2026-09-06T23:12:57.3044891Z   Scenario: generating one key type does not invalidate another in cache
prepare	Reconcile predecessor no-panic pull request	2026-09-06T23:12:57.3045303Z    ✔  Given a deterministic factory seeded with "cache-cross-type-isolation"
prepare	Reconcile predecessor no-panic pull request	2026-09-06T23:12:57.3045685Z    ✔  When I generate an RSA key for label "rsa-stable"
prepare	Reconcile predecessor no-panic pull request	2026-09-06T23:12:57.3046025Z    ✔  And I generate an ECDSA ES256 key for label "ecdsa-stable"
prepare	Reconcile predecessor no-panic pull request	2026-09-06T23:12:57.3046414Z    ✔  And I generate an Ed25519 key for label "ed25519-stable"
prepare	Reconcile predecessor no-panic pull request	2026-09-06T23:12:57.3046755Z    ✔  And I generate an RSA key for label "rsa-stable" again
prepare	Reconcile predecessor no-panic pull request	2026-09-06T23:12:57.3047154Z    ✔  Then the PKCS8 PEM should be identical
prepare	Reconcile predecessor no-panic pull request	2026-09-06T23:12:57.3047480Z   Scenario: cache clear followed by re-derive gives identical bearer token
prepare	Reconcile predecessor no-panic pull request	2026-09-06T23:12:57.3047872Z    ✔  Given a deterministic factory seeded with "cache-clear-bearer"
prepare	Reconcile predecessor no-panic pull request	2026-09-06T23:12:57.3048270Z    ✔  When I generate a bearer token for label "clear-bearer"
prepare	Reconcile predecessor no-panic pull request	2026-09-06T23:12:57.3048572Z    ✔  And I clear the factory cache
prepare	Reconcile predecessor no-panic pull request	2026-09-06T23:12:57.3048871Z    ✔  And I generate a bearer token for label "clear-bearer" again
prepare	Reconcile predecessor no-panic pull request	2026-09-06T23:12:57.3049221Z    ✔  Then the token values should be identical
prepare	Reconcile predecessor no-panic pull request	2026-09-06T23:12:57.3049540Z   Scenario: cache clear followed by re-derive gives identical OAuth token
prepare	Reconcile predecessor no-panic pull request	2026-09-06T23:12:57.3049985Z    ✔  Given a deterministic factory seeded with "cache-clear-oauth"
prepare	Reconcile predecessor no-panic pull request	2026-09-06T23:12:57.3050588Z    ✔  When I generate an OAuth access token for label "clear-oauth"
prepare	Reconcile predecessor no-panic pull request	2026-09-06T23:12:57.3050893Z    ✔  And I clear the factory cache
prepare	Reconcile predecessor no-panic pull request	2026-09-06T23:12:57.3051243Z    ✔  And I generate an OAuth access token for label "clear-oauth" again
prepare	Reconcile predecessor no-panic pull request	2026-09-06T23:12:57.3051580Z    ✔  Then the token values should be identical
prepare	Reconcile predecessor no-panic pull request	2026-09-06T23:12:57.3051866Z Feature: X.509 certificate chain fixtures
prepare	Reconcile predecessor no-panic pull request	2026-09-06T23:12:57.3052168Z   Scenario: deterministic certificate chains are stable
prepare	Reconcile predecessor no-panic pull request	2026-09-06T23:12:57.3052639Z    ✔  Given a deterministic factory seeded with "0x0000000000000000000000000000000000000000000000000000000000000042"
prepare	Reconcile predecessor no-panic pull request	2026-09-06T23:12:57.3053211Z    ✔  When I generate a certificate chain for domain "test.example.com" with label "chain-server"
prepare	Reconcile predecessor no-panic pull request	2026-09-06T23:12:57.3053771Z    ✔  And I generate a certificate chain for domain "test.example.com" with label "chain-server" again
prepare	Reconcile predecessor no-panic pull request	2026-09-06T23:12:57.3054222Z    ✔  Then the leaf certificate PEM should be identical
prepare	Reconcile predecessor no-panic pull request	2026-09-06T23:12:57.3054576Z    ✔  And the intermediate certificate PEM should be identical
prepare	Reconcile predecessor no-panic pull request	2026-09-06T23:12:57.3054922Z    ✔  And the root certificate PEM should be identical
prepare	Reconcile predecessor no-panic pull request	2026-09-06T23:12:57.3055244Z   Scenario: certificate chain derivation survives cache clear
prepare	Reconcile predecessor no-panic pull request	2026-09-06T23:12:57.3055612Z    ✔  Given a deterministic factory seeded with "chain-seed-alpha"
prepare	Reconcile predecessor no-panic pull request	2026-09-06T23:12:57.3056091Z    ✔  When I generate a certificate chain for domain "api.example.com" with label "first-chain"
prepare	Reconcile predecessor no-panic pull request	2026-09-06T23:12:57.3056576Z    ✔  And I clear the factory cache
prepare	Reconcile predecessor no-panic pull request	2026-09-06T23:12:57.3056969Z    ✔  And I generate a certificate chain for domain "api.example.com" with label "first-chain" again
prepare	Reconcile predecessor no-panic pull request	2026-09-06T23:12:57.3057404Z    ✔  Then the leaf certificate PEM should be identical
prepare	Reconcile predecessor no-panic pull request	2026-09-06T23:12:57.3057725Z   Scenario: different labels produce different certificate chains
prepare	Reconcile predecessor no-panic pull request	2026-09-06T23:12:57.3058254Z    ✔  Given a deterministic factory seeded with "0xdeadbeefdeadbeefdeadbeefdeadbeefdeadbeefdeadbeefdeadbeefdeadbeef"
prepare	Reconcile predecessor no-panic pull request	2026-09-06T23:12:57.3058848Z    ✔  When I generate a certificate chain for domain "test.example.com" with label "chain-a"
prepare	Reconcile predecessor no-panic pull request	2026-09-06T23:12:57.3059398Z    ✔  And I generate another certificate chain for domain "test.example.com" with label "chain-b"
prepare	Reconcile predecessor no-panic pull request	2026-09-06T23:12:57.3059852Z    ✔  Then the leaf certificates should have different DER
prepare	Reconcile predecessor no-panic pull request	2026-09-06T23:12:57.3061756Z    ✔  And the root certificates should have different DER
prepare	Reconcile predecessor no-panic pull request	2026-09-06T23:12:57.3062056Z   Scenario: certificate chain contains three certificates
prepare	Reconcile predecessor no-panic pull request	2026-09-06T23:12:57.3062446Z    ✔  Given a deterministic factory seeded with "structure-test"
prepare	Reconcile predecessor no-panic pull request	2026-09-06T23:12:57.3062872Z    ✔  When I generate a certificate chain for domain "test.example.com" with label "three-tier"
prepare	Reconcile predecessor no-panic pull request	2026-09-06T23:12:57.3063296Z    ✔  Then the certificate chain should have a leaf certificate
prepare	Reconcile predecessor no-panic pull request	2026-09-06T23:12:57.3063692Z    ✔  And the certificate chain should have an intermediate certificate
prepare	Reconcile predecessor no-panic pull request	2026-09-06T23:12:57.3064080Z    ✔  And the certificate chain should have a root certificate
prepare	Reconcile predecessor no-panic pull request	2026-09-06T23:12:57.3064431Z   Scenario: certificate chain PEM contains leaf and intermediate
prepare	Reconcile predecessor no-panic pull request	2026-09-06T23:12:57.3064795Z    ✔  Given a deterministic factory seeded with "pem-test"
prepare	Reconcile predecessor no-panic pull request	2026-09-06T23:12:57.3065214Z    ✔  When I generate a certificate chain for domain "test.example.com" with label "pem-check"
prepare	Reconcile predecessor no-panic pull request	2026-09-06T23:12:57.3065694Z    ✔  Then the chain PEM should contain 2 "-----BEGIN CERTIFICATE-----" markers
prepare	Reconcile predecessor no-panic pull request	2026-09-06T23:12:57.3066042Z   Scenario: certificate chain components are different
prepare	Reconcile predecessor no-panic pull request	2026-09-06T23:12:57.3066403Z    ✔  Given a deterministic factory seeded with "different-test"
prepare	Reconcile predecessor no-panic pull request	2026-09-06T23:12:57.3066820Z    ✔  When I generate a certificate chain for domain "test.example.com" with label "diff-check"
prepare	Reconcile predecessor no-panic pull request	2026-09-06T23:12:57.3067311Z    ✔  Then the leaf certificate DER should differ from the intermediate certificate DER
prepare	Reconcile predecessor no-panic pull request	2026-09-06T23:12:57.3067785Z    ✔  And the intermediate certificate DER should differ from the root certificate DER
prepare	Reconcile predecessor no-panic pull request	2026-09-06T23:12:57.3068149Z   Scenario: certificate chain has correct common names
prepare	Reconcile predecessor no-panic pull request	2026-09-06T23:12:57.3068503Z    ✔  Given a deterministic factory seeded with "cn-chain-test"
prepare	Reconcile predecessor no-panic pull request	2026-09-06T23:12:57.3068943Z    ✔  When I generate a certificate chain for domain "myservice.example.com" with label "cn-check"
prepare	Reconcile predecessor no-panic pull request	2026-09-06T23:12:57.3069396Z    ✔  Then the leaf certificate should have common name "myservice.example.com"
prepare	Reconcile predecessor no-panic pull request	2026-09-06T23:12:57.3069828Z    ✔  And the intermediate certificate should have a common name
prepare	Reconcile predecessor no-panic pull request	2026-09-06T23:12:57.3070352Z    ✔  And the root certificate should have a common name
prepare	Reconcile predecessor no-panic pull request	2026-09-06T23:12:57.3070689Z   Scenario: certificate chain supports multiple SANs
prepare	Reconcile predecessor no-panic pull request	2026-09-06T23:12:57.3071040Z    ✔  Given a deterministic factory seeded with "san-chain-test"
prepare	Reconcile predecessor no-panic pull request	2026-09-06T23:12:57.3071449Z    ✔  When I generate a certificate chain for domain "test.example.com" with label "san-check"
prepare	Reconcile predecessor no-panic pull request	2026-09-06T23:12:57.3071900Z    ✔  And I add SAN "localhost" to the certificate chain
prepare	Reconcile predecessor no-panic pull request	2026-09-06T23:12:57.3072229Z    ✔  And I add SAN "127.0.0.1" to the certificate chain
prepare	Reconcile predecessor no-panic pull request	2026-09-06T23:12:57.3072577Z    ✔  Then the leaf certificate should contain SAN "test.example.com"
prepare	Reconcile predecessor no-panic pull request	2026-09-06T23:12:57.3072959Z    ✔  And the leaf certificate should contain SAN "localhost"
prepare	Reconcile predecessor no-panic pull request	2026-09-06T23:12:57.3073315Z    ✔  And the leaf certificate should contain SAN "127.0.0.1"
prepare	Reconcile predecessor no-panic pull request	2026-09-06T23:12:57.3872503Z   Scenario: certificate chain has matching private key
prepare	Reconcile predecessor no-panic pull request	2026-09-06T23:12:57.3873139Z    ✔  Given a deterministic factory seeded with "key-match-test"
prepare	Reconcile predecessor no-panic pull request	2026-09-06T23:12:57.3873885Z    ✔  When I generate a certificate chain for domain "test.example.com" with label "key-check"
prepare	Reconcile predecessor no-panic pull request	2026-09-06T23:12:57.3874602Z    ✔  Then the leaf private key should be a valid PKCS#8 key
prepare	Reconcile predecessor no-panic pull request	2026-09-06T23:12:57.3874952Z    ✔  And the leaf private key should match the leaf certificate
prepare	Reconcile predecessor no-panic pull request	2026-09-06T23:12:57.3875569Z   Scenario: certificate chain writes to tempfiles
prepare	Reconcile predecessor no-panic pull request	2026-09-06T23:12:57.3875924Z    ✔  Given a deterministic factory seeded with "tempfile-chain-test"
prepare	Reconcile predecessor no-panic pull request	2026-09-06T23:12:57.3876397Z    ✔  When I generate a certificate chain for domain "test.example.com" with label "temp-chain"
prepare	Reconcile predecessor no-panic pull request	2026-09-06T23:12:57.3876813Z    ✔  And I write the leaf certificate PEM to a tempfile
prepare	Reconcile predecessor no-panic pull request	2026-09-06T23:12:57.3877243Z    ✔  And I write the leaf private key PEM to a tempfile
prepare	Reconcile predecessor no-panic pull request	2026-09-06T23:12:57.3877576Z    ✔  Then the leaf certificate tempfile should exist
prepare	Reconcile predecessor no-panic pull request	2026-09-06T23:12:57.3877901Z    ✔  And the leaf private key tempfile should exist
prepare	Reconcile predecessor no-panic pull request	2026-09-06T23:12:57.3878250Z   Scenario: certificate chain writes chain, full chain, and root tempfiles
prepare	Reconcile predecessor no-panic pull request	2026-09-06T23:12:57.3878704Z    ✔  Given a deterministic factory seeded with "tempfile-chain-extra-test"
prepare	Reconcile predecessor no-panic pull request	2026-09-06T23:12:57.3879205Z    ✔  When I generate a certificate chain for domain "test.example.com" with label "temp-chain-extra"
prepare	Reconcile predecessor no-panic pull request	2026-09-06T23:12:57.3879628Z    ✔  And I write the chain PEM to a tempfile
prepare	Reconcile predecessor no-panic pull request	2026-09-06T23:12:57.3879937Z    ✔  And I write the full chain PEM to a tempfile
prepare	Reconcile predecessor no-panic pull request	2026-09-06T23:12:57.3880569Z    ✔  And I write the root certificate PEM to a tempfile
prepare	Reconcile predecessor no-panic pull request	2026-09-06T23:12:57.3880920Z    ✔  Then the chain tempfile path should end with ".chain.pem"
prepare	Reconcile predecessor no-panic pull request	2026-09-06T23:12:57.3881315Z    ✔  And the full chain tempfile path should end with ".fullchain.pem"
prepare	Reconcile predecessor no-panic pull request	2026-09-06T23:12:57.3881789Z    ✔  And the root certificate tempfile path should end with ".root.crt.pem"
prepare	Reconcile predecessor no-panic pull request	2026-09-06T23:12:57.5579506Z    ✔  And reading the chain tempfile should match the chain PEM
prepare	Reconcile predecessor no-panic pull request	2026-09-06T23:12:57.5661392Z    ✔  And reading the full chain tempfile should match the full chain PEM
prepare	Reconcile predecessor no-panic pull request	2026-09-06T23:12:58.3396020Z    ✔  And reading the root certificate tempfile should match the root certificate PEM
prepare	Reconcile predecessor no-panic pull request	2026-09-06T23:13:02.4760336Z   Scenario: expired intermediate CA chain variant
prepare	Reconcile predecessor no-panic pull request	2026-09-06T23:13:02.4761555Z    ✔  Given a deterministic factory seeded with "expired-intermediate-test"
prepare	Reconcile predecessor no-panic pull request	2026-09-06T23:13:02.4762282Z    ✔  When I generate a certificate chain for domain "test.example.com" with label "exp-int-check"
prepare	Reconcile predecessor no-panic pull request	2026-09-06T23:13:02.4762997Z    ✔  And I get the expired intermediate variant of the certificate chain
prepare	Reconcile predecessor no-panic pull request	2026-09-06T23:13:02.4763699Z    ✔  Then the expired intermediate certificate should have not_after in the past
prepare	Reconcile predecessor no-panic pull request	2026-09-06T23:13:02.4764202Z   Scenario: unknown CA chain variant
prepare	Reconcile predecessor no-panic pull request	2026-09-06T23:13:02.4764781Z    ✔  Given a deterministic factory seeded with "unknown-ca-test"
prepare	Reconcile predecessor no-panic pull request	2026-09-06T23:13:02.4765462Z    ✔  When I generate a certificate chain for domain "test.example.com" with label "unknown-check"
prepare	Reconcile predecessor no-panic pull request	2026-09-06T23:13:02.4766128Z    ✔  And I get the unknown CA variant of the certificate chain
prepare	Reconcile predecessor no-panic pull request	2026-09-06T23:13:02.4766684Z    ✔  Then the chain root should differ from the original root
prepare	Reconcile predecessor no-panic pull request	2026-09-06T23:13:02.4767149Z   Scenario: revoked chain writes CRL tempfiles
prepare	Reconcile predecessor no-panic pull request	2026-09-06T23:13:02.4767684Z    ✔  Given a deterministic factory seeded with "crl-tempfile-test"
prepare	Reconcile predecessor no-panic pull request	2026-09-06T23:13:02.4768387Z    ✔  When I generate a certificate chain for domain "test.example.com" with label "revoked-crl-files"
prepare	Reconcile predecessor no-panic pull request	2026-09-06T23:13:02.4769009Z    ✔  And I get the revoked leaf variant of the certificate chain
prepare	Reconcile predecessor no-panic pull request	2026-09-06T23:13:02.4769607Z    ✔  And I write the revoked chain CRL PEM to a tempfile
prepare	Reconcile predecessor no-panic pull request	2026-09-06T23:13:02.4770236Z    ✔  And I write the revoked chain CRL DER to a tempfile
prepare	Reconcile predecessor no-panic pull request	2026-09-06T23:13:02.4770799Z    ✔  Then the CRL PEM tempfile path should end with ".crl.pem"
prepare	Reconcile predecessor no-panic pull request	2026-09-06T23:13:02.4771330Z    ✔  And the CRL DER tempfile path should end with ".crl.der"
prepare	Reconcile predecessor no-panic pull request	2026-09-06T23:13:02.4771843Z    ✔  And the CRL PEM tempfile should contain "BEGIN X509 CRL"
prepare	Reconcile predecessor no-panic pull request	2026-09-06T23:13:02.4772406Z    ✔  And the CRL DER tempfile should be parseable as a CRL
prepare	Reconcile predecessor no-panic pull request	2026-09-06T23:13:03.6108039Z Feature: Core factory determinism and cache behavior
prepare	Reconcile predecessor no-panic pull request	2026-09-06T23:13:03.6109112Z   Scenario: deterministic cache values are stable
prepare	Reconcile predecessor no-panic pull request	2026-09-06T23:13:03.6109968Z    ✔  Given a deterministic factory seeded with "core-factory-seed-1"
prepare	Reconcile predecessor no-panic pull request	2026-09-06T23:13:03.6110968Z    ✔  When I request a core-factory u64 value for domain "core-factory", label "label-a", spec "factory-spec", variant "default"
prepare	Reconcile predecessor no-panic pull request	2026-09-06T23:13:03.6112039Z    ✔  And I request a core-factory u64 value for domain "core-factory", label "label-a", spec "factory-spec", variant "default"
prepare	Reconcile predecessor no-panic pull request	2026-09-06T23:13:03.6112749Z    ✔  Then the first and second core-factory values should match
prepare	Reconcile predecessor no-panic pull request	2026-09-06T23:13:03.6113460Z   Scenario: clearing the cache preserves deterministic values
prepare	Reconcile predecessor no-panic pull request	2026-09-06T23:13:03.6114065Z    ✔  Given a deterministic factory seeded with "core-factory-seed-2"
prepare	Reconcile predecessor no-panic pull request	2026-09-06T23:13:03.6114865Z    ✔  When I request a core-factory u64 value for domain "core-factory", label "label-b", spec "factory-spec", variant "default"
prepare	Reconcile predecessor no-panic pull request	2026-09-06T23:13:03.6115574Z    ✔  And I clear the factory cache
prepare	Reconcile predecessor no-panic pull request	2026-09-06T23:13:03.6116286Z    ✔  And I request a core-factory u64 value for domain "core-factory", label "label-b", spec "factory-spec", variant "default"
prepare	Reconcile predecessor no-panic pull request	2026-09-06T23:13:03.6117051Z    ✔  Then the first and second core-factory values should match
prepare	Reconcile predecessor no-panic pull request	2026-09-06T23:13:03.6117595Z   Scenario: random mode keeps stable cache values within a process
prepare	Reconcile predecessor no-panic pull request	2026-09-06T23:13:03.6118064Z    ✔  Given a random factory
prepare	Reconcile predecessor no-panic pull request	2026-09-06T23:13:03.6118779Z    ✔  When I request a core-factory u64 value for domain "core-factory", label "label-c", spec "factory-spec", variant "default"
prepare	Reconcile predecessor no-panic pull request	2026-09-06T23:13:03.6119741Z    ✔  And I request a core-factory u64 value for domain "core-factory", label "label-c", spec "factory-spec", variant "default"
prepare	Reconcile predecessor no-panic pull request	2026-09-06T23:13:03.6120606Z    ✔  Then the first and second core-factory values should match
prepare	Reconcile predecessor no-panic pull request	2026-09-06T23:13:03.6121147Z   Scenario: mismatched value types are rejected
prepare	Reconcile predecessor no-panic pull request	2026-09-06T23:13:03.6121554Z    ✔  Given a random factory
prepare	Reconcile predecessor no-panic pull request	2026-09-06T23:13:03.6122249Z    ✔  When I request a core-factory u32 value for domain "core-factory", label "label-type", spec "factory-spec", variant "default"
prepare	Reconcile predecessor no-panic pull request	2026-09-06T23:13:03.6123319Z    ✔  And I request a mismatched core-factory value for domain "core-factory", label "label-type", spec "factory-spec", variant "default"
prepare	Reconcile predecessor no-panic pull request	2026-09-06T23:13:03.6124045Z    ✔  Then a core-factory type mismatch should panic
prepare	Reconcile predecessor no-panic pull request	2026-09-06T23:13:03.6124503Z Feature: Core ID derivation primitives
prepare	Reconcile predecessor no-panic pull request	2026-09-06T23:13:03.6124945Z   Scenario: deterministic derivation is stable for identical inputs
prepare	Reconcile predecessor no-panic pull request	2026-09-06T23:13:03.6125507Z    ✔> Given a core-id master seed "uselesskey-core-id-example"
prepare	Reconcile predecessor no-panic pull request	2026-09-06T23:13:03.6126305Z    ✔  When I derive a core-id seed with domain "uselesskey:rsa:keypair", label "entity", spec "fixture-spec", variant "v1"
prepare	Reconcile predecessor no-panic pull request	2026-09-06T23:13:03.6127241Z    ✔  When I derive a core-id seed with domain "uselesskey:rsa:keypair", label "entity", spec "fixture-spec", variant "v1"
prepare	Reconcile predecessor no-panic pull request	2026-09-06T23:13:03.6128008Z    ✔  Then the first and second derived core-id seeds should be identical
prepare	Reconcile predecessor no-panic pull request	2026-09-06T23:13:03.6128489Z   Scenario: domain and variant changes alter output
prepare	Reconcile predecessor no-panic pull request	2026-09-06T23:13:03.6129001Z    ✔> Given a core-id master seed "uselesskey-core-id-example"
prepare	Reconcile predecessor no-panic pull request	2026-09-06T23:13:03.6129752Z    ✔  When I derive a core-id seed with domain "uselesskey:rsa:keypair", label "entity", spec "fixture-spec", variant "v1"
prepare	Reconcile predecessor no-panic pull request	2026-09-06T23:13:03.6130803Z    ✔  And I derive a core-id seed with domain "uselesskey:rsa:keypair", label "entity", spec "fixture-spec", variant "v2"
prepare	Reconcile predecessor no-panic pull request	2026-09-06T23:13:03.6131589Z    ✔  Then the first and second derived core-id seeds should be different
prepare	Reconcile predecessor no-panic pull request	2026-09-06T23:13:03.6132048Z   Scenario: seed debug output is redacted
prepare	Reconcile predecessor no-panic pull request	2026-09-06T23:13:03.6132524Z    ✔> Given a core-id master seed "uselesskey-core-id-example"
prepare	Reconcile predecessor no-panic pull request	2026-09-06T23:13:03.6133105Z    ✔  Then the core-id master seed should be redacted in debug output
prepare	Reconcile predecessor no-panic pull request	2026-09-06T23:13:03.6133616Z   Scenario: hash helper is deterministic for stable input
prepare	Reconcile predecessor no-panic pull request	2026-09-06T23:13:03.6134143Z    ✔> Given a core-id master seed "uselesskey-core-id-example"
prepare	Reconcile predecessor no-panic pull request	2026-09-06T23:13:03.6134733Z    ✔  Then core-id hash32 should be deterministic for input "fixture-core-hash"
prepare	Reconcile predecessor no-panic pull request	2026-09-06T23:13:03.6135437Z   Scenario: length-prefixed hashing keeps boundaries unambiguous
prepare	Reconcile predecessor no-panic pull request	2026-09-06T23:13:03.6136001Z    ✔> Given a core-id master seed "uselesskey-core-id-example"
prepare	Reconcile predecessor no-panic pull request	2026-09-06T23:13:03.6136615Z    ✔  Then core-id length-prefixed hashing should distinguish split boundaries
prepare	Reconcile predecessor no-panic pull request	2026-09-06T23:13:03.6137123Z Feature: Core keypair material primitives
prepare	Reconcile predecessor no-panic pull request	2026-09-06T23:13:03.6137509Z   Scenario: deterministic corruption is stable
prepare	Reconcile predecessor no-panic pull request	2026-09-06T23:13:03.6138103Z    ✔> Given I have a sample PKCS8/SPKI fixture for core-keypair
prepare	Reconcile predecessor no-panic pull request	2026-09-06T23:13:03.6138925Z    ✔  When I deterministically core-keypair corrupt PKCS8 PEM with variant "core-keypair-v1"
prepare	Reconcile predecessor no-panic pull request	2026-09-06T23:13:03.6139749Z    ✔  And I deterministically core-keypair corrupt PKCS8 PEM with variant "core-keypair-v1" again
prepare	Reconcile predecessor no-panic pull request	2026-09-06T23:13:03.6140625Z    ✔  Then the deterministic text artifacts should be identical
prepare	Reconcile predecessor no-panic pull request	2026-09-06T23:13:03.6141205Z    ✔  And the core-keypair deterministic PEM should differ from the original
prepare	Reconcile predecessor no-panic pull request	2026-09-06T23:13:03.6141706Z   Scenario: DER truncation respects requested length
prepare	Reconcile predecessor no-panic pull request	2026-09-06T23:13:03.6142258Z    ✔> Given I have a sample PKCS8/SPKI fixture for core-keypair
prepare	Reconcile predecessor no-panic pull request	2026-09-06T23:13:03.6142771Z    ✔  When I truncate the core-keypair PKCS8 DER to 3 bytes
prepare	Reconcile predecessor no-panic pull request	2026-09-06T23:13:03.6143315Z    ✔  Then the truncated DER should have length 3
prepare	Reconcile predecessor no-panic pull request	2026-09-06T23:13:03.6143761Z   Scenario: key IDs and tempfile outputs are stable and usable
prepare	Reconcile predecessor no-panic pull request	2026-09-06T23:13:03.6144283Z    ✔> Given I have a sample PKCS8/SPKI fixture for core-keypair
prepare	Reconcile predecessor no-panic pull request	2026-09-06T23:13:03.6144796Z    ✔  When I derive a core-keypair kid
prepare	Reconcile predecessor no-panic pull request	2026-09-06T23:13:03.6145204Z    ✔  And I derive a core-keypair kid
prepare	Reconcile predecessor no-panic pull request	2026-09-06T23:13:03.6145644Z    ✔  And I write core-keypair PEM artifacts to tempfiles
prepare	Reconcile predecessor no-panic pull request	2026-09-06T23:13:03.6146178Z    ✔  Then the first and second core-keypair kids should be identical
prepare	Reconcile predecessor no-panic pull request	2026-09-06T23:13:03.6146794Z    ✔  And the core-keypair private and public tempfiles should contain PEM headers
prepare	Reconcile predecessor no-panic pull request	2026-09-06T23:13:03.6147358Z Feature: Core kid derivation primitives
prepare	Reconcile predecessor no-panic pull request	2026-09-06T23:13:03.6147804Z   Scenario: derived core-kid is deterministic for identical bytes
prepare	Reconcile predecessor no-panic pull request	2026-09-06T23:13:03.6148348Z    ✔  When I derive a core-kid from bytes "fixture-public-key"
prepare	Reconcile predecessor no-panic pull request	2026-09-06T23:13:03.6148874Z    ✔  And I derive a core-kid from bytes "fixture-public-key"
prepare	Reconcile predecessor no-panic pull request	2026-09-06T23:13:03.6149407Z    ✔  Then the first and second derived core-kids should be identical
prepare	Reconcile predecessor no-panic pull request	2026-09-06T23:13:03.6149920Z   Scenario: derived core-kid changes when bytes change
prepare	Reconcile predecessor no-panic pull request	2026-09-06T23:13:03.6150522Z    ✔  When I derive a core-kid from bytes "fixture-public-key-a"
prepare	Reconcile predecessor no-panic pull request	2026-09-06T23:13:03.6151044Z    ✔  And I derive a core-kid from bytes "fixture-public-key-b"
prepare	Reconcile predecessor no-panic pull request	2026-09-06T23:13:03.6151653Z    ✔  Then the first and second derived core-kids should be different
prepare	Reconcile predecessor no-panic pull request	2026-09-06T23:13:03.6152156Z   Scenario: derived core-kid supports explicit prefix sizing
prepare	Reconcile predecessor no-panic pull request	2026-09-06T23:13:03.6152762Z    ✔  When I derive a core-kid with prefix 8 from bytes "fixture-public-key"
prepare	Reconcile predecessor no-panic pull request	2026-09-06T23:13:03.6153298Z    ✔  Then the derived core-kid should decode to 8 bytes
prepare	Reconcile predecessor no-panic pull request	2026-09-06T23:13:03.6153703Z Feature: Core negative fixture primitives
prepare	Reconcile predecessor no-panic pull request	2026-09-06T23:13:03.6154190Z   Scenario: PEM can be deterministically corrupted and will fail parsing
prepare	Reconcile predecessor no-panic pull request	2026-09-06T23:13:03.6154733Z    ✔  Given I have a sample PEM fixture for core-negative
prepare	Reconcile predecessor no-panic pull request	2026-09-06T23:13:03.6155321Z    ✔  When I core-negatively corrupt the sample PEM with variant "core-id-v1"
prepare	Reconcile predecessor no-panic pull request	2026-09-06T23:13:03.6155960Z    ✔  Then the deterministic RSA PEM artifact should fail to parse
prepare	Reconcile predecessor no-panic pull request	2026-09-06T23:13:03.6156407Z   Scenario: deterministic PEM corruption is stable
prepare	Reconcile predecessor no-panic pull request	2026-09-06T23:13:03.6156910Z    ✔  Given I have a sample PEM fixture for core-negative
prepare	Reconcile predecessor no-panic pull request	2026-09-06T23:13:03.6157484Z    ✔  When I core-negatively corrupt the sample PEM with variant "core-id-v1"
prepare	Reconcile predecessor no-panic pull request	2026-09-06T23:13:03.6158161Z    ✔  And I core-negatively corrupt the sample PEM with variant "core-id-v1" again
prepare	Reconcile predecessor no-panic pull request	2026-09-06T23:13:03.6158769Z    ✔  Then the deterministic text artifacts should be identical
prepare	Reconcile predecessor no-panic pull request	2026-09-06T23:13:03.6159239Z   Scenario: DER corruption and truncation are malformed
prepare	Reconcile predecessor no-panic pull request	2026-09-06T23:13:03.6159820Z    ✔  Given I have a sample DER fixture for core-negative
prepare	Reconcile predecessor no-panic pull request	2026-09-06T23:13:03.6160490Z    ✔  When I core-negatively truncate a DER sample to 3 bytes
prepare	Reconcile predecessor no-panic pull request	2026-09-06T23:13:03.6160998Z    ✔  Then the truncated DER should have length 3
prepare	Reconcile predecessor no-panic pull request	2026-09-06T23:13:03.6161452Z    ✔  And the truncated DER should fail to parse
prepare	Reconcile predecessor no-panic pull request	2026-09-06T23:13:03.6161843Z Feature: Core seed parsing primitives
prepare	Reconcile predecessor no-panic pull request	2026-09-06T23:13:03.6162255Z   Scenario: hex seed with prefix parses to expected bytes
prepare	Reconcile predecessor no-panic pull request	2026-09-06T23:13:03.6162903Z    ✔  Given a core-seed raw value "0x0000000000000000000000000000000000000000000000000000000000000001"
prepare	Reconcile predecessor no-panic pull request	2026-09-06T23:13:03.6163581Z    ✔  Then the core-seed parse should succeed
prepare	Reconcile predecessor no-panic pull request	2026-09-06T23:13:03.6164025Z    ✔  And the core-seed last byte should be 1
prepare	Reconcile predecessor no-panic pull request	2026-09-06T23:13:03.6164462Z   Scenario: invalid 64-char hex reports a parse error
prepare	Reconcile predecessor no-panic pull request	2026-09-06T23:13:03.6165101Z    ✔  Given a core-seed raw value "gg00000000000000000000000000000000000000000000000000000000000000"
prepare	Reconcile predecessor no-panic pull request	2026-09-06T23:13:03.6165702Z    ✔  Then the core-seed parse should fail
prepare	Reconcile predecessor no-panic pull request	2026-09-06T23:13:03.6166149Z    ✔  And the core-seed error should contain "invalid hex char"
prepare	Reconcile predecessor no-panic pull request	2026-09-06T23:13:03.6166614Z   Scenario: debug output redacts seed material
prepare	Reconcile predecessor no-panic pull request	2026-09-06T23:13:03.6167078Z    ✔  Given a core-seed raw value "seed-redaction-check"
prepare	Reconcile predecessor no-panic pull request	2026-09-06T23:13:03.6167526Z    ✔  Then the core-seed parse should succeed
prepare	Reconcile predecessor no-panic pull request	2026-09-06T23:13:03.6168002Z    ✔  And the core-seed debug output should be redacted
prepare	Reconcile predecessor no-panic pull request	2026-09-06T23:13:03.6168398Z Feature: Core token shape primitives
prepare	Reconcile predecessor no-panic pull request	2026-09-06T23:13:03.6168843Z   Scenario: API key shape generation is deterministic
prepare	Reconcile predecessor no-panic pull request	2026-09-06T23:13:03.6169417Z    ✔  When I generate a core token-shape API key with seed "core-token-shape-001"
prepare	Reconcile predecessor no-panic pull request	2026-09-06T23:13:03.6170069Z    ✔  And I generate a core token-shape API key with seed "core-token-shape-001"
prepare	Reconcile predecessor no-panic pull request	2026-09-06T23:13:03.6170798Z    ✔  Then the first and second core token-shape values should be identical
prepare	Reconcile predecessor no-panic pull request	2026-09-06T23:13:03.6171304Z   Scenario: API key shape has expected prefix and length
prepare	Reconcile predecessor no-panic pull request	2026-09-06T23:13:03.6171918Z    ✔  When I generate a core token-shape API key with seed "core-token-shape-prefix"
prepare	Reconcile predecessor no-panic pull request	2026-09-06T23:13:03.6172551Z    ✔  Then the first core token-shape value should start with "uk_test_"
prepare	Reconcile predecessor no-panic pull request	2026-09-06T23:13:03.6173128Z    ✔  And the first core token-shape value should have length 40
prepare	Reconcile predecessor no-panic pull request	2026-09-06T23:13:03.6173654Z   Scenario: token-shape kinds use expected authorization schemes
prepare	Reconcile predecessor no-panic pull request	2026-09-06T23:13:03.6174274Z    ✔  Then the core-token-shape authorization scheme for API key should be "ApiKey"
prepare	Reconcile predecessor no-panic pull request	2026-09-06T23:13:03.6175022Z    ✔  And the core-token-shape authorization scheme for bearer token should be "Bearer"
prepare	Reconcile predecessor no-panic pull request	2026-09-06T23:13:03.6175765Z    ✔  And the core-token-shape authorization scheme for OAuth access token should be "Bearer"
prepare	Reconcile predecessor no-panic pull request	2026-09-06T23:13:03.6176348Z   Scenario: bearer and OAuth token-shape formats are different
prepare	Reconcile predecessor no-panic pull request	2026-09-06T23:13:03.6177018Z    ✔  When I generate a core token-shape bearer token with seed "core-token-shape-kinds"
prepare	Reconcile predecessor no-panic pull request	2026-09-06T23:13:03.6177865Z    ✔  And I generate a core token-shape OAuth access token with seed "core-token-shape-kinds" and subject "tenant-a"
prepare	Reconcile predecessor no-panic pull request	2026-09-06T23:13:03.6178631Z    ✔  Then the first and second core token-shape values should be different
prepare	Reconcile predecessor no-panic pull request	2026-09-06T23:13:03.6179133Z   Scenario: bearer token-shape is base64url encoded bytes
prepare	Reconcile predecessor no-panic pull request	2026-09-06T23:13:03.6179725Z    ✔  When I generate a core token-shape bearer token with seed "core-token-shape-bearer"
prepare	Reconcile predecessor no-panic pull request	2026-09-06T23:13:03.6180491Z    ✔  Then the first core token-shape value should be valid base64url
prepare	Reconcile predecessor no-panic pull request	2026-09-06T23:13:03.6180964Z   Scenario: OAuth token-shape has JWT-style segments
prepare	Reconcile predecessor no-panic pull request	2026-09-06T23:13:03.6181699Z    ✔  When I generate a core token-shape OAuth access token with seed "core-token-shape-oauth" and subject "oauth-subject"
prepare	Reconcile predecessor no-panic pull request	2026-09-06T23:13:03.6182542Z    ✔  Then the first core token-shape value should have three dot-separated segments
prepare	Reconcile predecessor no-panic pull request	2026-09-06T23:13:03.6183028Z Feature: Cross-adapter fixture sharing
prepare	Reconcile predecessor no-panic pull request	2026-09-06T23:13:03.6183467Z   Scenario: same RSA key signs JWT and ring message
prepare	Reconcile predecessor no-panic pull request	2026-09-06T23:13:03.6184074Z    ✔  Given a deterministic factory seeded with "cross-adapter-rsa"
prepare	Reconcile predecessor no-panic pull request	2026-09-06T23:13:03.6184610Z    ✔  When I generate an RSA key for label "cross-rsa"
prepare	Reconcile predecessor no-panic pull request	2026-09-06T23:13:03.6185045Z    ✔  And I sign a JWT with the RSA key
prepare	Reconcile predecessor no-panic pull request	2026-09-06T23:13:03.6185440Z    ✔  Then the JWT should be valid
prepare	Reconcile predecessor no-panic pull request	2026-09-06T23:13:03.6821246Z    ✔  And the JWT header should have alg "RS256"
prepare	Reconcile predecessor no-panic pull request	2026-09-06T23:13:07.8131705Z    ✔  When I sign a message with the ring RSA key
prepare	Reconcile predecessor no-panic pull request	2026-09-06T23:13:08.4358548Z    ✔  Then the ring RSA signature should verify
prepare	Reconcile predecessor no-panic pull request	2026-09-06T23:13:09.4036487Z   Scenario: same ECDSA key signs JWT and RustCrypto message
prepare	Reconcile predecessor no-panic pull request	2026-09-06T23:13:09.4038027Z    ✔  Given a deterministic factory seeded with "cross-adapter-ecdsa"
prepare	Reconcile predecessor no-panic pull request	2026-09-06T23:13:09.4038906Z    ✔  When I generate an ECDSA ES256 key for label "cross-ecdsa"
prepare	Reconcile predecessor no-panic pull request	2026-09-06T23:13:09.4039381Z    ✔  And I sign a JWT with the ECDSA key
prepare	Reconcile predecessor no-panic pull request	2026-09-06T23:13:09.4039781Z    ✔  Then the JWT should be valid
prepare	Reconcile predecessor no-panic pull request	2026-09-06T23:13:09.4040481Z    ✔  And the JWT header should have alg "ES256"
prepare	Reconcile predecessor no-panic pull request	2026-09-06T23:13:09.4041064Z    ✔  When I sign a message with the RustCrypto P-256 key
prepare	Reconcile predecessor no-panic pull request	2026-09-06T23:13:09.4041579Z    ✔  Then the RustCrypto P-256 signature should verify
prepare	Reconcile predecessor no-panic pull request	2026-09-06T23:13:09.4054931Z   Scenario: same Ed25519 key signs JWT and ring message
prepare	Reconcile predecessor no-panic pull request	2026-09-06T23:13:09.4055658Z    ✔  Given a deterministic factory seeded with "cross-adapter-ed25519"
prepare	Reconcile predecessor no-panic pull request	2026-09-06T23:13:09.4056235Z    ✔  When I generate an Ed25519 key for label "cross-ed25519"
prepare	Reconcile predecessor no-panic pull request	2026-09-06T23:13:09.4056738Z    ✔  And I sign a JWT with the Ed25519 key
prepare	Reconcile predecessor no-panic pull request	2026-09-06T23:13:09.4057156Z    ✔  Then the JWT should be valid
prepare	Reconcile predecessor no-panic pull request	2026-09-06T23:13:09.4057650Z    ✔  And the JWT header should have alg "EdDSA"
prepare	Reconcile predecessor no-panic pull request	2026-09-06T23:13:09.4058090Z    ✔  When I sign a message with the ring Ed25519 key
prepare	Reconcile predecessor no-panic pull request	2026-09-06T23:13:09.4058550Z    ✔  Then the ring Ed25519 signature should verify
prepare	Reconcile predecessor no-panic pull request	2026-09-06T23:13:09.4058970Z   Scenario: same HMAC key signs JWT and RustCrypto HMAC tag
prepare	Reconcile predecessor no-panic pull request	2026-09-06T23:13:09.4059474Z    ✔  Given a deterministic factory seeded with "cross-adapter-hmac"
prepare	Reconcile predecessor no-panic pull request	2026-09-06T23:13:09.4060039Z    ✔  When I generate an HMAC HS256 secret for label "cross-hmac"
prepare	Reconcile predecessor no-panic pull request	2026-09-06T23:13:09.4060625Z    ✔  And I sign a JWT with the HMAC key
prepare	Reconcile predecessor no-panic pull request	2026-09-06T23:13:09.4061048Z    ✔  Then the JWT should be valid
prepare	Reconcile predecessor no-panic pull request	2026-09-06T23:13:09.4061469Z    ✔  And the JWT header should have alg "HS256"
prepare	Reconcile predecessor no-panic pull request	2026-09-06T23:13:09.4061967Z    ✔  When I compute a RustCrypto HMAC-SHA256 tag
prepare	Reconcile predecessor no-panic pull request	2026-09-06T23:13:09.4062425Z    ✔  Then the RustCrypto HMAC-SHA256 tag should verify
prepare	Reconcile predecessor no-panic pull request	2026-09-06T23:13:09.4062892Z   Scenario: same X.509 chain works for rustls server and client config
prepare	Reconcile predecessor no-panic pull request	2026-09-06T23:13:09.4063496Z    ✔  Given a deterministic factory seeded with "cross-adapter-rustls"
prepare	Reconcile predecessor no-panic pull request	2026-09-06T23:13:09.4064182Z    ✔  When I generate a certificate chain for domain "example.com" with label "cross-rustls"
prepare	Reconcile predecessor no-panic pull request	2026-09-06T23:13:09.4064781Z    ✔  And I build a rustls ServerConfig from the chain
prepare	Reconcile predecessor no-panic pull request	2026-09-06T23:13:09.4065221Z    ✔  Then the rustls ServerConfig should be valid
prepare	Reconcile predecessor no-panic pull request	2026-09-06T23:13:09.4065720Z    ✔  When I build a rustls ClientConfig from the chain
prepare	Reconcile predecessor no-panic pull request	2026-09-06T23:13:09.4066230Z    ✔  Then the rustls ClientConfig should be valid
prepare	Reconcile predecessor no-panic pull request	2026-09-06T23:13:09.4066762Z   Scenario: deterministic RSA key produces same JWT across factory instances
prepare	Reconcile predecessor no-panic pull request	2026-09-06T23:13:09.4067408Z    ✔  Given a deterministic factory seeded with "cross-adapter-det-rsa"
prepare	Reconcile predecessor no-panic pull request	2026-09-06T23:13:09.4067987Z    ✔  When I generate an RSA key for label "det-cross-rsa"
prepare	Reconcile predecessor no-panic pull request	2026-09-06T23:13:09.4068440Z    ✔  And I sign a JWT with the RSA key
prepare	Reconcile predecessor no-panic pull request	2026-09-06T23:13:09.4068863Z    ✔  And I record the JWT token
prepare	Reconcile predecessor no-panic pull request	2026-09-06T23:13:09.4069418Z    ✔  And I switch to a deterministic factory seeded with "cross-adapter-det-rsa"
prepare	Reconcile predecessor no-panic pull request	2026-09-06T23:13:09.4070249Z    ✔  And I generate an RSA key for label "det-cross-rsa"
prepare	Reconcile predecessor no-panic pull request	2026-09-06T23:13:09.4070741Z    ✔  And I sign a JWT with the RSA key
prepare	Reconcile predecessor no-panic pull request	2026-09-06T23:13:09.4071198Z    ✔  Then the JWT token should be identical to the recorded one
prepare	Reconcile predecessor no-panic pull request	2026-09-06T23:13:10.4723440Z Feature: Cross-key validation failures
prepare	Reconcile predecessor no-panic pull request	2026-09-06T23:13:10.4724024Z   Scenario: RSA key has different JWK kty than ECDSA key
prepare	Reconcile predecessor no-panic pull request	2026-09-06T23:13:10.4725379Z    ✔  Given a deterministic factory seeded with "cross-rsa-ecdsa-test"
prepare	Reconcile predecessor no-panic pull request	2026-09-06T23:13:10.4726013Z    ✔  When I generate an RSA key for label "cross-rsa" with spec RS256
prepare	Reconcile predecessor no-panic pull request	2026-09-06T23:13:10.4726573Z    ✔  And I generate an ECDSA ES256 key for label "cross-ecdsa"
prepare	Reconcile predecessor no-panic pull request	2026-09-06T23:13:10.4727044Z    ✔  Then the RSA JWK should have kty "RSA"
prepare	Reconcile predecessor no-panic pull request	2026-09-06T23:13:10.4727411Z    ✔  And the ECDSA JWK should have kty "EC"
prepare	Reconcile predecessor no-panic pull request	2026-09-06T23:13:10.4727820Z    ✔  And the RSA JWK kty should differ from the ECDSA JWK kty
prepare	Reconcile predecessor no-panic pull request	2026-09-06T23:13:10.4728321Z   Scenario: ECDSA key has different curve than expected
prepare	Reconcile predecessor no-panic pull request	2026-09-06T23:13:10.4729070Z    ✔  Given a deterministic factory seeded with "cross-curve-test"
prepare	Reconcile predecessor no-panic pull request	2026-09-06T23:13:10.4729588Z    ✔  When I generate an ECDSA ES256 key for label "p256-key"
prepare	Reconcile predecessor no-panic pull request	2026-09-06T23:13:10.4730373Z    ✔  And I generate an ECDSA ES384 key for label "p384-key"
prepare	Reconcile predecessor no-panic pull request	2026-09-06T23:13:10.4730878Z    ✔  Then the ES256 JWK should have crv "P-256"
prepare	Reconcile predecessor no-panic pull request	2026-09-06T23:13:10.4731502Z    ✔  And the ES384 JWK should have crv "P-384"
prepare	Reconcile predecessor no-panic pull request	2026-09-06T23:13:10.4731977Z    ✔  And the ES256 crv should differ from the ES384 crv
prepare	Reconcile predecessor no-panic pull request	2026-09-06T23:13:10.4732420Z   Scenario: different key types have different kids
prepare	Reconcile predecessor no-panic pull request	2026-09-06T23:13:10.4732944Z    ✔  Given a deterministic factory seeded with "cross-kid-test"
prepare	Reconcile predecessor no-panic pull request	2026-09-06T23:13:10.4733490Z    ✔  When I generate an RSA key for label "kid-rsa" with spec RS256
prepare	Reconcile predecessor no-panic pull request	2026-09-06T23:13:10.4734135Z    ✔  And I generate an ECDSA ES256 key for label "kid-ecdsa"
prepare	Reconcile predecessor no-panic pull request	2026-09-06T23:13:10.4734704Z    ✔  And I generate an Ed25519 key for label "kid-ed25519"
prepare	Reconcile predecessor no-panic pull request	2026-09-06T23:13:10.4735268Z    ✔  And I generate an HMAC HS256 secret for label "kid-hmac"
prepare	Reconcile predecessor no-panic pull request	2026-09-06T23:13:10.4735869Z    ✔  Then each key should have a unique kid
prepare	Reconcile predecessor no-panic pull request	2026-09-06T23:13:10.4736352Z   Scenario: RSA key with RS256 spec has correct alg in JWK
prepare	Reconcile predecessor no-panic pull request	2026-09-06T23:13:10.4737027Z    ✔  Given a deterministic factory seeded with "cross-alg-test"
prepare	Reconcile predecessor no-panic pull request	2026-09-06T23:13:10.4737622Z    ✔  When I generate an RSA key for label "alg-rsa256" with spec RS256
prepare	Reconcile predecessor no-panic pull request	2026-09-06T23:13:10.4738191Z    ✔  And I generate an RSA key for label "alg-rsa384" with spec RS384
prepare	Reconcile predecessor no-panic pull request	2026-09-06T23:13:10.4738701Z    ✔  Then the RS256 JWK should have alg "RS256"
prepare	Reconcile predecessor no-panic pull request	2026-09-06T23:13:10.4739122Z    ✔  And the RS384 JWK should have alg "RS384"
prepare	Reconcile predecessor no-panic pull request	2026-09-06T23:13:10.4991859Z    ✔  And the RS256 alg should differ from the RS384 alg
prepare	Reconcile predecessor no-panic pull request	2026-09-06T23:13:10.4992473Z   Scenario: HMAC key with HS256 spec has correct alg in JWK
prepare	Reconcile predecessor no-panic pull request	2026-09-06T23:13:10.4993020Z    ✔  Given a deterministic factory seeded with "cross-hmac-alg-test"
prepare	Reconcile predecessor no-panic pull request	2026-09-06T23:13:10.4993409Z    ✔  When I generate an HMAC HS256 secret for label "hmac256"
prepare	Reconcile predecessor no-panic pull request	2026-09-06T23:13:10.4993916Z    ✔  And I generate an HMAC HS384 secret for label "hmac384"
prepare	Reconcile predecessor no-panic pull request	2026-09-06T23:13:10.4994325Z    ✔  And I generate an HMAC HS512 secret for label "hmac512"
prepare	Reconcile predecessor no-panic pull request	2026-09-06T23:13:10.4994666Z    ✔  Then the HS256 JWK should have alg "HS256"
prepare	Reconcile predecessor no-panic pull request	2026-09-06T23:13:10.4995018Z    ✔  And the HS384 JWK should have alg "HS384"
prepare	Reconcile predecessor no-panic pull request	2026-09-06T23:13:10.4995362Z    ✔  And the HS512 JWK should have alg "HS512"
prepare	Reconcile predecessor no-panic pull request	2026-09-06T23:13:10.4995680Z   Scenario: different RSA key sizes produce different JWK n values
prepare	Reconcile predecessor no-panic pull request	2026-09-06T23:13:10.4996066Z    ✔  Given a deterministic factory seeded with "cross-rsa-size-test"
prepare	Reconcile predecessor no-panic pull request	2026-09-06T23:13:10.4996448Z    ✔  When I generate an RSA key for label "rsa-2048" with spec 2048
prepare	Reconcile predecessor no-panic pull request	2026-09-06T23:13:10.4996805Z    ✔  And I generate an RSA key for label "rsa-3072" with spec 3072
prepare	Reconcile predecessor no-panic pull request	2026-09-06T23:13:10.4997186Z    ✔  And I generate an RSA key for label "rsa-4096" with spec 4096
prepare	Reconcile predecessor no-panic pull request	2026-09-06T23:13:10.4997675Z    ✔  Then the RSA 2048 n value should have different length than RSA 4096 n value
prepare	Reconcile predecessor no-panic pull request	2026-09-06T23:13:10.4998121Z   Scenario: generating one key type does not affect another
prepare	Reconcile predecessor no-panic pull request	2026-09-06T23:13:10.4998544Z    ✔  Given a deterministic factory seeded with "cross-isolation-test"
prepare	Reconcile predecessor no-panic pull request	2026-09-06T23:13:10.4998956Z    ✔  When I generate an RSA key for label "isolation-rsa" with spec RS256
prepare	Reconcile predecessor no-panic pull request	2026-09-06T23:13:10.4999336Z    ✔  And I generate an ECDSA ES256 key for label "isolation-ecdsa"
prepare	Reconcile predecessor no-panic pull request	2026-09-06T23:13:10.4999948Z    ✔  And I generate an Ed25519 key for label "isolation-ed25519"
prepare	Reconcile predecessor no-panic pull request	2026-09-06T23:13:10.5000454Z    ✔  And I clear the factory cache
prepare	Reconcile predecessor no-panic pull request	2026-09-06T23:13:10.5000742Z    ✔  And I generate the same keys again in reverse order
prepare	Reconcile predecessor no-panic pull request	2026-09-06T23:13:10.5001098Z    ✔  Then each regenerated key should be identical to the original
prepare	Reconcile predecessor no-panic pull request	2026-09-06T23:13:10.5001401Z   Scenario: JWKS can contain mixed key types
prepare	Reconcile predecessor no-panic pull request	2026-09-06T23:13:10.5001737Z    ✔  Given a deterministic factory seeded with "cross-jwks-mixed-test"
prepare	Reconcile predecessor no-panic pull request	2026-09-06T23:13:10.5002115Z    ✔  When I generate an RSA key for label "mixed-rsa" with spec RS256
prepare	Reconcile predecessor no-panic pull request	2026-09-06T23:13:10.5002580Z    ✔  And I generate an ECDSA ES256 key for label "mixed-ecdsa"
prepare	Reconcile predecessor no-panic pull request	2026-09-06T23:13:10.5002917Z    ✔  And I generate an Ed25519 key for label "mixed-ed25519"
prepare	Reconcile predecessor no-panic pull request	2026-09-06T23:13:10.5003217Z    ✔  And I build a JWKS containing all three keys
prepare	Reconcile predecessor no-panic pull request	2026-09-06T23:13:10.5003518Z    ✔  Then the JWKS should contain a key with alg "RS256"
prepare	Reconcile predecessor no-panic pull request	2026-09-06T23:13:10.5003827Z    ✔  And the JWKS should contain a key with alg "ES256"
prepare	Reconcile predecessor no-panic pull request	2026-09-06T23:13:10.5004139Z    ✔  And the JWKS should contain a key with alg "EdDSA"
prepare	Reconcile predecessor no-panic pull request	2026-09-06T23:13:10.5004447Z   Scenario: same label across RSA and ECDSA produces different kid values
prepare	Reconcile predecessor no-panic pull request	2026-09-06T23:13:10.5004849Z    ✔  Given a deterministic factory seeded with "same-label-cross-test"
prepare	Reconcile predecessor no-panic pull request	2026-09-06T23:13:10.5005236Z    ✔  When I generate an RSA key for label "shared-label" with spec RS256
prepare	Reconcile predecessor no-panic pull request	2026-09-06T23:13:10.5005593Z    ✔  And I generate an ECDSA ES256 key for label "shared-label"
prepare	Reconcile predecessor no-panic pull request	2026-09-06T23:13:10.5005930Z    ✔  Then the RSA JWK kty should differ from the ECDSA JWK kty
prepare	Reconcile predecessor no-panic pull request	2026-09-06T23:13:10.5006246Z   Scenario: same label across all key types produces unique kids
prepare	Reconcile predecessor no-panic pull request	2026-09-06T23:13:10.5006613Z    ✔  Given a deterministic factory seeded with "same-label-all-types"
prepare	Reconcile predecessor no-panic pull request	2026-09-06T23:13:10.5007055Z    ✔  When I generate an RSA key for label "identical-label" with spec RS256
prepare	Reconcile predecessor no-panic pull request	2026-09-06T23:13:10.5007442Z    ✔  And I generate an ECDSA ES256 key for label "identical-label"
prepare	Reconcile predecessor no-panic pull request	2026-09-06T23:13:10.5007782Z    ✔  And I generate an Ed25519 key for label "identical-label"
prepare	Reconcile predecessor no-panic pull request	2026-09-06T23:13:10.5008147Z    ✔  And I generate an HMAC HS256 secret for label "identical-label"
prepare	Reconcile predecessor no-panic pull request	2026-09-06T23:13:10.5008460Z    ✔  Then each key should have a unique kid
prepare	Reconcile predecessor no-panic pull request	2026-09-06T23:13:10.5008771Z   Scenario: RSA and ECDSA mismatch variants both produce distinct public keys
prepare	Reconcile predecessor no-panic pull request	2026-09-06T23:13:10.5009194Z    ✔  Given a deterministic factory seeded with "cross-mismatch-test"
prepare	Reconcile predecessor no-panic pull request	2026-09-06T23:13:10.5009606Z    ✔  When I generate an RSA key for label "cross-mismatch" with spec RS256
prepare	Reconcile predecessor no-panic pull request	2026-09-06T23:13:10.5010014Z    ✔  And I generate an ECDSA ES256 key for label "cross-mismatch"
prepare	Reconcile predecessor no-panic pull request	2026-09-06T23:13:10.5010538Z    ✔  Then a mismatched SPKI DER should parse and differ
prepare	Reconcile predecessor no-panic pull request	2026-09-06T23:13:10.5010930Z    ✔  And an ECDSA mismatched SPKI DER should parse and differ
prepare	Reconcile predecessor no-panic pull request	2026-09-06T23:13:10.5011253Z   Scenario: JWKS can contain all four key types including HMAC
prepare	Reconcile predecessor no-panic pull request	2026-09-06T23:13:10.5011661Z    ✔  Given a deterministic factory seeded with "cross-jwks-all-four"
prepare	Reconcile predecessor no-panic pull request	2026-09-06T23:13:10.5012061Z    ✔  When I generate an RSA key for label "all-rsa" with spec RS256
prepare	Reconcile predecessor no-panic pull request	2026-09-06T23:13:10.5012421Z    ✔  And I generate an ECDSA ES256 key for label "all-ecdsa"
prepare	Reconcile predecessor no-panic pull request	2026-09-06T23:13:10.5012769Z    ✔  And I generate an Ed25519 key for label "all-ed25519"
prepare	Reconcile predecessor no-panic pull request	2026-09-06T23:13:10.5013116Z    ✔  And I generate an HMAC HS256 secret for label "all-hmac"
prepare	Reconcile predecessor no-panic pull request	2026-09-06T23:13:10.5013431Z    ✔  And I build a JWKS containing all keys
prepare	Reconcile predecessor no-panic pull request	2026-09-06T23:13:10.5013710Z    ✔  Then the JWKS should contain 4 keys
prepare	Reconcile predecessor no-panic pull request	2026-09-06T23:13:10.5014022Z    ✔  And the JWKS should contain a key with kty "RSA"
prepare	Reconcile predecessor no-panic pull request	2026-09-06T23:13:10.5014342Z    ✔  And the JWKS should contain a key with kty "EC"
prepare	Reconcile predecessor no-panic pull request	2026-09-06T23:13:11.3772260Z    ✔  And the JWKS should contain a key with kty "OKP"
prepare	Reconcile predecessor no-panic pull request	2026-09-06T23:13:13.3011084Z   Scenario: Ed25519 mismatch variant produces distinct public key
prepare	Reconcile predecessor no-panic pull request	2026-09-06T23:13:13.3011964Z    ✔  Given a deterministic factory seeded with "cross-ed25519-mismatch"
prepare	Reconcile predecessor no-panic pull request	2026-09-06T23:13:13.3012349Z    ✔  When I generate an RSA key for label "rsa-for-mismatch" with spec RS256
prepare	Reconcile predecessor no-panic pull request	2026-09-06T23:13:13.3013190Z    ✔  And I generate an Ed25519 key for label "ed25519-for-mismatch"
prepare	Reconcile predecessor no-panic pull request	2026-09-06T23:13:13.3013485Z    ✔  Then a mismatched SPKI DER should parse and differ
prepare	Reconcile predecessor no-panic pull request	2026-09-06T23:13:13.3013767Z    ✔  And an Ed25519 mismatched SPKI DER should parse and differ
prepare	Reconcile predecessor no-panic pull request	2026-09-06T23:13:13.3014048Z   Scenario: all key types produce valid DER formats from same factory
prepare	Reconcile predecessor no-panic pull request	2026-09-06T23:13:13.3014390Z    ✔  Given a deterministic factory seeded with "cross-format-validity"
prepare	Reconcile predecessor no-panic pull request	2026-09-06T23:13:13.3014721Z    ✔  When I generate an RSA key for label "format-rsa" with spec RS256
prepare	Reconcile predecessor no-panic pull request	2026-09-06T23:13:13.3015139Z    ✔  And I generate an ECDSA ES256 key for label "format-ecdsa"
prepare	Reconcile predecessor no-panic pull request	2026-09-06T23:13:13.3015442Z    ✔  And I generate an Ed25519 key for label "format-ed25519"
prepare	Reconcile predecessor no-panic pull request	2026-09-06T23:13:13.3015706Z    ✔  Then the PKCS8 DER should be parseable
prepare	Reconcile predecessor no-panic pull request	2026-09-06T23:13:13.3015951Z    ✔  And the ECDSA PKCS8 DER should be parseable
prepare	Reconcile predecessor no-panic pull request	2026-09-06T23:13:13.3016201Z    ✔  And the Ed25519 PKCS8 DER should be parseable
prepare	Reconcile predecessor no-panic pull request	2026-09-06T23:13:13.6477947Z Feature: Determinism edge cases
prepare	Reconcile predecessor no-panic pull request	2026-09-06T23:13:13.6478502Z   Scenario: same seed and label across RSA and Ed25519 produce different kids
prepare	Reconcile predecessor no-panic pull request	2026-09-06T23:13:13.6479178Z    ✔  Given a deterministic factory seeded with "det-edge-type-diff"
prepare	Reconcile predecessor no-panic pull request	2026-09-06T23:13:13.6479523Z    ✔  When I generate an RSA key for label "shared" with spec RS256
prepare	Reconcile predecessor no-panic pull request	2026-09-06T23:13:13.6479818Z    ✔  And I generate an ECDSA ES256 key for label "shared"
prepare	Reconcile predecessor no-panic pull request	2026-09-06T23:13:13.6480083Z    ✔  And I generate an Ed25519 key for label "shared"
prepare	Reconcile predecessor no-panic pull request	2026-09-06T23:13:13.6480574Z    ✔  And I generate an HMAC HS256 secret for label "shared"
prepare	Reconcile predecessor no-panic pull request	2026-09-06T23:13:13.6480864Z    ✔  Then each key should have a unique kid
prepare	Reconcile predecessor no-panic pull request	2026-09-06T23:13:13.6481112Z   Scenario: same seed different labels produce different Ed25519 keys
prepare	Reconcile predecessor no-panic pull request	2026-09-06T23:13:13.6481443Z    ✔  Given a deterministic factory seeded with "det-edge-label-ed"
prepare	Reconcile predecessor no-panic pull request	2026-09-06T23:13:13.6481752Z    ✔  When I generate an Ed25519 key for label "label-alpha"
prepare	Reconcile predecessor no-panic pull request	2026-09-06T23:13:13.6482047Z    ✔  And I generate another Ed25519 key for label "label-beta"
prepare	Reconcile predecessor no-panic pull request	2026-09-06T23:13:13.6482357Z    ✔  Then the Ed25519 keys should have different public keys
prepare	Reconcile predecessor no-panic pull request	2026-09-06T23:13:13.6482622Z   Scenario: same seed different labels produce different HMAC secrets
prepare	Reconcile predecessor no-panic pull request	2026-09-06T23:13:13.6482946Z    ✔  Given a deterministic factory seeded with "det-edge-label-hmac"
prepare	Reconcile predecessor no-panic pull request	2026-09-06T23:13:13.6483262Z    ✔  When I generate an HMAC HS256 secret for label "label-alpha"
prepare	Reconcile predecessor no-panic pull request	2026-09-06T23:13:13.6483568Z    ✔  And I generate another HMAC HS256 secret for label "label-beta"
prepare	Reconcile predecessor no-panic pull request	2026-09-06T23:13:13.6483837Z    ✔  Then the HMAC secrets should be different
prepare	Reconcile predecessor no-panic pull request	2026-09-06T23:13:13.6484083Z   Scenario: interleaved key generation preserves determinism
prepare	Reconcile predecessor no-panic pull request	2026-09-06T23:13:13.6484384Z    ✔  Given a deterministic factory seeded with "det-edge-interleave"
prepare	Reconcile predecessor no-panic pull request	2026-09-06T23:13:13.6484709Z    ✔  When I generate an RSA key for label "rsa-first" with spec RS256
prepare	Reconcile predecessor no-panic pull request	2026-09-06T23:13:13.6485017Z    ✔  And I generate an ECDSA ES256 key for label "ecdsa-first"
prepare	Reconcile predecessor no-panic pull request	2026-09-06T23:13:13.6485319Z    ✔  And I generate an HMAC HS256 secret for label "hmac-first"
prepare	Reconcile predecessor no-panic pull request	2026-09-06T23:13:13.6485598Z    ✔  And I generate an Ed25519 key for label "ed-first"
prepare	Reconcile predecessor no-panic pull request	2026-09-06T23:13:13.6485845Z    ✔  And I clear the factory cache
prepare	Reconcile predecessor no-panic pull request	2026-09-06T23:13:13.6486090Z    ✔  And I generate an Ed25519 key for label "ed-first" again
prepare	Reconcile predecessor no-panic pull request	2026-09-06T23:13:13.6486359Z    ✔  Then the Ed25519 PKCS8 PEM should be identical
prepare	Reconcile predecessor no-panic pull request	2026-09-06T23:13:13.6486615Z   Scenario: interleaved generation does not perturb token values
prepare	Reconcile predecessor no-panic pull request	2026-09-06T23:13:13.6486950Z    ✔  Given a deterministic factory seeded with "det-edge-token-interleave"
prepare	Reconcile predecessor no-panic pull request	2026-09-06T23:13:13.6487289Z    ✔  When I generate an API key token for label "token-first"
prepare	Reconcile predecessor no-panic pull request	2026-09-06T23:13:13.6487567Z    ✔  And I generate an RSA key for label "interleave-rsa"
prepare	Reconcile predecessor no-panic pull request	2026-09-06T23:13:13.6487860Z    ✔  And I generate an ECDSA ES256 key for label "interleave-ecdsa"
prepare	Reconcile predecessor no-panic pull request	2026-09-06T23:13:13.6488120Z    ✔  And I clear the factory cache
prepare	Reconcile predecessor no-panic pull request	2026-09-06T23:13:13.6488370Z    ✔  And I generate an API key token for label "token-first" again
prepare	Reconcile predecessor no-panic pull request	2026-09-06T23:13:13.6488914Z    ✔  Then the token values should be identical
prepare	Reconcile predecessor no-panic pull request	2026-09-06T23:13:13.6489167Z   Scenario: different variants produce different corrupted PEMs
prepare	Reconcile predecessor no-panic pull request	2026-09-06T23:13:13.6489499Z    ✔  Given a deterministic factory seeded with "det-edge-variant-diff"
prepare	Reconcile predecessor no-panic pull request	2026-09-06T23:13:13.6489818Z    ✔  When I generate an RSA key for label "variant-test"
prepare	Reconcile predecessor no-panic pull request	2026-09-06T23:13:13.6490227Z    ✔  And I deterministically corrupt the RSA PKCS8 PEM with variant "alpha"
prepare	Reconcile predecessor no-panic pull request	2026-09-06T23:13:13.6490619Z    ✔  And I deterministically corrupt the RSA PKCS8 PEM with variant "beta" again
prepare	Reconcile predecessor no-panic pull request	2026-09-06T23:13:13.6490950Z    ✔  Then the deterministic text artifacts should differ
prepare	Reconcile predecessor no-panic pull request	2026-09-06T23:13:13.6491345Z   Scenario: same domain different labels produce different X.509 certificates
prepare	Reconcile predecessor no-panic pull request	2026-09-06T23:13:13.6491690Z    ✔  Given a deterministic factory seeded with "det-edge-x509-labels"
prepare	Reconcile predecessor no-panic pull request	2026-09-06T23:13:13.6492072Z    ✔  When I generate an X.509 certificate for domain "shared.example.com" with label "cert-a"
prepare	Reconcile predecessor no-panic pull request	2026-09-06T23:13:13.6492516Z    ✔  And I generate another X.509 certificate for domain "shared.example.com" with label "cert-b"
prepare	Reconcile predecessor no-panic pull request	2026-09-06T23:13:13.6492893Z    ✔  Then the X.509 certificates should have different DER
prepare	Reconcile predecessor no-panic pull request	2026-09-06T23:13:13.6493175Z   Scenario: same label across API key and bearer produces different values
prepare	Reconcile predecessor no-panic pull request	2026-09-06T23:13:13.6493525Z    ✔  Given a deterministic factory seeded with "det-edge-token-types-ab"
prepare	Reconcile predecessor no-panic pull request	2026-09-06T23:13:13.6493844Z    ✔  When I generate an API key token for label "same-label"
prepare	Reconcile predecessor no-panic pull request	2026-09-06T23:13:13.6494127Z    ✔  And I generate another bearer token for label "same-label"
prepare	Reconcile predecessor no-panic pull request	2026-09-06T23:13:13.6494392Z    ✔  Then the token values should be different
prepare	Reconcile predecessor no-panic pull request	2026-09-06T23:13:13.6494643Z   Scenario: same label across bearer and OAuth produces different values
prepare	Reconcile predecessor no-panic pull request	2026-09-06T23:13:13.6494974Z    ✔  Given a deterministic factory seeded with "det-edge-token-types-bo"
prepare	Reconcile predecessor no-panic pull request	2026-09-06T23:13:13.6495284Z    ✔  When I generate a bearer token for label "same-label"
prepare	Reconcile predecessor no-panic pull request	2026-09-06T23:13:13.6495587Z    ✔  And I generate another OAuth access token for label "same-label"
prepare	Reconcile predecessor no-panic pull request	2026-09-06T23:13:13.6495862Z    ✔  Then the token values should be different
prepare	Reconcile predecessor no-panic pull request	2026-09-06T23:13:13.6496138Z   Scenario: recreating factory with same seed yields identical X.509 certificate
prepare	Reconcile predecessor no-panic pull request	2026-09-06T23:13:13.6496492Z    ✔  Given a deterministic factory seeded with "det-edge-x509-recreate"
prepare	Reconcile predecessor no-panic pull request	2026-09-06T23:13:13.6496870Z    ✔  When I generate an X.509 certificate for domain "test.example.com" with label "stable-cert"
prepare	Reconcile predecessor no-panic pull request	2026-09-06T23:13:13.6497274Z    ✔  And I switch to a deterministic factory seeded with "det-edge-x509-recreate"
prepare	Reconcile predecessor no-panic pull request	2026-09-06T23:13:13.6497692Z    ✔  And I generate an X.509 certificate for domain "test.example.com" with label "stable-cert" again
prepare	Reconcile predecessor no-panic pull request	2026-09-06T23:13:13.6498057Z    ✔  Then the X.509 certificate PEM should be identical
prepare	Reconcile predecessor no-panic pull request	2026-09-06T23:13:13.6498325Z   Scenario: HMAC determinism survives interleaved key generation
prepare	Reconcile predecessor no-panic pull request	2026-09-06T23:13:13.6498650Z    ✔  Given a deterministic factory seeded with "det-edge-hmac-interleave"
prepare	Reconcile predecessor no-panic pull request	2026-09-06T23:13:13.6498969Z    ✔  When I generate an HMAC HS256 secret for label "hmac-first"
prepare	Reconcile predecessor no-panic pull request	2026-09-06T23:13:13.6499309Z    ✔  And I generate an RSA key for label "interleave-rsa"
prepare	Reconcile predecessor no-panic pull request	2026-09-06T23:13:13.6499598Z    ✔  And I generate an Ed25519 key for label "interleave-ed25519"
prepare	Reconcile predecessor no-panic pull request	2026-09-06T23:13:13.6499854Z    ✔  And I clear the factory cache
prepare	Reconcile predecessor no-panic pull request	2026-09-06T23:13:13.6500198Z    ✔  And I generate an HMAC HS256 secret for label "hmac-first" again
prepare	Reconcile predecessor no-panic pull request	2026-09-06T23:13:13.6500497Z    ✔  Then the HMAC secrets should be identical
prepare	Reconcile predecessor no-panic pull request	2026-09-06T23:13:13.6500776Z   Scenario: ECDSA determinism survives interleaved generation with other types
prepare	Reconcile predecessor no-panic pull request	2026-09-06T23:13:13.6501149Z    ✔  Given a deterministic factory seeded with "det-edge-ecdsa-interleave"
prepare	Reconcile predecessor no-panic pull request	2026-09-06T23:13:13.6501527Z    ✔  When I generate an ECDSA ES256 key for label "ecdsa-first"
prepare	Reconcile predecessor no-panic pull request	2026-09-06T23:13:13.6501812Z    ✔  And I generate an RSA key for label "interleave-rsa"
prepare	Reconcile predecessor no-panic pull request	2026-09-06T23:13:13.6502106Z    ✔  And I generate an HMAC HS256 secret for label "interleave-hmac"
prepare	Reconcile predecessor no-panic pull request	2026-09-06T23:13:13.6502414Z    ✔  And I generate an Ed25519 key for label "interleave-ed25519"
prepare	Reconcile predecessor no-panic pull request	2026-09-06T23:13:13.6502673Z    ✔  And I clear the factory cache
prepare	Reconcile predecessor no-panic pull request	2026-09-06T23:13:13.6502931Z    ✔  And I generate an ECDSA ES256 key for label "ecdsa-first" again
prepare	Reconcile predecessor no-panic pull request	2026-09-06T23:13:13.6503205Z    ✔  Then the ECDSA PKCS8 PEM should be identical
prepare	Reconcile predecessor no-panic pull request	2026-09-06T23:13:13.6503445Z   Scenario: different seeds produce different HMAC secrets
prepare	Reconcile predecessor no-panic pull request	2026-09-06T23:13:13.6503762Z    ✔  Given a deterministic factory seeded with "det-edge-hmac-seed-a"
prepare	Reconcile predecessor no-panic pull request	2026-09-06T23:13:13.6504069Z    ✔  When I generate an HMAC HS256 secret for label "service"
prepare	Reconcile predecessor no-panic pull request	2026-09-06T23:13:13.6504396Z    ✔  And I switch to a deterministic factory seeded with "det-edge-hmac-seed-b"
prepare	Reconcile predecessor no-panic pull request	2026-09-06T23:13:13.6504734Z    ✔  And I generate another HMAC HS256 secret for label "service"
prepare	Reconcile predecessor no-panic pull request	2026-09-06T23:13:13.6505003Z    ✔  Then the HMAC secrets should be different
prepare	Reconcile predecessor no-panic pull request	2026-09-06T23:13:13.6505244Z   Scenario: generating tokens does not perturb RSA determinism
prepare	Reconcile predecessor no-panic pull request	2026-09-06T23:13:13.6505568Z    ✔  Given a deterministic factory seeded with "det-edge-token-no-perturb"
prepare	Reconcile predecessor no-panic pull request	2026-09-06T23:13:13.6505881Z    ✔  When I generate an RSA key for label "rsa-anchor"
prepare	Reconcile predecessor no-panic pull request	2026-09-06T23:13:13.6506161Z    ✔  And I generate an API key token for label "token-noise"
prepare	Reconcile predecessor no-panic pull request	2026-09-06T23:13:13.6506441Z    ✔  And I generate a bearer token for label "bearer-noise"
prepare	Reconcile predecessor no-panic pull request	2026-09-06T23:13:13.6506680Z    ✔  And I clear the factory cache
prepare	Reconcile predecessor no-panic pull request	2026-09-06T23:13:13.6506919Z    ✔  And I generate an RSA key for label "rsa-anchor" again
prepare	Reconcile predecessor no-panic pull request	2026-09-06T23:13:13.6507174Z    ✔  Then the PKCS8 PEM should be identical
prepare	Reconcile predecessor no-panic pull request	2026-09-06T23:13:13.6507364Z Feature: ECDSA fixtures
prepare	Reconcile predecessor no-panic pull request	2026-09-06T23:13:13.6507550Z   Scenario: deterministic ES256 fixtures are stable
prepare	Reconcile predecessor no-panic pull request	2026-09-06T23:13:13.6507955Z    ✔  Given a deterministic factory seeded with "0x0000000000000000000000000000000000000000000000000000000000000042"
prepare	Reconcile predecessor no-panic pull request	2026-09-06T23:13:13.6508343Z    ✔  When I generate an ECDSA ES256 key for label "signer"
prepare	Reconcile predecessor no-panic pull request	2026-09-06T23:13:13.6508632Z    ✔  And I generate an ECDSA ES256 key for label "signer" again
prepare	Reconcile predecessor no-panic pull request	2026-09-06T23:13:13.6508891Z    ✔  Then the ECDSA PKCS8 PEM should be identical
prepare	Reconcile predecessor no-panic pull request	2026-09-06T23:13:13.6509145Z   Scenario: deterministic ECDSA derivation survives cache clear
prepare	Reconcile predecessor no-panic pull request	2026-09-06T23:13:13.6509454Z    ✔  Given a deterministic factory seeded with "ecdsa-seed-alpha"
prepare	Reconcile predecessor no-panic pull request	2026-09-06T23:13:13.6509746Z    ✔  When I generate an ECDSA ES256 key for label "first"
prepare	Reconcile predecessor no-panic pull request	2026-09-06T23:13:13.6509981Z    ✔  And I clear the factory cache
prepare	Reconcile predecessor no-panic pull request	2026-09-06T23:13:13.6510307Z    ✔  And I generate an ECDSA ES256 key for label "first" again
prepare	Reconcile predecessor no-panic pull request	2026-09-06T23:13:13.6510574Z    ✔  Then the ECDSA PKCS8 PEM should be identical
prepare	Reconcile predecessor no-panic pull request	2026-09-06T23:13:13.6510813Z   Scenario: different labels produce different ECDSA keys
prepare	Reconcile predecessor no-panic pull request	2026-09-06T23:13:13.6511285Z    ✔  Given a deterministic factory seeded with "0xdeadbeefdeadbeefdeadbeefdeadbeefdeadbeefdeadbeefdeadbeefdeadbeef"
prepare	Reconcile predecessor no-panic pull request	2026-09-06T23:13:13.6511717Z    ✔  When I generate an ECDSA ES256 key for label "alice"
prepare	Reconcile predecessor no-panic pull request	2026-09-06T23:13:13.6511983Z    ✔  And I generate another ECDSA ES256 key for label "bob"
prepare	Reconcile predecessor no-panic pull request	2026-09-06T23:13:13.6512257Z    ✔  Then the ECDSA keys should have different public keys
prepare	Reconcile predecessor no-panic pull request	2026-09-06T23:13:13.6512565Z   Scenario: different seeds produce different ECDSA keys
prepare	Reconcile predecessor no-panic pull request	2026-09-06T23:13:13.6512841Z    ✔  Given a deterministic factory seeded with "seed-one"
prepare	Reconcile predecessor no-panic pull request	2026-09-06T23:13:13.6513112Z    ✔  When I generate an ECDSA ES256 key for label "service"
prepare	Reconcile predecessor no-panic pull request	2026-09-06T23:13:13.6513406Z    ✔  And I switch to a deterministic factory seeded with "seed-two"
prepare	Reconcile predecessor no-panic pull request	2026-09-06T23:13:13.6513702Z    ✔  And I generate another ECDSA ES256 key for label "service"
prepare	Reconcile predecessor no-panic pull request	2026-09-06T23:13:13.6513981Z    ✔  Then the ECDSA keys should have different public keys
prepare	Reconcile predecessor no-panic pull request	2026-09-06T23:13:13.6514248Z   Scenario: random factory produces different ECDSA keys each time
prepare	Reconcile predecessor no-panic pull request	2026-09-06T23:13:13.6514564Z    ✔  Given a random factory
prepare	Reconcile predecessor no-panic pull request	2026-09-06T23:13:13.6514799Z    ✔  When I generate an ECDSA ES256 key for label "ephemeral"
prepare	Reconcile predecessor no-panic pull request	2026-09-06T23:13:13.6515049Z    ✔  And I clear the factory cache
prepare	Reconcile predecessor no-panic pull request	2026-09-06T23:13:13.6515299Z    ✔  And I generate an ECDSA ES256 key for label "ephemeral" again
prepare	Reconcile predecessor no-panic pull request	2026-09-06T23:13:13.6515585Z    ✔  Then the ECDSA keys should have different public keys
prepare	Reconcile predecessor no-panic pull request	2026-09-06T23:13:13.6515845Z   Scenario: random factory caches ECDSA within same session
prepare	Reconcile predecessor no-panic pull request	2026-09-06T23:13:13.6516085Z    ✔  Given a random factory
prepare	Reconcile predecessor no-panic pull request	2026-09-06T23:13:13.6516309Z    ✔  When I generate an ECDSA ES256 key for label "cached"
prepare	Reconcile predecessor no-panic pull request	2026-09-06T23:13:13.6516594Z    ✔  And I generate an ECDSA ES256 key for label "cached" again
prepare	Reconcile predecessor no-panic pull request	2026-09-06T23:13:13.6516860Z    ✔  Then the ECDSA PKCS8 PEM should be identical
prepare	Reconcile predecessor no-panic pull request	2026-09-06T23:13:13.6517086Z   Scenario: deterministic ES384 fixtures are stable
prepare	Reconcile predecessor no-panic pull request	2026-09-06T23:13:13.6517359Z    ✔  Given a deterministic factory seeded with "es384-seed"
prepare	Reconcile predecessor no-panic pull request	2026-09-06T23:13:13.6517651Z    ✔  When I generate an ECDSA ES384 key for label "p384-signer"
prepare	Reconcile predecessor no-panic pull request	2026-09-06T23:13:13.6517949Z    ✔  And I generate an ECDSA ES384 key for label "p384-signer" again
prepare	Reconcile predecessor no-panic pull request	2026-09-06T23:13:13.6518229Z    ✔  Then the ECDSA PKCS8 PEM should be identical
prepare	Reconcile predecessor no-panic pull request	2026-09-06T23:13:13.6518500Z   Scenario: ES256 and ES384 produce different keys for same label
prepare	Reconcile predecessor no-panic pull request	2026-09-06T23:13:13.6518814Z    ✔  Given a deterministic factory seeded with "curve-test"
prepare	Reconcile predecessor no-panic pull request	2026-09-06T23:13:13.6519098Z    ✔  When I generate an ECDSA ES256 key for label "shared-label"
prepare	Reconcile predecessor no-panic pull request	2026-09-06T23:13:13.6519402Z    ✔  And I generate another ECDSA ES384 key for label "shared-label"
prepare	Reconcile predecessor no-panic pull request	2026-09-06T23:13:13.6519694Z    ✔  Then the ECDSA keys should have different public keys
prepare	Reconcile predecessor no-panic pull request	2026-09-06T23:13:13.6519928Z   Scenario: ECDSA PKCS8 DER private key is valid
prepare	Reconcile predecessor no-panic pull request	2026-09-06T23:13:13.6520283Z    ✔  Given a deterministic factory seeded with "format-test"
prepare	Reconcile predecessor no-panic pull request	2026-09-06T23:13:13.6520565Z    ✔  When I generate an ECDSA ES256 key for label "der-test"
prepare	Reconcile predecessor no-panic pull request	2026-09-06T23:13:13.6520832Z    ✔  Then the ECDSA PKCS8 DER should be parseable
prepare	Reconcile predecessor no-panic pull request	2026-09-06T23:13:13.6521056Z   Scenario: ECDSA SPKI PEM public key is valid
prepare	Reconcile predecessor no-panic pull request	2026-09-06T23:13:13.6521327Z    ✔  Given a deterministic factory seeded with "format-test"
prepare	Reconcile predecessor no-panic pull request	2026-09-06T23:13:13.6521616Z    ✔  When I generate an ECDSA ES256 key for label "spki-test"
prepare	Reconcile predecessor no-panic pull request	2026-09-06T23:13:13.6521877Z    ✔  Then the ECDSA SPKI PEM should be parseable
prepare	Reconcile predecessor no-panic pull request	2026-09-06T23:13:13.6522100Z   Scenario: ECDSA SPKI DER public key is valid
prepare	Reconcile predecessor no-panic pull request	2026-09-06T23:13:13.6522362Z    ✔  Given a deterministic factory seeded with "format-test"
prepare	Reconcile predecessor no-panic pull request	2026-09-06T23:13:13.6522654Z    ✔  When I generate an ECDSA ES256 key for label "spki-der-test"
prepare	Reconcile predecessor no-panic pull request	2026-09-06T23:13:13.6522921Z    ✔  Then the ECDSA SPKI DER should be parseable
prepare	Reconcile predecessor no-panic pull request	2026-09-06T23:13:13.6523143Z   Scenario: mismatched ECDSA public key is different
prepare	Reconcile predecessor no-panic pull request	2026-09-06T23:13:13.6523372Z    ✔  Given a random factory
prepare	Reconcile predecessor no-panic pull request	2026-09-06T23:13:13.6523601Z    ✔  When I generate an ECDSA ES256 key for label "signer"
prepare	Reconcile predecessor no-panic pull request	2026-09-06T23:13:13.6523878Z    ✔  Then an ECDSA mismatched SPKI DER should parse and differ
prepare	Reconcile predecessor no-panic pull request	2026-09-06T23:13:13.6524124Z   Scenario: mismatched ECDSA key is deterministic
prepare	Reconcile predecessor no-panic pull request	2026-09-06T23:13:13.6524397Z    ✔  Given a deterministic factory seeded with "mismatch-test"
prepare	Reconcile predecessor no-panic pull request	2026-09-06T23:13:13.6524677Z    ✔  When I generate an ECDSA ES256 key for label "victim"
prepare	Reconcile predecessor no-panic pull request	2026-09-06T23:13:13.6524926Z    ✔  And I get the mismatched ECDSA public key
prepare	Reconcile predecessor no-panic pull request	2026-09-06T23:13:13.6525233Z    ✔  And I get the mismatched ECDSA public key again
prepare	Reconcile predecessor no-panic pull request	2026-09-06T23:13:13.6525496Z    ✔  Then the mismatched ECDSA keys should be identical
prepare	Reconcile predecessor no-panic pull request	2026-09-06T23:13:13.6525719Z   Scenario: ECDSA corrupted PEM with BadHeader
prepare	Reconcile predecessor no-panic pull request	2026-09-06T23:13:13.6525996Z    ✔  Given a deterministic factory seeded with "corrupt-test"
prepare	Reconcile predecessor no-panic pull request	2026-09-06T23:13:13.6526286Z    ✔  When I generate an ECDSA ES256 key for label "corrupted"
prepare	Reconcile predecessor no-panic pull request	2026-09-06T23:13:13.6526556Z    ✔  And I corrupt the ECDSA PKCS8 PEM with BadHeader
prepare	Reconcile predecessor no-panic pull request	2026-09-06T23:13:13.6526875Z    ✔  Then the corrupted ECDSA PEM should contain "-----BEGIN CORRUPTED KEY-----"
prepare	Reconcile predecessor no-panic pull request	2026-09-06T23:13:13.6527213Z   Scenario: ECDSA truncated DER fails to parse
prepare	Reconcile predecessor no-panic pull request	2026-09-06T23:13:13.6527485Z    ✔  Given a deterministic factory seeded with "truncate-test"
prepare	Reconcile predecessor no-panic pull request	2026-09-06T23:13:13.6527774Z    ✔  When I generate an ECDSA ES256 key for label "truncated"
prepare	Reconcile predecessor no-panic pull request	2026-09-06T23:13:13.6528045Z    ✔  And I truncate the ECDSA PKCS8 DER to 10 bytes
prepare	Reconcile predecessor no-panic pull request	2026-09-06T23:13:13.6528307Z    ✔  Then the truncated ECDSA DER should have length 10
prepare	Reconcile predecessor no-panic pull request	2026-09-06T23:13:13.6528577Z    ✔  And the truncated ECDSA DER should fail to parse
prepare	Reconcile predecessor no-panic pull request	2026-09-06T23:13:13.6528843Z   Scenario: deterministic ECDSA PEM corruption with variant is stable
prepare	Reconcile predecessor no-panic pull request	2026-09-06T23:13:13.6529185Z    ✔  Given a deterministic factory seeded with "ecdsa-det-corrupt-pem"
prepare	Reconcile predecessor no-panic pull request	2026-09-06T23:13:13.6529510Z    ✔  When I generate an ECDSA ES256 key for label "ecdsa-det-pem"
prepare	Reconcile predecessor no-panic pull request	2026-09-06T23:13:13.6529839Z    ✔  And I deterministically corrupt the ECDSA PKCS8 PEM with variant "v1"
prepare	Reconcile predecessor no-panic pull request	2026-09-06T23:13:13.6530274Z    ✔  And I deterministically corrupt the ECDSA PKCS8 PEM with variant "v1" again
prepare	Reconcile predecessor no-panic pull request	2026-09-06T23:13:13.6530629Z    ✔  Then the deterministic text artifacts should be identical
prepare	Reconcile predecessor no-panic pull request	2026-09-06T23:13:13.6530939Z    ✔  And the deterministic ECDSA PEM artifact should fail to parse
prepare	Reconcile predecessor no-panic pull request	2026-09-06T23:13:13.6531242Z   Scenario: deterministic ECDSA DER corruption with variant is stable
prepare	Reconcile predecessor no-panic pull request	2026-09-06T23:13:13.6531579Z    ✔  Given a deterministic factory seeded with "ecdsa-det-corrupt-der"
prepare	Reconcile predecessor no-panic pull request	2026-09-06T23:13:13.6531901Z    ✔  When I generate an ECDSA ES256 key for label "ecdsa-det-der"
prepare	Reconcile predecessor no-panic pull request	2026-09-06T23:13:13.6532234Z    ✔  And I deterministically corrupt the ECDSA PKCS8 DER with variant "v1"
prepare	Reconcile predecessor no-panic pull request	2026-09-06T23:13:13.6532604Z    ✔  And I deterministically corrupt the ECDSA PKCS8 DER with variant "v1" again
prepare	Reconcile predecessor no-panic pull request	2026-09-06T23:13:13.6532941Z    ✔  Then the deterministic binary artifacts should be identical
prepare	Reconcile predecessor no-panic pull request	2026-09-06T23:13:13.6533247Z    ✔  And the deterministic ECDSA DER artifact should fail to parse
prepare	Reconcile predecessor no-panic pull request	2026-09-06T23:13:14.0706275Z   Scenario: ES256 public JWK has correct format
prepare	Reconcile predecessor no-panic pull request	2026-09-06T23:13:14.0707009Z    ✔  Given a deterministic factory seeded with "jwk-test"
prepare	Reconcile predecessor no-panic pull request	2026-09-06T23:13:14.0707531Z    ✔  When I generate an ECDSA ES256 key for label "jwt-signer"
prepare	Reconcile predecessor no-panic pull request	2026-09-06T23:13:14.0707955Z    ✔  Then the ECDSA public JWK should have kty "EC"
prepare	Reconcile predecessor no-panic pull request	2026-09-06T23:13:14.0708352Z    ✔  And the ECDSA public JWK should have crv "P-256"
prepare	Reconcile predecessor no-panic pull request	2026-09-06T23:13:14.0708744Z    ✔  And the ECDSA public JWK should have alg "ES256"
prepare	Reconcile predecessor no-panic pull request	2026-09-06T23:13:14.0709135Z    ✔  And the ECDSA public JWK should have use "sig"
prepare	Reconcile predecessor no-panic pull request	2026-09-06T23:13:14.1125108Z    ✔  And the ECDSA public JWK should have a kid
prepare	Reconcile predecessor no-panic pull request	2026-09-06T23:13:15.1678023Z    ✔  And the ECDSA public JWK should have x and y parameters
prepare	Reconcile predecessor no-panic pull request	2026-09-06T23:13:15.4812745Z   Scenario: ES256 private JWK has correct format
prepare	Reconcile predecessor no-panic pull request	2026-09-06T23:13:15.4813468Z    ✔  Given a deterministic factory seeded with "jwk-test"
prepare	Reconcile predecessor no-panic pull request	2026-09-06T23:13:15.4813792Z    ✔  When I generate an ECDSA ES256 key for label "jwt-signer"
prepare	Reconcile predecessor no-panic pull request	2026-09-06T23:13:15.4814083Z    ✔  Then the ECDSA private JWK should have d parameter
prepare	Reconcile predecessor no-panic pull request	2026-09-06T23:13:15.4814315Z   Scenario: ECDSA JWKS has valid structure
prepare	Reconcile predecessor no-panic pull request	2026-09-06T23:13:15.4814623Z    ✔  Given a deterministic factory seeded with "jwks-test"
prepare	Reconcile predecessor no-panic pull request	2026-09-06T23:13:15.4814923Z    ✔  When I generate an ECDSA ES256 key for label "auth-service"
prepare	Reconcile predecessor no-panic pull request	2026-09-06T23:13:15.4815255Z    ✔  Then the ECDSA JWKS should have a keys array
prepare	Reconcile predecessor no-panic pull request	2026-09-06T23:13:15.4815532Z    ✔  And the ECDSA JWKS keys array should contain one key
prepare	Reconcile predecessor no-panic pull request	2026-09-06T23:13:15.4815760Z   Scenario: ECDSA kid is deterministic
prepare	Reconcile predecessor no-panic pull request	2026-09-06T23:13:15.4816431Z    ✔  Given a deterministic factory seeded with "kid-test"
prepare	Reconcile predecessor no-panic pull request	2026-09-06T23:13:15.4816708Z    ✔  When I generate an ECDSA ES256 key for label "issuer"
prepare	Reconcile predecessor no-panic pull request	2026-09-06T23:13:15.4816952Z    ✔  And I capture the ECDSA kid
prepare	Reconcile predecessor no-panic pull request	2026-09-06T23:13:15.4817156Z    ✔  And I clear the factory cache
prepare	Reconcile predecessor no-panic pull request	2026-09-06T23:13:15.4817406Z    ✔  And I generate an ECDSA ES256 key for label "issuer" again
prepare	Reconcile predecessor no-panic pull request	2026-09-06T23:13:15.4817661Z    ✔  And I capture the ECDSA kid again
prepare	Reconcile predecessor no-panic pull request	2026-09-06T23:13:15.4817875Z    ✔  Then the ECDSA kids should be identical
prepare	Reconcile predecessor no-panic pull request	2026-09-06T23:13:15.4818087Z   Scenario: ES384 public JWK has correct format
prepare	Reconcile predecessor no-panic pull request	2026-09-06T23:13:15.4818460Z    ✔  Given a deterministic factory seeded with "jwk-es384-test"
prepare	Reconcile predecessor no-panic pull request	2026-09-06T23:13:15.4818768Z    ✔  When I generate an ECDSA ES384 key for label "jwt-signer-384"
prepare	Reconcile predecessor no-panic pull request	2026-09-06T23:13:15.4819059Z    ✔  Then the ECDSA public JWK should have kty "EC"
prepare	Reconcile predecessor no-panic pull request	2026-09-06T23:13:15.4819317Z    ✔  And the ECDSA public JWK should have crv "P-384"
prepare	Reconcile predecessor no-panic pull request	2026-09-06T23:13:15.4819582Z    ✔  And the ECDSA public JWK should have alg "ES384"
prepare	Reconcile predecessor no-panic pull request	2026-09-06T23:13:15.4819835Z    ✔  And the ECDSA public JWK should have use "sig"
prepare	Reconcile predecessor no-panic pull request	2026-09-06T23:13:15.4820076Z   Scenario: ES256 and ES384 produce valid but distinct keys
prepare	Reconcile predecessor no-panic pull request	2026-09-06T23:13:15.4820687Z    ✔  Given a deterministic factory seeded with "ecdsa-size-diff-test"
prepare	Reconcile predecessor no-panic pull request	2026-09-06T23:13:15.4821037Z    ✔  When I generate an ECDSA ES256 key for label "p256-size"
prepare	Reconcile predecessor no-panic pull request	2026-09-06T23:13:15.4821327Z    ✔  And I generate another ECDSA ES384 key for label "p384-size"
prepare	Reconcile predecessor no-panic pull request	2026-09-06T23:13:15.4821614Z    ✔  Then the ECDSA keys should have different public keys
prepare	Reconcile predecessor no-panic pull request	2026-09-06T23:13:15.4821892Z    ✔  And the ECDSA PKCS8 DER should be parseable
prepare	Reconcile predecessor no-panic pull request	2026-09-06T23:13:15.4822142Z   Scenario: ES384 private JWK export includes curve and key material
prepare	Reconcile predecessor no-panic pull request	2026-09-06T23:13:15.4822468Z    ✔  Given a deterministic factory seeded with "es384-jwk-full-test"
prepare	Reconcile predecessor no-panic pull request	2026-09-06T23:13:15.4822778Z    ✔  When I generate an ECDSA ES384 key for label "p384-full-jwk"
prepare	Reconcile predecessor no-panic pull request	2026-09-06T23:13:15.4823050Z    ✔  Then the ECDSA public JWK should have kty "EC"
prepare	Reconcile predecessor no-panic pull request	2026-09-06T23:13:15.4823310Z    ✔  And the ECDSA public JWK should have crv "P-384"
prepare	Reconcile predecessor no-panic pull request	2026-09-06T23:13:15.4823579Z    ✔  And the ECDSA public JWK should have x and y parameters
prepare	Reconcile predecessor no-panic pull request	2026-09-06T23:13:15.4823855Z    ✔  And the ECDSA private JWK should have d parameter
prepare	Reconcile predecessor no-panic pull request	2026-09-06T23:13:15.4824071Z Feature: Ed25519 fixtures
prepare	Reconcile predecessor no-panic pull request	2026-09-06T23:13:15.4824275Z   Scenario: deterministic Ed25519 fixtures are stable
prepare	Reconcile predecessor no-panic pull request	2026-09-06T23:13:15.4824675Z    ✔  Given a deterministic factory seeded with "0x0000000000000000000000000000000000000000000000000000000000000042"
prepare	Reconcile predecessor no-panic pull request	2026-09-06T23:13:15.4825057Z    ✔  When I generate an Ed25519 key for label "signer"
prepare	Reconcile predecessor no-panic pull request	2026-09-06T23:13:15.4825331Z    ✔  And I generate an Ed25519 key for label "signer" again
prepare	Reconcile predecessor no-panic pull request	2026-09-06T23:13:15.4825591Z    ✔  Then the Ed25519 PKCS8 PEM should be identical
prepare	Reconcile predecessor no-panic pull request	2026-09-06T23:13:15.4825843Z   Scenario: deterministic Ed25519 derivation survives cache clear
prepare	Reconcile predecessor no-panic pull request	2026-09-06T23:13:15.4826188Z    ✔  Given a deterministic factory seeded with "ed25519-seed-alpha"
prepare	Reconcile predecessor no-panic pull request	2026-09-06T23:13:15.4826485Z    ✔  When I generate an Ed25519 key for label "first"
prepare	Reconcile predecessor no-panic pull request	2026-09-06T23:13:15.4826715Z    ✔  And I clear the factory cache
prepare	Reconcile predecessor no-panic pull request	2026-09-06T23:13:15.4826950Z    ✔  And I generate an Ed25519 key for label "first" again
prepare	Reconcile predecessor no-panic pull request	2026-09-06T23:13:15.4827210Z    ✔  Then the Ed25519 PKCS8 PEM should be identical
prepare	Reconcile predecessor no-panic pull request	2026-09-06T23:13:15.4827447Z   Scenario: different labels produce different Ed25519 keys
prepare	Reconcile predecessor no-panic pull request	2026-09-06T23:13:15.4827899Z    ✔  Given a deterministic factory seeded with "0xdeadbeefdeadbeefdeadbeefdeadbeefdeadbeefdeadbeefdeadbeefdeadbeef"
prepare	Reconcile predecessor no-panic pull request	2026-09-06T23:13:15.4828329Z    ✔  When I generate an Ed25519 key for label "alice"
prepare	Reconcile predecessor no-panic pull request	2026-09-06T23:13:15.4828593Z    ✔  And I generate another Ed25519 key for label "bob"
prepare	Reconcile predecessor no-panic pull request	2026-09-06T23:13:15.4828860Z    ✔  Then the Ed25519 keys should have different public keys
prepare	Reconcile predecessor no-panic pull request	2026-09-06T23:13:15.4829108Z   Scenario: different seeds produce different Ed25519 keys
prepare	Reconcile predecessor no-panic pull request	2026-09-06T23:13:15.4829379Z    ✔  Given a deterministic factory seeded with "seed-one"
prepare	Reconcile predecessor no-panic pull request	2026-09-06T23:13:15.4829730Z    ✔  When I generate an Ed25519 key for label "service"
prepare	Reconcile predecessor no-panic pull request	2026-09-06T23:13:15.4830020Z    ✔  And I switch to a deterministic factory seeded with "seed-two"
prepare	Reconcile predecessor no-panic pull request	2026-09-06T23:13:15.4830412Z    ✔  And I generate another Ed25519 key for label "service"
prepare	Reconcile predecessor no-panic pull request	2026-09-06T23:13:15.4830697Z    ✔  Then the Ed25519 keys should have different public keys
prepare	Reconcile predecessor no-panic pull request	2026-09-06T23:13:15.4830970Z   Scenario: random factory produces different Ed25519 keys each time
prepare	Reconcile predecessor no-panic pull request	2026-09-06T23:13:15.4831233Z    ✔  Given a random factory
prepare	Reconcile predecessor no-panic pull request	2026-09-06T23:13:15.4831462Z    ✔  When I generate an Ed25519 key for label "ephemeral"
prepare	Reconcile predecessor no-panic pull request	2026-09-06T23:13:15.4831697Z    ✔  And I clear the factory cache
prepare	Reconcile predecessor no-panic pull request	2026-09-06T23:13:15.4832013Z    ✔  And I generate an Ed25519 key for label "ephemeral" again
prepare	Reconcile predecessor no-panic pull request	2026-09-06T23:13:15.4832294Z    ✔  Then the Ed25519 keys should have different public keys
prepare	Reconcile predecessor no-panic pull request	2026-09-06T23:13:15.4832539Z   Scenario: random factory caches Ed25519 within same session
prepare	Reconcile predecessor no-panic pull request	2026-09-06T23:13:15.4832774Z    ✔  Given a random factory
prepare	Reconcile predecessor no-panic pull request	2026-09-06T23:13:15.4832991Z    ✔  When I generate an Ed25519 key for label "cached"
prepare	Reconcile predecessor no-panic pull request	2026-09-06T23:13:15.4833265Z    ✔  And I generate an Ed25519 key for label "cached" again
prepare	Reconcile predecessor no-panic pull request	2026-09-06T23:13:15.4833525Z    ✔  Then the Ed25519 PKCS8 PEM should be identical
prepare	Reconcile predecessor no-panic pull request	2026-09-06T23:13:15.4833743Z   Scenario: Ed25519 PKCS8 DER private key is valid
prepare	Reconcile predecessor no-panic pull request	2026-09-06T23:13:15.4834009Z    ✔  Given a deterministic factory seeded with "format-test"
prepare	Reconcile predecessor no-panic pull request	2026-09-06T23:13:15.4834278Z    ✔  When I generate an Ed25519 key for label "der-test"
prepare	Reconcile predecessor no-panic pull request	2026-09-06T23:13:15.4834530Z    ✔  Then the Ed25519 PKCS8 DER should be parseable
prepare	Reconcile predecessor no-panic pull request	2026-09-06T23:13:15.4834750Z   Scenario: Ed25519 SPKI PEM public key is valid
prepare	Reconcile predecessor no-panic pull request	2026-09-06T23:13:15.4835020Z    ✔  Given a deterministic factory seeded with "format-test"
prepare	Reconcile predecessor no-panic pull request	2026-09-06T23:13:15.4835297Z    ✔  When I generate an Ed25519 key for label "spki-test"
prepare	Reconcile predecessor no-panic pull request	2026-09-06T23:13:15.4835566Z    ✔  Then the Ed25519 SPKI PEM should be parseable
prepare	Reconcile predecessor no-panic pull request	2026-09-06T23:13:15.4835781Z   Scenario: Ed25519 SPKI DER public key is valid
prepare	Reconcile predecessor no-panic pull request	2026-09-06T23:13:15.4836042Z    ✔  Given a deterministic factory seeded with "format-test"
prepare	Reconcile predecessor no-panic pull request	2026-09-06T23:13:15.4836337Z    ✔  When I generate an Ed25519 key for label "spki-der-test"
prepare	Reconcile predecessor no-panic pull request	2026-09-06T23:13:15.4836600Z    ✔  Then the Ed25519 SPKI DER should be parseable
prepare	Reconcile predecessor no-panic pull request	2026-09-06T23:13:15.4836827Z   Scenario: mismatched Ed25519 public key is different
prepare	Reconcile predecessor no-panic pull request	2026-09-06T23:13:15.4837052Z    ✔  Given a random factory
prepare	Reconcile predecessor no-panic pull request	2026-09-06T23:13:15.4837271Z    ✔  When I generate an Ed25519 key for label "signer"
prepare	Reconcile predecessor no-panic pull request	2026-09-06T23:13:15.4837547Z    ✔  Then an Ed25519 mismatched SPKI DER should parse and differ
prepare	Reconcile predecessor no-panic pull request	2026-09-06T23:13:15.4837788Z   Scenario: mismatched Ed25519 key is deterministic
prepare	Reconcile predecessor no-panic pull request	2026-09-06T23:13:15.4838072Z    ✔  Given a deterministic factory seeded with "mismatch-test"
prepare	Reconcile predecessor no-panic pull request	2026-09-06T23:13:15.4838345Z    ✔  When I generate an Ed25519 key for label "victim"
prepare	Reconcile predecessor no-panic pull request	2026-09-06T23:13:15.4838596Z    ✔  And I get the mismatched Ed25519 public key
prepare	Reconcile predecessor no-panic pull request	2026-09-06T23:13:15.4838847Z    ✔  And I get the mismatched Ed25519 public key again
prepare	Reconcile predecessor no-panic pull request	2026-09-06T23:13:15.4839105Z    ✔  Then the mismatched Ed25519 keys should be identical
prepare	Reconcile predecessor no-panic pull request	2026-09-06T23:13:15.5639617Z   Scenario: Ed25519 corrupted PEM with BadHeader
prepare	Reconcile predecessor no-panic pull request	2026-09-06T23:13:15.5640512Z    ✔  Given a deterministic factory seeded with "corrupt-test"
prepare	Reconcile predecessor no-panic pull request	2026-09-06T23:13:15.5640864Z    ✔  When I generate an Ed25519 key for label "corrupted"
prepare	Reconcile predecessor no-panic pull request	2026-09-06T23:13:15.5641191Z    ✔  And I corrupt the Ed25519 PKCS8 PEM with BadHeader
prepare	Reconcile predecessor no-panic pull request	2026-09-06T23:13:15.5641528Z    ✔  Then the corrupted Ed25519 PEM should contain "-----BEGIN CORRUPTED KEY-----"
prepare	Reconcile predecessor no-panic pull request	2026-09-06T23:13:15.5641820Z   Scenario: Ed25519 truncated DER fails to parse
prepare	Reconcile predecessor no-panic pull request	2026-09-06T23:13:15.5642102Z    ✔  Given a deterministic factory seeded with "truncate-test"
prepare	Reconcile predecessor no-panic pull request	2026-09-06T23:13:15.5642426Z    ✔  When I generate an Ed25519 key for label "truncated"
prepare	Reconcile predecessor no-panic pull request	2026-09-06T23:13:15.5642694Z    ✔  And I truncate the Ed25519 PKCS8 DER to 10 bytes
prepare	Reconcile predecessor no-panic pull request	2026-09-06T23:13:15.5642955Z    ✔  Then the truncated Ed25519 DER should have length 10
prepare	Reconcile predecessor no-panic pull request	2026-09-06T23:13:15.5643217Z    ✔  And the truncated Ed25519 DER should fail to parse
prepare	Reconcile predecessor no-panic pull request	2026-09-06T23:13:15.5643484Z   Scenario: deterministic Ed25519 PEM corruption with variant is stable
prepare	Reconcile predecessor no-panic pull request	2026-09-06T23:13:15.5644167Z    ✔  Given a deterministic factory seeded with "ed25519-det-corrupt-pem"
prepare	Reconcile predecessor no-panic pull request	2026-09-06T23:13:15.5644489Z    ✔  When I generate an Ed25519 key for label "ed25519-det-pem"
prepare	Reconcile predecessor no-panic pull request	2026-09-06T23:13:15.5644818Z    ✔  And I deterministically corrupt the Ed25519 PKCS8 PEM with variant "v1"
prepare	Reconcile predecessor no-panic pull request	2026-09-06T23:13:15.5645193Z    ✔  And I deterministically corrupt the Ed25519 PKCS8 PEM with variant "v1" again
prepare	Reconcile predecessor no-panic pull request	2026-09-06T23:13:15.5645533Z    ✔  Then the deterministic text artifacts should be identical
prepare	Reconcile predecessor no-panic pull request	2026-09-06T23:13:15.6423198Z    ✔  And the deterministic Ed25519 PEM artifact should fail to parse
prepare	Reconcile predecessor no-panic pull request	2026-09-06T23:13:16.5103176Z   Scenario: deterministic Ed25519 DER corruption with variant is stable
prepare	Reconcile predecessor no-panic pull request	2026-09-06T23:13:16.5103960Z    ✔  Given a deterministic factory seeded with "ed25519-det-corrupt-der"
prepare	Reconcile predecessor no-panic pull request	2026-09-06T23:13:16.5104313Z    ✔  When I generate an Ed25519 key for label "ed25519-det-der"
prepare	Reconcile predecessor no-panic pull request	2026-09-06T23:13:16.5104668Z    ✔  And I deterministically corrupt the Ed25519 PKCS8 DER with variant "v1"
prepare	Reconcile predecessor no-panic pull request	2026-09-06T23:13:16.5105106Z    ✔  And I deterministically corrupt the Ed25519 PKCS8 DER with variant "v1" again
prepare	Reconcile predecessor no-panic pull request	2026-09-06T23:13:16.5105464Z    ✔  Then the deterministic binary artifacts should be identical
prepare	Reconcile predecessor no-panic pull request	2026-09-06T23:13:16.5105802Z    ✔  And the deterministic Ed25519 DER artifact should fail to parse
prepare	Reconcile predecessor no-panic pull request	2026-09-06T23:13:16.6710296Z   Scenario: Ed25519 public JWK has correct format
prepare	Reconcile predecessor no-panic pull request	2026-09-06T23:13:16.6711048Z    ✔  Given a deterministic factory seeded with "jwk-test"
prepare	Reconcile predecessor no-panic pull request	2026-09-06T23:13:16.6711511Z    ✔  When I generate an Ed25519 key for label "jwt-signer"
prepare	Reconcile predecessor no-panic pull request	2026-09-06T23:13:16.6711970Z    ✔  Then the Ed25519 public JWK should have kty "OKP"
prepare	Reconcile predecessor no-panic pull request	2026-09-06T23:13:16.6712393Z    ✔  And the Ed25519 public JWK should have crv "Ed25519"
prepare	Reconcile predecessor no-panic pull request	2026-09-06T23:13:16.6712811Z    ✔  And the Ed25519 public JWK should have alg "EdDSA"
prepare	Reconcile predecessor no-panic pull request	2026-09-06T23:13:16.6713211Z    ✔  And the Ed25519 public JWK should have use "sig"
prepare	Reconcile predecessor no-panic pull request	2026-09-06T23:13:16.8291732Z    ✔  And the Ed25519 public JWK should have a kid
prepare	Reconcile predecessor no-panic pull request	2026-09-06T23:13:18.3719209Z    ✔  And the Ed25519 public JWK should have x parameter
prepare	Reconcile predecessor no-panic pull request	2026-09-06T23:13:18.5641873Z   Scenario: Ed25519 private JWK has correct format
prepare	Reconcile predecessor no-panic pull request	2026-09-06T23:13:18.5642610Z    ✔  Given a deterministic factory seeded with "jwk-test"
prepare	Reconcile predecessor no-panic pull request	2026-09-06T23:13:18.5643036Z    ✔  When I generate an Ed25519 key for label "jwt-signer"
prepare	Reconcile predecessor no-panic pull request	2026-09-06T23:13:18.5643463Z    ✔  Then the Ed25519 private JWK should have d parameter
prepare	Reconcile predecessor no-panic pull request	2026-09-06T23:13:18.5643801Z   Scenario: Ed25519 JWKS has valid structure
prepare	Reconcile predecessor no-panic pull request	2026-09-06T23:13:18.5644193Z    ✔  Given a deterministic factory seeded with "jwks-test"
prepare	Reconcile predecessor no-panic pull request	2026-09-06T23:13:18.5644656Z    ✔  When I generate an Ed25519 key for label "auth-service"
prepare	Reconcile predecessor no-panic pull request	2026-09-06T23:13:18.5645052Z    ✔  Then the Ed25519 JWKS should have a keys array
prepare	Reconcile predecessor no-panic pull request	2026-09-06T23:13:18.5645452Z    ✔  And the Ed25519 JWKS keys array should contain one key
prepare	Reconcile predecessor no-panic pull request	2026-09-06T23:13:18.5645781Z   Scenario: Ed25519 kid is deterministic
prepare	Reconcile predecessor no-panic pull request	2026-09-06T23:13:18.5646146Z    ✔  Given a deterministic factory seeded with "kid-test"
prepare	Reconcile predecessor no-panic pull request	2026-09-06T23:13:18.5646564Z    ✔  When I generate an Ed25519 key for label "issuer"
prepare	Reconcile predecessor no-panic pull request	2026-09-06T23:13:18.5646896Z    ✔  And I capture the Ed25519 kid
prepare	Reconcile predecessor no-panic pull request	2026-09-06T23:13:18.5647193Z    ✔  And I clear the factory cache
prepare	Reconcile predecessor no-panic pull request	2026-09-06T23:13:18.5647553Z    ✔  And I generate an Ed25519 key for label "issuer" again
prepare	Reconcile predecessor no-panic pull request	2026-09-06T23:13:18.5647920Z    ✔  And I capture the Ed25519 kid again
prepare	Reconcile predecessor no-panic pull request	2026-09-06T23:13:18.5648256Z    ✔  Then the Ed25519 kids should be identical
prepare	Reconcile predecessor no-panic pull request	2026-09-06T23:13:18.5648611Z   Scenario: Ed25519 produces parseable keys in all export formats
prepare	Reconcile predecessor no-panic pull request	2026-09-06T23:13:18.5649085Z    ✔  Given a deterministic factory seeded with "ed25519-all-formats-test"
prepare	Reconcile predecessor no-panic pull request	2026-09-06T23:13:18.5649552Z    ✔  When I generate an Ed25519 key for label "all-formats"
prepare	Reconcile predecessor no-panic pull request	2026-09-06T23:13:18.5649947Z    ✔  Then the Ed25519 PKCS8 DER should be parseable
prepare	Reconcile predecessor no-panic pull request	2026-09-06T23:13:18.5650507Z    ✔  And the Ed25519 SPKI PEM should be parseable
prepare	Reconcile predecessor no-panic pull request	2026-09-06T23:13:18.5650874Z    ✔  And the Ed25519 SPKI DER should be parseable
prepare	Reconcile predecessor no-panic pull request	2026-09-06T23:13:18.5651648Z   Scenario: Ed25519 JWK export has OKP type with Ed25519 curve and key material
prepare	Reconcile predecessor no-panic pull request	2026-09-06T23:13:18.5652212Z    ✔  Given a deterministic factory seeded with "ed25519-jwk-complete-test"
prepare	Reconcile predecessor no-panic pull request	2026-09-06T23:13:18.5652723Z    ✔  When I generate an Ed25519 key for label "complete-jwk"
prepare	Reconcile predecessor no-panic pull request	2026-09-06T23:13:18.5653124Z    ✔  Then the Ed25519 public JWK should have kty "OKP"
prepare	Reconcile predecessor no-panic pull request	2026-09-06T23:13:18.5653509Z    ✔  And the Ed25519 public JWK should have crv "Ed25519"
prepare	Reconcile predecessor no-panic pull request	2026-09-06T23:13:18.5653905Z    ✔  And the Ed25519 public JWK should have x parameter
prepare	Reconcile predecessor no-panic pull request	2026-09-06T23:13:18.5654294Z    ✔  And the Ed25519 private JWK should have d parameter
prepare	Reconcile predecessor no-panic pull request	2026-09-06T23:13:18.5654795Z    ✔  And the Ed25519 public JWK should have a kid
prepare	Reconcile predecessor no-panic pull request	2026-09-06T23:13:18.5659486Z Feature: Edge cases and error handling
prepare	Reconcile predecessor no-panic pull request	2026-09-06T23:13:18.5659798Z   Scenario: empty label generates valid key
prepare	Reconcile predecessor no-panic pull request	2026-09-06T23:13:18.5660402Z    ✔  Given a deterministic factory seeded with "empty-label-test"
prepare	Reconcile predecessor no-panic pull request	2026-09-06T23:13:18.5660799Z    ✔  When I generate an RSA key for label "" with spec RS256
prepare	Reconcile predecessor no-panic pull request	2026-09-06T23:13:18.5661138Z    ✔  Then the PKCS8 PEM should be parseable
prepare	Reconcile predecessor no-panic pull request	2026-09-06T23:13:18.5661430Z   Scenario: label with special characters generates valid key
prepare	Reconcile predecessor no-panic pull request	2026-09-06T23:13:18.5661882Z    ✔  Given a deterministic factory seeded with "special-chars-test"
prepare	Reconcile predecessor no-panic pull request	2026-09-06T23:13:18.5662332Z    ✔  When I generate an RSA key for label "test-label_123!@#$%" with spec RS256
prepare	Reconcile predecessor no-panic pull request	2026-09-06T23:13:18.5662729Z    ✔  Then the PKCS8 PEM should be parseable
prepare	Reconcile predecessor no-panic pull request	2026-09-06T23:13:18.5663042Z   Scenario: very long label generates valid key
prepare	Reconcile predecessor no-panic pull request	2026-09-06T23:13:18.5663391Z    ✔  Given a deterministic factory seeded with "long-label-test"
prepare	Reconcile predecessor no-panic pull request	2026-09-06T23:13:18.5664020Z    ✔  When I generate an RSA key for label "this-is-a-very-long-label-that-exceeds-normal-lengths" with spec RS256
prepare	Reconcile predecessor no-panic pull request	2026-09-06T23:13:18.5664633Z    ✔  Then the PKCS8 PEM should be parseable
prepare	Reconcile predecessor no-panic pull request	2026-09-06T23:13:18.5664942Z   Scenario: factory cache isolates different labels
prepare	Reconcile predecessor no-panic pull request	2026-09-06T23:13:18.5665345Z    ✔  Given a deterministic factory seeded with "cache-isolation-test"
prepare	Reconcile predecessor no-panic pull request	2026-09-06T23:13:18.5665814Z    ✔  When I generate an RSA key for label "label-a" with spec RS256
prepare	Reconcile predecessor no-panic pull request	2026-09-06T23:13:18.5666287Z    ✔  And I generate an RSA key for label "label-b" with spec RS256
prepare	Reconcile predecessor no-panic pull request	2026-09-06T23:13:18.5666676Z    ✔  And I clear the factory cache
prepare	Reconcile predecessor no-panic pull request	2026-09-06T23:13:18.5666985Z    ✔  And I generate the same keys again
prepare	Reconcile predecessor no-panic pull request	2026-09-06T23:13:18.5667383Z    ✔  Then each regenerated key should be identical to the original
prepare	Reconcile predecessor no-panic pull request	2026-09-06T23:13:18.5667812Z   Scenario: deterministic order independence across key types
prepare	Reconcile predecessor no-panic pull request	2026-09-06T23:13:18.5668287Z    ✔  Given a deterministic factory seeded with "order-indep-test"
prepare	Reconcile predecessor no-panic pull request	2026-09-06T23:13:18.5668758Z    ✔  When I generate an RSA key for label "rsa" with spec RS256
prepare	Reconcile predecessor no-panic pull request	2026-09-06T23:13:18.5669181Z    ✔  And I generate an ECDSA ES256 key for label "ecdsa"
prepare	Reconcile predecessor no-panic pull request	2026-09-06T23:13:18.5669576Z    ✔  And I generate an Ed25519 key for label "ed25519"
prepare	Reconcile predecessor no-panic pull request	2026-09-06T23:13:18.5669924Z    ✔  And I clear the factory cache
prepare	Reconcile predecessor no-panic pull request	2026-09-06T23:13:18.5670463Z    ✔  And I generate the same keys in reverse order
prepare	Reconcile predecessor no-panic pull request	2026-09-06T23:13:18.5670906Z    ✔  Then each regenerated key should be identical to the original
prepare	Reconcile predecessor no-panic pull request	2026-09-06T23:13:18.5671296Z   Scenario: truncating DER to 0 bytes returns empty
prepare	Reconcile predecessor no-panic pull request	2026-09-06T23:13:18.5671739Z    ✔  Given a deterministic factory seeded with "truncate-zero-test"
prepare	Reconcile predecessor no-panic pull request	2026-09-06T23:13:18.5672248Z    ✔  When I generate an RSA key for label "truncate-zero" with spec RS256
prepare	Reconcile predecessor no-panic pull request	2026-09-06T23:13:18.5672678Z    ✔  And I truncate the PKCS8 DER to 0 bytes
prepare	Reconcile predecessor no-panic pull request	2026-09-06T23:13:18.5673035Z    ✔  Then the truncated DER should have length 0
prepare	Reconcile predecessor no-panic pull request	2026-09-06T23:13:18.5673388Z   Scenario: truncating DER beyond length returns original
prepare	Reconcile predecessor no-panic pull request	2026-09-06T23:13:18.5673889Z    ✔  Given a deterministic factory seeded with "truncate-beyond-test"
prepare	Reconcile predecessor no-panic pull request	2026-09-06T23:13:18.5674407Z    ✔  When I generate an RSA key for label "truncate-beyond" with spec RS256
prepare	Reconcile predecessor no-panic pull request	2026-09-06T23:13:18.5674848Z    ✔  And I truncate the PKCS8 DER to 99999 bytes
prepare	Reconcile predecessor no-panic pull request	2026-09-06T23:13:18.5675219Z    ✔  Then the truncated DER should equal the original
prepare	Reconcile predecessor no-panic pull request	2026-09-06T23:13:18.5675541Z   Scenario: kid is unique across key types
prepare	Reconcile predecessor no-panic pull request	2026-09-06T23:13:18.5676127Z    ✔  Given a deterministic factory seeded with "kid-unique-test"
prepare	Reconcile predecessor no-panic pull request	2026-09-06T23:13:18.5676592Z    ✔  When I generate an RSA key for label "kid-rsa" with spec RS256
prepare	Reconcile predecessor no-panic pull request	2026-09-06T23:13:18.5677044Z    ✔  And I generate an ECDSA ES256 key for label "kid-ecdsa"
prepare	Reconcile predecessor no-panic pull request	2026-09-06T23:13:18.5677504Z    ✔  And I generate an Ed25519 key for label "kid-ed25519"
prepare	Reconcile predecessor no-panic pull request	2026-09-06T23:13:18.5677928Z    ✔  And I generate an HMAC HS256 secret for label "kid-hmac"
prepare	Reconcile predecessor no-panic pull request	2026-09-06T23:13:18.5678311Z    ✔  Then each key should have a unique kid
prepare	Reconcile predecessor no-panic pull request	2026-09-06T23:13:18.5678672Z   Scenario: label with unicode characters generates valid RSA key
prepare	Reconcile predecessor no-panic pull request	2026-09-06T23:13:18.5679267Z    ✔  Given a deterministic factory seeded with "unicode-label-test"
prepare	Reconcile predecessor no-panic pull request	2026-09-06T23:13:18.5679762Z    ✔  When I generate an RSA key for label "日本語テスト" with spec RS256
prepare	Reconcile predecessor no-panic pull request	2026-09-06T23:13:18.5680519Z    ✔  Then the PKCS8 PEM should be parseable
prepare	Reconcile predecessor no-panic pull request	2026-09-06T23:13:18.5680901Z   Scenario: label with unicode characters generates valid ECDSA key
prepare	Reconcile predecessor no-panic pull request	2026-09-06T23:13:18.5681422Z    ✔  Given a deterministic factory seeded with "unicode-ecdsa-test"
prepare	Reconcile predecessor no-panic pull request	2026-09-06T23:13:18.5682346Z    ✔  When I generate an ECDSA ES256 key for label "émoji-🔑"
prepare	Reconcile predecessor no-panic pull request	2026-09-06T23:13:18.5682750Z    ✔  Then the ECDSA PKCS8 DER should be parseable
prepare	Reconcile predecessor no-panic pull request	2026-09-06T23:13:18.5683092Z   Scenario: label with whitespace generates valid key
prepare	Reconcile predecessor no-panic pull request	2026-09-06T23:13:18.5683552Z    ✔  Given a deterministic factory seeded with "whitespace-label-test"
prepare	Reconcile predecessor no-panic pull request	2026-09-06T23:13:18.5684081Z    ✔  When I generate an RSA key for label "  spaces  " with spec RS256
prepare	Reconcile predecessor no-panic pull request	2026-09-06T23:13:18.5684494Z    ✔  Then the PKCS8 PEM should be parseable
prepare	Reconcile predecessor no-panic pull request	2026-09-06T23:13:18.5684828Z   Scenario: label with newlines generates valid key
prepare	Reconcile predecessor no-panic pull request	2026-09-06T23:13:18.5685271Z    ✔  Given a deterministic factory seeded with "newline-label-test"
prepare	Reconcile predecessor no-panic pull request	2026-09-06T23:13:18.5685733Z    ✔  When I generate an Ed25519 key for label "line1\nline2"
prepare	Reconcile predecessor no-panic pull request	2026-09-06T23:13:18.5686128Z    ✔  Then the Ed25519 PKCS8 DER should be parseable
prepare	Reconcile predecessor no-panic pull request	2026-09-06T23:13:18.5686541Z   Scenario: recreating factory with same seed yields identical RSA key
prepare	Reconcile predecessor no-panic pull request	2026-09-06T23:13:18.5687049Z    ✔  Given a deterministic factory seeded with "recreation-rsa-test"
prepare	Reconcile predecessor no-panic pull request	2026-09-06T23:13:18.5687477Z    ✔  When I generate an RSA key for label "stable"
prepare	Reconcile predecessor no-panic pull request	2026-09-06T23:13:18.5687935Z    ✔  And I switch to a deterministic factory seeded with "recreation-rsa-test"
prepare	Reconcile predecessor no-panic pull request	2026-09-06T23:13:18.5688412Z    ✔  And I generate an RSA key for label "stable" again
prepare	Reconcile predecessor no-panic pull request	2026-09-06T23:13:18.5688818Z    ✔  Then the PKCS8 PEM should be identical
prepare	Reconcile predecessor no-panic pull request	2026-09-06T23:13:18.5689203Z   Scenario: recreating factory with same seed yields identical ECDSA key
prepare	Reconcile predecessor no-panic pull request	2026-09-06T23:13:18.5689737Z    ✔  Given a deterministic factory seeded with "recreation-ecdsa-test"
prepare	Reconcile predecessor no-panic pull request	2026-09-06T23:13:18.5690326Z    ✔  When I generate an ECDSA ES256 key for label "stable"
prepare	Reconcile predecessor no-panic pull request	2026-09-06T23:13:18.5690848Z    ✔  And I switch to a deterministic factory seeded with "recreation-ecdsa-test"
prepare	Reconcile predecessor no-panic pull request	2026-09-06T23:13:18.5691378Z    ✔  And I generate an ECDSA ES256 key for label "stable" again
prepare	Reconcile predecessor no-panic pull request	2026-09-06T23:13:18.5691799Z    ✔  Then the ECDSA PKCS8 PEM should be identical
prepare	Reconcile predecessor no-panic pull request	2026-09-06T23:13:18.5692206Z   Scenario: recreating factory with same seed yields identical Ed25519 key
prepare	Reconcile predecessor no-panic pull request	2026-09-06T23:13:18.5692755Z    ✔  Given a deterministic factory seeded with "recreation-ed25519-test"
prepare	Reconcile predecessor no-panic pull request	2026-09-06T23:13:18.5693211Z    ✔  When I generate an Ed25519 key for label "stable"
prepare	Reconcile predecessor no-panic pull request	2026-09-06T23:13:18.5693706Z    ✔  And I switch to a deterministic factory seeded with "recreation-ed25519-test"
prepare	Reconcile predecessor no-panic pull request	2026-09-06T23:13:18.5694215Z    ✔  And I generate an Ed25519 key for label "stable" again
prepare	Reconcile predecessor no-panic pull request	2026-09-06T23:13:18.5694761Z    ✔  Then the Ed25519 PKCS8 PEM should be identical
prepare	Reconcile predecessor no-panic pull request	2026-09-06T23:13:18.5695188Z   Scenario: recreating factory with same seed yields identical HMAC secret
prepare	Reconcile predecessor no-panic pull request	2026-09-06T23:13:18.5695713Z    ✔  Given a deterministic factory seeded with "recreation-hmac-test"
prepare	Reconcile predecessor no-panic pull request	2026-09-06T23:13:18.5696182Z    ✔  When I generate an HMAC HS256 secret for label "stable"
prepare	Reconcile predecessor no-panic pull request	2026-09-06T23:13:18.5696682Z    ✔  And I switch to a deterministic factory seeded with "recreation-hmac-test"
prepare	Reconcile predecessor no-panic pull request	2026-09-06T23:13:18.5697296Z    ✔  And I generate an HMAC HS256 secret for label "stable" again
prepare	Reconcile predecessor no-panic pull request	2026-09-06T23:13:18.5697697Z    ✔  Then the HMAC secrets should be identical
prepare	Reconcile predecessor no-panic pull request	2026-09-06T23:13:18.5698076Z   Scenario: label with unicode characters generates valid Ed25519 key
prepare	Reconcile predecessor no-panic pull request	2026-09-06T23:13:18.5698579Z    ✔  Given a deterministic factory seeded with "unicode-ed25519-test"
prepare	Reconcile predecessor no-panic pull request	2026-09-06T23:13:18.5699033Z    ✔  When I generate an Ed25519 key for label "名前テスト"
prepare	Reconcile predecessor no-panic pull request	2026-09-06T23:13:18.5699411Z    ✔  Then the Ed25519 PKCS8 DER should be parseable
prepare	Reconcile predecessor no-panic pull request	2026-09-06T23:13:18.5699803Z   Scenario: label with unicode characters generates valid HMAC secret
prepare	Reconcile predecessor no-panic pull request	2026-09-06T23:13:18.5700475Z    ✔  Given a deterministic factory seeded with "unicode-hmac-test"
prepare	Reconcile predecessor no-panic pull request	2026-09-06T23:13:18.5701003Z    ✔  When I generate an HMAC HS256 secret for label "clé-secrète-🔐"
prepare	Reconcile predecessor no-panic pull request	2026-09-06T23:13:18.5701472Z    ✔  Then the HMAC secret bytes should have length 32
prepare	Reconcile predecessor no-panic pull request	2026-09-06T23:13:18.5701832Z   Scenario: very long label generates valid ECDSA key
prepare	Reconcile predecessor no-panic pull request	2026-09-06T23:13:18.5702303Z    ✔  Given a deterministic factory seeded with "long-label-ecdsa-test"
prepare	Reconcile predecessor no-panic pull request	2026-09-06T23:13:18.5703019Z    ✔  When I generate an ECDSA ES256 key for label "this-is-a-very-long-label-that-exceeds-normal-lengths-for-ecdsa"
prepare	Reconcile predecessor no-panic pull request	2026-09-06T23:13:18.5703634Z    ✔  Then the ECDSA PKCS8 DER should be parseable
prepare	Reconcile predecessor no-panic pull request	2026-09-06T23:13:18.5703980Z   Scenario: very long label generates valid Ed25519 key
prepare	Reconcile predecessor no-panic pull request	2026-09-06T23:13:18.5704458Z    ✔  Given a deterministic factory seeded with "long-label-ed25519-test"
prepare	Reconcile predecessor no-panic pull request	2026-09-06T23:13:18.5705184Z    ✔  When I generate an Ed25519 key for label "this-is-a-very-long-label-that-exceeds-normal-lengths-for-ed25519"
prepare	Reconcile predecessor no-panic pull request	2026-09-06T23:13:18.5705817Z    ✔  Then the Ed25519 PKCS8 DER should be parseable
prepare	Reconcile predecessor no-panic pull request	2026-09-06T23:13:18.5706163Z   Scenario: very long label generates valid HMAC secret
prepare	Reconcile predecessor no-panic pull request	2026-09-06T23:13:18.5706615Z    ✔  Given a deterministic factory seeded with "long-label-hmac-test"
prepare	Reconcile predecessor no-panic pull request	2026-09-06T23:13:18.5707330Z    ✔  When I generate an HMAC HS256 secret for label "this-is-a-very-long-label-that-exceeds-normal-lengths-for-hmac"
prepare	Reconcile predecessor no-panic pull request	2026-09-06T23:13:18.5707961Z    ✔  Then the HMAC secret bytes should have length 32
prepare	Reconcile predecessor no-panic pull request	2026-09-06T23:13:18.5708323Z   Scenario: truncating ECDSA DER to 0 bytes returns empty
prepare	Reconcile predecessor no-panic pull request	2026-09-06T23:13:18.5708780Z    ✔  Given a deterministic factory seeded with "truncate-zero-ecdsa"
prepare	Reconcile predecessor no-panic pull request	2026-09-06T23:13:18.5709269Z    ✔  When I generate an ECDSA ES256 key for label "truncate-zero"
prepare	Reconcile predecessor no-panic pull request	2026-09-06T23:13:18.5709680Z    ✔  And I truncate the ECDSA PKCS8 DER to 0 bytes
prepare	Reconcile predecessor no-panic pull request	2026-09-06T23:13:18.5710062Z    ✔  Then the truncated ECDSA DER should have length 0
prepare	Reconcile predecessor no-panic pull request	2026-09-06T23:13:18.5710567Z   Scenario: truncating Ed25519 DER to 0 bytes returns empty
prepare	Reconcile predecessor no-panic pull request	2026-09-06T23:13:18.5711057Z    ✔  Given a deterministic factory seeded with "truncate-zero-ed25519"
prepare	Reconcile predecessor no-panic pull request	2026-09-06T23:13:18.5711542Z    ✔  When I generate an Ed25519 key for label "truncate-zero"
prepare	Reconcile predecessor no-panic pull request	2026-09-06T23:13:18.5711950Z    ✔  And I truncate the Ed25519 PKCS8 DER to 0 bytes
prepare	Reconcile predecessor no-panic pull request	2026-09-06T23:13:18.5712341Z    ✔  Then the truncated Ed25519 DER should have length 0
prepare	Reconcile predecessor no-panic pull request	2026-09-06T23:13:18.5712755Z   Scenario: label with special characters generates valid ECDSA key
prepare	Reconcile predecessor no-panic pull request	2026-09-06T23:13:18.5713263Z    ✔  Given a deterministic factory seeded with "special-chars-ecdsa"
prepare	Reconcile predecessor no-panic pull request	2026-09-06T23:13:18.5713767Z    ✔  When I generate an ECDSA ES256 key for label "test-label_123!@#$%"
prepare	Reconcile predecessor no-panic pull request	2026-09-06T23:13:18.5714192Z    ✔  Then the ECDSA PKCS8 DER should be parseable
prepare	Reconcile predecessor no-panic pull request	2026-09-06T23:13:18.5714509Z Feature: Expanded BDD coverage
prepare	Reconcile predecessor no-panic pull request	2026-09-06T23:13:18.5714823Z   Scenario: recreating factory yields identical RS384 key
prepare	Reconcile predecessor no-panic pull request	2026-09-06T23:13:18.5715314Z    ✔  Given a deterministic factory seeded with "det-expand-rs384-recreate"
prepare	Reconcile predecessor no-panic pull request	2026-09-06T23:13:18.5715864Z    ✔  When I generate an RSA key for label "rs384-stable" with spec RS384
prepare	Reconcile predecessor no-panic pull request	2026-09-06T23:13:18.5716422Z    ✔  And I switch to a deterministic factory seeded with "det-expand-rs384-recreate"
prepare	Reconcile predecessor no-panic pull request	2026-09-06T23:13:18.5716996Z    ✔  And I generate an RSA key for label "rs384-stable" with spec RS384 again
prepare	Reconcile predecessor no-panic pull request	2026-09-06T23:13:18.5717438Z    ✔  Then the PKCS8 PEM should be identical
prepare	Reconcile predecessor no-panic pull request	2026-09-06T23:13:18.5717869Z   Scenario: recreating factory yields identical RS512 key
prepare	Reconcile predecessor no-panic pull request	2026-09-06T23:13:18.5718355Z    ✔  Given a deterministic factory seeded with "det-expand-rs512-recreate"
prepare	Reconcile predecessor no-panic pull request	2026-09-06T23:13:18.5718885Z    ✔  When I generate an RSA key for label "rs512-stable" with spec RS512
prepare	Reconcile predecessor no-panic pull request	2026-09-06T23:13:18.5719440Z    ✔  And I switch to a deterministic factory seeded with "det-expand-rs512-recreate"
prepare	Reconcile predecessor no-panic pull request	2026-09-06T23:13:18.5720020Z    ✔  And I generate an RSA key for label "rs512-stable" with spec RS512 again
prepare	Reconcile predecessor no-panic pull request	2026-09-06T23:13:18.5720542Z    ✔  Then the PKCS8 PEM should be identical
prepare	Reconcile predecessor no-panic pull request	2026-09-06T23:13:18.5721011Z   Scenario: recreating factory yields identical ECDSA ES384 key
prepare	Reconcile predecessor no-panic pull request	2026-09-06T23:13:18.5721540Z    ✔  Given a deterministic factory seeded with "det-expand-es384-recreate"
prepare	Reconcile predecessor no-panic pull request	2026-09-06T23:13:18.5722041Z    ✔  When I generate an ECDSA ES384 key for label "es384-stable"
prepare	Reconcile predecessor no-panic pull request	2026-09-06T23:13:18.5722569Z    ✔  And I switch to a deterministic factory seeded with "det-expand-es384-recreate"
prepare	Reconcile predecessor no-panic pull request	2026-09-06T23:13:18.5723124Z    ✔  And I generate an ECDSA ES384 key for label "es384-stable" again
prepare	Reconcile predecessor no-panic pull request	2026-09-06T23:13:18.5723547Z    ✔  Then the ECDSA PKCS8 PEM should be identical
prepare	Reconcile predecessor no-panic pull request	2026-09-06T23:13:18.5723911Z   Scenario: different seeds produce different RS384 keys
prepare	Reconcile predecessor no-panic pull request	2026-09-06T23:13:18.5724385Z    ✔  Given a deterministic factory seeded with "det-expand-rs384-seed-a"
prepare	Reconcile predecessor no-panic pull request	2026-09-06T23:13:18.5724883Z    ✔  When I generate an RSA key for label "service" with spec RS384
prepare	Reconcile predecessor no-panic pull request	2026-09-06T23:13:18.5725416Z    ✔  And I switch to a deterministic factory seeded with "det-expand-rs384-seed-b"
prepare	Reconcile predecessor no-panic pull request	2026-09-06T23:13:18.5725973Z    ✔  And I generate another RSA key for label "service" with spec RS384
prepare	Reconcile predecessor no-panic pull request	2026-09-06T23:13:18.5726406Z    ✔  Then the keys should have different moduli
prepare	Reconcile predecessor no-panic pull request	2026-09-06T23:13:18.5726776Z   Scenario: different seeds produce different ECDSA ES384 keys
prepare	Reconcile predecessor no-panic pull request	2026-09-06T23:13:18.5727270Z    ✔  Given a deterministic factory seeded with "det-expand-es384-seed-a"
prepare	Reconcile predecessor no-panic pull request	2026-09-06T23:13:18.5727742Z    ✔  When I generate an ECDSA ES384 key for label "service"
prepare	Reconcile predecessor no-panic pull request	2026-09-06T23:13:18.5728317Z    ✔  And I switch to a deterministic factory seeded with "det-expand-es384-seed-b"
prepare	Reconcile predecessor no-panic pull request	2026-09-06T23:13:18.5728831Z    ✔  And I generate another ECDSA ES384 key for label "service"
prepare	Reconcile predecessor no-panic pull request	2026-09-06T23:13:18.5729262Z    ✔  Then the ECDSA keys should have different public keys
prepare	Reconcile predecessor no-panic pull request	2026-09-06T23:13:18.5729657Z   Scenario: different seeds produce different Ed25519 keys
prepare	Reconcile predecessor no-panic pull request	2026-09-06T23:13:18.5730198Z    ✔  Given a deterministic factory seeded with "det-expand-ed-seed-a"
prepare	Reconcile predecessor no-panic pull request	2026-09-06T23:13:18.5730666Z    ✔  When I generate an Ed25519 key for label "service"
prepare	Reconcile predecessor no-panic pull request	2026-09-06T23:13:18.5731159Z    ✔  And I switch to a deterministic factory seeded with "det-expand-ed-seed-b"
prepare	Reconcile predecessor no-panic pull request	2026-09-06T23:13:18.5731650Z    ✔  And I generate another Ed25519 key for label "service"
prepare	Reconcile predecessor no-panic pull request	2026-09-06T23:13:18.5732079Z    ✔  Then the Ed25519 keys should have different public keys
prepare	Reconcile predecessor no-panic pull request	2026-09-06T23:13:18.5732465Z   Scenario: HMAC HS384 cache hit returns identical secret
prepare	Reconcile predecessor no-panic pull request	2026-09-06T23:13:18.5732945Z    ✔  Given a deterministic factory seeded with "cache-expand-hs384-hit"
prepare	Reconcile predecessor no-panic pull request	2026-09-06T23:13:18.5733448Z    ✔  When I generate an HMAC HS384 secret for label "cached-hs384"
prepare	Reconcile predecessor no-panic pull request	2026-09-06T23:13:18.5733937Z    ✔  And I generate an HMAC HS384 secret for label "cached-hs384" again
prepare	Reconcile predecessor no-panic pull request	2026-09-06T23:13:18.5734357Z    ✔  Then the HMAC secrets should be identical
prepare	Reconcile predecessor no-panic pull request	2026-09-06T23:13:18.5734704Z   Scenario: HMAC HS512 cache hit returns identical secret
prepare	Reconcile predecessor no-panic pull request	2026-09-06T23:13:18.5735175Z    ✔  Given a deterministic factory seeded with "cache-expand-hs512-hit"
prepare	Reconcile predecessor no-panic pull request	2026-09-06T23:13:18.5735668Z    ✔  When I generate an HMAC HS512 secret for label "cached-hs512"
prepare	Reconcile predecessor no-panic pull request	2026-09-06T23:13:18.5736152Z    ✔  And I generate an HMAC HS512 secret for label "cached-hs512" again
prepare	Reconcile predecessor no-panic pull request	2026-09-06T23:13:18.5736570Z    ✔  Then the HMAC secrets should be identical
prepare	Reconcile predecessor no-panic pull request	2026-09-06T23:13:18.5736937Z   Scenario: ECDSA ES384 cache hit returns identical key material
prepare	Reconcile predecessor no-panic pull request	2026-09-06T23:13:18.5737439Z    ✔  Given a deterministic factory seeded with "cache-expand-es384-hit"
prepare	Reconcile predecessor no-panic pull request	2026-09-06T23:13:18.5737933Z    ✔  When I generate an ECDSA ES384 key for label "cached-es384"
prepare	Reconcile predecessor no-panic pull request	2026-09-06T23:13:18.5738490Z    ✔  And I generate an ECDSA ES384 key for label "cached-es384" again
prepare	Reconcile predecessor no-panic pull request	2026-09-06T23:13:18.5738921Z    ✔  Then the ECDSA PKCS8 PEM should be identical
prepare	Reconcile predecessor no-panic pull request	2026-09-06T23:13:18.5739312Z   Scenario: same label different ECDSA specs produce different keys
prepare	Reconcile predecessor no-panic pull request	2026-09-06T23:13:18.5739854Z    ✔  Given a deterministic factory seeded with "cache-expand-ecdsa-spec-miss"
prepare	Reconcile predecessor no-panic pull request	2026-09-06T23:13:18.5740533Z    ✔  When I generate an ECDSA ES256 key for label "shared-ecdsa"
prepare	Reconcile predecessor no-panic pull request	2026-09-06T23:13:18.5741008Z    ✔  And I generate another ECDSA ES384 key for label "shared-ecdsa"
prepare	Reconcile predecessor no-panic pull request	2026-09-06T23:13:18.5741547Z    ✔  Then the ECDSA keys should have different public keys
prepare	Reconcile predecessor no-panic pull request	2026-09-06T23:13:18.5742004Z   Scenario: cache clear followed by re-derive gives identical HMAC HS384 secret
prepare	Reconcile predecessor no-panic pull request	2026-09-06T23:13:18.5742563Z    ✔  Given a deterministic factory seeded with "cache-expand-hs384-clear"
prepare	Reconcile predecessor no-panic pull request	2026-09-06T23:13:18.5743074Z    ✔  When I generate an HMAC HS384 secret for label "clear-hs384"
prepare	Reconcile predecessor no-panic pull request	2026-09-06T23:13:18.5743531Z    ✔  And I clear the factory cache
prepare	Reconcile predecessor no-panic pull request	2026-09-06T23:13:18.5743929Z    ✔  And I generate an HMAC HS384 secret for label "clear-hs384" again
prepare	Reconcile predecessor no-panic pull request	2026-09-06T23:13:18.5744355Z    ✔  Then the HMAC secrets should be identical
prepare	Reconcile predecessor no-panic pull request	2026-09-06T23:13:19.8848128Z   Scenario: cache clear followed by re-derive gives identical HMAC HS512 secret
prepare	Reconcile predecessor no-panic pull request	2026-09-06T23:13:19.8849097Z    ✔  Given a deterministic factory seeded with "cache-expand-hs512-clear"
prepare	Reconcile predecessor no-panic pull request	2026-09-06T23:13:19.8849621Z    ✔  When I generate an HMAC HS512 secret for label "clear-hs512"
prepare	Reconcile predecessor no-panic pull request	2026-09-06T23:13:19.8850014Z    ✔  And I clear the factory cache
prepare	Reconcile predecessor no-panic pull request	2026-09-06T23:13:19.8850668Z    ✔  And I generate an HMAC HS512 secret for label "clear-hs512" again
prepare	Reconcile predecessor no-panic pull request	2026-09-06T23:13:19.8851098Z    ✔  Then the HMAC secrets should be identical
prepare	Reconcile predecessor no-panic pull request	2026-09-06T23:13:20.0741722Z   Scenario: random ECDSA cache hit returns identical key
prepare	Reconcile predecessor no-panic pull request	2026-09-06T23:13:20.0742383Z    ✔  Given a random factory
prepare	Reconcile predecessor no-panic pull request	2026-09-06T23:13:20.0742792Z    ✔  When I generate an ECDSA ES256 key for label "random-ecdsa-cached"
prepare	Reconcile predecessor no-panic pull request	2026-09-06T23:13:20.0743341Z    ✔  And I generate an ECDSA ES256 key for label "random-ecdsa-cached" again
prepare	Reconcile predecessor no-panic pull request	2026-09-06T23:13:20.0743787Z    ✔  Then the ECDSA PKCS8 PEM should be identical
prepare	Reconcile predecessor no-panic pull request	2026-09-06T23:13:20.0744149Z   Scenario: random Ed25519 cache hit returns identical key
prepare	Reconcile predecessor no-panic pull request	2026-09-06T23:13:20.0744475Z    ✔  Given a random factory
prepare	Reconcile predecessor no-panic pull request	2026-09-06T23:13:20.0744820Z    ✔  When I generate an Ed25519 key for label "random-ed-cached"
prepare	Reconcile predecessor no-panic pull request	2026-09-06T23:13:20.0745265Z    ✔  And I generate an Ed25519 key for label "random-ed-cached" again
prepare	Reconcile predecessor no-panic pull request	2026-09-06T23:13:20.0745663Z    ✔  Then the Ed25519 PKCS8 PEM should be identical
prepare	Reconcile predecessor no-panic pull request	2026-09-06T23:13:20.0745997Z   Scenario: random HMAC cache hit returns identical secret
prepare	Reconcile predecessor no-panic pull request	2026-09-06T23:13:20.0746359Z    ✔  Given a random factory
prepare	Reconcile predecessor no-panic pull request	2026-09-06T23:13:20.0746702Z    ✔  When I generate an HMAC HS256 secret for label "random-hmac-cached"
prepare	Reconcile predecessor no-panic pull request	2026-09-06T23:13:20.0747216Z    ✔  And I generate an HMAC HS256 secret for label "random-hmac-cached" again
prepare	Reconcile predecessor no-panic pull request	2026-09-06T23:13:20.0747668Z    ✔  Then the HMAC secrets should be identical
prepare	Reconcile predecessor no-panic pull request	2026-09-06T23:13:20.0748055Z   Scenario: random ECDSA cache clear produces different key
prepare	Reconcile predecessor no-panic pull request	2026-09-06T23:13:20.0748422Z    ✔  Given a random factory
prepare	Reconcile predecessor no-panic pull request	2026-09-06T23:13:20.0748810Z    ✔  When I generate an ECDSA ES256 key for label "random-ecdsa-clear"
prepare	Reconcile predecessor no-panic pull request	2026-09-06T23:13:20.0749220Z    ✔  And I clear the factory cache
prepare	Reconcile predecessor no-panic pull request	2026-09-06T23:13:20.0749645Z    ✔  And I generate an ECDSA ES256 key for label "random-ecdsa-clear" again
prepare	Reconcile predecessor no-panic pull request	2026-09-06T23:13:20.1406230Z    ✔  Then the ECDSA keys should have different public keys
prepare	Reconcile predecessor no-panic pull request	2026-09-06T23:13:20.1425482Z   Scenario: random Ed25519 cache clear produces different key
prepare	Reconcile predecessor no-panic pull request	2026-09-06T23:13:20.1426065Z    ✔  Given a random factory
prepare	Reconcile predecessor no-panic pull request	2026-09-06T23:13:20.1426438Z    ✔  When I generate an Ed25519 key for label "random-ed-clear"
prepare	Reconcile predecessor no-panic pull request	2026-09-06T23:13:20.1426829Z    ✔  And I clear the factory cache
prepare	Reconcile predecessor no-panic pull request	2026-09-06T23:13:20.1427228Z    ✔  And I generate another Ed25519 key for label "random-ed-clear"
prepare	Reconcile predecessor no-panic pull request	2026-09-06T23:13:20.1427721Z    ✔  Then the Ed25519 keys should have different public keys
prepare	Reconcile predecessor no-panic pull request	2026-09-06T23:13:20.1428594Z   Scenario: random HMAC cache clear produces different secret
prepare	Reconcile predecessor no-panic pull request	2026-09-06T23:13:20.1428935Z    ✔  Given a random factory
prepare	Reconcile predecessor no-panic pull request	2026-09-06T23:13:20.1429333Z    ✔  When I generate an HMAC HS256 secret for label "random-hmac-clear"
prepare	Reconcile predecessor no-panic pull request	2026-09-06T23:13:20.1429708Z    ✔  And I clear the factory cache
prepare	Reconcile predecessor no-panic pull request	2026-09-06T23:13:20.1430296Z    ✔  And I generate another HMAC HS256 secret for label "random-hmac-clear"
prepare	Reconcile predecessor no-panic pull request	2026-09-06T23:13:20.1430723Z    ✔  Then the HMAC secrets should be different
prepare	Reconcile predecessor no-panic pull request	2026-09-06T23:13:20.1431068Z   Scenario: Ed25519 BadHeader corruption replaces the BEGIN line
prepare	Reconcile predecessor no-panic pull request	2026-09-06T23:13:20.1431767Z    ✔  Given a deterministic factory seeded with "neg-expand-ed-badheader"
prepare	Reconcile predecessor no-panic pull request	2026-09-06T23:13:20.1432225Z    ✔  When I generate an Ed25519 key for label "header-test"
prepare	Reconcile predecessor no-panic pull request	2026-09-06T23:13:20.1432587Z    ✔  And I corrupt the Ed25519 PKCS8 PEM with BadHeader
prepare	Reconcile predecessor no-panic pull request	2026-09-06T23:13:20.1432987Z    ✔  Then the corrupted Ed25519 PEM should contain "BEGIN CORRUPTED KEY"
prepare	Reconcile predecessor no-panic pull request	2026-09-06T23:13:20.1433355Z    ✔  And the corrupted Ed25519 PEM should fail to parse
prepare	Reconcile predecessor no-panic pull request	2026-09-06T23:13:20.1433690Z   Scenario: ECDSA ES256 BadHeader corruption replaces the BEGIN line
prepare	Reconcile predecessor no-panic pull request	2026-09-06T23:13:20.1434165Z    ✔  Given a deterministic factory seeded with "neg-expand-ecdsa-badheader"
prepare	Reconcile predecessor no-panic pull request	2026-09-06T23:13:20.1434616Z    ✔  When I generate an ECDSA ES256 key for label "header-test"
prepare	Reconcile predecessor no-panic pull request	2026-09-06T23:13:20.1435036Z    ✔  And I corrupt the ECDSA PKCS8 PEM with BadHeader
prepare	Reconcile predecessor no-panic pull request	2026-09-06T23:13:20.1435479Z    ✔  Then the corrupted ECDSA PEM should contain "BEGIN CORRUPTED KEY"
prepare	Reconcile predecessor no-panic pull request	2026-09-06T23:13:20.1435900Z    ✔  And the corrupted ECDSA PEM should fail to parse
prepare	Reconcile predecessor no-panic pull request	2026-09-06T23:13:20.1436295Z   Scenario: ECDSA DER truncation to 50 bytes fails parsing
prepare	Reconcile predecessor no-panic pull request	2026-09-06T23:13:20.1436714Z    ✔  Given a deterministic factory seeded with "neg-expand-ecdsa-truncate"
prepare	Reconcile predecessor no-panic pull request	2026-09-06T23:13:20.1437146Z    ✔  When I generate an ECDSA ES256 key for label "truncate-check"
prepare	Reconcile predecessor no-panic pull request	2026-09-06T23:13:20.1437519Z    ✔  And I truncate the ECDSA PKCS8 DER to 50 bytes
prepare	Reconcile predecessor no-panic pull request	2026-09-06T23:13:20.1437883Z    ✔  Then the truncated ECDSA DER should have length 50
prepare	Reconcile predecessor no-panic pull request	2026-09-06T23:13:20.1438263Z    ✔  And the truncated ECDSA DER should fail to parse
prepare	Reconcile predecessor no-panic pull request	2026-09-06T23:13:20.1441857Z   Scenario: Ed25519 DER truncation to 10 bytes fails parsing
prepare	Reconcile predecessor no-panic pull request	2026-09-06T23:13:20.1442487Z    ✔  Given a deterministic factory seeded with "neg-expand-ed-truncate"
prepare	Reconcile predecessor no-panic pull request	2026-09-06T23:13:20.1442991Z    ✔  When I generate an Ed25519 key for label "truncate-check"
prepare	Reconcile predecessor no-panic pull request	2026-09-06T23:13:20.1443400Z    ✔  And I truncate the Ed25519 PKCS8 DER to 10 bytes
prepare	Reconcile predecessor no-panic pull request	2026-09-06T23:13:20.1443805Z    ✔  Then the truncated Ed25519 DER should have length 10
prepare	Reconcile predecessor no-panic pull request	2026-09-06T23:13:20.1444248Z    ✔  And the truncated Ed25519 DER should fail to parse
prepare	Reconcile predecessor no-panic pull request	2026-09-06T23:13:20.1444683Z   Scenario: RSA deterministic PEM and DER corruption variants differ
prepare	Reconcile predecessor no-panic pull request	2026-09-06T23:13:20.1445197Z    ✔  Given a deterministic factory seeded with "neg-expand-rsa-variant-diff"
prepare	Reconcile predecessor no-panic pull request	2026-09-06T23:13:20.1445703Z    ✔  When I generate an RSA key for label "multi-variant"
prepare	Reconcile predecessor no-panic pull request	2026-09-06T23:13:20.1446190Z    ✔  And I deterministically corrupt the RSA PKCS8 PEM with variant "gamma"
prepare	Reconcile predecessor no-panic pull request	2026-09-06T23:13:20.1446792Z    ✔  And I deterministically corrupt the RSA PKCS8 PEM with variant "delta" again
prepare	Reconcile predecessor no-panic pull request	2026-09-06T23:13:20.1447309Z    ✔  Then the deterministic text artifacts should differ
prepare	Reconcile predecessor no-panic pull request	2026-09-06T23:13:20.4539345Z   Scenario: ECDSA deterministic PEM corruption variants differ
prepare	Reconcile predecessor no-panic pull request	2026-09-06T23:13:20.4540264Z    ✔  Given a deterministic factory seeded with "neg-expand-ecdsa-variant-diff"
prepare	Reconcile predecessor no-panic pull request	2026-09-06T23:13:20.4540772Z    ✔  When I generate an ECDSA ES256 key for label "multi-variant"
prepare	Reconcile predecessor no-panic pull request	2026-09-06T23:13:20.4541200Z    ✔  And I deterministically corrupt the ECDSA PKCS8 PEM with variant "gamma"
prepare	Reconcile predecessor no-panic pull request	2026-09-06T23:13:20.4541730Z    ✔  And I deterministically corrupt the ECDSA PKCS8 PEM with variant "delta" again
prepare	Reconcile predecessor no-panic pull request	2026-09-06T23:13:20.4542205Z    ✔  Then the deterministic text artifacts should differ
prepare	Reconcile predecessor no-panic pull request	2026-09-06T23:13:20.4548889Z   Scenario: Ed25519 deterministic PEM corruption variants differ
prepare	Reconcile predecessor no-panic pull request	2026-09-06T23:13:20.4549509Z    ✔  Given a deterministic factory seeded with "neg-expand-ed-variant-diff"
prepare	Reconcile predecessor no-panic pull request	2026-09-06T23:13:20.4550661Z    ✔  When I generate an Ed25519 key for label "multi-variant"
prepare	Reconcile predecessor no-panic pull request	2026-09-06T23:13:20.4551095Z    ✔  And I deterministically corrupt the Ed25519 PKCS8 PEM with variant "gamma"
prepare	Reconcile predecessor no-panic pull request	2026-09-06T23:13:20.4551616Z    ✔  And I deterministically corrupt the Ed25519 PKCS8 PEM with variant "delta" again
prepare	Reconcile predecessor no-panic pull request	2026-09-06T23:13:20.4552147Z    ✔  Then the deterministic text artifacts should differ
prepare	Reconcile predecessor no-panic pull request	2026-09-06T23:13:21.5681340Z   Scenario: generating tokens does not perturb RSA RS384 determinism
prepare	Reconcile predecessor no-panic pull request	2026-09-06T23:13:21.5682267Z    ✔  Given a deterministic factory seeded with "token-expand-rs384-isolation"
prepare	Reconcile predecessor no-panic pull request	2026-09-06T23:13:21.5683306Z    ✔  When I generate an RSA key for label "rs384-anchor" with spec RS384
prepare	Reconcile predecessor no-panic pull request	2026-09-06T23:13:21.5683754Z    ✔  And I generate an API key token for label "noise-api"
prepare	Reconcile predecessor no-panic pull request	2026-09-06T23:13:21.5684198Z    ✔  And I generate a bearer token for label "noise-bearer"
prepare	Reconcile predecessor no-panic pull request	2026-09-06T23:13:21.5684689Z    ✔  And I generate an OAuth access token for label "noise-oauth"
prepare	Reconcile predecessor no-panic pull request	2026-09-06T23:13:22.6307424Z    ✔  And I clear the factory cache
prepare	Reconcile predecessor no-panic pull request	2026-09-06T23:13:23.0352395Z    ✔  And I generate an RSA key for label "rs384-anchor" with spec RS384 again
prepare	Reconcile predecessor no-panic pull request	2026-09-06T23:13:31.9518914Z    ✔  Then the PKCS8 PEM should be identical
prepare	Reconcile predecessor no-panic pull request	2026-09-06T23:13:33.3721350Z   Scenario: generating HMAC HS384 does not perturb token determinism
prepare	Reconcile predecessor no-panic pull request	2026-09-06T23:13:33.3722092Z    ✔  Given a deterministic factory seeded with "token-expand-hmac-isolation"
prepare	Reconcile predecessor no-panic pull request	2026-09-06T23:13:33.3722444Z    ✔  When I generate an API key token for label "stable-api"
prepare	Reconcile predecessor no-panic pull request	2026-09-06T23:13:33.3722764Z    ✔  And I generate an HMAC HS384 secret for label "noise-hs384"
prepare	Reconcile predecessor no-panic pull request	2026-09-06T23:13:33.3723120Z    ✔  And I generate an HMAC HS512 secret for label "noise-hs512"
prepare	Reconcile predecessor no-panic pull request	2026-09-06T23:13:33.3723366Z    ✔  And I clear the factory cache
prepare	Reconcile predecessor no-panic pull request	2026-09-06T23:13:33.3723622Z    ✔  And I generate an API key token for label "stable-api" again
prepare	Reconcile predecessor no-panic pull request	2026-09-06T23:13:33.3723894Z    ✔  Then the token values should be identical
prepare	Reconcile predecessor no-panic pull request	2026-09-06T23:13:33.3724122Z   Scenario: API key format after mixed key generation
prepare	Reconcile predecessor no-panic pull request	2026-09-06T23:13:33.3724451Z    ✔  Given a deterministic factory seeded with "token-expand-mixed-format"
prepare	Reconcile predecessor no-panic pull request	2026-09-06T23:13:33.3724798Z    ✔  When I generate an RSA key for label "rsa-noise" with spec RS256
prepare	Reconcile predecessor no-panic pull request	2026-09-06T23:13:33.3725104Z    ✔  And I generate an ECDSA ES256 key for label "ecdsa-noise"
prepare	Reconcile predecessor no-panic pull request	2026-09-06T23:13:33.3725383Z    ✔  And I generate an Ed25519 key for label "ed-noise"
prepare	Reconcile predecessor no-panic pull request	2026-09-06T23:13:33.3725665Z    ✔  And I generate an HMAC HS256 secret for label "hmac-noise"
prepare	Reconcile predecessor no-panic pull request	2026-09-06T23:13:33.3725955Z    ✔  And I generate an API key token for label "after-mixed"
prepare	Reconcile predecessor no-panic pull request	2026-09-06T23:13:33.3726235Z    ✔  Then the token value should start with "uk_test_"
prepare	Reconcile predecessor no-panic pull request	2026-09-06T23:13:33.3726483Z    ✔  And the token value should have length 40
prepare	Reconcile predecessor no-panic pull request	2026-09-06T23:13:33.3727400Z   Scenario: bearer token format after mixed key generation
prepare	Reconcile predecessor no-panic pull request	2026-09-06T23:13:33.3727891Z    ✔  Given a deterministic factory seeded with "token-expand-bearer-mixed"
prepare	Reconcile predecessor no-panic pull request	2026-09-06T23:13:33.3728331Z    ✔  When I generate an RSA key for label "rsa-noise" with spec RS256
prepare	Reconcile predecessor no-panic pull request	2026-09-06T23:13:33.3728660Z    ✔  And I generate an ECDSA ES384 key for label "ecdsa-noise"
prepare	Reconcile predecessor no-panic pull request	2026-09-06T23:13:33.3728949Z    ✔  And I generate a bearer token for label "after-mixed"
prepare	Reconcile predecessor no-panic pull request	2026-09-06T23:13:33.3729210Z    ✔  Then the token value should be valid base64url
prepare	Reconcile predecessor no-panic pull request	2026-09-06T23:13:33.3729448Z    ✔  And the token value should have length 43
prepare	Reconcile predecessor no-panic pull request	2026-09-06T23:13:33.3729673Z   Scenario: OAuth token format after mixed key generation
prepare	Reconcile predecessor no-panic pull request	2026-09-06T23:13:33.3729987Z    ✔  Given a deterministic factory seeded with "token-expand-oauth-mixed"
prepare	Reconcile predecessor no-panic pull request	2026-09-06T23:13:33.3730461Z    ✔  When I generate an Ed25519 key for label "ed-noise"
prepare	Reconcile predecessor no-panic pull request	2026-09-06T23:13:33.3730753Z    ✔  And I generate an HMAC HS512 secret for label "hmac-noise"
prepare	Reconcile predecessor no-panic pull request	2026-09-06T23:13:33.3731054Z    ✔  And I generate an OAuth access token for label "after-mixed"
prepare	Reconcile predecessor no-panic pull request	2026-09-06T23:13:33.3731372Z    ✔  Then the token value should have three dot-separated segments
prepare	Reconcile predecessor no-panic pull request	2026-09-06T23:13:33.3731662Z    ✔  And the token value header should decode to valid JSON
prepare	Reconcile predecessor no-panic pull request	2026-09-06T23:13:33.3732346Z    ✔  And the OAuth payload should contain issuer "uselesskey"
prepare	Reconcile predecessor no-panic pull request	2026-09-06T23:13:33.3732643Z    ✔  And the OAuth payload should contain subject "after-mixed"
prepare	Reconcile predecessor no-panic pull request	2026-09-06T23:13:34.1525792Z   Scenario: all key types produce valid SPKI PEM from same factory
prepare	Reconcile predecessor no-panic pull request	2026-09-06T23:13:34.1526523Z    ✔  Given a deterministic factory seeded with "multi-expand-spki-pem"
prepare	Reconcile predecessor no-panic pull request	2026-09-06T23:13:34.1526884Z    ✔  When I generate an RSA key for label "spki-rsa" with spec RS256
prepare	Reconcile predecessor no-panic pull request	2026-09-06T23:13:34.1527202Z    ✔  And I generate an ECDSA ES256 key for label "spki-ecdsa"
prepare	Reconcile predecessor no-panic pull request	2026-09-06T23:13:34.1527495Z    ✔  And I generate an Ed25519 key for label "spki-ed25519"
prepare	Reconcile predecessor no-panic pull request	2026-09-06T23:13:34.1528233Z    ✔  Then the SPKI PEM should be parseable
prepare	Reconcile predecessor no-panic pull request	2026-09-06T23:13:34.1528475Z    ✔  And the ECDSA SPKI PEM should be parseable
prepare	Reconcile predecessor no-panic pull request	2026-09-06T23:13:34.1528720Z    ✔  And the Ed25519 SPKI PEM should be parseable
prepare	Reconcile predecessor no-panic pull request	2026-09-06T23:13:34.1528978Z   Scenario: all key types plus HMAC have unique kids in same factory
prepare	Reconcile predecessor no-panic pull request	2026-09-06T23:13:34.1529332Z    ✔  Given a deterministic factory seeded with "multi-expand-unique-kids"
prepare	Reconcile predecessor no-panic pull request	2026-09-06T23:13:34.1529661Z    ✔  When I generate an RSA key for label "kid-rsa" with spec RS256
prepare	Reconcile predecessor no-panic pull request	2026-09-06T23:13:34.1529958Z    ✔  And I generate an ECDSA ES256 key for label "kid-ecdsa"
prepare	Reconcile predecessor no-panic pull request	2026-09-06T23:13:34.1530482Z    ✔  And I generate an Ed25519 key for label "kid-ed25519"
prepare	Reconcile predecessor no-panic pull request	2026-09-06T23:13:34.1530772Z    ✔  And I generate an HMAC HS256 secret for label "kid-hmac"
prepare	Reconcile predecessor no-panic pull request	2026-09-06T23:13:34.1531030Z    ✔  Then each key should have a unique kid
prepare	Reconcile predecessor no-panic pull request	2026-09-06T23:13:34.1531247Z   Scenario: mixed JWKS contains all four kty values
prepare	Reconcile predecessor no-panic pull request	2026-09-06T23:13:34.1531565Z    ✔  Given a deterministic factory seeded with "multi-expand-jwks-kty"
prepare	Reconcile predecessor no-panic pull request	2026-09-06T23:13:34.1531889Z    ✔  When I generate an RSA key for label "jwks-rsa" with spec RS256
prepare	Reconcile predecessor no-panic pull request	2026-09-06T23:13:34.1532182Z    ✔  And I generate an ECDSA ES256 key for label "jwks-ecdsa"
prepare	Reconcile predecessor no-panic pull request	2026-09-06T23:13:34.1532463Z    ✔  And I generate an Ed25519 key for label "jwks-ed25519"
prepare	Reconcile predecessor no-panic pull request	2026-09-06T23:13:34.1532747Z    ✔  And I generate an HMAC HS256 secret for label "jwks-hmac"
prepare	Reconcile predecessor no-panic pull request	2026-09-06T23:13:34.1533011Z    ✔  And I build a JWKS containing all keys
prepare	Reconcile predecessor no-panic pull request	2026-09-06T23:13:34.1533235Z    ✔  Then the JWKS should contain 4 keys
prepare	Reconcile predecessor no-panic pull request	2026-09-06T23:13:34.1533471Z    ✔  And the JWKS should contain a key with kty "RSA"
prepare	Reconcile predecessor no-panic pull request	2026-09-06T23:13:34.8013812Z    ✔  And the JWKS should contain a key with kty "EC"
prepare	Reconcile predecessor no-panic pull request	2026-09-06T23:13:35.1581850Z    ✔  And the JWKS should contain a key with kty "OKP"
prepare	Reconcile predecessor no-panic pull request	2026-09-06T23:13:35.1611312Z   Scenario: interleaved generation of all types preserves RSA determinism
prepare	Reconcile predecessor no-panic pull request	2026-09-06T23:13:35.1612127Z    ✔  Given a deterministic factory seeded with "multi-expand-interleave-rsa"
prepare	Reconcile predecessor no-panic pull request	2026-09-06T23:13:35.1612740Z    ✔  When I generate an RSA key for label "rsa-anchor" with spec RS256
prepare	Reconcile predecessor no-panic pull request	2026-09-06T23:13:35.1613186Z    ✔  And I generate an ECDSA ES256 key for label "noise-ecdsa"
prepare	Reconcile predecessor no-panic pull request	2026-09-06T23:13:35.1613593Z    ✔  And I generate an Ed25519 key for label "noise-ed"
prepare	Reconcile predecessor no-panic pull request	2026-09-06T23:13:35.1614016Z    ✔  And I generate an HMAC HS384 secret for label "noise-hmac"
prepare	Reconcile predecessor no-panic pull request	2026-09-06T23:13:35.1614701Z    ✔  And I generate an API key token for label "noise-token"
prepare	Reconcile predecessor no-panic pull request	2026-09-06T23:13:35.1615009Z    ✔  And I clear the factory cache
prepare	Reconcile predecessor no-panic pull request	2026-09-06T23:13:35.1615330Z    ✔  And I generate an RSA key for label "rsa-anchor" again
prepare	Reconcile predecessor no-panic pull request	2026-09-06T23:13:35.1615696Z    ✔  Then the PKCS8 PEM should be identical
prepare	Reconcile predecessor no-panic pull request	2026-09-06T23:13:35.1616111Z   Scenario: interleaved generation of all types preserves ECDSA ES384 determinism
prepare	Reconcile predecessor no-panic pull request	2026-09-06T23:13:35.1616686Z    ✔  Given a deterministic factory seeded with "multi-expand-interleave-es384"
prepare	Reconcile predecessor no-panic pull request	2026-09-06T23:13:35.1617189Z    ✔  When I generate an ECDSA ES384 key for label "ecdsa-anchor"
prepare	Reconcile predecessor no-panic pull request	2026-09-06T23:13:35.1617771Z    ✔  And I generate an RSA key for label "noise-rsa" with spec RS256
prepare	Reconcile predecessor no-panic pull request	2026-09-06T23:13:35.1618189Z    ✔  And I generate an Ed25519 key for label "noise-ed"
prepare	Reconcile predecessor no-panic pull request	2026-09-06T23:13:35.1618566Z    ✔  And I generate an HMAC HS512 secret for label "noise-hmac"
prepare	Reconcile predecessor no-panic pull request	2026-09-06T23:13:35.1618977Z    ✔  And I generate a bearer token for label "noise-bearer"
prepare	Reconcile predecessor no-panic pull request	2026-09-06T23:13:35.1619403Z    ✔  And I clear the factory cache
prepare	Reconcile predecessor no-panic pull request	2026-09-06T23:13:35.1619770Z    ✔  And I generate an ECDSA ES384 key for label "ecdsa-anchor" again
prepare	Reconcile predecessor no-panic pull request	2026-09-06T23:13:35.1620381Z    ✔  Then the ECDSA PKCS8 PEM should be identical
prepare	Reconcile predecessor no-panic pull request	2026-09-06T23:13:35.1620754Z   Scenario: interleaved generation preserves HMAC HS512 determinism
prepare	Reconcile predecessor no-panic pull request	2026-09-06T23:13:35.1621281Z    ✔  Given a deterministic factory seeded with "multi-expand-interleave-hs512"
prepare	Reconcile predecessor no-panic pull request	2026-09-06T23:13:35.1621792Z    ✔  When I generate an HMAC HS512 secret for label "hmac-anchor"
prepare	Reconcile predecessor no-panic pull request	2026-09-06T23:13:35.1622253Z    ✔  And I generate an RSA key for label "noise-rsa" with spec RS256
prepare	Reconcile predecessor no-panic pull request	2026-09-06T23:13:35.1622716Z    ✔  And I generate an ECDSA ES256 key for label "noise-ecdsa"
prepare	Reconcile predecessor no-panic pull request	2026-09-06T23:13:35.1623102Z    ✔  And I generate an Ed25519 key for label "noise-ed"
prepare	Reconcile predecessor no-panic pull request	2026-09-06T23:13:35.1623538Z    ✔  And I generate an OAuth access token for label "noise-oauth"
prepare	Reconcile predecessor no-panic pull request	2026-09-06T23:13:35.1623924Z    ✔  And I clear the factory cache
prepare	Reconcile predecessor no-panic pull request	2026-09-06T23:13:35.1624321Z    ✔  And I generate an HMAC HS512 secret for label "hmac-anchor" again
prepare	Reconcile predecessor no-panic pull request	2026-09-06T23:13:35.1624762Z    ✔  Then the HMAC secrets should be identical
prepare	Reconcile predecessor no-panic pull request	2026-09-06T23:13:35.1625180Z   Scenario: all key types produce valid DER and PEM after interleaved generation
prepare	Reconcile predecessor no-panic pull request	2026-09-06T23:13:35.1625737Z    ✔  Given a deterministic factory seeded with "multi-expand-all-valid"
prepare	Reconcile predecessor no-panic pull request	2026-09-06T23:13:35.1626256Z    ✔  When I generate an RSA key for label "valid-rsa" with spec RS256
prepare	Reconcile predecessor no-panic pull request	2026-09-06T23:13:35.1626710Z    ✔  And I generate an ECDSA ES256 key for label "valid-ecdsa"
prepare	Reconcile predecessor no-panic pull request	2026-09-06T23:13:35.1627145Z    ✔  And I generate an Ed25519 key for label "valid-ed25519"
prepare	Reconcile predecessor no-panic pull request	2026-09-06T23:13:35.1627591Z    ✔  And I generate an HMAC HS256 secret for label "valid-hmac"
prepare	Reconcile predecessor no-panic pull request	2026-09-06T23:13:35.1627980Z    ✔  Then the PKCS8 DER should be parseable
prepare	Reconcile predecessor no-panic pull request	2026-09-06T23:13:35.1628315Z    ✔  And the SPKI DER should be parseable
prepare	Reconcile predecessor no-panic pull request	2026-09-06T23:13:35.1628658Z    ✔  And the ECDSA PKCS8 DER should be parseable
prepare	Reconcile predecessor no-panic pull request	2026-09-06T23:13:35.1629016Z    ✔  And the ECDSA SPKI DER should be parseable
prepare	Reconcile predecessor no-panic pull request	2026-09-06T23:13:35.1629385Z    ✔  And the Ed25519 PKCS8 DER should be parseable
prepare	Reconcile predecessor no-panic pull request	2026-09-06T23:13:35.1629769Z    ✔  And the Ed25519 SPKI DER should be parseable
prepare	Reconcile predecessor no-panic pull request	2026-09-06T23:13:35.2688474Z    ✔  And the HMAC secret bytes should have length 32
prepare	Reconcile predecessor no-panic pull request	2026-09-06T23:13:36.0963707Z Feature: HMAC fixtures
prepare	Reconcile predecessor no-panic pull request	2026-09-06T23:13:36.0964229Z   Scenario: deterministic HMAC secrets are stable
prepare	Reconcile predecessor no-panic pull request	2026-09-06T23:13:36.0964929Z    ✔  Given a deterministic factory seeded with "hmac-seed"
prepare	Reconcile predecessor no-panic pull request	2026-09-06T23:13:36.0965403Z    ✔  When I generate an HMAC HS256 secret for label "issuer"
prepare	Reconcile predecessor no-panic pull request	2026-09-06T23:13:36.0965870Z    ✔  And I generate an HMAC HS256 secret for label "issuer" again
prepare	Reconcile predecessor no-panic pull request	2026-09-06T23:13:36.0966310Z    ✔  Then the HMAC secrets should be identical
prepare	Reconcile predecessor no-panic pull request	2026-09-06T23:13:36.0966627Z   Scenario: HMAC JWK has required fields
prepare	Reconcile predecessor no-panic pull request	2026-09-06T23:13:36.0966968Z    ✔  Given a deterministic factory seeded with "hmac-jwk"
prepare	Reconcile predecessor no-panic pull request	2026-09-06T23:13:36.0967417Z    ✔  When I generate an HMAC HS256 secret for label "jwt-signer"
prepare	Reconcile predecessor no-panic pull request	2026-09-06T23:13:36.0967815Z    ✔  Then the HMAC JWK should have kty "oct"
prepare	Reconcile predecessor no-panic pull request	2026-09-06T23:13:36.0968649Z    ✔  And the HMAC JWK should have alg "HS256"
prepare	Reconcile predecessor no-panic pull request	2026-09-06T23:13:36.0969015Z    ✔  And the HMAC JWK should have use "sig"
prepare	Reconcile predecessor no-panic pull request	2026-09-06T23:13:36.0969351Z    ✔  And the HMAC JWK should have a kid
prepare	Reconcile predecessor no-panic pull request	2026-09-06T23:13:36.0969683Z    ✔  And the HMAC JWK should have k parameter
prepare	Reconcile predecessor no-panic pull request	2026-09-06T23:13:36.0969987Z   Scenario: HMAC JWKS has valid structure
prepare	Reconcile predecessor no-panic pull request	2026-09-06T23:13:36.0970557Z    ✔  Given a deterministic factory seeded with "hmac-jwks"
prepare	Reconcile predecessor no-panic pull request	2026-09-06T23:13:36.0971003Z    ✔  When I generate an HMAC HS256 secret for label "issuer"
prepare	Reconcile predecessor no-panic pull request	2026-09-06T23:13:36.0971405Z    ✔  Then the HMAC JWKS should have a keys array
prepare	Reconcile predecessor no-panic pull request	2026-09-06T23:13:36.0971915Z    ✔  And the HMAC JWKS keys array should contain one key
prepare	Reconcile predecessor no-panic pull request	2026-09-06T23:13:36.0972267Z   Scenario: deterministic HS384 secrets are stable
prepare	Reconcile predecessor no-panic pull request	2026-09-06T23:13:36.0972693Z    ✔  Given a deterministic factory seeded with "hs384-seed"
prepare	Reconcile predecessor no-panic pull request	2026-09-06T23:13:36.0973152Z    ✔  When I generate an HMAC HS384 secret for label "hs384-issuer"
prepare	Reconcile predecessor no-panic pull request	2026-09-06T23:13:36.0973655Z    ✔  And I generate an HMAC HS384 secret for label "hs384-issuer" again
prepare	Reconcile predecessor no-panic pull request	2026-09-06T23:13:36.0974082Z    ✔  Then the HMAC secrets should be identical
prepare	Reconcile predecessor no-panic pull request	2026-09-06T23:13:36.0974416Z   Scenario: deterministic HS512 secrets are stable
prepare	Reconcile predecessor no-panic pull request	2026-09-06T23:13:36.0974815Z    ✔  Given a deterministic factory seeded with "hs512-seed"
prepare	Reconcile predecessor no-panic pull request	2026-09-06T23:13:36.0975259Z    ✔  When I generate an HMAC HS512 secret for label "hs512-issuer"
prepare	Reconcile predecessor no-panic pull request	2026-09-06T23:13:36.0975727Z    ✔  And I generate an HMAC HS512 secret for label "hs512-issuer" again
prepare	Reconcile predecessor no-panic pull request	2026-09-06T23:13:36.0976143Z    ✔  Then the HMAC secrets should be identical
prepare	Reconcile predecessor no-panic pull request	2026-09-06T23:13:36.0976540Z   Scenario: HMAC HS256 and HS384 produce different secrets for same label
prepare	Reconcile predecessor no-panic pull request	2026-09-06T23:13:36.0977048Z    ✔  Given a deterministic factory seeded with "hmac-variant-test"
prepare	Reconcile predecessor no-panic pull request	2026-09-06T23:13:36.0977518Z    ✔  When I generate an HMAC HS256 secret for label "shared-label"
prepare	Reconcile predecessor no-panic pull request	2026-09-06T23:13:36.0977991Z    ✔  And I generate another HMAC HS384 secret for label "shared-label"
prepare	Reconcile predecessor no-panic pull request	2026-09-06T23:13:36.0978416Z    ✔  Then the HMAC secrets should be different
prepare	Reconcile predecessor no-panic pull request	2026-09-06T23:13:36.0978803Z   Scenario: HMAC HS384 and HS512 produce different secrets for same label
prepare	Reconcile predecessor no-panic pull request	2026-09-06T23:13:36.0979319Z    ✔  Given a deterministic factory seeded with "hmac-variant-test-2"
prepare	Reconcile predecessor no-panic pull request	2026-09-06T23:13:36.0979800Z    ✔  When I generate an HMAC HS384 secret for label "shared-label"
prepare	Reconcile predecessor no-panic pull request	2026-09-06T23:13:36.0980406Z    ✔  And I generate another HMAC HS512 secret for label "shared-label"
prepare	Reconcile predecessor no-panic pull request	2026-09-06T23:13:36.0980844Z    ✔  Then the HMAC secrets should be different
prepare	Reconcile predecessor no-panic pull request	2026-09-06T23:13:36.0981154Z   Scenario: HMAC secret bytes are accessible
prepare	Reconcile predecessor no-panic pull request	2026-09-06T23:13:36.0981577Z    ✔  Given a deterministic factory seeded with "hmac-bytes-test"
prepare	Reconcile predecessor no-panic pull request	2026-09-06T23:13:36.0982040Z    ✔  When I generate an HMAC HS256 secret for label "hmac-bytes"
prepare	Reconcile predecessor no-panic pull request	2026-09-06T23:13:36.0982467Z    ✔  Then the HMAC secret bytes should have length 32
prepare	Reconcile predecessor no-panic pull request	2026-09-06T23:13:36.0982831Z   Scenario: HMAC HS384 secret bytes have correct length
prepare	Reconcile predecessor no-panic pull request	2026-09-06T23:13:36.0983298Z    ✔  Given a deterministic factory seeded with "hmac-hs384-bytes-test"
prepare	Reconcile predecessor no-panic pull request	2026-09-06T23:13:36.0983790Z    ✔  When I generate an HMAC HS384 secret for label "hmac-hs384"
prepare	Reconcile predecessor no-panic pull request	2026-09-06T23:13:36.0984206Z    ✔  Then the HMAC secret bytes should have length 48
prepare	Reconcile predecessor no-panic pull request	2026-09-06T23:13:36.0984571Z   Scenario: HMAC HS512 secret bytes have correct length
prepare	Reconcile predecessor no-panic pull request	2026-09-06T23:13:36.0985025Z    ✔  Given a deterministic factory seeded with "hmac-hs512-bytes-test"
prepare	Reconcile predecessor no-panic pull request	2026-09-06T23:13:36.0985499Z    ✔  When I generate an HMAC HS512 secret for label "hmac-hs512"
prepare	Reconcile predecessor no-panic pull request	2026-09-06T23:13:36.0985914Z    ✔  Then the HMAC secret bytes should have length 64
prepare	Reconcile predecessor no-panic pull request	2026-09-06T23:13:36.0986263Z   Scenario: HMAC HS384 JWK has required fields
prepare	Reconcile predecessor no-panic pull request	2026-09-06T23:13:36.0986684Z    ✔  Given a deterministic factory seeded with "hmac-hs384-jwk"
prepare	Reconcile predecessor no-panic pull request	2026-09-06T23:13:36.0987146Z    ✔  When I generate an HMAC HS384 secret for label "hs384-signer"
prepare	Reconcile predecessor no-panic pull request	2026-09-06T23:13:36.0987541Z    ✔  Then the HMAC JWK should have kty "oct"
prepare	Reconcile predecessor no-panic pull request	2026-09-06T23:13:36.0987891Z    ✔  And the HMAC JWK should have alg "HS384"
prepare	Reconcile predecessor no-panic pull request	2026-09-06T23:13:36.0988323Z    ✔  And the HMAC JWK should have use "sig"
prepare	Reconcile predecessor no-panic pull request	2026-09-06T23:13:36.0988651Z    ✔  And the HMAC JWK should have a kid
prepare	Reconcile predecessor no-panic pull request	2026-09-06T23:13:36.0988983Z    ✔  And the HMAC JWK should have k parameter
prepare	Reconcile predecessor no-panic pull request	2026-09-06T23:13:36.0989298Z   Scenario: HMAC HS512 JWK has required fields
prepare	Reconcile predecessor no-panic pull request	2026-09-06T23:13:36.0989711Z    ✔  Given a deterministic factory seeded with "hmac-hs512-jwk"
prepare	Reconcile predecessor no-panic pull request	2026-09-06T23:13:36.0990261Z    ✔  When I generate an HMAC HS512 secret for label "hs512-signer"
prepare	Reconcile predecessor no-panic pull request	2026-09-06T23:13:36.0990669Z    ✔  Then the HMAC JWK should have kty "oct"
prepare	Reconcile predecessor no-panic pull request	2026-09-06T23:13:36.0991007Z    ✔  And the HMAC JWK should have alg "HS512"
prepare	Reconcile predecessor no-panic pull request	2026-09-06T23:13:36.0991431Z    ✔  And the HMAC JWK should have use "sig"
prepare	Reconcile predecessor no-panic pull request	2026-09-06T23:13:36.0991768Z    ✔  And the HMAC JWK should have a kid
prepare	Reconcile predecessor no-panic pull request	2026-09-06T23:13:36.0992101Z    ✔  And the HMAC JWK should have k parameter
prepare	Reconcile predecessor no-panic pull request	2026-09-06T23:13:36.0992389Z Feature: JWK generation
prepare	Reconcile predecessor no-panic pull request	2026-09-06T23:13:36.0992645Z   Scenario: public JWK has required fields
prepare	Reconcile predecessor no-panic pull request	2026-09-06T23:13:36.0993041Z    ✔> Given a deterministic factory seeded with "jwk-test-seed"
prepare	Reconcile predecessor no-panic pull request	2026-09-06T23:13:36.0993485Z    ✔  When I generate an RSA key for label "auth-service"
prepare	Reconcile predecessor no-panic pull request	2026-09-06T23:13:36.0993868Z    ✔  Then the public JWK should have kty "RSA"
prepare	Reconcile predecessor no-panic pull request	2026-09-06T23:13:36.0994222Z    ✔  And the public JWK should have alg "RS256"
prepare	Reconcile predecessor no-panic pull request	2026-09-06T23:13:36.0994586Z    ✔  And the public JWK should have use "sig"
prepare	Reconcile predecessor no-panic pull request	2026-09-06T23:13:36.0994920Z    ✔  And the public JWK should have a kid
prepare	Reconcile predecessor no-panic pull request	2026-09-06T23:13:36.0995280Z    ✔  And the public JWK should have n and e parameters
prepare	Reconcile predecessor no-panic pull request	2026-09-06T23:13:36.0995604Z   Scenario: JWKS wraps the JWK in keys array
prepare	Reconcile predecessor no-panic pull request	2026-09-06T23:13:36.0996015Z    ✔> Given a deterministic factory seeded with "jwk-test-seed"
prepare	Reconcile predecessor no-panic pull request	2026-09-06T23:13:36.0996449Z    ✔  When I generate an RSA key for label "auth-service"
prepare	Reconcile predecessor no-panic pull request	2026-09-06T23:13:36.0996814Z    ✔  Then the JWKS should have a keys array
prepare	Reconcile predecessor no-panic pull request	2026-09-06T23:13:36.0997168Z    ✔  And the JWKS keys array should contain one key
prepare	Reconcile predecessor no-panic pull request	2026-09-06T23:13:36.0997489Z   Scenario: private JWK has required fields
prepare	Reconcile predecessor no-panic pull request	2026-09-06T23:13:36.0997897Z    ✔> Given a deterministic factory seeded with "jwk-test-seed"
prepare	Reconcile predecessor no-panic pull request	2026-09-06T23:13:36.0998326Z    ✔  When I generate an RSA key for label "auth-service"
prepare	Reconcile predecessor no-panic pull request	2026-09-06T23:13:36.0998779Z    ✔  Then the RSA private JWK should have d p q dp dq qi parameters
prepare	Reconcile predecessor no-panic pull request	2026-09-06T23:13:36.0999144Z   Scenario: kid is deterministic
prepare	Reconcile predecessor no-panic pull request	2026-09-06T23:13:36.0999514Z    ✔> Given a deterministic factory seeded with "jwk-test-seed"
prepare	Reconcile predecessor no-panic pull request	2026-09-06T23:13:36.0999934Z    ✔  When I generate an RSA key for label "stable-kid"
prepare	Reconcile predecessor no-panic pull request	2026-09-06T23:13:36.1000414Z    ✔  And I capture the kid
prepare	Reconcile predecessor no-panic pull request	2026-09-06T23:13:36.1000708Z    ✔  And I clear the factory cache
prepare	Reconcile predecessor no-panic pull request	2026-09-06T23:13:36.1001065Z    ✔  And I generate an RSA key for label "stable-kid"
prepare	Reconcile predecessor no-panic pull request	2026-09-06T23:13:36.1001419Z    ✔  And I capture the kid again
prepare	Reconcile predecessor no-panic pull request	2026-09-06T23:13:36.1001723Z    ✔  Then the kids should be identical
prepare	Reconcile predecessor no-panic pull request	2026-09-06T23:13:36.1002021Z   Scenario: kid differs for different keys
prepare	Reconcile predecessor no-panic pull request	2026-09-06T23:13:36.1002428Z    ✔> Given a deterministic factory seeded with "jwk-test-seed"
prepare	Reconcile predecessor no-panic pull request	2026-09-06T23:13:36.1002852Z    ✔  When I generate an RSA key for label "key-one"
prepare	Reconcile predecessor no-panic pull request	2026-09-06T23:13:36.1003181Z    ✔  And I capture the kid
prepare	Reconcile predecessor no-panic pull request	2026-09-06T23:13:36.1003492Z    ✔  And I generate an RSA key for label "key-two"
prepare	Reconcile predecessor no-panic pull request	2026-09-06T23:13:36.1003828Z    ✔  And I capture the kid again
prepare	Reconcile predecessor no-panic pull request	2026-09-06T23:13:36.1004123Z    ✔  Then the kids should differ
prepare	Reconcile predecessor no-panic pull request	2026-09-06T23:13:36.1004398Z Feature: JWKS (JSON Web Key Set) builder
prepare	Reconcile predecessor no-panic pull request	2026-09-06T23:13:36.1004691Z   Scenario: build JWKS from RSA key
prepare	Reconcile predecessor no-panic pull request	2026-09-06T23:13:36.1005061Z    ✔  Given a deterministic factory seeded with "jwks-rsa-test"
prepare	Reconcile predecessor no-panic pull request	2026-09-06T23:13:36.1005540Z    ✔  When I generate an RSA key for label "rsa-signer" with spec RS256
prepare	Reconcile predecessor no-panic pull request	2026-09-06T23:13:36.1006031Z    ✔  And I build a JWKS containing the RSA key with kid "key-1"
prepare	Reconcile predecessor no-panic pull request	2026-09-06T23:13:36.1006416Z    ✔  Then the JWKS should contain 1 key
prepare	Reconcile predecessor no-panic pull request	2026-09-06T23:13:36.1006777Z    ✔  And the JWKS should contain a key with kid "key-1"
prepare	Reconcile predecessor no-panic pull request	2026-09-06T23:13:36.1007166Z    ✔  And the JWKS should contain a key with kty "RSA"
prepare	Reconcile predecessor no-panic pull request	2026-09-06T23:13:36.1007485Z   Scenario: build JWKS from ECDSA key
prepare	Reconcile predecessor no-panic pull request	2026-09-06T23:13:36.1007978Z    ✔  Given a deterministic factory seeded with "jwks-ecdsa-test"
prepare	Reconcile predecessor no-panic pull request	2026-09-06T23:13:36.1008436Z    ✔  When I generate an ECDSA ES256 key for label "ecdsa-signer"
prepare	Reconcile predecessor no-panic pull request	2026-09-06T23:13:36.1008908Z    ✔  And I build a JWKS containing the ECDSA key with kid "es256-key"
prepare	Reconcile predecessor no-panic pull request	2026-09-06T23:13:36.1009317Z    ✔  Then the JWKS should contain 1 key
prepare	Reconcile predecessor no-panic pull request	2026-09-06T23:13:36.1009694Z    ✔  And the JWKS should contain a key with kid "es256-key"
prepare	Reconcile predecessor no-panic pull request	2026-09-06T23:13:36.1010243Z    ✔  And the JWKS should contain a key with kty "EC"
prepare	Reconcile predecessor no-panic pull request	2026-09-06T23:13:36.1010574Z   Scenario: build JWKS from Ed25519 key
prepare	Reconcile predecessor no-panic pull request	2026-09-06T23:13:36.1011054Z    ✔  Given a deterministic factory seeded with "jwks-ed25519-test"
prepare	Reconcile predecessor no-panic pull request	2026-09-06T23:13:36.1011511Z    ✔  When I generate an Ed25519 key for label "ed25519-signer"
prepare	Reconcile predecessor no-panic pull request	2026-09-06T23:13:36.1011976Z    ✔  And I build a JWKS containing the Ed25519 key with kid "eddsa-key"
prepare	Reconcile predecessor no-panic pull request	2026-09-06T23:13:36.1012378Z    ✔  Then the JWKS should contain 1 key
prepare	Reconcile predecessor no-panic pull request	2026-09-06T23:13:36.1012761Z    ✔  And the JWKS should contain a key with kid "eddsa-key"
prepare	Reconcile predecessor no-panic pull request	2026-09-06T23:13:36.1013158Z    ✔  And the JWKS should contain a key with kty "OKP"
prepare	Reconcile predecessor no-panic pull request	2026-09-06T23:13:36.1013482Z   Scenario: build JWKS from HMAC secret
prepare	Reconcile predecessor no-panic pull request	2026-09-06T23:13:36.1013872Z    ✔  Given a deterministic factory seeded with "jwks-hmac-test"
prepare	Reconcile predecessor no-panic pull request	2026-09-06T23:13:36.1014338Z    ✔  When I generate an HMAC HS256 secret for label "hmac-signer"
prepare	Reconcile predecessor no-panic pull request	2026-09-06T23:13:36.1014819Z    ✔  And I build a JWKS containing the HMAC secret with kid "hs256-key"
prepare	Reconcile predecessor no-panic pull request	2026-09-06T23:13:36.1015224Z    ✔  Then the JWKS should contain 1 key
prepare	Reconcile predecessor no-panic pull request	2026-09-06T23:13:36.1015595Z    ✔  And the JWKS should contain a key with kid "hs256-key"
prepare	Reconcile predecessor no-panic pull request	2026-09-06T23:13:36.1016001Z    ✔  And the JWKS should contain a key with kty "oct"
prepare	Reconcile predecessor no-panic pull request	2026-09-06T23:13:36.1016334Z   Scenario: build JWKS with multiple key types
prepare	Reconcile predecessor no-panic pull request	2026-09-06T23:13:36.1016753Z    ✔  Given a deterministic factory seeded with "jwks-multi-test"
prepare	Reconcile predecessor no-panic pull request	2026-09-06T23:13:36.1017240Z    ✔  When I generate an RSA key for label "rsa-multi" with spec RS256
prepare	Reconcile predecessor no-panic pull request	2026-09-06T23:13:36.1017708Z    ✔  And I generate an ECDSA ES256 key for label "ecdsa-multi"
prepare	Reconcile predecessor no-panic pull request	2026-09-06T23:13:36.1018144Z    ✔  And I generate an Ed25519 key for label "ed25519-multi"
prepare	Reconcile predecessor no-panic pull request	2026-09-06T23:13:36.1018609Z    ✔  And I generate an HMAC HS256 secret for label "hmac-multi"
prepare	Reconcile predecessor no-panic pull request	2026-09-06T23:13:36.1018994Z    ✔  And I build a JWKS containing all keys
prepare	Reconcile predecessor no-panic pull request	2026-09-06T23:13:36.1019322Z    ✔  Then the JWKS should contain 4 keys
prepare	Reconcile predecessor no-panic pull request	2026-09-06T23:13:36.1019669Z    ✔  And the JWKS should contain a key with kty "RSA"
prepare	Reconcile predecessor no-panic pull request	2026-09-06T23:13:36.1020043Z    ✔  And the JWKS should contain a key with kty "EC"
prepare	Reconcile predecessor no-panic pull request	2026-09-06T23:13:36.1020562Z    ✔  And the JWKS should contain a key with kty "OKP"
prepare	Reconcile predecessor no-panic pull request	2026-09-06T23:13:36.5008932Z    ✔  And the JWKS should contain a key with kty "oct"
prepare	Reconcile predecessor no-panic pull request	2026-09-06T23:13:37.5847949Z   Scenario: JWKS keys have unique kids
prepare	Reconcile predecessor no-panic pull request	2026-09-06T23:13:37.5848792Z    ✔  Given a deterministic factory seeded with "jwks-unique-test"
prepare	Reconcile predecessor no-panic pull request	2026-09-06T23:13:37.5849302Z    ✔  When I generate an RSA key for label "rsa-1" with spec RS256
prepare	Reconcile predecessor no-panic pull request	2026-09-06T23:13:37.5849731Z    ✔  And I generate an RSA key for label "rsa-2" with spec RS256
prepare	Reconcile predecessor no-panic pull request	2026-09-06T23:13:37.5850336Z    ✔  And I build a JWKS with the RSA keys with kids "key-a" and "key-b"
prepare	Reconcile predecessor no-panic pull request	2026-09-06T23:13:37.5850696Z    ✔  Then the JWKS should contain 2 keys
prepare	Reconcile predecessor no-panic pull request	2026-09-06T23:13:37.5851065Z    ✔  And each key in the JWKS should have a unique kid
prepare	Reconcile predecessor no-panic pull request	2026-09-06T23:13:37.5851391Z   Scenario: JWKS has deterministic ordering in deterministic mode
prepare	Reconcile predecessor no-panic pull request	2026-09-06T23:13:37.5851771Z    ✔  Given a deterministic factory seeded with "jwks-order-test"
prepare	Reconcile predecessor no-panic pull request	2026-09-06T23:13:37.5852206Z    ✔  When I generate an RSA key for label "rsa-order" with spec RS256
prepare	Reconcile predecessor no-panic pull request	2026-09-06T23:13:37.5852690Z    ✔  And I generate an ECDSA ES256 key for label "ecdsa-order"
prepare	Reconcile predecessor no-panic pull request	2026-09-06T23:13:37.5853105Z    ✔  And I generate an Ed25519 key for label "ed25519-order"
prepare	Reconcile predecessor no-panic pull request	2026-09-06T23:13:37.5853575Z    ✔  And I build a JWKS containing all keys with kids "z-key", "a-key", "m-key"
prepare	Reconcile predecessor no-panic pull request	2026-09-06T23:13:37.5854148Z    ✔  And I build another JWKS containing all keys with kids "z-key", "a-key", "m-key"
prepare	Reconcile predecessor no-panic pull request	2026-09-06T23:13:37.5855150Z    ✔  Then both JWKS outputs should be identical
prepare	Reconcile predecessor no-panic pull request	2026-09-06T23:13:37.5855511Z   Scenario: JWKS preserves duplicate kid insertion order
prepare	Reconcile predecessor no-panic pull request	2026-09-06T23:13:37.5855979Z    ✔  Given a deterministic factory seeded with "jwks-dup-order-test"
prepare	Reconcile predecessor no-panic pull request	2026-09-06T23:13:37.5856476Z    ✔  When I generate an RSA key for label "rsa-dup" with spec RS256
prepare	Reconcile predecessor no-panic pull request	2026-09-06T23:13:37.5856951Z    ✔  And I generate an RSA key for label "rsa-dup-2" with spec RS256
prepare	Reconcile predecessor no-panic pull request	2026-09-06T23:13:37.5857424Z    ✔  And I build a JWKS with the RSA keys with kids "same" and "same"
prepare	Reconcile predecessor no-panic pull request	2026-09-06T23:13:37.5857830Z    ✔  Then the JWKS should contain 2 keys
prepare	Reconcile predecessor no-panic pull request	2026-09-06T23:13:37.5858310Z    ✔  And the JWKS key at index 0 should have kid "same"
prepare	Reconcile predecessor no-panic pull request	2026-09-06T23:13:37.5858705Z    ✔  And the JWKS key at index 1 should have kid "same"
prepare	Reconcile predecessor no-panic pull request	2026-09-06T23:13:37.5859029Z   Scenario: JWKS JSON structure is valid
prepare	Reconcile predecessor no-panic pull request	2026-09-06T23:13:37.5859430Z    ✔  Given a deterministic factory seeded with "jwks-json-test"
prepare	Reconcile predecessor no-panic pull request	2026-09-06T23:13:37.5859909Z    ✔  When I generate an RSA key for label "rsa-json" with spec RS256
prepare	Reconcile predecessor no-panic pull request	2026-09-06T23:13:37.5860531Z    ✔  And I build a JWKS containing the RSA key with kid "json-key"
prepare	Reconcile predecessor no-panic pull request	2026-09-06T23:13:37.5860951Z    ✔  Then the JWKS JSON should have a "keys" array
prepare	Reconcile predecessor no-panic pull request	2026-09-06T23:13:37.5861311Z    ✔  And the JWKS JSON should be parseable
prepare	Reconcile predecessor no-panic pull request	2026-09-06T23:13:37.5861627Z   Scenario: RSA JWKS key contains required fields
prepare	Reconcile predecessor no-panic pull request	2026-09-06T23:13:37.5862082Z    ✔  Given a deterministic factory seeded with "jwks-rsa-fields-test"
prepare	Reconcile predecessor no-panic pull request	2026-09-06T23:13:37.5862580Z    ✔  When I generate an RSA key for label "rsa-fields" with spec RS256
prepare	Reconcile predecessor no-panic pull request	2026-09-06T23:13:37.5863087Z    ✔  And I build a JWKS containing the RSA key with kid "rsa-fields-key"
prepare	Reconcile predecessor no-panic pull request	2026-09-06T23:13:37.5863533Z    ✔  Then the JWKS RSA key should contain field "n"
prepare	Reconcile predecessor no-panic pull request	2026-09-06T23:13:37.5863906Z    ✔  And the JWKS RSA key should contain field "e"
prepare	Reconcile predecessor no-panic pull request	2026-09-06T23:13:37.5864282Z    ✔  And the JWKS RSA key should contain field "kty"
prepare	Reconcile predecessor no-panic pull request	2026-09-06T23:13:37.5864657Z    ✔  And the JWKS RSA key should contain field "kid"
prepare	Reconcile predecessor no-panic pull request	2026-09-06T23:13:37.5865039Z    ✔  And the JWKS RSA key should contain field "alg"
prepare	Reconcile predecessor no-panic pull request	2026-09-06T23:13:37.5865378Z   Scenario: ECDSA JWKS key contains required fields
prepare	Reconcile predecessor no-panic pull request	2026-09-06T23:13:37.5865844Z    ✔  Given a deterministic factory seeded with "jwks-ecdsa-fields-test"
prepare	Reconcile predecessor no-panic pull request	2026-09-06T23:13:37.5866337Z    ✔  When I generate an ECDSA ES256 key for label "ecdsa-fields"
prepare	Reconcile predecessor no-panic pull request	2026-09-06T23:13:37.5866833Z    ✔  And I build a JWKS containing the ECDSA key with kid "ecdsa-fields-key"
prepare	Reconcile predecessor no-panic pull request	2026-09-06T23:13:37.5867287Z    ✔  Then the JWKS EC key should contain field "x"
prepare	Reconcile predecessor no-panic pull request	2026-09-06T23:13:37.5867650Z    ✔  And the JWKS EC key should contain field "y"
prepare	Reconcile predecessor no-panic pull request	2026-09-06T23:13:37.5868029Z    ✔  And the JWKS EC key should contain field "crv"
prepare	Reconcile predecessor no-panic pull request	2026-09-06T23:13:37.5868403Z    ✔  And the JWKS EC key should contain field "kty"
prepare	Reconcile predecessor no-panic pull request	2026-09-06T23:13:37.5868775Z    ✔  And the JWKS EC key should contain field "kid"
prepare	Reconcile predecessor no-panic pull request	2026-09-06T23:13:37.5869091Z   Scenario: JWKS contains only public keys
prepare	Reconcile predecessor no-panic pull request	2026-09-06T23:13:37.5869515Z    ✔  Given a deterministic factory seeded with "jwks-public-test"
prepare	Reconcile predecessor no-panic pull request	2026-09-06T23:13:37.5870006Z    ✔  When I generate an RSA key for label "rsa-pub" with spec RS256
prepare	Reconcile predecessor no-panic pull request	2026-09-06T23:13:37.5870597Z    ✔  And I build a JWKS containing the RSA public key with kid "pub-key"
prepare	Reconcile predecessor no-panic pull request	2026-09-06T23:13:37.5871054Z    ✔  Then the JWKS RSA key should not contain field "d"
prepare	Reconcile predecessor no-panic pull request	2026-09-06T23:13:37.5871455Z    ✔  And the JWKS RSA key should not contain field "p"
prepare	Reconcile predecessor no-panic pull request	2026-09-06T23:13:37.5871849Z    ✔  And the JWKS RSA key should not contain field "q"
prepare	Reconcile predecessor no-panic pull request	2026-09-06T23:13:37.5872161Z   Scenario: empty JWKS is valid
prepare	Reconcile predecessor no-panic pull request	2026-09-06T23:13:37.5872536Z    ✔  Given a deterministic factory seeded with "jwks-empty-test"
prepare	Reconcile predecessor no-panic pull request	2026-09-06T23:13:37.5872934Z    ✔  When I build an empty JWKS
prepare	Reconcile predecessor no-panic pull request	2026-09-06T23:13:37.5873246Z    ✔  Then the JWKS should contain 0 keys
prepare	Reconcile predecessor no-panic pull request	2026-09-06T23:13:37.5873611Z    ✔  And the JWKS JSON should have an empty "keys" array
prepare	Reconcile predecessor no-panic pull request	2026-09-06T23:13:37.5873939Z   Scenario: JWKS with multiple RSA keys
prepare	Reconcile predecessor no-panic pull request	2026-09-06T23:13:37.5874328Z    ✔  Given a deterministic factory seeded with "multi-rsa-test"
prepare	Reconcile predecessor no-panic pull request	2026-09-06T23:13:37.5874874Z    ✔  When I generate an RSA key for label "rsa-1" with spec RS256
prepare	Reconcile predecessor no-panic pull request	2026-09-06T23:13:37.5875327Z    ✔  And I generate an RSA key for label "rsa-2" with spec RS256
prepare	Reconcile predecessor no-panic pull request	2026-09-06T23:13:37.5875795Z    ✔  And I build a JWKS with the RSA keys with kids "key-1" and "key-2"
prepare	Reconcile predecessor no-panic pull request	2026-09-06T23:13:37.5876202Z    ✔  Then the JWKS should contain 2 keys
prepare	Reconcile predecessor no-panic pull request	2026-09-06T23:13:37.5876550Z    ✔  And each key in the JWKS should have kty "RSA"
prepare	Reconcile predecessor no-panic pull request	2026-09-06T23:13:37.5876943Z    ✔  And each key in the JWKS should have a unique kid
prepare	Reconcile predecessor no-panic pull request	2026-09-06T23:13:37.5877272Z   Scenario: JWKS with multiple ECDSA keys
prepare	Reconcile predecessor no-panic pull request	2026-09-06T23:13:37.5877766Z    ✔  Given a deterministic factory seeded with "multi-ecdsa-test"
prepare	Reconcile predecessor no-panic pull request	2026-09-06T23:13:37.5878220Z    ✔  When I generate an ECDSA ES256 key for label "ecdsa-1"
prepare	Reconcile predecessor no-panic pull request	2026-09-06T23:13:37.5878635Z    ✔  And I generate an ECDSA ES256 key for label "ecdsa-2"
prepare	Reconcile predecessor no-panic pull request	2026-09-06T23:13:37.5879113Z    ✔  And I build a JWKS with the ECDSA keys with kids "es256-1" and "es256-2"
prepare	Reconcile predecessor no-panic pull request	2026-09-06T23:13:37.5879542Z    ✔  Then the JWKS should contain 2 keys
prepare	Reconcile predecessor no-panic pull request	2026-09-06T23:13:37.5879897Z    ✔  And each key in the JWKS should have kty "EC"
prepare	Reconcile predecessor no-panic pull request	2026-09-06T23:13:37.5880377Z    ✔  And each key in the JWKS should have a unique kid
prepare	Reconcile predecessor no-panic pull request	2026-09-06T23:13:37.5880715Z   Scenario: JWKS with multiple Ed25519 keys
prepare	Reconcile predecessor no-panic pull request	2026-09-06T23:13:37.5881135Z    ✔  Given a deterministic factory seeded with "multi-ed25519-test"
prepare	Reconcile predecessor no-panic pull request	2026-09-06T23:13:37.5881592Z    ✔  When I generate an Ed25519 key for label "ed25519-1"
prepare	Reconcile predecessor no-panic pull request	2026-09-06T23:13:37.5881994Z    ✔  And I generate an Ed25519 key for label "ed25519-2"
prepare	Reconcile predecessor no-panic pull request	2026-09-06T23:13:37.5882462Z    ✔  And I build a JWKS with the Ed25519 keys with kids "eddsa-1" and "eddsa-2"
prepare	Reconcile predecessor no-panic pull request	2026-09-06T23:13:37.5882894Z    ✔  Then the JWKS should contain 2 keys
prepare	Reconcile predecessor no-panic pull request	2026-09-06T23:13:37.5883237Z    ✔  And each key in the JWKS should have kty "OKP"
prepare	Reconcile predecessor no-panic pull request	2026-09-06T23:13:37.5883618Z    ✔  And each key in the JWKS should have a unique kid
prepare	Reconcile predecessor no-panic pull request	2026-09-06T23:13:37.5883931Z   Scenario: JWKS with multiple HMAC keys
prepare	Reconcile predecessor no-panic pull request	2026-09-06T23:13:37.5884336Z    ✔  Given a deterministic factory seeded with "multi-hmac-test"
prepare	Reconcile predecessor no-panic pull request	2026-09-06T23:13:37.5884798Z    ✔  When I generate an HMAC HS256 secret for label "hmac-1"
prepare	Reconcile predecessor no-panic pull request	2026-09-06T23:13:37.5885221Z    ✔  And I generate an HMAC HS256 secret for label "hmac-2"
prepare	Reconcile predecessor no-panic pull request	2026-09-06T23:13:37.5885703Z    ✔  And I build a JWKS with the HMAC secrets with kids "hs256-1" and "hs256-2"
prepare	Reconcile predecessor no-panic pull request	2026-09-06T23:13:37.5886127Z    ✔  Then the JWKS should contain 2 keys
prepare	Reconcile predecessor no-panic pull request	2026-09-06T23:13:37.5886472Z    ✔  And each key in the JWKS should have kty "oct"
prepare	Reconcile predecessor no-panic pull request	2026-09-06T23:13:37.5886854Z    ✔  And each key in the JWKS should have a unique kid
prepare	Reconcile predecessor no-panic pull request	2026-09-06T23:13:37.5887173Z   Scenario: JWKS rotation adds new key
prepare	Reconcile predecessor no-panic pull request	2026-09-06T23:13:37.5887565Z    ✔  Given a deterministic factory seeded with "rotation-test"
prepare	Reconcile predecessor no-panic pull request	2026-09-06T23:13:37.5888043Z    ✔  When I generate an RSA key for label "key-v1" with spec RS256
prepare	Reconcile predecessor no-panic pull request	2026-09-06T23:13:37.5888494Z    ✔  And I build a JWKS containing the RSA key with kid "v1"
prepare	Reconcile predecessor no-panic pull request	2026-09-06T23:13:37.5888868Z    ✔  Then the JWKS should contain 1 key
prepare	Reconcile predecessor no-panic pull request	2026-09-06T23:13:37.5889265Z    ✔  When I generate an RSA key for label "key-v2" with spec RS256
prepare	Reconcile predecessor no-panic pull request	2026-09-06T23:13:37.5889739Z    ✔  And I build a JWKS containing both keys with kids "v1" and "v2"
prepare	Reconcile predecessor no-panic pull request	2026-09-06T23:13:37.5890213Z    ✔  Then the JWKS should contain 2 keys
prepare	Reconcile predecessor no-panic pull request	2026-09-06T23:13:37.5890583Z    ✔  And the JWKS should contain a key with kid "v1"
prepare	Reconcile predecessor no-panic pull request	2026-09-06T23:13:37.5890968Z    ✔  And the JWKS should contain a key with kid "v2"
prepare	Reconcile predecessor no-panic pull request	2026-09-06T23:13:37.5891289Z   Scenario: JWKS rotation removes old key
prepare	Reconcile predecessor no-panic pull request	2026-09-06T23:13:37.5891714Z    ✔  Given a deterministic factory seeded with "rotation-remove-test"
prepare	Reconcile predecessor no-panic pull request	2026-09-06T23:13:37.5892219Z    ✔  When I generate an RSA key for label "key-v1" with spec RS256
prepare	Reconcile predecessor no-panic pull request	2026-09-06T23:13:37.5892697Z    ✔  And I generate an RSA key for label "key-v2" with spec RS256
prepare	Reconcile predecessor no-panic pull request	2026-09-06T23:13:37.5893142Z    ✔  And I build a JWKS with both keys with kids "v1" and "v2"
prepare	Reconcile predecessor no-panic pull request	2026-09-06T23:13:37.5893515Z    ✔  Then the JWKS should contain 2 keys
prepare	Reconcile predecessor no-panic pull request	2026-09-06T23:13:37.5893895Z    ✔  When I build a JWKS with only the second key with kid "v2"
prepare	Reconcile predecessor no-panic pull request	2026-09-06T23:13:37.5894371Z    ✔  Then the JWKS should contain 1 key
prepare	Reconcile predecessor no-panic pull request	2026-09-06T23:13:37.5894721Z    ✔  And the JWKS should contain a key with kid "v2"
prepare	Reconcile predecessor no-panic pull request	2026-09-06T23:13:37.5895114Z    ✔  And the JWKS should not contain a key with kid "v1"
prepare	Reconcile predecessor no-panic pull request	2026-09-06T23:13:37.5895479Z   Scenario: JWKS rotation preserves key identity
prepare	Reconcile predecessor no-panic pull request	2026-09-06T23:13:37.5895933Z    ✔  Given a deterministic factory seeded with "rotation-preserve-test"
prepare	Reconcile predecessor no-panic pull request	2026-09-06T23:13:37.5896454Z    ✔  When I generate an RSA key for label "key-stable" with spec RS256
prepare	Reconcile predecessor no-panic pull request	2026-09-06T23:13:37.5896941Z    ✔  And I build a JWKS containing the RSA key with kid "stable-key"
prepare	Reconcile predecessor no-panic pull request	2026-09-06T23:13:37.5897482Z    ✔  And I generate an RSA key for label "key-new" with spec RS256
prepare	Reconcile predecessor no-panic pull request	2026-09-06T23:13:37.5897995Z    ✔  And I build a JWKS containing both keys with kids "stable-key" and "new-key"
prepare	Reconcile predecessor no-panic pull request	2026-09-06T23:13:37.5898496Z    ✔  Then the JWKS should contain a key with kid "stable-key"
prepare	Reconcile predecessor no-panic pull request	2026-09-06T23:13:37.5899022Z    ✔  And the JWKS key with kid "stable-key" should have the same modulus as the original
prepare	Reconcile predecessor no-panic pull request	2026-09-06T23:13:37.5899465Z   Scenario: JWKS filtering by algorithm
prepare	Reconcile predecessor no-panic pull request	2026-09-06T23:13:37.5899861Z    ✔  Given a deterministic factory seeded with "filter-test"
prepare	Reconcile predecessor no-panic pull request	2026-09-06T23:13:37.5900402Z    ✔  When I generate an RSA key for label "rsa-key" with spec RS256
prepare	Reconcile predecessor no-panic pull request	2026-09-06T23:13:37.5900852Z    ✔  And I generate an ECDSA ES256 key for label "ecdsa-key"
prepare	Reconcile predecessor no-panic pull request	2026-09-06T23:13:37.5901279Z    ✔  And I generate an HMAC HS256 secret for label "hmac-key"
prepare	Reconcile predecessor no-panic pull request	2026-09-06T23:13:37.5901657Z    ✔  And I build a JWKS containing all keys
prepare	Reconcile predecessor no-panic pull request	2026-09-06T23:13:37.5901990Z    ✔  Then the JWKS should contain 3 keys
prepare	Reconcile predecessor no-panic pull request	2026-09-06T23:13:37.5902347Z    ✔  And the JWKS should contain a key with alg "RS256"
prepare	Reconcile predecessor no-panic pull request	2026-09-06T23:13:37.5902749Z    ✔  And the JWKS should contain a key with alg "ES256"
prepare	Reconcile predecessor no-panic pull request	2026-09-06T23:13:37.5903139Z    ✔  And the JWKS should contain a key with alg "HS256"
prepare	Reconcile predecessor no-panic pull request	2026-09-06T23:13:37.6324479Z   Scenario: JWKS filtering by key type
prepare	Reconcile predecessor no-panic pull request	2026-09-06T23:13:37.6325158Z    ✔  Given a deterministic factory seeded with "filter-kty-test"
prepare	Reconcile predecessor no-panic pull request	2026-09-06T23:13:37.6325715Z    ✔  When I generate an RSA key for label "rsa-filter" with spec RS256
prepare	Reconcile predecessor no-panic pull request	2026-09-06T23:13:37.6326201Z    ✔  And I generate an ECDSA ES256 key for label "ecdsa-filter"
prepare	Reconcile predecessor no-panic pull request	2026-09-06T23:13:37.6326649Z    ✔  And I generate an Ed25519 key for label "ed25519-filter"
prepare	Reconcile predecessor no-panic pull request	2026-09-06T23:13:37.6327034Z    ✔  And I build a JWKS containing all keys
prepare	Reconcile predecessor no-panic pull request	2026-09-06T23:13:37.6327371Z    ✔  Then the JWKS should contain 3 keys
prepare	Reconcile predecessor no-panic pull request	2026-09-06T23:13:37.6327734Z    ✔  And the JWKS should contain a key with kty "RSA"
prepare	Reconcile predecessor no-panic pull request	2026-09-06T23:13:37.6328135Z    ✔  And the JWKS should contain a key with kty "EC"
prepare	Reconcile predecessor no-panic pull request	2026-09-06T23:13:37.6328522Z    ✔  And the JWKS should contain a key with kty "OKP"
prepare	Reconcile predecessor no-panic pull request	2026-09-06T23:13:37.9444820Z   Scenario: JWKS filtering by kid
prepare	Reconcile predecessor no-panic pull request	2026-09-06T23:13:37.9445490Z    ✔  Given a deterministic factory seeded with "filter-kid-test"
prepare	Reconcile predecessor no-panic pull request	2026-09-06T23:13:37.9446011Z    ✔  When I generate an RSA key for label "rsa-a" with spec RS256
prepare	Reconcile predecessor no-panic pull request	2026-09-06T23:13:37.9446476Z    ✔  And I generate an RSA key for label "rsa-b" with spec RS256
prepare	Reconcile predecessor no-panic pull request	2026-09-06T23:13:37.9446964Z    ✔  And I generate an RSA key for label "rsa-c" with spec RS256
prepare	Reconcile predecessor no-panic pull request	2026-09-06T23:13:37.9447471Z    ✔  And I build a JWKS containing all keys with kids "key-a", "key-b", "key-c"
prepare	Reconcile predecessor no-panic pull request	2026-09-06T23:13:37.9447921Z    ✔  Then the JWKS should contain 3 keys
prepare	Reconcile predecessor no-panic pull request	2026-09-06T23:13:37.9448254Z    ✔  When I filter the JWKS by kid "key-b"
prepare	Reconcile predecessor no-panic pull request	2026-09-06T23:13:37.9448603Z    ✔  Then the filtered JWKS should contain 1 key
prepare	Reconcile predecessor no-panic pull request	2026-09-06T23:13:37.9449017Z    ✔  And the filtered JWKS should contain a key with kid "key-b"
prepare	Reconcile predecessor no-panic pull request	2026-09-06T23:13:38.1175636Z   Scenario: JWKS is identical when rebuilt from same keys
prepare	Reconcile predecessor no-panic pull request	2026-09-06T23:13:38.1176348Z    ✔  Given a deterministic factory seeded with "jwks-rebuild-test"
prepare	Reconcile predecessor no-panic pull request	2026-09-06T23:13:38.1176846Z    ✔  When I generate an RSA key for label "rebuild-rsa" with spec RS256
prepare	Reconcile predecessor no-panic pull request	2026-09-06T23:13:38.1177324Z    ✔  And I generate an ECDSA ES256 key for label "rebuild-ecdsa"
prepare	Reconcile predecessor no-panic pull request	2026-09-06T23:13:38.1177787Z    ✔  And I generate an Ed25519 key for label "rebuild-ed"
prepare	Reconcile predecessor no-panic pull request	2026-09-06T23:13:38.1178299Z    ✔  And I build a JWKS containing all keys with kids "rsa-kid", "ecdsa-kid", "ed-kid"
prepare	Reconcile predecessor no-panic pull request	2026-09-06T23:13:38.1179281Z    ✔  And I build another JWKS containing all keys with kids "rsa-kid", "ecdsa-kid", "ed-kid"
prepare	Reconcile predecessor no-panic pull request	2026-09-06T23:13:38.1179789Z    ✔  Then both JWKS outputs should be identical
prepare	Reconcile predecessor no-panic pull request	2026-09-06T23:13:38.1180349Z   Scenario: JWKS with three RSA keys has correct count
prepare	Reconcile predecessor no-panic pull request	2026-09-06T23:13:38.1180813Z    ✔  Given a deterministic factory seeded with "jwks-triple-rsa"
prepare	Reconcile predecessor no-panic pull request	2026-09-06T23:13:38.1181314Z    ✔  When I generate an RSA key for label "rsa-triple-1" with spec RS256
prepare	Reconcile predecessor no-panic pull request	2026-09-06T23:13:38.1181835Z    ✔  And I generate an RSA key for label "rsa-triple-2" with spec RS256
prepare	Reconcile predecessor no-panic pull request	2026-09-06T23:13:38.1182460Z    ✔  And I generate an RSA key for label "rsa-triple-3" with spec RS256
prepare	Reconcile predecessor no-panic pull request	2026-09-06T23:13:38.1182997Z    ✔  And I build a JWKS containing all keys with kids "key-a", "key-b", "key-c"
prepare	Reconcile predecessor no-panic pull request	2026-09-06T23:13:38.1183442Z    ✔  Then the JWKS should contain 3 keys
prepare	Reconcile predecessor no-panic pull request	2026-09-06T23:13:38.1183798Z    ✔  And each key in the JWKS should have kty "RSA"
prepare	Reconcile predecessor no-panic pull request	2026-09-06T23:13:38.1184211Z   Scenario: JWKS private key fields are absent from public-only JWKS
prepare	Reconcile predecessor no-panic pull request	2026-09-06T23:13:38.1184734Z    ✔  Given a deterministic factory seeded with "jwks-public-fields-test"
prepare	Reconcile predecessor no-panic pull request	2026-09-06T23:13:38.1185254Z    ✔  When I generate an ECDSA ES256 key for label "ecdsa-public-check"
prepare	Reconcile predecessor no-panic pull request	2026-09-06T23:13:38.1185748Z    ✔  And I build a JWKS containing the ECDSA key with kid "pub-ecdsa"
prepare	Reconcile predecessor no-panic pull request	2026-09-06T23:13:38.1186182Z    ✔  Then the JWKS EC key should contain field "x"
prepare	Reconcile predecessor no-panic pull request	2026-09-06T23:13:38.1186562Z    ✔  And the JWKS EC key should contain field "y"
prepare	Reconcile predecessor no-panic pull request	2026-09-06T23:13:38.1186938Z    ✔  And the JWKS EC key should contain field "kty"
prepare	Reconcile predecessor no-panic pull request	2026-09-06T23:13:38.1187319Z    ✔  And the JWKS EC key should contain field "kid"
prepare	Reconcile predecessor no-panic pull request	2026-09-06T23:13:38.2432412Z Feature: JWT signing and verification
prepare	Reconcile predecessor no-panic pull request	2026-09-06T23:13:38.2432792Z   Scenario: sign JWT with RSA
prepare	Reconcile predecessor no-panic pull request	2026-09-06T23:13:38.2433224Z    ✔  Given a deterministic factory seeded with "jwt-rsa-test"
prepare	Reconcile predecessor no-panic pull request	2026-09-06T23:13:38.2433585Z    ✔  When I generate an RSA key for label "jwt-rsa"
prepare	Reconcile predecessor no-panic pull request	2026-09-06T23:13:38.2433916Z    ✔  And I sign a JWT with the RSA key
prepare	Reconcile predecessor no-panic pull request	2026-09-06T23:13:38.2434178Z    ✔  Then the JWT should be valid
prepare	Reconcile predecessor no-panic pull request	2026-09-06T23:13:38.2434465Z    ✔  And the JWT header should have alg "RS256"
prepare	Reconcile predecessor no-panic pull request	2026-09-06T23:13:38.2434764Z    ✔  And the JWT subject should be "jwt-subject"
prepare	Reconcile predecessor no-panic pull request	2026-09-06T23:13:38.2435010Z   Scenario: sign JWT with ECDSA
prepare	Reconcile predecessor no-panic pull request	2026-09-06T23:13:38.2435315Z    ✔  Given a deterministic factory seeded with "jwt-ecdsa-test"
prepare	Reconcile predecessor no-panic pull request	2026-09-06T23:13:38.2435685Z    ✔  When I generate an ECDSA ES256 key for label "jwt-ecdsa"
prepare	Reconcile predecessor no-panic pull request	2026-09-06T23:13:38.2435970Z    ✔  And I sign a JWT with the ECDSA key
prepare	Reconcile predecessor no-panic pull request	2026-09-06T23:13:38.2436295Z    ✔  Then the JWT should be valid
prepare	Reconcile predecessor no-panic pull request	2026-09-06T23:13:38.2436597Z    ✔  And the JWT header should have alg "ES256"
prepare	Reconcile predecessor no-panic pull request	2026-09-06T23:13:38.2436942Z    ✔  And the JWT subject should be "jwt-subject"
prepare	Reconcile predecessor no-panic pull request	2026-09-06T23:13:38.2437250Z   Scenario: sign JWT with Ed25519
prepare	Reconcile predecessor no-panic pull request	2026-09-06T23:13:38.2437599Z    ✔  Given a deterministic factory seeded with "jwt-ed25519-test"
prepare	Reconcile predecessor no-panic pull request	2026-09-06T23:13:38.2438017Z    ✔  When I generate an Ed25519 key for label "jwt-ed25519"
prepare	Reconcile predecessor no-panic pull request	2026-09-06T23:13:38.2438362Z    ✔  And I sign a JWT with the Ed25519 key
prepare	Reconcile predecessor no-panic pull request	2026-09-06T23:13:38.2438644Z    ✔  Then the JWT should be valid
prepare	Reconcile predecessor no-panic pull request	2026-09-06T23:13:38.2438924Z    ✔  And the JWT header should have alg "EdDSA"
prepare	Reconcile predecessor no-panic pull request	2026-09-06T23:13:38.2439351Z    ✔  And the JWT subject should be "jwt-subject"
prepare	Reconcile predecessor no-panic pull request	2026-09-06T23:13:38.2439702Z   Scenario: sign JWT with HMAC
prepare	Reconcile predecessor no-panic pull request	2026-09-06T23:13:38.2440055Z    ✔  Given a deterministic factory seeded with "jwt-hmac-test"
prepare	Reconcile predecessor no-panic pull request	2026-09-06T23:13:38.2440806Z    ✔  When I generate an HMAC HS256 secret for label "jwt-hmac"
prepare	Reconcile predecessor no-panic pull request	2026-09-06T23:13:38.2441213Z    ✔  And I sign a JWT with the HMAC key
prepare	Reconcile predecessor no-panic pull request	2026-09-06T23:13:38.2441529Z    ✔  Then the JWT should be valid
prepare	Reconcile predecessor no-panic pull request	2026-09-06T23:13:38.2441845Z    ✔  And the JWT header should have alg "HS256"
prepare	Reconcile predecessor no-panic pull request	2026-09-06T23:13:38.2442201Z    ✔  And the JWT subject should be "jwt-subject"
prepare	Reconcile predecessor no-panic pull request	2026-09-06T23:13:38.2442518Z   Scenario: verify JWT with RSA public key
prepare	Reconcile predecessor no-panic pull request	2026-09-06T23:13:38.2442916Z    ✔  Given a deterministic factory seeded with "jwt-verify-rsa"
prepare	Reconcile predecessor no-panic pull request	2026-09-06T23:13:38.2443629Z    ✔  When I generate an RSA key for label "jwt-verify-rsa"
prepare	Reconcile predecessor no-panic pull request	2026-09-06T23:13:38.2444002Z    ✔  And I sign a JWT with the RSA key
prepare	Reconcile predecessor no-panic pull request	2026-09-06T23:13:38.2444336Z    ✔  And I verify the JWT with the RSA public key
prepare	Reconcile predecessor no-panic pull request	2026-09-06T23:13:38.2444671Z    ✔  Then the JWT should be valid
prepare	Reconcile predecessor no-panic pull request	2026-09-06T23:13:38.2444933Z   Scenario: verify JWT with JWKS
prepare	Reconcile predecessor no-panic pull request	2026-09-06T23:13:38.2445283Z    ✔  Given a deterministic factory seeded with "jwt-jwks"
prepare	Reconcile predecessor no-panic pull request	2026-09-06T23:13:38.2445681Z    ✔  When I generate an RSA key for label "jwt-jwks"
prepare	Reconcile predecessor no-panic pull request	2026-09-06T23:13:38.2446100Z    ✔  And I build a JWKS containing the RSA key with kid "jwt-key"
prepare	Reconcile predecessor no-panic pull request	2026-09-06T23:13:38.2446584Z    ✔  And I sign a JWT with the RSA key
prepare	Reconcile predecessor no-panic pull request	2026-09-06T23:13:38.2446899Z    ✔  And I verify the JWT with the JWKS
prepare	Reconcile predecessor no-panic pull request	2026-09-06T23:13:38.2447211Z    ✔  Then the JWT should be valid
prepare	Reconcile predecessor no-panic pull request	2026-09-06T23:13:38.2447512Z   Scenario: verify JWT fails with wrong algorithm
prepare	Reconcile predecessor no-panic pull request	2026-09-06T23:13:38.2447919Z    ✔  Given a deterministic factory seeded with "jwt-wrong-alg"
prepare	Reconcile predecessor no-panic pull request	2026-09-06T23:13:38.2448366Z    ✔  When I generate an RSA key for label "jwt-wrong-alg"
prepare	Reconcile predecessor no-panic pull request	2026-09-06T23:13:38.2448723Z    ✔  And I sign a JWT with the RSA key
prepare	Reconcile predecessor no-panic pull request	2026-09-06T23:13:38.2449077Z    ✔  And I attempt to verify the JWT with ES256 algorithm
prepare	Reconcile predecessor no-panic pull request	2026-09-06T23:13:38.2449449Z    ✔  Then the JWT verification should fail
prepare	Reconcile predecessor no-panic pull request	2026-09-06T23:13:38.2449753Z   Scenario: verify JWT fails with wrong key
prepare	Reconcile predecessor no-panic pull request	2026-09-06T23:13:38.2450242Z    ✔  Given a deterministic factory seeded with "jwt-wrong-key"
prepare	Reconcile predecessor no-panic pull request	2026-09-06T23:13:38.2450681Z    ✔  When I generate an RSA key for label "jwt-wrong"
prepare	Reconcile predecessor no-panic pull request	2026-09-06T23:13:38.2451028Z    ✔  And I sign a JWT with the RSA key
prepare	Reconcile predecessor no-panic pull request	2026-09-06T23:13:38.2451417Z    ✔  And I generate another RSA key for label "jwt-wrong-2"
prepare	Reconcile predecessor no-panic pull request	2026-09-06T23:13:38.2451847Z    ✔  And I attempt to verify the JWT with the second RSA key
prepare	Reconcile predecessor no-panic pull request	2026-09-06T23:13:38.2452230Z    ✔  Then the JWT verification should fail
prepare	Reconcile predecessor no-panic pull request	2026-09-06T23:13:38.2452539Z   Scenario: verify JWT with ECDSA public key
prepare	Reconcile predecessor no-panic pull request	2026-09-06T23:13:38.2452955Z    ✔  Given a deterministic factory seeded with "jwt-verify-ecdsa"
prepare	Reconcile predecessor no-panic pull request	2026-09-06T23:13:38.2453447Z    ✔  When I generate an ECDSA ES256 key for label "jwt-verify-ecdsa"
prepare	Reconcile predecessor no-panic pull request	2026-09-06T23:13:38.2453899Z    ✔  And I sign a JWT with the ECDSA key
prepare	Reconcile predecessor no-panic pull request	2026-09-06T23:13:38.2454250Z    ✔  And I verify the JWT with the ECDSA public key
prepare	Reconcile predecessor no-panic pull request	2026-09-06T23:13:38.2454594Z    ✔  Then the JWT should be valid
prepare	Reconcile predecessor no-panic pull request	2026-09-06T23:13:38.2454884Z   Scenario: verify JWT with Ed25519 public key
prepare	Reconcile predecessor no-panic pull request	2026-09-06T23:13:38.2455318Z    ✔  Given a deterministic factory seeded with "jwt-verify-ed25519"
prepare	Reconcile predecessor no-panic pull request	2026-09-06T23:13:38.2455802Z    ✔  When I generate an Ed25519 key for label "jwt-verify-ed25519"
prepare	Reconcile predecessor no-panic pull request	2026-09-06T23:13:38.2456213Z    ✔  And I sign a JWT with the Ed25519 key
prepare	Reconcile predecessor no-panic pull request	2026-09-06T23:13:38.2456572Z    ✔  And I verify the JWT with the Ed25519 public key
prepare	Reconcile predecessor no-panic pull request	2026-09-06T23:13:38.2456914Z    ✔  Then the JWT should be valid
prepare	Reconcile predecessor no-panic pull request	2026-09-06T23:13:38.2457179Z   Scenario: verify JWT with HMAC secret
prepare	Reconcile predecessor no-panic pull request	2026-09-06T23:13:38.2457576Z    ✔  Given a deterministic factory seeded with "jwt-verify-hmac"
prepare	Reconcile predecessor no-panic pull request	2026-09-06T23:13:38.2458072Z    ✔  When I generate an HMAC HS256 secret for label "jwt-verify-hmac"
prepare	Reconcile predecessor no-panic pull request	2026-09-06T23:13:38.2458484Z    ✔  And I sign a JWT with the HMAC key
prepare	Reconcile predecessor no-panic pull request	2026-09-06T23:13:38.2458817Z    ✔  And I verify the JWT with the HMAC secret
prepare	Reconcile predecessor no-panic pull request	2026-09-06T23:13:38.2459145Z    ✔  Then the JWT should be valid
prepare	Reconcile predecessor no-panic pull request	2026-09-06T23:13:38.2459473Z   Scenario: deterministic RSA JWT is stable across generations
prepare	Reconcile predecessor no-panic pull request	2026-09-06T23:13:38.2459925Z    ✔  Given a deterministic factory seeded with "jwt-det-rsa"
prepare	Reconcile predecessor no-panic pull request	2026-09-06T23:13:38.2460436Z    ✔  When I generate an RSA key for label "jwt-det-rsa"
prepare	Reconcile predecessor no-panic pull request	2026-09-06T23:13:38.2460791Z    ✔  And I sign a JWT with the RSA key
prepare	Reconcile predecessor no-panic pull request	2026-09-06T23:13:38.2461108Z    ✔  And I record the JWT token
prepare	Reconcile predecessor no-panic pull request	2026-09-06T23:13:38.2461400Z    ✔  And I sign a JWT with the RSA key
prepare	Reconcile predecessor no-panic pull request	2026-09-06T23:13:38.2461777Z    ✔  Then the JWT token should be identical to the recorded one
prepare	Reconcile predecessor no-panic pull request	2026-09-06T23:13:38.2462212Z   Scenario: verify JWT fails with HMAC key against RSA-signed token
prepare	Reconcile predecessor no-panic pull request	2026-09-06T23:13:38.2462685Z    ✔  Given a deterministic factory seeded with "jwt-cross-alg"
prepare	Reconcile predecessor no-panic pull request	2026-09-06T23:13:38.2463209Z    ✔  When I generate an RSA key for label "jwt-cross-rsa"
prepare	Reconcile predecessor no-panic pull request	2026-09-06T23:13:38.2463568Z    ✔  And I sign a JWT with the RSA key
prepare	Reconcile predecessor no-panic pull request	2026-09-06T23:13:38.2463927Z    ✔  And I attempt to verify the JWT with HS256 algorithm
prepare	Reconcile predecessor no-panic pull request	2026-09-06T23:13:38.2464296Z    ✔  Then the JWT verification should fail
prepare	Reconcile predecessor no-panic pull request	2026-09-06T23:13:38.2464588Z Feature: Label stress tests
prepare	Reconcile predecessor no-panic pull request	2026-09-06T23:13:38.2464870Z   Scenario: empty label generates valid ECDSA key
prepare	Reconcile predecessor no-panic pull request	2026-09-06T23:13:38.2465333Z    ✔  Given a deterministic factory seeded with "label-stress-empty-ecdsa"
prepare	Reconcile predecessor no-panic pull request	2026-09-06T23:13:38.2465854Z    ?  When I generate an ECDSA ES256 key for label ""
prepare	Reconcile predecessor no-panic pull request	2026-09-06T23:13:38.2466204Z       Step skipped: features/label_stress.feature:10:5
prepare	Reconcile predecessor no-panic pull request	2026-09-06T23:13:38.2466553Z   Scenario: empty label generates valid Ed25519 key
prepare	Reconcile predecessor no-panic pull request	2026-09-06T23:13:38.2467035Z    ✔  Given a deterministic factory seeded with "label-stress-empty-ed25519"
prepare	Reconcile predecessor no-panic pull request	2026-09-06T23:13:38.2467452Z    ?  When I generate an Ed25519 key for label ""
prepare	Reconcile predecessor no-panic pull request	2026-09-06T23:13:38.2467797Z       Step skipped: features/label_stress.feature:15:5
prepare	Reconcile predecessor no-panic pull request	2026-09-06T23:13:38.2468146Z   Scenario: empty label generates valid HMAC secret
prepare	Reconcile predecessor no-panic pull request	2026-09-06T23:13:38.2468606Z    ✔  Given a deterministic factory seeded with "label-stress-empty-hmac"
prepare	Reconcile predecessor no-panic pull request	2026-09-06T23:13:38.2469031Z    ?  When I generate an HMAC HS256 secret for label ""
prepare	Reconcile predecessor no-panic pull request	2026-09-06T23:13:38.2469386Z       Step skipped: features/label_stress.feature:20:5
prepare	Reconcile predecessor no-panic pull request	2026-09-06T23:13:38.2469733Z   Scenario: empty label generates valid API key token
prepare	Reconcile predecessor no-panic pull request	2026-09-06T23:13:38.2470287Z    ✔  Given a deterministic factory seeded with "label-stress-empty-token"
prepare	Reconcile predecessor no-panic pull request	2026-09-06T23:13:38.2470724Z    ?  When I generate an API key token for label ""
prepare	Reconcile predecessor no-panic pull request	2026-09-06T23:13:38.2471067Z       Step skipped: features/label_stress.feature:25:5
prepare	Reconcile predecessor no-panic pull request	2026-09-06T23:13:38.2471412Z   Scenario: tab-only label generates valid RSA key
prepare	Reconcile predecessor no-panic pull request	2026-09-06T23:13:38.2471846Z    ✔  Given a deterministic factory seeded with "label-stress-tab"
prepare	Reconcile predecessor no-panic pull request	2026-09-06T23:13:38.2472254Z    ✔  When I generate an RSA key for label "	"
prepare	Reconcile predecessor no-panic pull request	2026-09-06T23:13:38.2472610Z    ✔  Then the PKCS8 PEM should be parseable
prepare	Reconcile predecessor no-panic pull request	2026-09-06T23:13:38.2472988Z   Scenario: special characters label generates valid Ed25519 key
prepare	Reconcile predecessor no-panic pull request	2026-09-06T23:13:38.2473495Z    ✔  Given a deterministic factory seeded with "label-stress-special-ed"
prepare	Reconcile predecessor no-panic pull request	2026-09-06T23:13:38.2473976Z    ?  When I generate an Ed25519 key for label "!@#$%^&*()_+-=[]{}|;':\",./<>?"
prepare	Reconcile predecessor no-panic pull request	2026-09-06T23:13:38.2474395Z       Step skipped: features/label_stress.feature:38:5
prepare	Reconcile predecessor no-panic pull request	2026-09-06T23:13:38.2474746Z   Scenario: emoji label generates valid HMAC secret
prepare	Reconcile predecessor no-panic pull request	2026-09-06T23:13:38.2475207Z    ✔  Given a deterministic factory seeded with "label-stress-emoji-hmac"
prepare	Reconcile predecessor no-panic pull request	2026-09-06T23:13:38.2475718Z    ✔  When I generate an HMAC HS256 secret for label "🔑🔐🗝️"
prepare	Reconcile predecessor no-panic pull request	2026-09-06T23:13:38.2476125Z    ✔  Then the HMAC secret bytes should have length 32
prepare	Reconcile predecessor no-panic pull request	2026-09-06T23:13:38.2476470Z   Scenario: emoji label generates valid bearer token
prepare	Reconcile predecessor no-panic pull request	2026-09-06T23:13:38.2476948Z    ✔  Given a deterministic factory seeded with "label-stress-emoji-bearer"
prepare	Reconcile predecessor no-panic pull request	2026-09-06T23:13:38.2477425Z    ✔  When I generate a bearer token for label "🎉🎊"
prepare	Reconcile predecessor no-panic pull request	2026-09-06T23:13:38.2477808Z    ✔  Then the token value should be valid base64url
prepare	Reconcile predecessor no-panic pull request	2026-09-06T23:13:38.2478180Z    ✔  And the token value should have length 43
prepare	Reconcile predecessor no-panic pull request	2026-09-06T23:13:38.2478524Z   Scenario: unicode label is deterministic for ECDSA
prepare	Reconcile predecessor no-panic pull request	2026-09-06T23:13:38.2479032Z    ✔  Given a deterministic factory seeded with "label-stress-det-unicode-ecdsa"
prepare	Reconcile predecessor no-panic pull request	2026-09-06T23:13:38.2483276Z    ✔  When I generate an ECDSA ES256 key for label "ключ-тест"
prepare	Reconcile predecessor no-panic pull request	2026-09-06T23:13:38.2483765Z    ✔  And I generate an ECDSA ES256 key for label "ключ-тест" again
prepare	Reconcile predecessor no-panic pull request	2026-09-06T23:13:38.2484197Z    ✔  Then the ECDSA PKCS8 PEM should be identical
prepare	Reconcile predecessor no-panic pull request	2026-09-06T23:13:38.2484551Z   Scenario: unicode label is deterministic for tokens
prepare	Reconcile predecessor no-panic pull request	2026-09-06T23:13:38.2485050Z    ✔  Given a deterministic factory seeded with "label-stress-det-unicode-token"
prepare	Reconcile predecessor no-panic pull request	2026-09-06T23:13:38.2485585Z    ✔  When I generate an API key token for label "مفتاح-اختبار"
prepare	Reconcile predecessor no-panic pull request	2026-09-06T23:13:38.2486172Z    ✔  And I generate an API key token for label "مفتاح-اختبار" again
prepare	Reconcile predecessor no-panic pull request	2026-09-06T23:13:38.2486587Z    ✔  Then the token values should be identical
prepare	Reconcile predecessor no-panic pull request	2026-09-06T23:13:38.2486914Z   Scenario: empty label is deterministic for RSA
prepare	Reconcile predecessor no-panic pull request	2026-09-06T23:13:38.2487389Z    ✔  Given a deterministic factory seeded with "label-stress-det-empty-rsa"
prepare	Reconcile predecessor no-panic pull request	2026-09-06T23:13:38.2487811Z    ?  When I generate an RSA key for label ""
prepare	Reconcile predecessor no-panic pull request	2026-09-06T23:13:38.2488142Z       Step skipped: features/label_stress.feature:68:5
prepare	Reconcile predecessor no-panic pull request	2026-09-06T23:13:38.2488493Z   Scenario: similar labels produce different keys
prepare	Reconcile predecessor no-panic pull request	2026-09-06T23:13:38.2488949Z    ✔  Given a deterministic factory seeded with "label-stress-collision"
prepare	Reconcile predecessor no-panic pull request	2026-09-06T23:13:38.2489498Z    ✔  When I generate an Ed25519 key for label "test"
prepare	Reconcile predecessor no-panic pull request	2026-09-06T23:13:38.2489933Z    ✔  And I generate another Ed25519 key for label "test "
prepare	Reconcile predecessor no-panic pull request	2026-09-06T23:13:38.2490550Z    ✔  Then the Ed25519 keys should have different public keys
prepare	Reconcile predecessor no-panic pull request	2026-09-06T23:13:42.7236710Z   Scenario: case-different labels produce different keys
prepare	Reconcile predecessor no-panic pull request	2026-09-06T23:13:42.7237582Z    ✔  Given a deterministic factory seeded with "label-stress-case"
prepare	Reconcile predecessor no-panic pull request	2026-09-06T23:13:42.7238050Z    ✔  When I generate an ECDSA ES256 key for label "MyKey"
prepare	Reconcile predecessor no-panic pull request	2026-09-06T23:13:42.7238465Z    ✔  And I generate another ECDSA ES256 key for label "mykey"
prepare	Reconcile predecessor no-panic pull request	2026-09-06T23:13:42.7238901Z    ✔  Then the ECDSA keys should have different public keys
prepare	Reconcile predecessor no-panic pull request	2026-09-06T23:13:44.8404421Z Feature: Negative fixtures
prepare	Reconcile predecessor no-panic pull request	2026-09-06T23:13:44.8404867Z   Scenario: BadHeader corruption replaces the BEGIN line
prepare	Reconcile predecessor no-panic pull request	2026-09-06T23:13:44.8405603Z    ✔> Given a deterministic factory seeded with "negative-fixtures-test"
prepare	Reconcile predecessor no-panic pull request	2026-09-06T23:13:44.8406135Z    ✔> And I generate an RSA key for label "test-key"
prepare	Reconcile predecessor no-panic pull request	2026-09-06T23:13:44.8406533Z    ✔  When I corrupt the PKCS8 PEM with BadHeader
prepare	Reconcile predecessor no-panic pull request	2026-09-06T23:13:44.8406973Z    ✔  Then the corrupted PEM should contain "BEGIN CORRUPTED KEY"
prepare	Reconcile predecessor no-panic pull request	2026-09-06T23:13:44.8407397Z    ✔  And the corrupted PEM should fail to parse
prepare	Reconcile predecessor no-panic pull request	2026-09-06T23:13:44.8626833Z   Scenario: BadFooter corruption replaces the END line
prepare	Reconcile predecessor no-panic pull request	2026-09-06T23:13:44.8629608Z    ✔> Given a deterministic factory seeded with "negative-fixtures-test"
prepare	Reconcile predecessor no-panic pull request	2026-09-06T23:13:44.8630003Z    ✔> And I generate an RSA key for label "test-key"
prepare	Reconcile predecessor no-panic pull request	2026-09-06T23:13:44.8630513Z    ✔  When I corrupt the PKCS8 PEM with BadFooter
prepare	Reconcile predecessor no-panic pull request	2026-09-06T23:13:44.8630806Z    ✔  Then the corrupted PEM should contain "END CORRUPTED KEY"
prepare	Reconcile predecessor no-panic pull request	2026-09-06T23:13:44.8631091Z    ✔  And the corrupted PEM should fail to parse
prepare	Reconcile predecessor no-panic pull request	2026-09-06T23:13:44.8647880Z   Scenario: BadBase64 corruption injects invalid characters
prepare	Reconcile predecessor no-panic pull request	2026-09-06T23:13:44.8648401Z    ✔> Given a deterministic factory seeded with "negative-fixtures-test"
prepare	Reconcile predecessor no-panic pull request	2026-09-06T23:13:44.8648759Z    ✔> And I generate an RSA key for label "test-key"
prepare	Reconcile predecessor no-panic pull request	2026-09-06T23:13:44.8649023Z    ✔  When I corrupt the PKCS8 PEM with BadBase64
prepare	Reconcile predecessor no-panic pull request	2026-09-06T23:13:44.8649305Z    ✔  Then the corrupted PEM should contain "THIS_IS_NOT_BASE64"
prepare	Reconcile predecessor no-panic pull request	2026-09-06T23:13:44.8649580Z    ✔  And the corrupted PEM should fail to parse
prepare	Reconcile predecessor no-panic pull request	2026-09-06T23:13:46.4716823Z   Scenario: Truncate corruption cuts the PEM short
prepare	Reconcile predecessor no-panic pull request	2026-09-06T23:13:46.4717603Z    ✔> Given a deterministic factory seeded with "negative-fixtures-test"
prepare	Reconcile predecessor no-panic pull request	2026-09-06T23:13:46.4717932Z    ✔> And I generate an RSA key for label "test-key"
prepare	Reconcile predecessor no-panic pull request	2026-09-06T23:13:46.4718223Z    ✔  When I corrupt the PKCS8 PEM with Truncate to 50 bytes
prepare	Reconcile predecessor no-panic pull request	2026-09-06T23:13:46.4718494Z    ✔  Then the corrupted PEM should have length 50
prepare	Reconcile predecessor no-panic pull request	2026-09-06T23:13:46.4718737Z    ✔  And the corrupted PEM should fail to parse
prepare	Reconcile predecessor no-panic pull request	2026-09-06T23:13:46.4789527Z   Scenario: ExtraBlankLine corruption adds whitespace
prepare	Reconcile predecessor no-panic pull request	2026-09-06T23:13:46.4790282Z    ✔> Given a deterministic factory seeded with "negative-fixtures-test"
prepare	Reconcile predecessor no-panic pull request	2026-09-06T23:13:46.4790674Z    ✔> And I generate an RSA key for label "test-key"
prepare	Reconcile predecessor no-panic pull request	2026-09-06T23:13:46.4790946Z    ✔  When I corrupt the PKCS8 PEM with ExtraBlankLine
prepare	Reconcile predecessor no-panic pull request	2026-09-06T23:13:46.4791205Z    ✔  Then the corrupted PEM should fail to parse
prepare	Reconcile predecessor no-panic pull request	2026-09-06T23:13:46.4791438Z   Scenario: truncated DER is shorter than original
prepare	Reconcile predecessor no-panic pull request	2026-09-06T23:13:46.4791738Z    ✔> Given a deterministic factory seeded with "negative-fixtures-test"
prepare	Reconcile predecessor no-panic pull request	2026-09-06T23:13:46.4792504Z    ✔> And I generate an RSA key for label "test-key"
prepare	Reconcile predecessor no-panic pull request	2026-09-06T23:13:46.4792757Z    ✔  When I truncate the PKCS8 DER to 100 bytes
prepare	Reconcile predecessor no-panic pull request	2026-09-06T23:13:46.4793005Z    ✔  Then the truncated DER should have length 100
prepare	Reconcile predecessor no-panic pull request	2026-09-06T23:13:46.4793248Z    ✔  And the truncated DER should fail to parse
prepare	Reconcile predecessor no-panic pull request	2026-09-06T23:13:46.4817572Z   Scenario: truncating beyond length returns original
prepare	Reconcile predecessor no-panic pull request	2026-09-06T23:13:46.4818133Z    ✔> Given a deterministic factory seeded with "negative-fixtures-test"
prepare	Reconcile predecessor no-panic pull request	2026-09-06T23:13:46.4818577Z    ✔> And I generate an RSA key for label "test-key"
prepare	Reconcile predecessor no-panic pull request	2026-09-06T23:13:46.4819256Z    ✔  When I truncate the PKCS8 DER to 99999 bytes
prepare	Reconcile predecessor no-panic pull request	2026-09-06T23:13:46.4819622Z    ✔  Then the truncated DER should equal the original
prepare	Reconcile predecessor no-panic pull request	2026-09-06T23:13:46.4819926Z   Scenario: deterministic PEM corruption with variant is stable
prepare	Reconcile predecessor no-panic pull request	2026-09-06T23:13:46.4820440Z    ✔> Given a deterministic factory seeded with "negative-fixtures-test"
prepare	Reconcile predecessor no-panic pull request	2026-09-06T23:13:46.4820782Z    ✔> And I generate an RSA key for label "test-key"
prepare	Reconcile predecessor no-panic pull request	2026-09-06T23:13:46.4821267Z    ✔  When I deterministically corrupt the RSA PKCS8 PEM with variant "neg-v1"
prepare	Reconcile predecessor no-panic pull request	2026-09-06T23:13:46.4821798Z    ✔  And I deterministically corrupt the RSA PKCS8 PEM with variant "neg-v1" again
prepare	Reconcile predecessor no-panic pull request	2026-09-06T23:13:46.4822251Z    ✔  Then the deterministic text artifacts should be identical
prepare	Reconcile predecessor no-panic pull request	2026-09-06T23:13:46.4822669Z    ✔  And the deterministic RSA PEM artifact should fail to parse
prepare	Reconcile predecessor no-panic pull request	2026-09-06T23:13:46.4823059Z   Scenario: deterministic DER corruption with variant is stable
prepare	Reconcile predecessor no-panic pull request	2026-09-06T23:13:46.4823474Z    ✔> Given a deterministic factory seeded with "negative-fixtures-test"
prepare	Reconcile predecessor no-panic pull request	2026-09-06T23:13:46.4823867Z    ✔> And I generate an RSA key for label "test-key"
prepare	Reconcile predecessor no-panic pull request	2026-09-06T23:13:46.4824192Z    ✔  When I deterministically corrupt the RSA PKCS8 DER with variant "neg-v1"
prepare	Reconcile predecessor no-panic pull request	2026-09-06T23:13:46.4824567Z    ✔  And I deterministically corrupt the RSA PKCS8 DER with variant "neg-v1" again
prepare	Reconcile predecessor no-panic pull request	2026-09-06T23:13:46.4824906Z    ✔  Then the deterministic binary artifacts should be identical
prepare	Reconcile predecessor no-panic pull request	2026-09-06T23:13:46.4825216Z    ✔  And the deterministic RSA DER artifact should fail to parse
prepare	Reconcile predecessor no-panic pull request	2026-09-06T23:13:46.4825503Z   Scenario: mismatched public key does not match the original private key
prepare	Reconcile predecessor no-panic pull request	2026-09-06T23:13:46.4825856Z    ✔> Given a deterministic factory seeded with "negative-fixtures-test"
prepare	Reconcile predecessor no-panic pull request	2026-09-06T23:13:46.4826149Z    ✔> And I generate an RSA key for label "test-key"
prepare	Reconcile predecessor no-panic pull request	2026-09-06T23:13:46.4826409Z    ✔  Then a mismatched SPKI DER should parse and differ
prepare	Reconcile predecessor no-panic pull request	2026-09-06T23:13:46.4826644Z   Scenario: mismatched key variant is deterministic
prepare	Reconcile predecessor no-panic pull request	2026-09-06T23:13:46.4826942Z    ✔> Given a deterministic factory seeded with "negative-fixtures-test"
prepare	Reconcile predecessor no-panic pull request	2026-09-06T23:13:46.4827273Z    ✔> And I generate an RSA key for label "test-key"
prepare	Reconcile predecessor no-panic pull request	2026-09-06T23:13:46.4827538Z    ✔  When I get the mismatched public key
prepare	Reconcile predecessor no-panic pull request	2026-09-06T23:13:46.4827767Z    ✔  And I get the mismatched public key again
prepare	Reconcile predecessor no-panic pull request	2026-09-06T23:13:46.4828007Z    ✔  Then the mismatched keys should be identical
prepare	Reconcile predecessor no-panic pull request	2026-09-06T23:13:46.4828277Z   Scenario: different PEM corruption variants produce different outputs
prepare	Reconcile predecessor no-panic pull request	2026-09-06T23:13:46.4828704Z    ✔> Given a deterministic factory seeded with "negative-fixtures-test"
prepare	Reconcile predecessor no-panic pull request	2026-09-06T23:13:46.4828989Z    ✔> And I generate an RSA key for label "test-key"
prepare	Reconcile predecessor no-panic pull request	2026-09-06T23:13:46.4829309Z    ✔  When I deterministically corrupt the RSA PKCS8 PEM with variant "variant-alpha"
prepare	Reconcile predecessor no-panic pull request	2026-09-06T23:13:46.4829721Z    ✔  And I deterministically corrupt the RSA PKCS8 PEM with variant "variant-beta" again
prepare	Reconcile predecessor no-panic pull request	2026-09-06T23:13:46.4830060Z    ✔  Then the deterministic text artifacts should differ
prepare	Reconcile predecessor no-panic pull request	2026-09-06T23:13:46.4830530Z   Scenario: different DER corruption variants produce different outputs
prepare	Reconcile predecessor no-panic pull request	2026-09-06T23:13:46.4831087Z    ✔> Given a deterministic factory seeded with "negative-fixtures-test"
prepare	Reconcile predecessor no-panic pull request	2026-09-06T23:13:46.4831483Z    ✔> And I generate an RSA key for label "test-key"
prepare	Reconcile predecessor no-panic pull request	2026-09-06T23:13:46.4831890Z    ✔  When I deterministically corrupt the RSA PKCS8 DER with variant "variant-alpha"
prepare	Reconcile predecessor no-panic pull request	2026-09-06T23:13:46.4832382Z    ✔  And I deterministically corrupt the RSA PKCS8 DER with variant "variant-beta" again
prepare	Reconcile predecessor no-panic pull request	2026-09-06T23:13:46.4832814Z    ✔  Then the deterministic binary artifacts should differ
prepare	Reconcile predecessor no-panic pull request	2026-09-06T23:13:46.4833131Z   Scenario: BadHeader and BadFooter produce different corruptions
prepare	Reconcile predecessor no-panic pull request	2026-09-06T23:13:46.4833548Z    ✔> Given a deterministic factory seeded with "negative-fixtures-test"
prepare	Reconcile predecessor no-panic pull request	2026-09-06T23:13:46.4833921Z    ✔> And I generate an RSA key for label "test-key"
prepare	Reconcile predecessor no-panic pull request	2026-09-06T23:13:46.4834235Z    ✔  When I corrupt the PKCS8 PEM with BadHeader
prepare	Reconcile predecessor no-panic pull request	2026-09-06T23:13:46.4834591Z    ✔  Then the corrupted PEM should contain "BEGIN CORRUPTED KEY"
prepare	Reconcile predecessor no-panic pull request	2026-09-06T23:13:46.4834956Z    ✔  And the corrupted PEM should fail to parse
prepare	Reconcile predecessor no-panic pull request	2026-09-06T23:13:46.4835235Z   Scenario: Truncate to 1 byte produces minimal output
prepare	Reconcile predecessor no-panic pull request	2026-09-06T23:13:46.4835606Z    ✔> Given a deterministic factory seeded with "negative-fixtures-test"
prepare	Reconcile predecessor no-panic pull request	2026-09-06T23:13:46.4835961Z    ✔> And I generate an RSA key for label "test-key"
prepare	Reconcile predecessor no-panic pull request	2026-09-06T23:13:46.4836287Z    ✔  When I corrupt the PKCS8 PEM with Truncate to 1 bytes
prepare	Reconcile predecessor no-panic pull request	2026-09-06T23:13:46.4836616Z    ✔  Then the corrupted PEM should have length 1
prepare	Reconcile predecessor no-panic pull request	2026-09-06T23:13:46.4836925Z    ✔  And the corrupted PEM should fail to parse
prepare	Reconcile predecessor no-panic pull request	2026-09-06T23:13:46.4837243Z   Scenario: ECDSA deterministic corrupt variant fails standard parsing
prepare	Reconcile predecessor no-panic pull request	2026-09-06T23:13:46.4837663Z    ✔> Given a deterministic factory seeded with "negative-fixtures-test"
prepare	Reconcile predecessor no-panic pull request	2026-09-06T23:13:46.4838020Z    ✔> And I generate an RSA key for label "test-key"
prepare	Reconcile predecessor no-panic pull request	2026-09-06T23:13:46.4838368Z    ✔  Given a deterministic factory seeded with "ecdsa-corrupt-neg"
prepare	Reconcile predecessor no-panic pull request	2026-09-06T23:13:46.4838745Z    ✔  When I generate an ECDSA ES256 key for label "corrupt-check"
prepare	Reconcile predecessor no-panic pull request	2026-09-06T23:13:46.4839173Z    ✔  And I deterministically corrupt the ECDSA PKCS8 PEM with variant "corrupt-v1"
prepare	Reconcile predecessor no-panic pull request	2026-09-06T23:13:46.4839647Z    ✔  And I deterministically corrupt the ECDSA PKCS8 PEM with variant "corrupt-v1" again
prepare	Reconcile predecessor no-panic pull request	2026-09-06T23:13:46.4840075Z    ✔  Then the deterministic text artifacts should be identical
prepare	Reconcile predecessor no-panic pull request	2026-09-06T23:13:46.4840566Z    ✔  And the deterministic ECDSA PEM artifact should fail to parse
prepare	Reconcile predecessor no-panic pull request	2026-09-06T23:13:46.4840955Z   Scenario: Ed25519 deterministic corrupt variant fails standard parsing
prepare	Reconcile predecessor no-panic pull request	2026-09-06T23:13:46.4841385Z    ✔> Given a deterministic factory seeded with "negative-fixtures-test"
prepare	Reconcile predecessor no-panic pull request	2026-09-06T23:13:46.4841742Z    ✔> And I generate an RSA key for label "test-key"
prepare	Reconcile predecessor no-panic pull request	2026-09-06T23:13:46.4842094Z    ✔  Given a deterministic factory seeded with "ed25519-corrupt-neg"
prepare	Reconcile predecessor no-panic pull request	2026-09-06T23:13:46.4842463Z    ✔  When I generate an Ed25519 key for label "corrupt-check"
prepare	Reconcile predecessor no-panic pull request	2026-09-06T23:13:46.4842899Z    ✔  And I deterministically corrupt the Ed25519 PKCS8 PEM with variant "corrupt-v1"
prepare	Reconcile predecessor no-panic pull request	2026-09-06T23:13:46.4843422Z    ✔  And I deterministically corrupt the Ed25519 PKCS8 PEM with variant "corrupt-v1" again
prepare	Reconcile predecessor no-panic pull request	2026-09-06T23:13:46.4843866Z    ✔  Then the deterministic text artifacts should be identical
prepare	Reconcile predecessor no-panic pull request	2026-09-06T23:13:46.4844253Z    ✔  And the deterministic Ed25519 PEM artifact should fail to parse
prepare	Reconcile predecessor no-panic pull request	2026-09-06T23:13:46.4844621Z   Scenario: ECDSA BadFooter corruption replaces the END line
prepare	Reconcile predecessor no-panic pull request	2026-09-06T23:13:46.4845110Z    ✔> Given a deterministic factory seeded with "negative-fixtures-test"
prepare	Reconcile predecessor no-panic pull request	2026-09-06T23:13:46.4845488Z    ✔> And I generate an RSA key for label "test-key"
prepare	Reconcile predecessor no-panic pull request	2026-09-06T23:13:46.4845846Z    ✔  Given a deterministic factory seeded with "ecdsa-badfooter-neg"
prepare	Reconcile predecessor no-panic pull request	2026-09-06T23:13:46.4846160Z    ✔  When I generate an ECDSA ES256 key for label "footer-test"
prepare	Reconcile predecessor no-panic pull request	2026-09-06T23:13:46.4846435Z    ✔  And I corrupt the ECDSA PKCS8 PEM with BadFooter
prepare	Reconcile predecessor no-panic pull request	2026-09-06T23:13:46.4846720Z    ✔  Then the corrupted ECDSA PEM should contain "END CORRUPTED KEY"
prepare	Reconcile predecessor no-panic pull request	2026-09-06T23:13:46.4847000Z    ✔  And the corrupted ECDSA PEM should fail to parse
prepare	Reconcile predecessor no-panic pull request	2026-09-06T23:13:46.4847326Z   Scenario: ECDSA BadBase64 corruption injects invalid characters
prepare	Reconcile predecessor no-panic pull request	2026-09-06T23:13:46.4847655Z    ✔> Given a deterministic factory seeded with "negative-fixtures-test"
prepare	Reconcile predecessor no-panic pull request	2026-09-06T23:13:46.4847948Z    ✔> And I generate an RSA key for label "test-key"
prepare	Reconcile predecessor no-panic pull request	2026-09-06T23:13:46.4848232Z    ✔  Given a deterministic factory seeded with "ecdsa-badbase64-neg"
prepare	Reconcile predecessor no-panic pull request	2026-09-06T23:13:46.4848548Z    ✔  When I generate an ECDSA ES256 key for label "base64-test"
prepare	Reconcile predecessor no-panic pull request	2026-09-06T23:13:46.4848821Z    ✔  And I corrupt the ECDSA PKCS8 PEM with BadBase64
prepare	Reconcile predecessor no-panic pull request	2026-09-06T23:13:46.4849112Z    ✔  Then the corrupted ECDSA PEM should contain "THIS_IS_NOT_BASE64"
prepare	Reconcile predecessor no-panic pull request	2026-09-06T23:13:46.4849402Z    ✔  And the corrupted ECDSA PEM should fail to parse
prepare	Reconcile predecessor no-panic pull request	2026-09-06T23:13:46.4849643Z   Scenario: ECDSA Truncate corruption cuts the PEM short
prepare	Reconcile predecessor no-panic pull request	2026-09-06T23:13:46.4849948Z    ✔> Given a deterministic factory seeded with "negative-fixtures-test"
prepare	Reconcile predecessor no-panic pull request	2026-09-06T23:13:46.4850405Z    ✔> And I generate an RSA key for label "test-key"
prepare	Reconcile predecessor no-panic pull request	2026-09-06T23:13:46.4850832Z    ✔  Given a deterministic factory seeded with "ecdsa-truncate-pem-neg"
prepare	Reconcile predecessor no-panic pull request	2026-09-06T23:13:46.4851226Z    ✔  When I generate an ECDSA ES256 key for label "truncate-pem"
prepare	Reconcile predecessor no-panic pull request	2026-09-06T23:13:46.4851595Z    ✔  And I corrupt the ECDSA PKCS8 PEM with Truncate to 30 bytes
prepare	Reconcile predecessor no-panic pull request	2026-09-06T23:13:46.4851925Z    ✔  Then the corrupted ECDSA PEM should have length 30
prepare	Reconcile predecessor no-panic pull request	2026-09-06T23:13:46.4852256Z    ✔  And the corrupted ECDSA PEM should fail to parse
prepare	Reconcile predecessor no-panic pull request	2026-09-06T23:13:46.4852545Z   Scenario: ECDSA ExtraBlankLine corruption fails parsing
prepare	Reconcile predecessor no-panic pull request	2026-09-06T23:13:46.4852927Z    ✔> Given a deterministic factory seeded with "negative-fixtures-test"
prepare	Reconcile predecessor no-panic pull request	2026-09-06T23:13:46.4853269Z    ✔> And I generate an RSA key for label "test-key"
prepare	Reconcile predecessor no-panic pull request	2026-09-06T23:13:46.4853612Z    ✔  Given a deterministic factory seeded with "ecdsa-blankline-neg"
prepare	Reconcile predecessor no-panic pull request	2026-09-06T23:13:46.4853980Z    ✔  When I generate an ECDSA ES256 key for label "blankline-test"
prepare	Reconcile predecessor no-panic pull request	2026-09-06T23:13:46.4854329Z    ✔  And I corrupt the ECDSA PKCS8 PEM with ExtraBlankLine
prepare	Reconcile predecessor no-panic pull request	2026-09-06T23:13:46.4854671Z    ✔  Then the corrupted ECDSA PEM should fail to parse
prepare	Reconcile predecessor no-panic pull request	2026-09-06T23:13:46.4855011Z   Scenario: Ed25519 BadFooter corruption replaces the END line
prepare	Reconcile predecessor no-panic pull request	2026-09-06T23:13:46.4855390Z    ✔> Given a deterministic factory seeded with "negative-fixtures-test"
prepare	Reconcile predecessor no-panic pull request	2026-09-06T23:13:46.4855741Z    ✔> And I generate an RSA key for label "test-key"
prepare	Reconcile predecessor no-panic pull request	2026-09-06T23:13:46.4856086Z    ✔  Given a deterministic factory seeded with "ed25519-badfooter-neg"
prepare	Reconcile predecessor no-panic pull request	2026-09-06T23:13:46.4856449Z    ✔  When I generate an Ed25519 key for label "footer-test"
prepare	Reconcile predecessor no-panic pull request	2026-09-06T23:13:46.4856778Z    ✔  And I corrupt the Ed25519 PKCS8 PEM with BadFooter
prepare	Reconcile predecessor no-panic pull request	2026-09-06T23:13:46.4857133Z    ✔  Then the corrupted Ed25519 PEM should contain "END CORRUPTED KEY"
prepare	Reconcile predecessor no-panic pull request	2026-09-06T23:13:46.4857489Z    ✔  And the corrupted Ed25519 PEM should fail to parse
prepare	Reconcile predecessor no-panic pull request	2026-09-06T23:13:46.4857809Z   Scenario: Ed25519 BadBase64 corruption injects invalid characters
prepare	Reconcile predecessor no-panic pull request	2026-09-06T23:13:46.4858208Z    ✔> Given a deterministic factory seeded with "negative-fixtures-test"
prepare	Reconcile predecessor no-panic pull request	2026-09-06T23:13:46.4858579Z    ✔> And I generate an RSA key for label "test-key"
prepare	Reconcile predecessor no-panic pull request	2026-09-06T23:13:46.4858925Z    ✔  Given a deterministic factory seeded with "ed25519-badbase64-neg"
prepare	Reconcile predecessor no-panic pull request	2026-09-06T23:13:46.4859289Z    ✔  When I generate an Ed25519 key for label "base64-test"
prepare	Reconcile predecessor no-panic pull request	2026-09-06T23:13:46.4859624Z    ✔  And I corrupt the Ed25519 PKCS8 PEM with BadBase64
prepare	Reconcile predecessor no-panic pull request	2026-09-06T23:13:46.4859984Z    ✔  Then the corrupted Ed25519 PEM should contain "THIS_IS_NOT_BASE64"
prepare	Reconcile predecessor no-panic pull request	2026-09-06T23:13:46.4860517Z    ✔  And the corrupted Ed25519 PEM should fail to parse
prepare	Reconcile predecessor no-panic pull request	2026-09-06T23:13:46.4860813Z   Scenario: Ed25519 Truncate corruption cuts the PEM short
prepare	Reconcile predecessor no-panic pull request	2026-09-06T23:13:46.4861184Z    ✔> Given a deterministic factory seeded with "negative-fixtures-test"
prepare	Reconcile predecessor no-panic pull request	2026-09-06T23:13:46.4861527Z    ✔> And I generate an RSA key for label "test-key"
prepare	Reconcile predecessor no-panic pull request	2026-09-06T23:13:46.4861893Z    ✔  Given a deterministic factory seeded with "ed25519-truncate-pem-neg"
prepare	Reconcile predecessor no-panic pull request	2026-09-06T23:13:46.4862277Z    ✔  When I generate an Ed25519 key for label "truncate-pem"
prepare	Reconcile predecessor no-panic pull request	2026-09-06T23:13:46.4862810Z    ✔  And I corrupt the Ed25519 PKCS8 PEM with Truncate to 20 bytes
prepare	Reconcile predecessor no-panic pull request	2026-09-06T23:13:46.4863158Z    ✔  Then the corrupted Ed25519 PEM should have length 20
prepare	Reconcile predecessor no-panic pull request	2026-09-06T23:13:46.4863484Z    ✔  And the corrupted Ed25519 PEM should fail to parse
prepare	Reconcile predecessor no-panic pull request	2026-09-06T23:13:46.4863785Z   Scenario: Ed25519 ExtraBlankLine corruption fails parsing
prepare	Reconcile predecessor no-panic pull request	2026-09-06T23:13:46.4864161Z    ✔> Given a deterministic factory seeded with "negative-fixtures-test"
prepare	Reconcile predecessor no-panic pull request	2026-09-06T23:13:46.4864459Z    ✔> And I generate an RSA key for label "test-key"
prepare	Reconcile predecessor no-panic pull request	2026-09-06T23:13:46.4864754Z    ✔  Given a deterministic factory seeded with "ed25519-blankline-neg"
prepare	Reconcile predecessor no-panic pull request	2026-09-06T23:13:46.4865070Z    ✔  When I generate an Ed25519 key for label "blankline-test"
prepare	Reconcile predecessor no-panic pull request	2026-09-06T23:13:46.4865361Z    ✔  And I corrupt the Ed25519 PKCS8 PEM with ExtraBlankLine
prepare	Reconcile predecessor no-panic pull request	2026-09-06T23:13:46.4866676Z    ✔  Then the corrupted Ed25519 PEM should fail to parse
prepare	Reconcile predecessor no-panic pull request	2026-09-06T23:13:46.4866975Z   Scenario: ECDSA different DER corruption variants produce different outputs
prepare	Reconcile predecessor no-panic pull request	2026-09-06T23:13:46.4867337Z    ✔> Given a deterministic factory seeded with "negative-fixtures-test"
prepare	Reconcile predecessor no-panic pull request	2026-09-06T23:13:46.4867629Z    ✔> And I generate an RSA key for label "test-key"
prepare	Reconcile predecessor no-panic pull request	2026-09-06T23:13:46.4867925Z    ✔  Given a deterministic factory seeded with "ecdsa-der-variants-neg"
prepare	Reconcile predecessor no-panic pull request	2026-09-06T23:13:46.4868254Z    ✔  When I generate an ECDSA ES256 key for label "der-variant-test"
prepare	Reconcile predecessor no-panic pull request	2026-09-06T23:13:46.4868620Z    ✔  And I deterministically corrupt the ECDSA PKCS8 DER with variant "alpha"
prepare	Reconcile predecessor no-panic pull request	2026-09-06T23:13:46.4868994Z    ✔  And I deterministically corrupt the ECDSA PKCS8 DER with variant "beta" again
prepare	Reconcile predecessor no-panic pull request	2026-09-06T23:13:46.4869330Z    ✔  Then the deterministic binary artifacts should differ
prepare	Reconcile predecessor no-panic pull request	2026-09-06T23:13:46.4869626Z   Scenario: Ed25519 different DER corruption variants produce different outputs
prepare	Reconcile predecessor no-panic pull request	2026-09-06T23:13:46.4869988Z    ✔> Given a deterministic factory seeded with "negative-fixtures-test"
prepare	Reconcile predecessor no-panic pull request	2026-09-06T23:13:46.4870525Z    ✔> And I generate an RSA key for label "test-key"
prepare	Reconcile predecessor no-panic pull request	2026-09-06T23:13:46.4870836Z    ✔  Given a deterministic factory seeded with "ed25519-der-variants-neg"
prepare	Reconcile predecessor no-panic pull request	2026-09-06T23:13:46.4871175Z    ✔  When I generate an Ed25519 key for label "der-variant-test"
prepare	Reconcile predecessor no-panic pull request	2026-09-06T23:13:46.4871545Z    ✔  And I deterministically corrupt the Ed25519 PKCS8 DER with variant "alpha"
prepare	Reconcile predecessor no-panic pull request	2026-09-06T23:13:46.4871955Z    ✔  And I deterministically corrupt the Ed25519 PKCS8 DER with variant "beta" again
prepare	Reconcile predecessor no-panic pull request	2026-09-06T23:13:46.4872300Z    ✔  Then the deterministic binary artifacts should differ
prepare	Reconcile predecessor no-panic pull request	2026-09-06T23:13:46.4872551Z   Scenario: ECDSA mismatched key variant is deterministic
prepare	Reconcile predecessor no-panic pull request	2026-09-06T23:13:46.4872854Z    ✔> Given a deterministic factory seeded with "negative-fixtures-test"
prepare	Reconcile predecessor no-panic pull request	2026-09-06T23:13:46.4873136Z    ✔> And I generate an RSA key for label "test-key"
prepare	Reconcile predecessor no-panic pull request	2026-09-06T23:13:46.4873422Z    ✔  Given a deterministic factory seeded with "ecdsa-mismatch-det-neg"
prepare	Reconcile predecessor no-panic pull request	2026-09-06T23:13:46.4873744Z    ✔  When I generate an ECDSA ES256 key for label "mismatch-victim"
prepare	Reconcile predecessor no-panic pull request	2026-09-06T23:13:46.4874020Z    ✔  And I get the mismatched ECDSA public key
prepare	Reconcile predecessor no-panic pull request	2026-09-06T23:13:46.4874280Z    ✔  And I get the mismatched ECDSA public key again
prepare	Reconcile predecessor no-panic pull request	2026-09-06T23:13:46.4874533Z    ✔  Then the mismatched ECDSA keys should be identical
prepare	Reconcile predecessor no-panic pull request	2026-09-06T23:13:46.4874773Z   Scenario: Ed25519 mismatched key variant is deterministic
prepare	Reconcile predecessor no-panic pull request	2026-09-06T23:13:46.4875080Z    ✔> Given a deterministic factory seeded with "negative-fixtures-test"
prepare	Reconcile predecessor no-panic pull request	2026-09-06T23:13:46.4875558Z    ✔> And I generate an RSA key for label "test-key"
prepare	Reconcile predecessor no-panic pull request	2026-09-06T23:13:46.4875934Z    ✔  Given a deterministic factory seeded with "ed25519-mismatch-det-neg"
prepare	Reconcile predecessor no-panic pull request	2026-09-06T23:13:46.4876262Z    ✔  When I generate an Ed25519 key for label "mismatch-victim"
prepare	Reconcile predecessor no-panic pull request	2026-09-06T23:13:46.4876537Z    ✔  And I get the mismatched Ed25519 public key
prepare	Reconcile predecessor no-panic pull request	2026-09-06T23:13:46.4876794Z    ✔  And I get the mismatched Ed25519 public key again
prepare	Reconcile predecessor no-panic pull request	2026-09-06T23:13:46.4877068Z    ✔  Then the mismatched Ed25519 keys should be identical
prepare	Reconcile predecessor no-panic pull request	2026-09-06T23:13:46.4877309Z Feature: Cross-type negative fixture edge cases
prepare	Reconcile predecessor no-panic pull request	2026-09-06T23:13:46.4877528Z   Scenario: ECDSA ES384 BadHeader corruption
prepare	Reconcile predecessor no-panic pull request	2026-09-06T23:13:46.4877880Z    ✔  Given a deterministic factory seeded with "neg-ecdsa384-badheader"
prepare	Reconcile predecessor no-panic pull request	2026-09-06T23:13:46.4878201Z    ✔  When I generate an ECDSA ES384 key for label "es384-corrupt"
prepare	Reconcile predecessor no-panic pull request	2026-09-06T23:13:46.4878480Z    ✔  And I corrupt the ECDSA PKCS8 PEM with BadHeader
prepare	Reconcile predecessor no-panic pull request	2026-09-06T23:13:46.4878852Z    ✔  Then the corrupted ECDSA PEM should contain "BEGIN CORRUPTED KEY"
prepare	Reconcile predecessor no-panic pull request	2026-09-06T23:13:46.4879207Z    ✔  And the corrupted ECDSA PEM should fail to parse
prepare	Reconcile predecessor no-panic pull request	2026-09-06T23:13:46.4879730Z   Scenario: ECDSA ES384 BadBase64 corruption
prepare	Reconcile predecessor no-panic pull request	2026-09-06T23:13:46.4880256Z    ✔  Given a deterministic factory seeded with "neg-ecdsa384-badbase64"
prepare	Reconcile predecessor no-panic pull request	2026-09-06T23:13:46.4880694Z    ✔  When I generate an ECDSA ES384 key for label "es384-base64"
prepare	Reconcile predecessor no-panic pull request	2026-09-06T23:13:46.4881044Z    ✔  And I corrupt the ECDSA PKCS8 PEM with BadBase64
prepare	Reconcile predecessor no-panic pull request	2026-09-06T23:13:46.4881422Z    ✔  Then the corrupted ECDSA PEM should contain "THIS_IS_NOT_BASE64"
prepare	Reconcile predecessor no-panic pull request	2026-09-06T23:13:46.4881809Z    ✔  And the corrupted ECDSA PEM should fail to parse
prepare	Reconcile predecessor no-panic pull request	2026-09-06T23:13:46.4882110Z   Scenario: ECDSA ES384 DER truncation
prepare	Reconcile predecessor no-panic pull request	2026-09-06T23:13:46.4882477Z    ✔  Given a deterministic factory seeded with "neg-ecdsa384-truncate"
prepare	Reconcile predecessor no-panic pull request	2026-09-06T23:13:46.4882902Z    ✔  When I generate an ECDSA ES384 key for label "es384-truncate"
prepare	Reconcile predecessor no-panic pull request	2026-09-06T23:13:46.4883266Z    ✔  And I truncate the ECDSA PKCS8 DER to 50 bytes
prepare	Reconcile predecessor no-panic pull request	2026-09-06T23:13:46.4883604Z    ✔  Then the truncated ECDSA DER should have length 50
prepare	Reconcile predecessor no-panic pull request	2026-09-06T23:13:46.4883950Z    ✔  And the truncated ECDSA DER should fail to parse
prepare	Reconcile predecessor no-panic pull request	2026-09-06T23:13:46.4884275Z   Scenario: ECDSA deterministic DER corruption is stable
prepare	Reconcile predecessor no-panic pull request	2026-09-06T23:13:46.4884687Z    ✔  Given a deterministic factory seeded with "neg-ecdsa-det-der-stable"
prepare	Reconcile predecessor no-panic pull request	2026-09-06T23:13:46.4885110Z    ✔  When I generate an ECDSA ES256 key for label "det-stable"
prepare	Reconcile predecessor no-panic pull request	2026-09-06T23:13:46.4885535Z    ✔  And I deterministically corrupt the ECDSA PKCS8 DER with variant "v1"
prepare	Reconcile predecessor no-panic pull request	2026-09-06T23:13:46.4886018Z    ✔  And I deterministically corrupt the ECDSA PKCS8 DER with variant "v1" again
prepare	Reconcile predecessor no-panic pull request	2026-09-06T23:13:46.4886486Z    ✔  Then the deterministic binary artifacts should be identical
prepare	Reconcile predecessor no-panic pull request	2026-09-06T23:13:46.4886902Z    ✔  And the deterministic ECDSA DER artifact should fail to parse
prepare	Reconcile predecessor no-panic pull request	2026-09-06T23:13:46.4887248Z   Scenario: Ed25519 deterministic DER corruption is stable
prepare	Reconcile predecessor no-panic pull request	2026-09-06T23:13:46.4887680Z    ✔  Given a deterministic factory seeded with "neg-ed25519-det-der-stable"
prepare	Reconcile predecessor no-panic pull request	2026-09-06T23:13:46.4888112Z    ✔  When I generate an Ed25519 key for label "det-stable"
prepare	Reconcile predecessor no-panic pull request	2026-09-06T23:13:46.4888532Z    ✔  And I deterministically corrupt the Ed25519 PKCS8 DER with variant "v1"
prepare	Reconcile predecessor no-panic pull request	2026-09-06T23:13:46.4889013Z    ✔  And I deterministically corrupt the Ed25519 PKCS8 DER with variant "v1" again
prepare	Reconcile predecessor no-panic pull request	2026-09-06T23:13:46.4889469Z    ✔  Then the deterministic binary artifacts should be identical
prepare	Reconcile predecessor no-panic pull request	2026-09-06T23:13:46.4889879Z    ✔  And the deterministic Ed25519 DER artifact should fail to parse
prepare	Reconcile predecessor no-panic pull request	2026-09-06T23:13:46.4890420Z   Scenario: RSA mismatched SPKI DER is parseable but different
prepare	Reconcile predecessor no-panic pull request	2026-09-06T23:13:46.4890866Z    ✔  Given a deterministic factory seeded with "neg-rsa-mismatch-parse"
prepare	Reconcile predecessor no-panic pull request	2026-09-06T23:13:46.4891272Z    ✔  When I generate an RSA key for label "mismatch-rsa"
prepare	Reconcile predecessor no-panic pull request	2026-09-06T23:13:46.4891624Z    ✔  Then a mismatched SPKI DER should parse and differ
prepare	Reconcile predecessor no-panic pull request	2026-09-06T23:13:46.4891967Z   Scenario: ECDSA mismatched SPKI DER is parseable but different
prepare	Reconcile predecessor no-panic pull request	2026-09-06T23:13:46.4892405Z    ✔  Given a deterministic factory seeded with "neg-ecdsa-mismatch-parse"
prepare	Reconcile predecessor no-panic pull request	2026-09-06T23:13:46.4892988Z    ✔  When I generate an ECDSA ES256 key for label "mismatch-ecdsa"
prepare	Reconcile predecessor no-panic pull request	2026-09-06T23:13:46.4893369Z    ✔  Then an ECDSA mismatched SPKI DER should parse and differ
prepare	Reconcile predecessor no-panic pull request	2026-09-06T23:13:46.4893725Z   Scenario: Ed25519 mismatched SPKI DER is parseable but different
prepare	Reconcile predecessor no-panic pull request	2026-09-06T23:13:46.4894174Z    ✔  Given a deterministic factory seeded with "neg-ed25519-mismatch-parse"
prepare	Reconcile predecessor no-panic pull request	2026-09-06T23:13:46.4894607Z    ✔  When I generate an Ed25519 key for label "mismatch-ed25519"
prepare	Reconcile predecessor no-panic pull request	2026-09-06T23:13:46.4894997Z    ✔  Then an Ed25519 mismatched SPKI DER should parse and differ
prepare	Reconcile predecessor no-panic pull request	2026-09-06T23:13:46.4895391Z   Scenario: RSA DER truncation to 1 byte
prepare	Reconcile predecessor no-panic pull request	2026-09-06T23:13:46.4895735Z    ✔  Given a deterministic factory seeded with "neg-rsa-truncate-1"
prepare	Reconcile predecessor no-panic pull request	2026-09-06T23:13:46.4896120Z    ✔  When I generate an RSA key for label "truncate-rsa"
prepare	Reconcile predecessor no-panic pull request	2026-09-06T23:13:46.4896492Z    ✔  And I truncate the PKCS8 DER to 1 bytes
prepare	Reconcile predecessor no-panic pull request	2026-09-06T23:13:46.4896859Z    ✔  Then the truncated DER should have length 1
prepare	Reconcile predecessor no-panic pull request	2026-09-06T23:13:46.4897270Z    ✔  And the truncated DER should fail to parse
prepare	Reconcile predecessor no-panic pull request	2026-09-06T23:13:46.4897635Z   Scenario: ECDSA DER truncation to 1 byte
prepare	Reconcile predecessor no-panic pull request	2026-09-06T23:13:46.4898110Z    ✔  Given a deterministic factory seeded with "neg-ecdsa-truncate-1"
prepare	Reconcile predecessor no-panic pull request	2026-09-06T23:13:46.4898671Z    ✔  When I generate an ECDSA ES256 key for label "truncate-ecdsa"
prepare	Reconcile predecessor no-panic pull request	2026-09-06T23:13:46.4899135Z    ✔  And I truncate the ECDSA PKCS8 DER to 1 bytes
prepare	Reconcile predecessor no-panic pull request	2026-09-06T23:13:46.4899523Z    ✔  Then the truncated ECDSA DER should have length 1
prepare	Reconcile predecessor no-panic pull request	2026-09-06T23:13:46.4899940Z    ✔  And the truncated ECDSA DER should fail to parse
prepare	Reconcile predecessor no-panic pull request	2026-09-06T23:13:46.4900534Z   Scenario: Ed25519 DER truncation to 1 byte
prepare	Reconcile predecessor no-panic pull request	2026-09-06T23:13:46.4900993Z    ✔  Given a deterministic factory seeded with "neg-ed25519-truncate-1"
prepare	Reconcile predecessor no-panic pull request	2026-09-06T23:13:46.4901412Z    ✔  When I generate an Ed25519 key for label "truncate-ed25519"
prepare	Reconcile predecessor no-panic pull request	2026-09-06T23:13:46.4901767Z    ✔  And I truncate the Ed25519 PKCS8 DER to 1 bytes
prepare	Reconcile predecessor no-panic pull request	2026-09-06T23:13:46.4902094Z    ✔  Then the truncated Ed25519 DER should have length 1
prepare	Reconcile predecessor no-panic pull request	2026-09-06T23:13:46.4902437Z    ✔  And the truncated Ed25519 DER should fail to parse
prepare	Reconcile predecessor no-panic pull request	2026-09-06T23:13:46.4902747Z   Scenario: RSA corruption leaves original PKCS8 PEM intact
prepare	Reconcile predecessor no-panic pull request	2026-09-06T23:13:46.4903157Z    ✔  Given a deterministic factory seeded with "neg-rsa-original-intact"
prepare	Reconcile predecessor no-panic pull request	2026-09-06T23:13:46.4903520Z    ✔  When I generate an RSA key for label "intact-rsa"
prepare	Reconcile predecessor no-panic pull request	2026-09-06T23:13:46.4903840Z    ✔  And I corrupt the PKCS8 PEM with BadHeader
prepare	Reconcile predecessor no-panic pull request	2026-09-06T23:13:46.4904145Z    ✔  Then the corrupted PEM should fail to parse
prepare	Reconcile predecessor no-panic pull request	2026-09-06T23:13:46.4904444Z    ✔  And the PKCS8 DER should be parseable
prepare	Reconcile predecessor no-panic pull request	2026-09-06T23:13:46.4904777Z   Scenario: ECDSA corruption leaves original PKCS8 DER intact
prepare	Reconcile predecessor no-panic pull request	2026-09-06T23:13:46.4905206Z    ✔  Given a deterministic factory seeded with "neg-ecdsa-original-intact"
prepare	Reconcile predecessor no-panic pull request	2026-09-06T23:13:46.4905644Z    ✔  When I generate an ECDSA ES256 key for label "intact-ecdsa"
prepare	Reconcile predecessor no-panic pull request	2026-09-06T23:13:46.4906052Z    ✔  And I corrupt the ECDSA PKCS8 PEM with BadBase64
prepare	Reconcile predecessor no-panic pull request	2026-09-06T23:13:46.4906391Z    ✔  Then the corrupted ECDSA PEM should fail to parse
prepare	Reconcile predecessor no-panic pull request	2026-09-06T23:13:46.4906740Z    ✔  And the ECDSA PKCS8 DER should be parseable
prepare	Reconcile predecessor no-panic pull request	2026-09-06T23:13:46.4907093Z   Scenario: Ed25519 corruption leaves original PKCS8 DER intact
prepare	Reconcile predecessor no-panic pull request	2026-09-06T23:13:46.4907588Z    ✔  Given a deterministic factory seeded with "neg-ed25519-original-intact"
prepare	Reconcile predecessor no-panic pull request	2026-09-06T23:13:46.4908045Z    ✔  When I generate an Ed25519 key for label "intact-ed25519"
prepare	Reconcile predecessor no-panic pull request	2026-09-06T23:13:46.4908395Z    ✔  And I corrupt the Ed25519 PKCS8 PEM with BadFooter
prepare	Reconcile predecessor no-panic pull request	2026-09-06T23:13:46.4908732Z    ✔  Then the corrupted Ed25519 PEM should fail to parse
prepare	Reconcile predecessor no-panic pull request	2026-09-06T23:13:46.4909050Z    ✔  And the Ed25519 PKCS8 DER should be parseable
prepare	Reconcile predecessor no-panic pull request	2026-09-06T23:13:46.4909322Z Feature: PGP fixtures
prepare	Reconcile predecessor no-panic pull request	2026-09-06T23:13:46.4909585Z   Scenario: deterministic Ed25519 PGP fixtures are stable
prepare	Reconcile predecessor no-panic pull request	2026-09-06T23:13:46.4910347Z    ✔  Given a deterministic factory seeded with "0x0000000000000000000000000000000000000000000000000000000000000042"
prepare	Reconcile predecessor no-panic pull request	2026-09-06T23:13:46.4910887Z    ✔  When I generate an Ed25519 PGP key for label "signer"
prepare	Reconcile predecessor no-panic pull request	2026-09-06T23:13:46.4911398Z    ✔  And I generate an Ed25519 PGP key for label "signer" again
prepare	Reconcile predecessor no-panic pull request	2026-09-06T23:13:46.4911773Z    ✔  Then the PGP private key armor should be identical
prepare	Reconcile predecessor no-panic pull request	2026-09-06T23:13:46.4912126Z   Scenario: different labels produce different PGP keys
prepare	Reconcile predecessor no-panic pull request	2026-09-06T23:13:46.4912774Z    ✔  Given a deterministic factory seeded with "0xdeadbeefdeadbeefdeadbeefdeadbeefdeadbeefdeadbeefdeadbeefdeadbeef"
prepare	Reconcile predecessor no-panic pull request	2026-09-06T23:13:46.4913384Z    ✔  When I generate an Ed25519 PGP key for label "alice"
prepare	Reconcile predecessor no-panic pull request	2026-09-06T23:13:46.4913763Z    ✔  And I generate another Ed25519 PGP key for label "bob"
prepare	Reconcile predecessor no-panic pull request	2026-09-06T23:13:46.4914212Z    ✔  Then the PGP fingerprints should be different
prepare	Reconcile predecessor no-panic pull request	2026-09-06T23:13:46.4914548Z   Scenario: different seeds produce different PGP keys
prepare	Reconcile predecessor no-panic pull request	2026-09-06T23:13:46.4914926Z    ✔  Given a deterministic factory seeded with "seed-one"
prepare	Reconcile predecessor no-panic pull request	2026-09-06T23:13:46.4915321Z    ✔  When I generate an Ed25519 PGP key for label "service"
prepare	Reconcile predecessor no-panic pull request	2026-09-06T23:13:46.4915747Z    ✔  And I switch to a deterministic factory seeded with "seed-two"
prepare	Reconcile predecessor no-panic pull request	2026-09-06T23:13:46.4916163Z    ✔  And I generate another Ed25519 PGP key for label "service"
prepare	Reconcile predecessor no-panic pull request	2026-09-06T23:13:46.4916550Z    ✔  Then the PGP fingerprints should be different
prepare	Reconcile predecessor no-panic pull request	2026-09-06T23:13:46.4916914Z   Scenario: random factory produces different PGP keys each time
prepare	Reconcile predecessor no-panic pull request	2026-09-06T23:13:46.4917279Z    ✔  Given a random factory
prepare	Reconcile predecessor no-panic pull request	2026-09-06T23:13:46.4917609Z    ✔  When I generate an Ed25519 PGP key for label "ephemeral"
prepare	Reconcile predecessor no-panic pull request	2026-09-06T23:13:46.4917958Z    ✔  And I clear the factory cache
prepare	Reconcile predecessor no-panic pull request	2026-09-06T23:13:46.4918317Z    ✔  And I generate an Ed25519 PGP key for label "ephemeral" again
prepare	Reconcile predecessor no-panic pull request	2026-09-06T23:13:46.4918714Z    ✔  Then the PGP fingerprints should be different
prepare	Reconcile predecessor no-panic pull request	2026-09-06T23:13:46.4919056Z   Scenario: random factory caches PGP within same session
prepare	Reconcile predecessor no-panic pull request	2026-09-06T23:13:46.4919397Z    ✔  Given a random factory
prepare	Reconcile predecessor no-panic pull request	2026-09-06T23:13:46.4919714Z    ✔  When I generate an Ed25519 PGP key for label "cached"
prepare	Reconcile predecessor no-panic pull request	2026-09-06T23:13:46.4920254Z    ✔  And I generate an Ed25519 PGP key for label "cached" again
prepare	Reconcile predecessor no-panic pull request	2026-09-06T23:13:46.4920684Z    ✔  Then the PGP private key armor should be identical
prepare	Reconcile predecessor no-panic pull request	2026-09-06T23:13:46.4921021Z   Scenario: deterministic RSA 2048 PGP fixtures are stable
prepare	Reconcile predecessor no-panic pull request	2026-09-06T23:13:46.4921451Z    ✔  Given a deterministic factory seeded with "pgp-rsa2048-seed"
prepare	Reconcile predecessor no-panic pull request	2026-09-06T23:13:46.4921883Z    ✔  When I generate an RSA 2048 PGP key for label "rsa-signer"
prepare	Reconcile predecessor no-panic pull request	2026-09-06T23:13:46.4922306Z    ✔  And I generate an RSA 2048 PGP key for label "rsa-signer" again
prepare	Reconcile predecessor no-panic pull request	2026-09-06T23:13:46.4922710Z    ✔  Then the PGP private key armor should be identical
prepare	Reconcile predecessor no-panic pull request	2026-09-06T23:13:46.4923035Z   Scenario: RSA 2048 PGP key has correct armor format
prepare	Reconcile predecessor no-panic pull request	2026-09-06T23:13:46.4923450Z    ✔  Given a deterministic factory seeded with "pgp-rsa2048-format"
prepare	Reconcile predecessor no-panic pull request	2026-09-06T23:13:46.4923881Z    ✔  When I generate an RSA 2048 PGP key for label "rsa-test"
prepare	Reconcile predecessor no-panic pull request	2026-09-06T23:13:46.4924352Z    ✔  Then the PGP private key armor should contain "BEGIN PGP PRIVATE KEY BLOCK"
prepare	Reconcile predecessor no-panic pull request	2026-09-06T23:13:46.4924874Z    ✔  And the PGP public key armor should contain "BEGIN PGP PUBLIC KEY BLOCK"
prepare	Reconcile predecessor no-panic pull request	2026-09-06T23:13:46.4925302Z   Scenario: deterministic RSA 3072 PGP fixtures are stable
prepare	Reconcile predecessor no-panic pull request	2026-09-06T23:13:46.4925721Z    ✔  Given a deterministic factory seeded with "pgp-rsa3072-seed"
prepare	Reconcile predecessor no-panic pull request	2026-09-06T23:13:46.4926154Z    ✔  When I generate an RSA 3072 PGP key for label "rsa3072-signer"
prepare	Reconcile predecessor no-panic pull request	2026-09-06T23:13:46.4926614Z    ✔  And I generate an RSA 3072 PGP key for label "rsa3072-signer" again
prepare	Reconcile predecessor no-panic pull request	2026-09-06T23:13:46.4927058Z    ✔  Then the PGP private key armor should be identical
prepare	Reconcile predecessor no-panic pull request	2026-09-06T23:13:46.4927534Z   Scenario: RSA 3072 and RSA 2048 produce different keys for same label
prepare	Reconcile predecessor no-panic pull request	2026-09-06T23:13:46.4928000Z    ✔  Given a deterministic factory seeded with "pgp-rsa-variant-test"
prepare	Reconcile predecessor no-panic pull request	2026-09-06T23:13:46.4928423Z    ✔  When I generate an RSA 2048 PGP key for label "shared-label"
prepare	Reconcile predecessor no-panic pull request	2026-09-06T23:13:46.4928820Z    ✔  And I generate another RSA 3072 PGP key for label "shared-label"
prepare	Reconcile predecessor no-panic pull request	2026-09-06T23:13:46.4929182Z    ✔  Then the PGP fingerprints should be different
prepare	Reconcile predecessor no-panic pull request	2026-09-06T23:13:46.4929483Z   Scenario: Ed25519 PGP key has correct armor format
prepare	Reconcile predecessor no-panic pull request	2026-09-06T23:13:46.4929983Z    ✔  Given a deterministic factory seeded with "pgp-ed25519-format"
prepare	Reconcile predecessor no-panic pull request	2026-09-06T23:13:46.4930531Z    ✔  When I generate an Ed25519 PGP key for label "ed25519-test"
prepare	Reconcile predecessor no-panic pull request	2026-09-06T23:13:46.4930925Z    ✔  Then the PGP private key armor should contain "BEGIN PGP PRIVATE KEY BLOCK"
prepare	Reconcile predecessor no-panic pull request	2026-09-06T23:13:46.4931352Z    ✔  And the PGP public key armor should contain "BEGIN PGP PUBLIC KEY BLOCK"
prepare	Reconcile predecessor no-panic pull request	2026-09-06T23:13:46.4931715Z   Scenario: Ed25519 and RSA 2048 produce different keys for same label
prepare	Reconcile predecessor no-panic pull request	2026-09-06T23:13:46.4932098Z    ✔  Given a deterministic factory seeded with "pgp-algo-variant-test"
prepare	Reconcile predecessor no-panic pull request	2026-09-06T23:13:46.4932630Z    ✔  When I generate an Ed25519 PGP key for label "shared-label"
prepare	Reconcile predecessor no-panic pull request	2026-09-06T23:13:46.4933007Z    ✔  And I generate another RSA 2048 PGP key for label "shared-label"
prepare	Reconcile predecessor no-panic pull request	2026-09-06T23:13:46.4933395Z    ✔  Then the PGP fingerprints should be different
prepare	Reconcile predecessor no-panic pull request	2026-09-06T23:13:46.4933700Z   Scenario: PGP private key binary is valid
prepare	Reconcile predecessor no-panic pull request	2026-09-06T23:13:46.4934055Z    ✔  Given a deterministic factory seeded with "pgp-binary-test"
prepare	Reconcile predecessor no-panic pull request	2026-09-06T23:13:46.4934453Z    ✔  When I generate an Ed25519 PGP key for label "binary-test"
prepare	Reconcile predecessor no-panic pull request	2026-09-06T23:13:46.4934781Z    ✔  Then the PGP private key binary should be parseable
prepare	Reconcile predecessor no-panic pull request	2026-09-06T23:13:46.4935045Z   Scenario: PGP public key binary is valid
prepare	Reconcile predecessor no-panic pull request	2026-09-06T23:13:46.4935370Z    ✔  Given a deterministic factory seeded with "pgp-pub-binary-test"
prepare	Reconcile predecessor no-panic pull request	2026-09-06T23:13:46.4935765Z    ✔  When I generate an Ed25519 PGP key for label "pub-binary-test"
prepare	Reconcile predecessor no-panic pull request	2026-09-06T23:13:46.4936130Z    ✔  Then the PGP public key binary should be parseable
prepare	Reconcile predecessor no-panic pull request	2026-09-06T23:13:46.4936471Z   Scenario: PGP armored private key parses and matches fingerprint
prepare	Reconcile predecessor no-panic pull request	2026-09-06T23:13:46.4936857Z    ✔  Given a deterministic factory seeded with "pgp-parse-test"
prepare	Reconcile predecessor no-panic pull request	2026-09-06T23:13:46.4937247Z    ✔  When I generate an Ed25519 PGP key for label "parse-test"
prepare	Reconcile predecessor no-panic pull request	2026-09-06T23:13:46.4937605Z    ✔  Then the PGP private key armor should be parseable
prepare	Reconcile predecessor no-panic pull request	2026-09-06T23:13:46.4937957Z    ✔  And the parsed PGP key fingerprint should match
prepare	Reconcile predecessor no-panic pull request	2026-09-06T23:13:46.4938334Z   Scenario: PGP armored public key parses and matches fingerprint
prepare	Reconcile predecessor no-panic pull request	2026-09-06T23:13:46.4938789Z    ✔  Given a deterministic factory seeded with "pgp-pub-parse-test"
prepare	Reconcile predecessor no-panic pull request	2026-09-06T23:13:46.4939187Z    ✔  When I generate an Ed25519 PGP key for label "pub-parse-test"
prepare	Reconcile predecessor no-panic pull request	2026-09-06T23:13:46.4939523Z    ✔  Then the PGP public key armor should be parseable
prepare	Reconcile predecessor no-panic pull request	2026-09-06T23:13:46.4939852Z    ✔  And the parsed PGP public key fingerprint should match
prepare	Reconcile predecessor no-panic pull request	2026-09-06T23:13:46.4940274Z   Scenario: PGP user ID is generated from label
prepare	Reconcile predecessor no-panic pull request	2026-09-06T23:13:46.4940623Z    ✔  Given a deterministic factory seeded with "pgp-userid-test"
prepare	Reconcile predecessor no-panic pull request	2026-09-06T23:13:46.4940979Z    ✔  When I generate an Ed25519 PGP key for label "Test User"
prepare	Reconcile predecessor no-panic pull request	2026-09-06T23:13:46.4941324Z    ✔  Then the PGP user ID should contain "Test User"
prepare	Reconcile predecessor no-panic pull request	2026-09-06T23:13:46.4941697Z    ✔  And the PGP user ID should contain "@uselesskey.test"
prepare	Reconcile predecessor no-panic pull request	2026-09-06T23:13:46.4942039Z   Scenario: PGP user ID sanitizes special characters
prepare	Reconcile predecessor no-panic pull request	2026-09-06T23:13:46.4942447Z    ✔  Given a deterministic factory seeded with "pgp-sanitize-test"
prepare	Reconcile predecessor no-panic pull request	2026-09-06T23:13:46.4942832Z    ✔  When I generate an Ed25519 PGP key for label "Test!@#User"
prepare	Reconcile predecessor no-panic pull request	2026-09-06T23:13:46.4943154Z    ✔  Then the PGP user ID should contain "Test!@#User"
prepare	Reconcile predecessor no-panic pull request	2026-09-06T23:13:46.4943419Z   Scenario: PGP fingerprint is exposed
prepare	Reconcile predecessor no-panic pull request	2026-09-06T23:13:46.4943715Z    ✔  Given a deterministic factory seeded with "pgp-fp-test"
prepare	Reconcile predecessor no-panic pull request	2026-09-06T23:13:46.4944082Z    ✔  When I generate an Ed25519 PGP key for label "fp-test"
prepare	Reconcile predecessor no-panic pull request	2026-09-06T23:13:46.4944448Z    ✔  Then the PGP fingerprint should be non-empty
prepare	Reconcile predecessor no-panic pull request	2026-09-06T23:13:46.4944766Z   Scenario: mismatched PGP public key is different
prepare	Reconcile predecessor no-panic pull request	2026-09-06T23:13:46.4945095Z    ✔  Given a random factory
prepare	Reconcile predecessor no-panic pull request	2026-09-06T23:13:46.4945402Z    ✔  When I generate an Ed25519 PGP key for label "signer"
prepare	Reconcile predecessor no-panic pull request	2026-09-06T23:13:46.4945786Z    ✔  Then a PGP mismatched public key binary should parse and differ
prepare	Reconcile predecessor no-panic pull request	2026-09-06T23:13:46.4946122Z   Scenario: mismatched PGP key is deterministic
prepare	Reconcile predecessor no-panic pull request	2026-09-06T23:13:46.4946510Z    ✔  Given a deterministic factory seeded with "pgp-mismatch-test"
prepare	Reconcile predecessor no-panic pull request	2026-09-06T23:13:46.4947060Z    ✔  When I generate an Ed25519 PGP key for label "victim"
prepare	Reconcile predecessor no-panic pull request	2026-09-06T23:13:46.4947438Z    ✔  And I get the mismatched PGP public key binary
prepare	Reconcile predecessor no-panic pull request	2026-09-06T23:13:46.4947812Z    ✔  And I get the mismatched PGP public key binary again
prepare	Reconcile predecessor no-panic pull request	2026-09-06T23:13:46.4948190Z    ✔  Then the mismatched PGP keys should be identical
prepare	Reconcile predecessor no-panic pull request	2026-09-06T23:13:46.4948527Z   Scenario: mismatched PGP armored public key differs
prepare	Reconcile predecessor no-panic pull request	2026-09-06T23:13:46.4948969Z    ✔  Given a deterministic factory seeded with "pgp-mismatch-armor-test"
prepare	Reconcile predecessor no-panic pull request	2026-09-06T23:13:46.4949435Z    ✔  When I generate an Ed25519 PGP key for label "armor-victim"
prepare	Reconcile predecessor no-panic pull request	2026-09-06T23:13:46.4949976Z    ✔  Then a PGP mismatched public key armor should differ from original
prepare	Reconcile predecessor no-panic pull request	2026-09-06T23:13:46.4950478Z   Scenario: PGP corrupted armor with BadBase64
prepare	Reconcile predecessor no-panic pull request	2026-09-06T23:13:46.4950892Z    ✔  Given a deterministic factory seeded with "pgp-corrupt-test"
prepare	Reconcile predecessor no-panic pull request	2026-09-06T23:13:46.4951324Z    ✔  When I generate an Ed25519 PGP key for label "corrupted"
prepare	Reconcile predecessor no-panic pull request	2026-09-06T23:13:46.4951726Z    ✔  And I corrupt the PGP private key armor with BadBase64
prepare	Reconcile predecessor no-panic pull request	2026-09-06T23:13:46.4952160Z    ✔  Then the corrupted PGP armor should contain "THIS_IS_NOT_BASE64!!!"
prepare	Reconcile predecessor no-panic pull request	2026-09-06T23:13:46.4952522Z   Scenario: PGP truncated binary fails to parse
prepare	Reconcile predecessor no-panic pull request	2026-09-06T23:13:46.4952904Z    ✔  Given a deterministic factory seeded with "pgp-truncate-test"
prepare	Reconcile predecessor no-panic pull request	2026-09-06T23:13:46.4953321Z    ✔  When I generate an Ed25519 PGP key for label "truncated"
prepare	Reconcile predecessor no-panic pull request	2026-09-06T23:13:46.4953711Z    ✔  And I truncate the PGP private key binary to 32 bytes
prepare	Reconcile predecessor no-panic pull request	2026-09-06T23:13:46.4954041Z    ✔  Then the truncated PGP binary should have length 32
prepare	Reconcile predecessor no-panic pull request	2026-09-06T23:13:46.4954364Z    ✔  And the truncated PGP binary should fail to parse
prepare	Reconcile predecessor no-panic pull request	2026-09-06T23:13:46.4954673Z   Scenario: PGP deterministically corrupted armor is stable
prepare	Reconcile predecessor no-panic pull request	2026-09-06T23:13:46.4955117Z    ✔  Given a deterministic factory seeded with "pgp-det-corrupt-test"
prepare	Reconcile predecessor no-panic pull request	2026-09-06T23:13:46.4955556Z    ✔  When I generate an Ed25519 PGP key for label "det-corrupt"
prepare	Reconcile predecessor no-panic pull request	2026-09-06T23:13:46.4955971Z    ✔  And I deterministically corrupt the PGP private key armor with variant "v1"
prepare	Reconcile predecessor no-panic pull request	2026-09-06T23:13:46.4956436Z    ✔  And I deterministically corrupt the PGP private key armor with variant "v1" again
prepare	Reconcile predecessor no-panic pull request	2026-09-06T23:13:46.4956835Z    ✔  Then the corrupted PGP armors should be identical
prepare	Reconcile predecessor no-panic pull request	2026-09-06T23:13:46.4957133Z   Scenario: PGP deterministically corrupted binary is stable
prepare	Reconcile predecessor no-panic pull request	2026-09-06T23:13:46.4957518Z    ✔  Given a deterministic factory seeded with "pgp-det-bin-corrupt-test"
prepare	Reconcile predecessor no-panic pull request	2026-09-06T23:13:46.4957911Z    ✔  When I generate an Ed25519 PGP key for label "det-bin-corrupt"
prepare	Reconcile predecessor no-panic pull request	2026-09-06T23:13:46.4958408Z    ✔  And I deterministically corrupt the PGP private key binary with variant "v1"
prepare	Reconcile predecessor no-panic pull request	2026-09-06T23:13:46.4958980Z    ✔  And I deterministically corrupt the PGP private key binary with variant "v1" again
prepare	Reconcile predecessor no-panic pull request	2026-09-06T23:13:46.4959471Z    ✔  Then the corrupted PGP binaries should be identical
prepare	Reconcile predecessor no-panic pull request	2026-09-06T23:13:46.4959800Z   Scenario: PGP private key armor tempfile is valid
prepare	Reconcile predecessor no-panic pull request	2026-09-06T23:13:46.4960257Z    ✔  Given a deterministic factory seeded with "pgp-tempfile-test"
prepare	Reconcile predecessor no-panic pull request	2026-09-06T23:13:46.4960651Z    ✔  When I generate an Ed25519 PGP key for label "tempfile"
prepare	Reconcile predecessor no-panic pull request	2026-09-06T23:13:46.4960989Z    ✔  And I write the PGP private key armor to a tempfile
prepare	Reconcile predecessor no-panic pull request	2026-09-06T23:13:46.4961279Z    ✔  Then the PGP tempfile should exist
prepare	Reconcile predecessor no-panic pull request	2026-09-06T23:13:46.4961610Z    ✔  And the PGP tempfile should contain "BEGIN PGP PRIVATE KEY BLOCK"
prepare	Reconcile predecessor no-panic pull request	2026-09-06T23:13:46.4961923Z   Scenario: PGP public key armor tempfile is valid
prepare	Reconcile predecessor no-panic pull request	2026-09-06T23:13:46.4962312Z    ✔  Given a deterministic factory seeded with "pgp-pub-tempfile-test"
prepare	Reconcile predecessor no-panic pull request	2026-09-06T23:13:46.4962772Z    ✔  When I generate an Ed25519 PGP key for label "pub-tempfile"
prepare	Reconcile predecessor no-panic pull request	2026-09-06T23:13:46.4963137Z    ✔  And I write the PGP public key armor to a tempfile
prepare	Reconcile predecessor no-panic pull request	2026-09-06T23:13:46.4963449Z    ✔  Then the PGP public tempfile should exist
prepare	Reconcile predecessor no-panic pull request	2026-09-06T23:13:46.4963798Z    ✔  And the PGP public tempfile should contain "BEGIN PGP PUBLIC KEY BLOCK"
prepare	Reconcile predecessor no-panic pull request	2026-09-06T23:13:46.4964174Z   Scenario: PGP debug output does not leak key material
prepare	Reconcile predecessor no-panic pull request	2026-09-06T23:13:46.4964674Z    ✔  Given a deterministic factory seeded with "pgp-debug-test"
prepare	Reconcile predecessor no-panic pull request	2026-09-06T23:13:46.4965065Z    ✔  When I generate an Ed25519 PGP key for label "debug-test"
prepare	Reconcile predecessor no-panic pull request	2026-09-06T23:13:46.4965376Z    ✔  Then the PGP debug output should not contain the private key armor
prepare	Reconcile predecessor no-panic pull request	2026-09-06T23:13:46.4965680Z    ✔  And the PGP debug output should contain the fingerprint
prepare	Reconcile predecessor no-panic pull request	2026-09-06T23:13:46.4965904Z Feature: PGP fixture edge cases
prepare	Reconcile predecessor no-panic pull request	2026-09-06T23:13:46.4966124Z   Scenario: Ed25519 PGP key with unicode label generates valid key
prepare	Reconcile predecessor no-panic pull request	2026-09-06T23:13:46.4966435Z    ✔  Given a deterministic factory seeded with "pgp-unicode-label"
prepare	Reconcile predecessor no-panic pull request	2026-09-06T23:13:46.4966902Z    ✔  When I generate an Ed25519 PGP key for label "日本語テスト-🔑"
prepare	Reconcile predecessor no-panic pull request	2026-09-06T23:13:46.4967229Z    ✔  Then the PGP private key armor should contain "BEGIN PGP PRIVATE KEY BLOCK"
prepare	Reconcile predecessor no-panic pull request	2026-09-06T23:13:46.4967538Z    ✔  And the PGP fingerprint should be non-empty
prepare	Reconcile predecessor no-panic pull request	2026-09-06T23:13:46.4967792Z   Scenario: Ed25519 PGP key with very long label generates valid key
prepare	Reconcile predecessor no-panic pull request	2026-09-06T23:13:46.4968112Z    ✔  Given a deterministic factory seeded with "pgp-long-label"
prepare	Reconcile predecessor no-panic pull request	2026-09-06T23:13:46.4968703Z    ✔  When I generate an Ed25519 PGP key for label "this-is-a-very-long-label-that-exceeds-normal-lengths-for-pgp-testing"
prepare	Reconcile predecessor no-panic pull request	2026-09-06T23:13:46.4969233Z    ✔  Then the PGP private key armor should contain "BEGIN PGP PRIVATE KEY BLOCK"
prepare	Reconcile predecessor no-panic pull request	2026-09-06T23:13:46.4969587Z    ✔  And the PGP public key armor should contain "BEGIN PGP PUBLIC KEY BLOCK"
prepare	Reconcile predecessor no-panic pull request	2026-09-06T23:13:46.4969897Z    ✔  And the PGP fingerprint should be non-empty
prepare	Reconcile predecessor no-panic pull request	2026-09-06T23:13:46.4970287Z   Scenario: Ed25519 PGP key with minimal label generates valid key
prepare	Reconcile predecessor no-panic pull request	2026-09-06T23:13:46.4970644Z    ✔  Given a deterministic factory seeded with "pgp-minimal-label"
prepare	Reconcile predecessor no-panic pull request	2026-09-06T23:13:46.4970977Z    ✔  When I generate an Ed25519 PGP key for label "x"
prepare	Reconcile predecessor no-panic pull request	2026-09-06T23:13:46.4971246Z    ✔  Then the PGP private key binary should be parseable
prepare	Reconcile predecessor no-panic pull request	2026-09-06T23:13:46.4971503Z    ✔  And the PGP fingerprint should be non-empty
prepare	Reconcile predecessor no-panic pull request	2026-09-06T23:13:46.4971753Z   Scenario: PGP user ID with unicode label contains the label
prepare	Reconcile predecessor no-panic pull request	2026-09-06T23:13:46.4972060Z    ✔  Given a deterministic factory seeded with "pgp-userid-unicode"
prepare	Reconcile predecessor no-panic pull request	2026-09-06T23:13:46.4972358Z    ✔  When I generate an Ed25519 PGP key for label "Ñoño"
prepare	Reconcile predecessor no-panic pull request	2026-09-06T23:13:46.4972621Z    ✔  Then the PGP user ID should contain "Ñoño"
prepare	Reconcile predecessor no-panic pull request	2026-09-06T23:13:46.4972843Z   Scenario: PGP user ID with numeric-only label
prepare	Reconcile predecessor no-panic pull request	2026-09-06T23:13:46.4973128Z    ✔  Given a deterministic factory seeded with "pgp-userid-numeric"
prepare	Reconcile predecessor no-panic pull request	2026-09-06T23:13:46.4973428Z    ✔  When I generate an Ed25519 PGP key for label "123456"
prepare	Reconcile predecessor no-panic pull request	2026-09-06T23:13:46.4973689Z    ✔  Then the PGP user ID should contain "123456"
prepare	Reconcile predecessor no-panic pull request	2026-09-06T23:13:46.4973959Z    ✔  And the PGP user ID should contain "@uselesskey.test"
prepare	Reconcile predecessor no-panic pull request	2026-09-06T23:13:46.4974247Z   Scenario: Ed25519 and RSA 3072 PGP produce different fingerprints for same label
prepare	Reconcile predecessor no-panic pull request	2026-09-06T23:13:46.4974591Z    ✔  Given a deterministic factory seeded with "pgp-algo-isolation"
prepare	Reconcile predecessor no-panic pull request	2026-09-06T23:13:46.4974897Z    ✔  When I generate an Ed25519 PGP key for label "algo-test"
prepare	Reconcile predecessor no-panic pull request	2026-09-06T23:13:46.4975207Z    ✔  And I generate another RSA 3072 PGP key for label "algo-test"
prepare	Reconcile predecessor no-panic pull request	2026-09-06T23:13:46.4975480Z    ✔  Then the PGP fingerprints should be different
prepare	Reconcile predecessor no-panic pull request	2026-09-06T23:13:46.4975724Z   Scenario: RSA 2048 and RSA 3072 PGP have different key sizes
prepare	Reconcile predecessor no-panic pull request	2026-09-06T23:13:46.4976026Z    ✔  Given a deterministic factory seeded with "pgp-rsa-size-diff"
prepare	Reconcile predecessor no-panic pull request	2026-09-06T23:13:46.4976326Z    ✔  When I generate an RSA 2048 PGP key for label "small-rsa"
prepare	Reconcile predecessor no-panic pull request	2026-09-06T23:13:46.4976614Z    ✔  And I generate another RSA 3072 PGP key for label "large-rsa"
prepare	Reconcile predecessor no-panic pull request	2026-09-06T23:13:46.4976895Z    ✔  Then the PGP fingerprints should be different
prepare	Reconcile predecessor no-panic pull request	2026-09-06T23:13:46.4977161Z   Scenario: generating PGP key does not perturb RSA determinism
prepare	Reconcile predecessor no-panic pull request	2026-09-06T23:13:46.4977475Z    ✔  Given a deterministic factory seeded with "pgp-no-perturb-rsa"
prepare	Reconcile predecessor no-panic pull request	2026-09-06T23:13:46.4977771Z    ✔  When I generate an RSA key for label "rsa-anchor"
prepare	Reconcile predecessor no-panic pull request	2026-09-06T23:13:46.4978046Z    ✔  And I generate an Ed25519 PGP key for label "pgp-noise"
prepare	Reconcile predecessor no-panic pull request	2026-09-06T23:13:46.4978368Z    ✔  And I clear the factory cache
prepare	Reconcile predecessor no-panic pull request	2026-09-06T23:13:46.4978623Z    ✔  And I generate an RSA key for label "rsa-anchor" again
prepare	Reconcile predecessor no-panic pull request	2026-09-06T23:13:46.4978882Z    ✔  Then the PKCS8 PEM should be identical
prepare	Reconcile predecessor no-panic pull request	2026-09-06T23:13:46.4979134Z   Scenario: generating PGP key does not perturb Ed25519 determinism
prepare	Reconcile predecessor no-panic pull request	2026-09-06T23:13:46.4979472Z    ✔  Given a deterministic factory seeded with "pgp-no-perturb-ed25519"
prepare	Reconcile predecessor no-panic pull request	2026-09-06T23:13:46.4979790Z    ✔  When I generate an Ed25519 key for label "ed25519-anchor"
prepare	Reconcile predecessor no-panic pull request	2026-09-06T23:13:46.4980078Z    ✔  And I generate an Ed25519 PGP key for label "pgp-noise"
prepare	Reconcile predecessor no-panic pull request	2026-09-06T23:13:46.4980639Z    ✔  And I clear the factory cache
prepare	Reconcile predecessor no-panic pull request	2026-09-06T23:13:46.4980907Z    ✔  And I generate an Ed25519 key for label "ed25519-anchor" again
prepare	Reconcile predecessor no-panic pull request	2026-09-06T23:13:46.4981187Z    ✔  Then the Ed25519 PKCS8 PEM should be identical
prepare	Reconcile predecessor no-panic pull request	2026-09-06T23:13:46.4981389Z Feature: ring adapter
prepare	Reconcile predecessor no-panic pull request	2026-09-06T23:13:46.4981592Z   Scenario: ring RSA key conversion and sign/verify round-trip
prepare	Reconcile predecessor no-panic pull request	2026-09-06T23:13:46.4981894Z    ✔  Given a deterministic factory seeded with "ring-rsa-test"
prepare	Reconcile predecessor no-panic pull request	2026-09-06T23:13:46.4982167Z    ✔  When I generate an RSA key for label "ring-rsa"
prepare	Reconcile predecessor no-panic pull request	2026-09-06T23:13:46.4982414Z    ✔  And I sign a message with the ring RSA key
prepare	Reconcile predecessor no-panic pull request	2026-09-06T23:13:46.4982648Z    ✔  Then the ring RSA signature should verify
prepare	Reconcile predecessor no-panic pull request	2026-09-06T23:13:46.4982859Z   Scenario: ring RSA wrong-key rejection
prepare	Reconcile predecessor no-panic pull request	2026-09-06T23:13:46.4983117Z    ✔  Given a deterministic factory seeded with "ring-rsa-wrong"
prepare	Reconcile predecessor no-panic pull request	2026-09-06T23:13:46.4983406Z    ✔  When I generate an RSA key for label "ring-rsa-signer"
prepare	Reconcile predecessor no-panic pull request	2026-09-06T23:13:46.4983660Z    ✔  And I sign a message with the ring RSA key
prepare	Reconcile predecessor no-panic pull request	2026-09-06T23:13:46.4983929Z    ✔  And I generate another RSA key for label "ring-rsa-wrong"
prepare	Reconcile predecessor no-panic pull request	2026-09-06T23:13:46.4984230Z    ✔  Then the ring RSA signature should not verify with the other key
prepare	Reconcile predecessor no-panic pull request	2026-09-06T23:13:46.4984522Z   Scenario: ring ECDSA P-256 key conversion and sign/verify round-trip
prepare	Reconcile predecessor no-panic pull request	2026-09-06T23:13:46.4984837Z    ✔  Given a deterministic factory seeded with "ring-p256-test"
prepare	Reconcile predecessor no-panic pull request	2026-09-06T23:13:46.4985144Z    ✔  When I generate an ECDSA ES256 key for label "ring-p256"
prepare	Reconcile predecessor no-panic pull request	2026-09-06T23:13:46.4985430Z    ✔  And I sign a message with the ring ECDSA P-256 key
prepare	Reconcile predecessor no-panic pull request	2026-09-06T23:13:46.4985696Z    ✔  Then the ring ECDSA P-256 signature should verify
prepare	Reconcile predecessor no-panic pull request	2026-09-06T23:13:46.4985960Z   Scenario: ring ECDSA P-384 key conversion and sign/verify round-trip
prepare	Reconcile predecessor no-panic pull request	2026-09-06T23:13:46.4986276Z    ✔  Given a deterministic factory seeded with "ring-p384-test"
prepare	Reconcile predecessor no-panic pull request	2026-09-06T23:13:46.4986574Z    ✔  When I generate an ECDSA ES384 key for label "ring-p384"
prepare	Reconcile predecessor no-panic pull request	2026-09-06T23:13:46.4986851Z    ✔  And I sign a message with the ring ECDSA P-384 key
prepare	Reconcile predecessor no-panic pull request	2026-09-06T23:13:46.4987117Z    ✔  Then the ring ECDSA P-384 signature should verify
prepare	Reconcile predecessor no-panic pull request	2026-09-06T23:13:46.4987372Z   Scenario: ring Ed25519 key conversion and sign/verify round-trip
prepare	Reconcile predecessor no-panic pull request	2026-09-06T23:13:46.4987685Z    ✔  Given a deterministic factory seeded with "ring-ed25519-test"
prepare	Reconcile predecessor no-panic pull request	2026-09-06T23:13:46.4987993Z    ✔  When I generate an Ed25519 key for label "ring-ed25519"
prepare	Reconcile predecessor no-panic pull request	2026-09-06T23:13:46.4988267Z    ✔  And I sign a message with the ring Ed25519 key
prepare	Reconcile predecessor no-panic pull request	2026-09-06T23:13:46.4988510Z    ✔  Then the ring Ed25519 signature should verify
prepare	Reconcile predecessor no-panic pull request	2026-09-06T23:13:46.4988726Z   Scenario: ring Ed25519 wrong-key rejection
prepare	Reconcile predecessor no-panic pull request	2026-09-06T23:13:46.4989003Z    ✔  Given a deterministic factory seeded with "ring-ed25519-wrong"
prepare	Reconcile predecessor no-panic pull request	2026-09-06T23:13:46.4989387Z    ✔  When I generate an Ed25519 key for label "ring-ed25519-signer"
prepare	Reconcile predecessor no-panic pull request	2026-09-06T23:13:46.4989731Z    ✔  And I sign a message with the ring Ed25519 key
prepare	Reconcile predecessor no-panic pull request	2026-09-06T23:13:46.4990178Z    ✔  And I generate another Ed25519 key for label "ring-ed25519-wrong"
prepare	Reconcile predecessor no-panic pull request	2026-09-06T23:13:46.4990584Z    ✔  Then the ring Ed25519 signature should not verify with the other key
prepare	Reconcile predecessor no-panic pull request	2026-09-06T23:13:46.4990841Z Feature: RSA fixtures
prepare	Reconcile predecessor no-panic pull request	2026-09-06T23:13:46.4991025Z   Scenario: deterministic RSA fixtures are stable
prepare	Reconcile predecessor no-panic pull request	2026-09-06T23:13:46.4991434Z    ✔  Given a deterministic factory seeded with "0x0000000000000000000000000000000000000000000000000000000000000042"
prepare	Reconcile predecessor no-panic pull request	2026-09-06T23:13:46.4991879Z    ✔  When I generate an RSA key for label "issuer"
prepare	Reconcile predecessor no-panic pull request	2026-09-06T23:13:46.4992135Z    ✔  And I generate an RSA key for label "issuer" again
prepare	Reconcile predecessor no-panic pull request	2026-09-06T23:13:46.4992379Z    ✔  Then the PKCS8 PEM should be identical
prepare	Reconcile predecessor no-panic pull request	2026-09-06T23:13:46.4992607Z   Scenario: deterministic derivation survives cache clear
prepare	Reconcile predecessor no-panic pull request	2026-09-06T23:13:46.4992899Z    ✔  Given a deterministic factory seeded with "test-seed-alpha"
prepare	Reconcile predecessor no-panic pull request	2026-09-06T23:13:46.4993175Z    ✔  When I generate an RSA key for label "first"
prepare	Reconcile predecessor no-panic pull request	2026-09-06T23:13:46.4993410Z    ✔  And I clear the factory cache
prepare	Reconcile predecessor no-panic pull request	2026-09-06T23:13:46.4993642Z    ✔  And I generate an RSA key for label "first" again
prepare	Reconcile predecessor no-panic pull request	2026-09-06T23:13:46.4993942Z    ✔  Then the PKCS8 PEM should be identical
prepare	Reconcile predecessor no-panic pull request	2026-09-06T23:13:46.4994159Z   Scenario: different labels produce different keys
prepare	Reconcile predecessor no-panic pull request	2026-09-06T23:13:46.4994588Z    ✔  Given a deterministic factory seeded with "0xdeadbeefdeadbeefdeadbeefdeadbeefdeadbeefdeadbeefdeadbeefdeadbeef"
prepare	Reconcile predecessor no-panic pull request	2026-09-06T23:13:46.4994998Z    ✔  When I generate an RSA key for label "alice"
prepare	Reconcile predecessor no-panic pull request	2026-09-06T23:13:46.4995256Z    ✔  And I generate another RSA key for label "bob"
prepare	Reconcile predecessor no-panic pull request	2026-09-06T23:13:46.4995500Z    ✔  Then the keys should have different moduli
prepare	Reconcile predecessor no-panic pull request	2026-09-06T23:13:46.4995721Z   Scenario: different seeds produce different keys
prepare	Reconcile predecessor no-panic pull request	2026-09-06T23:13:46.4995986Z    ✔  Given a deterministic factory seeded with "seed-one"
prepare	Reconcile predecessor no-panic pull request	2026-09-06T23:13:46.4996243Z    ✔  When I generate an RSA key for label "service"
prepare	Reconcile predecessor no-panic pull request	2026-09-06T23:13:46.4996522Z    ✔  And I switch to a deterministic factory seeded with "seed-two"
prepare	Reconcile predecessor no-panic pull request	2026-09-06T23:13:46.4996806Z    ✔  And I generate another RSA key for label "service"
prepare	Reconcile predecessor no-panic pull request	2026-09-06T23:13:46.4997049Z    ✔  Then the keys should have different moduli
prepare	Reconcile predecessor no-panic pull request	2026-09-06T23:13:46.4997294Z   Scenario: random factory produces different keys each time
prepare	Reconcile predecessor no-panic pull request	2026-09-06T23:13:46.4997586Z    ✔  Given a random factory
prepare	Reconcile predecessor no-panic pull request	2026-09-06T23:13:46.4997810Z    ✔  When I generate an RSA key for label "ephemeral"
prepare	Reconcile predecessor no-panic pull request	2026-09-06T23:13:46.4998044Z    ✔  And I clear the factory cache
prepare	Reconcile predecessor no-panic pull request	2026-09-06T23:13:46.4998292Z    ✔  And I generate an RSA key for label "ephemeral" again
prepare	Reconcile predecessor no-panic pull request	2026-09-06T23:13:46.4998558Z    ✔  Then the keys should have different moduli
prepare	Reconcile predecessor no-panic pull request	2026-09-06T23:13:46.4998780Z   Scenario: random factory caches within same session
prepare	Reconcile predecessor no-panic pull request	2026-09-06T23:13:46.4999007Z    ✔  Given a random factory
prepare	Reconcile predecessor no-panic pull request	2026-09-06T23:13:46.4999219Z    ✔  When I generate an RSA key for label "cached"
prepare	Reconcile predecessor no-panic pull request	2026-09-06T23:13:46.4999468Z    ✔  And I generate an RSA key for label "cached" again
prepare	Reconcile predecessor no-panic pull request	2026-09-06T23:13:46.4999709Z    ✔  Then the PKCS8 PEM should be identical
prepare	Reconcile predecessor no-panic pull request	2026-09-06T23:13:46.4999915Z   Scenario: PKCS8 DER private key is valid
prepare	Reconcile predecessor no-panic pull request	2026-09-06T23:13:46.5000302Z    ✔  Given a deterministic factory seeded with "format-test"
prepare	Reconcile predecessor no-panic pull request	2026-09-06T23:13:46.5000681Z    ✔  When I generate an RSA key for label "der-test"
prepare	Reconcile predecessor no-panic pull request	2026-09-06T23:13:46.5000933Z    ✔  Then the PKCS8 DER should be parseable
prepare	Reconcile predecessor no-panic pull request	2026-09-06T23:13:46.5001141Z   Scenario: SPKI PEM public key is valid
prepare	Reconcile predecessor no-panic pull request	2026-09-06T23:13:46.5001407Z    ✔  Given a deterministic factory seeded with "format-test"
prepare	Reconcile predecessor no-panic pull request	2026-09-06T23:13:46.5001680Z    ✔  When I generate an RSA key for label "spki-test"
prepare	Reconcile predecessor no-panic pull request	2026-09-06T23:13:46.5001930Z    ✔  Then the SPKI PEM should be parseable
prepare	Reconcile predecessor no-panic pull request	2026-09-06T23:13:46.5002132Z   Scenario: SPKI DER public key is valid
prepare	Reconcile predecessor no-panic pull request	2026-09-06T23:13:46.5002382Z    ✔  Given a deterministic factory seeded with "format-test"
prepare	Reconcile predecessor no-panic pull request	2026-09-06T23:13:46.5002662Z    ✔  When I generate an RSA key for label "spki-der-test"
prepare	Reconcile predecessor no-panic pull request	2026-09-06T23:13:46.5002912Z    ✔  Then the SPKI DER should be parseable
prepare	Reconcile predecessor no-panic pull request	2026-09-06T23:13:46.5003125Z   Scenario: mismatched public key is different
prepare	Reconcile predecessor no-panic pull request	2026-09-06T23:13:46.5003341Z    ✔  Given a random factory
prepare	Reconcile predecessor no-panic pull request	2026-09-06T23:13:46.5003551Z    ✔  When I generate an RSA key for label "issuer"
prepare	Reconcile predecessor no-panic pull request	2026-09-06T23:13:46.5003813Z    ✔  Then a mismatched SPKI DER should parse and differ
prepare	Reconcile predecessor no-panic pull request	2026-09-06T23:13:46.5004031Z   Scenario: mismatched key is deterministic
prepare	Reconcile predecessor no-panic pull request	2026-09-06T23:13:46.5004285Z    ✔  Given a deterministic factory seeded with "mismatch-test"
prepare	Reconcile predecessor no-panic pull request	2026-09-06T23:13:46.5004541Z    ✔  When I generate an RSA key for label "victim"
prepare	Reconcile predecessor no-panic pull request	2026-09-06T23:13:46.5004766Z    ✔  And I get the mismatched public key
prepare	Reconcile predecessor no-panic pull request	2026-09-06T23:13:46.5005064Z    ✔  And I get the mismatched public key again
prepare	Reconcile predecessor no-panic pull request	2026-09-06T23:13:46.5005309Z    ✔  Then the mismatched keys should be identical
prepare	Reconcile predecessor no-panic pull request	2026-09-06T23:13:46.5005539Z   Scenario: deterministic RS384 fixtures are stable
prepare	Reconcile predecessor no-panic pull request	2026-09-06T23:13:46.5005806Z    ✔  Given a deterministic factory seeded with "rs384-seed"
prepare	Reconcile predecessor no-panic pull request	2026-09-06T23:13:46.5006111Z    ✔  When I generate an RSA key for label "rs384-issuer" with spec RS384
prepare	Reconcile predecessor no-panic pull request	2026-09-06T23:13:46.5006452Z    ✔  And I generate an RSA key for label "rs384-issuer" with spec RS384 again
prepare	Reconcile predecessor no-panic pull request	2026-09-06T23:13:46.5006739Z    ✔  Then the PKCS8 PEM should be identical
prepare	Reconcile predecessor no-panic pull request	2026-09-06T23:13:46.5007011Z   Scenario: deterministic RS512 fixtures are stable
prepare	Reconcile predecessor no-panic pull request	2026-09-06T23:13:46.5007280Z    ✔  Given a deterministic factory seeded with "rs512-seed"
prepare	Reconcile predecessor no-panic pull request	2026-09-06T23:13:46.5007582Z    ✔  When I generate an RSA key for label "rs512-issuer" with spec RS512
prepare	Reconcile predecessor no-panic pull request	2026-09-06T23:13:46.5007924Z    ✔  And I generate an RSA key for label "rs512-issuer" with spec RS512 again
prepare	Reconcile predecessor no-panic pull request	2026-09-06T23:13:46.5008211Z    ✔  Then the PKCS8 PEM should be identical
prepare	Reconcile predecessor no-panic pull request	2026-09-06T23:13:46.5008455Z   Scenario: RSA RS256 and RS384 produce different keys for same label
prepare	Reconcile predecessor no-panic pull request	2026-09-06T23:13:46.5008777Z    ✔  Given a deterministic factory seeded with "rsa-variant-test"
prepare	Reconcile predecessor no-panic pull request	2026-09-06T23:13:46.5009094Z    ✔  When I generate an RSA key for label "shared-label" with spec RS256
prepare	Reconcile predecessor no-panic pull request	2026-09-06T23:13:46.5009429Z    ✔  And I generate another RSA key for label "shared-label" with spec RS384
prepare	Reconcile predecessor no-panic pull request	2026-09-06T23:13:46.5009723Z    ✔  Then the keys should have different moduli
prepare	Reconcile predecessor no-panic pull request	2026-09-06T23:13:46.5009970Z   Scenario: RSA RS384 and RS512 produce different keys for same label
prepare	Reconcile predecessor no-panic pull request	2026-09-06T23:13:46.5010510Z    ✔  Given a deterministic factory seeded with "rsa-variant-test-2"
prepare	Reconcile predecessor no-panic pull request	2026-09-06T23:13:46.5010943Z    ✔  When I generate an RSA key for label "shared-label" with spec RS384
prepare	Reconcile predecessor no-panic pull request	2026-09-06T23:13:46.5011356Z    ✔  And I generate another RSA key for label "shared-label" with spec RS512
prepare	Reconcile predecessor no-panic pull request	2026-09-06T23:13:46.5011654Z    ✔  Then the keys should have different moduli
prepare	Reconcile predecessor no-panic pull request	2026-09-06T23:13:46.5011887Z   Scenario: RSA 2048-bit key has correct modulus size
prepare	Reconcile predecessor no-panic pull request	2026-09-06T23:13:46.5012165Z    ✔  Given a deterministic factory seeded with "rsa-size-test"
prepare	Reconcile predecessor no-panic pull request	2026-09-06T23:13:46.5012465Z    ✔  When I generate an RSA key for label "rsa-2048" with spec 2048
prepare	Reconcile predecessor no-panic pull request	2026-09-06T23:13:46.5012731Z    ✔  Then the RSA modulus should have 256 bytes
prepare	Reconcile predecessor no-panic pull request	2026-09-06T23:13:46.5012949Z   Scenario: RSA 3072-bit key has correct modulus size
prepare	Reconcile predecessor no-panic pull request	2026-09-06T23:13:46.5013221Z    ✔  Given a deterministic factory seeded with "rsa-size-test"
prepare	Reconcile predecessor no-panic pull request	2026-09-06T23:13:46.5013523Z    ✔  When I generate an RSA key for label "rsa-3072" with spec 3072
prepare	Reconcile predecessor no-panic pull request	2026-09-06T23:13:46.5013793Z    ✔  Then the RSA modulus should have 384 bytes
prepare	Reconcile predecessor no-panic pull request	2026-09-06T23:13:46.5014007Z   Scenario: RSA 4096-bit key has correct modulus size
prepare	Reconcile predecessor no-panic pull request	2026-09-06T23:13:46.5014277Z    ✔  Given a deterministic factory seeded with "rsa-size-test"
prepare	Reconcile predecessor no-panic pull request	2026-09-06T23:13:46.5014570Z    ✔  When I generate an RSA key for label "rsa-4096" with spec 4096
prepare	Reconcile predecessor no-panic pull request	2026-09-06T23:13:46.5014833Z    ✔  Then the RSA modulus should have 512 bytes
prepare	Reconcile predecessor no-panic pull request	2026-09-06T23:13:46.5015064Z   Scenario: RSA private JWK has all required parameters
prepare	Reconcile predecessor no-panic pull request	2026-09-06T23:13:46.5015352Z    ✔  Given a deterministic factory seeded with "rsa-jwk-priv-test"
prepare	Reconcile predecessor no-panic pull request	2026-09-06T23:13:46.5015629Z    ✔  When I generate an RSA key for label "rsa-priv"
prepare	Reconcile predecessor no-panic pull request	2026-09-06T23:13:46.5015887Z    ✔  Then the RSA private JWK should have d parameter
prepare	Reconcile predecessor no-panic pull request	2026-09-06T23:13:46.5016138Z    ✔  And the RSA private JWK should have p parameter
prepare	Reconcile predecessor no-panic pull request	2026-09-06T23:13:46.5016381Z    ✔  And the RSA private JWK should have q parameter
prepare	Reconcile predecessor no-panic pull request	2026-09-06T23:13:46.5016630Z    ✔  And the RSA private JWK should have dp parameter
prepare	Reconcile predecessor no-panic pull request	2026-09-06T23:13:46.5016888Z    ✔  And the RSA private JWK should have dq parameter
prepare	Reconcile predecessor no-panic pull request	2026-09-06T23:13:46.5017134Z    ✔  And the RSA private JWK should have qi parameter
prepare	Reconcile predecessor no-panic pull request	2026-09-06T23:13:46.5017348Z   Scenario: RSA corrupted PEM with BadBase64
prepare	Reconcile predecessor no-panic pull request	2026-09-06T23:13:46.5017620Z    ✔  Given a deterministic factory seeded with "rsa-badbase64-test"
prepare	Reconcile predecessor no-panic pull request	2026-09-06T23:13:46.5017908Z    ✔  When I generate an RSA key for label "rsa-corrupt"
prepare	Reconcile predecessor no-panic pull request	2026-09-06T23:13:46.5018261Z    ✔  And I corrupt the PKCS8 PEM with BadBase64
prepare	Reconcile predecessor no-panic pull request	2026-09-06T23:13:46.5018528Z    ✔  Then the corrupted PEM should contain "THIS_IS_NOT_BASE64"
prepare	Reconcile predecessor no-panic pull request	2026-09-06T23:13:46.5018797Z    ✔  And the corrupted PEM should fail to parse
prepare	Reconcile predecessor no-panic pull request	2026-09-06T23:13:46.5019007Z   Scenario: RSA corrupted PEM with Truncate
prepare	Reconcile predecessor no-panic pull request	2026-09-06T23:13:46.5019281Z    ✔  Given a deterministic factory seeded with "rsa-truncate-test"
prepare	Reconcile predecessor no-panic pull request	2026-09-06T23:13:46.5019573Z    ✔  When I generate an RSA key for label "rsa-truncate"
prepare	Reconcile predecessor no-panic pull request	2026-09-06T23:13:46.5019845Z    ✔  And I corrupt the PKCS8 PEM with Truncate to 50 bytes
prepare	Reconcile predecessor no-panic pull request	2026-09-06T23:13:46.5020300Z    ✔  Then the corrupted PEM should have length 50
prepare	Reconcile predecessor no-panic pull request	2026-09-06T23:13:46.5020630Z    ✔  And the corrupted PEM should fail to parse
prepare	Reconcile predecessor no-panic pull request	2026-09-06T23:13:46.5020867Z   Scenario: RSA corrupted PEM with ExtraBlankLine
prepare	Reconcile predecessor no-panic pull request	2026-09-06T23:13:46.5021157Z    ✔  Given a deterministic factory seeded with "rsa-blankline-test"
prepare	Reconcile predecessor no-panic pull request	2026-09-06T23:13:46.5021457Z    ✔  When I generate an RSA key for label "rsa-blankline"
prepare	Reconcile predecessor no-panic pull request	2026-09-06T23:13:46.5021740Z    ✔  And I corrupt the PKCS8 PEM with ExtraBlankLine
prepare	Reconcile predecessor no-panic pull request	2026-09-06T23:13:46.5021995Z    ✔  Then the corrupted PEM should fail to parse
prepare	Reconcile predecessor no-panic pull request	2026-09-06T23:13:46.5022249Z   Scenario: deterministic RSA PEM corruption with variant is stable
prepare	Reconcile predecessor no-panic pull request	2026-09-06T23:13:46.5022574Z    ✔  Given a deterministic factory seeded with "rsa-det-corrupt-pem"
prepare	Reconcile predecessor no-panic pull request	2026-09-06T23:13:46.5022872Z    ✔  When I generate an RSA key for label "rsa-det-pem"
prepare	Reconcile predecessor no-panic pull request	2026-09-06T23:13:46.5023186Z    ✔  And I deterministically corrupt the RSA PKCS8 PEM with variant "v1"
prepare	Reconcile predecessor no-panic pull request	2026-09-06T23:13:46.5023546Z    ✔  And I deterministically corrupt the RSA PKCS8 PEM with variant "v1" again
prepare	Reconcile predecessor no-panic pull request	2026-09-06T23:13:46.5023880Z    ✔  Then the deterministic text artifacts should be identical
prepare	Reconcile predecessor no-panic pull request	2026-09-06T23:13:46.5024179Z    ✔  And the deterministic RSA PEM artifact should fail to parse
prepare	Reconcile predecessor no-panic pull request	2026-09-06T23:13:46.5024460Z   Scenario: deterministic RSA DER corruption with variant is stable
prepare	Reconcile predecessor no-panic pull request	2026-09-06T23:13:46.5024777Z    ✔  Given a deterministic factory seeded with "rsa-det-corrupt-der"
prepare	Reconcile predecessor no-panic pull request	2026-09-06T23:13:46.5025076Z    ✔  When I generate an RSA key for label "rsa-det-der"
prepare	Reconcile predecessor no-panic pull request	2026-09-06T23:13:46.5025375Z    ✔  And I deterministically corrupt the RSA PKCS8 DER with variant "v1"
prepare	Reconcile predecessor no-panic pull request	2026-09-06T23:13:46.5025726Z    ✔  And I deterministically corrupt the RSA PKCS8 DER with variant "v1" again
prepare	Reconcile predecessor no-panic pull request	2026-09-06T23:13:46.5026065Z    ✔  Then the deterministic binary artifacts should be identical
prepare	Reconcile predecessor no-panic pull request	2026-09-06T23:13:46.5026363Z    ✔  And the deterministic RSA DER artifact should fail to parse
prepare	Reconcile predecessor no-panic pull request	2026-09-06T23:13:46.5026638Z   Scenario: random factory produces distinct keys for different labels
prepare	Reconcile predecessor no-panic pull request	2026-09-06T23:13:46.5026905Z    ✔  Given a random factory
prepare	Reconcile predecessor no-panic pull request	2026-09-06T23:13:46.5027128Z    ✔  When I generate an RSA key for label "service-alpha"
prepare	Reconcile predecessor no-panic pull request	2026-09-06T23:13:46.5027439Z    ✔  And I generate another RSA key for label "service-beta"
prepare	Reconcile predecessor no-panic pull request	2026-09-06T23:13:46.5027702Z    ✔  Then the keys should have different moduli
prepare	Reconcile predecessor no-panic pull request	2026-09-06T23:13:46.5027970Z   Scenario: deterministic factory reuse returns identical key and valid formats
prepare	Reconcile predecessor no-panic pull request	2026-09-06T23:13:46.5028326Z    ✔  Given a deterministic factory seeded with "factory-reuse-test"
prepare	Reconcile predecessor no-panic pull request	2026-09-06T23:13:46.5028618Z    ✔  When I generate an RSA key for label "reused-key"
prepare	Reconcile predecessor no-panic pull request	2026-09-06T23:13:46.5028886Z    ✔  And I generate an RSA key for label "reused-key" again
prepare	Reconcile predecessor no-panic pull request	2026-09-06T23:13:46.5029134Z    ✔  Then the PKCS8 PEM should be identical
prepare	Reconcile predecessor no-panic pull request	2026-09-06T23:13:46.5029361Z    ✔  And the PKCS8 DER should be parseable
prepare	Reconcile predecessor no-panic pull request	2026-09-06T23:13:46.5029577Z    ✔  And the SPKI PEM should be parseable
prepare	Reconcile predecessor no-panic pull request	2026-09-06T23:13:46.5029763Z Feature: RustCrypto adapter
prepare	Reconcile predecessor no-panic pull request	2026-09-06T23:13:46.5029950Z   Scenario: RustCrypto RSA sign and verify round-trip
prepare	Reconcile predecessor no-panic pull request	2026-09-06T23:13:46.5030392Z    ✔  Given a deterministic factory seeded with "rustcrypto-rsa-test"
prepare	Reconcile predecessor no-panic pull request	2026-09-06T23:13:46.5030703Z    ✔  When I generate an RSA key for label "rustcrypto-rsa"
prepare	Reconcile predecessor no-panic pull request	2026-09-06T23:13:46.5030976Z    ✔  And I sign a message with the RustCrypto RSA key
prepare	Reconcile predecessor no-panic pull request	2026-09-06T23:13:46.5031244Z    ✔  Then the RustCrypto RSA signature should verify
prepare	Reconcile predecessor no-panic pull request	2026-09-06T23:13:46.5031531Z   Scenario: RustCrypto RSA wrong-key rejection
prepare	Reconcile predecessor no-panic pull request	2026-09-06T23:13:46.5031820Z    ✔  Given a deterministic factory seeded with "rustcrypto-rsa-wrong"
prepare	Reconcile predecessor no-panic pull request	2026-09-06T23:13:46.5032139Z    ✔  When I generate an RSA key for label "rustcrypto-rsa-signer"
prepare	Reconcile predecessor no-panic pull request	2026-09-06T23:13:46.5032421Z    ✔  And I sign a message with the RustCrypto RSA key
prepare	Reconcile predecessor no-panic pull request	2026-09-06T23:13:46.5032714Z    ✔  And I generate another RSA key for label "rustcrypto-rsa-wrong"
prepare	Reconcile predecessor no-panic pull request	2026-09-06T23:13:46.5033050Z    ✔  Then the RustCrypto RSA signature should not verify with the other key
prepare	Reconcile predecessor no-panic pull request	2026-09-06T23:13:46.5033346Z   Scenario: RustCrypto ECDSA P-256 sign and verify round-trip
prepare	Reconcile predecessor no-panic pull request	2026-09-06T23:13:46.5033716Z    ✔  Given a deterministic factory seeded with "rustcrypto-p256-test"
prepare	Reconcile predecessor no-panic pull request	2026-09-06T23:13:46.5034040Z    ✔  When I generate an ECDSA ES256 key for label "rustcrypto-p256"
prepare	Reconcile predecessor no-panic pull request	2026-09-06T23:13:46.5034329Z    ✔  And I sign a message with the RustCrypto P-256 key
prepare	Reconcile predecessor no-panic pull request	2026-09-06T23:13:46.5034594Z    ✔  Then the RustCrypto P-256 signature should verify
prepare	Reconcile predecessor no-panic pull request	2026-09-06T23:13:46.5034837Z   Scenario: RustCrypto ECDSA P-256 wrong-key rejection
prepare	Reconcile predecessor no-panic pull request	2026-09-06T23:13:46.5035135Z    ✔  Given a deterministic factory seeded with "rustcrypto-p256-wrong"
prepare	Reconcile predecessor no-panic pull request	2026-09-06T23:13:46.5035475Z    ✔  When I generate an ECDSA ES256 key for label "rustcrypto-p256-signer"
prepare	Reconcile predecessor no-panic pull request	2026-09-06T23:13:46.5035775Z    ✔  And I sign a message with the RustCrypto P-256 key
prepare	Reconcile predecessor no-panic pull request	2026-09-06T23:13:46.5036084Z    ✔  And I generate another ECDSA ES256 key for label "rustcrypto-p256-wrong"
prepare	Reconcile predecessor no-panic pull request	2026-09-06T23:13:46.5036450Z    ✔  Then the RustCrypto P-256 signature should not verify with the other key
prepare	Reconcile predecessor no-panic pull request	2026-09-06T23:13:46.5036737Z   Scenario: RustCrypto ECDSA P-384 sign and verify round-trip
prepare	Reconcile predecessor no-panic pull request	2026-09-06T23:13:46.5037046Z    ✔  Given a deterministic factory seeded with "rustcrypto-p384-test"
prepare	Reconcile predecessor no-panic pull request	2026-09-06T23:13:46.5037363Z    ✔  When I generate an ECDSA ES384 key for label "rustcrypto-p384"
prepare	Reconcile predecessor no-panic pull request	2026-09-06T23:13:46.5037649Z    ✔  And I sign a message with the RustCrypto P-384 key
prepare	Reconcile predecessor no-panic pull request	2026-09-06T23:13:46.5037909Z    ✔  Then the RustCrypto P-384 signature should verify
prepare	Reconcile predecessor no-panic pull request	2026-09-06T23:13:46.5038151Z   Scenario: RustCrypto ECDSA P-384 wrong-key rejection
prepare	Reconcile predecessor no-panic pull request	2026-09-06T23:13:46.5038446Z    ✔  Given a deterministic factory seeded with "rustcrypto-p384-wrong"
prepare	Reconcile predecessor no-panic pull request	2026-09-06T23:13:46.5038779Z    ✔  When I generate an ECDSA ES384 key for label "rustcrypto-p384-signer"
prepare	Reconcile predecessor no-panic pull request	2026-09-06T23:13:46.5039086Z    ✔  And I sign a message with the RustCrypto P-384 key
prepare	Reconcile predecessor no-panic pull request	2026-09-06T23:13:46.5039391Z    ✔  And I generate another ECDSA ES384 key for label "rustcrypto-p384-wrong"
prepare	Reconcile predecessor no-panic pull request	2026-09-06T23:13:46.5039742Z    ✔  Then the RustCrypto P-384 signature should not verify with the other key
prepare	Reconcile predecessor no-panic pull request	2026-09-06T23:13:46.5040022Z   Scenario: RustCrypto Ed25519 sign and verify round-trip
prepare	Reconcile predecessor no-panic pull request	2026-09-06T23:13:46.5040459Z    ✔  Given a deterministic factory seeded with "rustcrypto-ed25519-test"
prepare	Reconcile predecessor no-panic pull request	2026-09-06T23:13:46.5040783Z    ✔  When I generate an Ed25519 key for label "rustcrypto-ed25519"
prepare	Reconcile predecessor no-panic pull request	2026-09-06T23:13:46.5041070Z    ✔  And I sign a message with the RustCrypto Ed25519 key
prepare	Reconcile predecessor no-panic pull request	2026-09-06T23:13:46.5041340Z    ✔  Then the RustCrypto Ed25519 signature should verify
prepare	Reconcile predecessor no-panic pull request	2026-09-06T23:13:46.5041689Z   Scenario: RustCrypto Ed25519 wrong-key rejection
prepare	Reconcile predecessor no-panic pull request	2026-09-06T23:13:46.5041994Z    ✔  Given a deterministic factory seeded with "rustcrypto-ed25519-wrong"
prepare	Reconcile predecessor no-panic pull request	2026-09-06T23:13:46.5042334Z    ✔  When I generate an Ed25519 key for label "rustcrypto-ed25519-signer"
prepare	Reconcile predecessor no-panic pull request	2026-09-06T23:13:46.5042641Z    ✔  And I sign a message with the RustCrypto Ed25519 key
prepare	Reconcile predecessor no-panic pull request	2026-09-06T23:13:46.5042959Z    ✔  And I generate another Ed25519 key for label "rustcrypto-ed25519-wrong"
prepare	Reconcile predecessor no-panic pull request	2026-09-06T23:13:46.5043315Z    ✔  Then the RustCrypto Ed25519 signature should not verify with the other key
prepare	Reconcile predecessor no-panic pull request	2026-09-06T23:13:46.5043674Z   Scenario: RustCrypto HMAC SHA-256 tag generation and verification
prepare	Reconcile predecessor no-panic pull request	2026-09-06T23:13:46.5044002Z    ✔  Given a deterministic factory seeded with "rustcrypto-hmac256-test"
prepare	Reconcile predecessor no-panic pull request	2026-09-06T23:13:46.5044326Z    ✔  When I generate an HMAC HS256 secret for label "rustcrypto-hmac"
prepare	Reconcile predecessor no-panic pull request	2026-09-06T23:13:46.5044600Z    ✔  And I compute a RustCrypto HMAC-SHA256 tag
prepare	Reconcile predecessor no-panic pull request	2026-09-06T23:13:46.5044862Z    ✔  Then the RustCrypto HMAC-SHA256 tag should verify
prepare	Reconcile predecessor no-panic pull request	2026-09-06T23:13:46.5045119Z   Scenario: RustCrypto HMAC SHA-384 tag generation and verification
prepare	Reconcile predecessor no-panic pull request	2026-09-06T23:13:46.5045451Z    ✔  Given a deterministic factory seeded with "rustcrypto-hmac384-test"
prepare	Reconcile predecessor no-panic pull request	2026-09-06T23:13:46.5045783Z    ✔  When I generate an HMAC HS384 secret for label "rustcrypto-hmac384"
prepare	Reconcile predecessor no-panic pull request	2026-09-06T23:13:46.5046065Z    ✔  And I compute a RustCrypto HMAC-SHA384 tag
prepare	Reconcile predecessor no-panic pull request	2026-09-06T23:13:46.5046317Z    ✔  Then the RustCrypto HMAC-SHA384 tag should verify
prepare	Reconcile predecessor no-panic pull request	2026-09-06T23:13:46.5046577Z   Scenario: RustCrypto HMAC SHA-512 tag generation and verification
prepare	Reconcile predecessor no-panic pull request	2026-09-06T23:13:46.5046900Z    ✔  Given a deterministic factory seeded with "rustcrypto-hmac512-test"
prepare	Reconcile predecessor no-panic pull request	2026-09-06T23:13:46.5047209Z    ✔  When I generate an HMAC HS512 secret for label "rustcrypto-hmac512"
prepare	Reconcile predecessor no-panic pull request	2026-09-06T23:13:46.5047480Z    ✔  And I compute a RustCrypto HMAC-SHA512 tag
prepare	Reconcile predecessor no-panic pull request	2026-09-06T23:13:46.5047723Z    ✔  Then the RustCrypto HMAC-SHA512 tag should verify
prepare	Reconcile predecessor no-panic pull request	2026-09-06T23:13:46.5047968Z   Scenario: RustCrypto HMAC SHA-256 wrong-key rejection
prepare	Reconcile predecessor no-panic pull request	2026-09-06T23:13:46.5048272Z    ✔  Given a deterministic factory seeded with "rustcrypto-hmac256-wrong"
prepare	Reconcile predecessor no-panic pull request	2026-09-06T23:13:46.5048620Z    ✔  When I generate an HMAC HS256 secret for label "rustcrypto-hmac-signer"
prepare	Reconcile predecessor no-panic pull request	2026-09-06T23:13:46.5048919Z    ✔  And I compute a RustCrypto HMAC-SHA256 tag
prepare	Reconcile predecessor no-panic pull request	2026-09-06T23:13:46.5049225Z    ✔  And I generate an HMAC HS256 secret for label "rustcrypto-hmac-wrong" again
prepare	Reconcile predecessor no-panic pull request	2026-09-06T23:13:46.5049588Z    ✔  Then the RustCrypto HMAC-SHA256 tag should not verify with the other key
prepare	Reconcile predecessor no-panic pull request	2026-09-06T23:13:46.5049873Z   Scenario: RustCrypto Ed25519 signature is deterministic
prepare	Reconcile predecessor no-panic pull request	2026-09-06T23:13:46.5050322Z    ✔  Given a deterministic factory seeded with "rustcrypto-ed25519-det"
prepare	Reconcile predecessor no-panic pull request	2026-09-06T23:13:46.5050706Z    ✔  When I generate an Ed25519 key for label "rustcrypto-ed25519-det"
prepare	Reconcile predecessor no-panic pull request	2026-09-06T23:13:46.5051012Z    ✔  And I sign a message with the RustCrypto Ed25519 key
prepare	Reconcile predecessor no-panic pull request	2026-09-06T23:13:46.5051265Z    ✔  And I record the RustCrypto signature
prepare	Reconcile predecessor no-panic pull request	2026-09-06T23:13:46.5051526Z    ✔  And I sign a message with the RustCrypto Ed25519 key
prepare	Reconcile predecessor no-panic pull request	2026-09-06T23:13:46.5051831Z    ✔  Then the RustCrypto signature should be identical to the recorded one
prepare	Reconcile predecessor no-panic pull request	2026-09-06T23:13:46.5052094Z Feature: rustls adapter
prepare	Reconcile predecessor no-panic pull request	2026-09-06T23:13:46.5052287Z   Scenario: rustls certificate DER conversion from X.509
prepare	Reconcile predecessor no-panic pull request	2026-09-06T23:13:46.5052581Z    ✔  Given a deterministic factory seeded with "rustls-cert-test"
prepare	Reconcile predecessor no-panic pull request	2026-09-06T23:13:46.5052943Z    ✔  When I generate an X.509 certificate for domain "example.com" with label "rustls-cert"
prepare	Reconcile predecessor no-panic pull request	2026-09-06T23:13:46.5053300Z    ✔  And I convert the X.509 certificate to rustls CertificateDer
prepare	Reconcile predecessor no-panic pull request	2026-09-06T23:13:46.5053589Z    ✔  Then the rustls CertificateDer should not be empty
prepare	Reconcile predecessor no-panic pull request	2026-09-06T23:13:46.5053828Z   Scenario: rustls private key DER conversion from X.509
prepare	Reconcile predecessor no-panic pull request	2026-09-06T23:13:46.5054109Z    ✔  Given a deterministic factory seeded with "rustls-key-test"
prepare	Reconcile predecessor no-panic pull request	2026-09-06T23:13:46.5054466Z    ✔  When I generate an X.509 certificate for domain "example.com" with label "rustls-key"
prepare	Reconcile predecessor no-panic pull request	2026-09-06T23:13:46.5054883Z    ✔  And I convert the X.509 private key to rustls PrivateKeyDer
prepare	Reconcile predecessor no-panic pull request	2026-09-06T23:13:46.5055163Z    ✔  Then the rustls PrivateKeyDer should not be empty
prepare	Reconcile predecessor no-panic pull request	2026-09-06T23:13:46.5055400Z   Scenario: rustls ServerConfig from certificate chain
prepare	Reconcile predecessor no-panic pull request	2026-09-06T23:13:46.5055690Z    ✔  Given a deterministic factory seeded with "rustls-server-test"
prepare	Reconcile predecessor no-panic pull request	2026-09-06T23:13:46.5056060Z    ✔  When I generate a certificate chain for domain "example.com" with label "rustls-server"
prepare	Reconcile predecessor no-panic pull request	2026-09-06T23:13:46.5056400Z    ✔  And I build a rustls ServerConfig from the chain
prepare	Reconcile predecessor no-panic pull request	2026-09-06T23:13:46.5056654Z    ✔  Then the rustls ServerConfig should be valid
prepare	Reconcile predecessor no-panic pull request	2026-09-06T23:13:46.5056930Z   Scenario: rustls ClientConfig from certificate chain
prepare	Reconcile predecessor no-panic pull request	2026-09-06T23:13:46.5057220Z    ✔  Given a deterministic factory seeded with "rustls-client-test"
prepare	Reconcile predecessor no-panic pull request	2026-09-06T23:13:46.5057592Z    ✔  When I generate a certificate chain for domain "example.com" with label "rustls-client"
prepare	Reconcile predecessor no-panic pull request	2026-09-06T23:13:46.5057922Z    ✔  And I build a rustls ClientConfig from the chain
prepare	Reconcile predecessor no-panic pull request	2026-09-06T23:13:46.5058178Z    ✔  Then the rustls ClientConfig should be valid
prepare	Reconcile predecessor no-panic pull request	2026-09-06T23:13:46.5058435Z   Scenario: rustls chain DER conversion includes leaf and intermediate
prepare	Reconcile predecessor no-panic pull request	2026-09-06T23:13:46.5058753Z    ✔  Given a deterministic factory seeded with "rustls-chain-test"
prepare	Reconcile predecessor no-panic pull request	2026-09-06T23:13:46.5059111Z    ✔  When I generate a certificate chain for domain "example.com" with label "rustls-chain"
prepare	Reconcile predecessor no-panic pull request	2026-09-06T23:13:46.5059449Z    ✔  And I convert the chain to rustls CertificateDer list
prepare	Reconcile predecessor no-panic pull request	2026-09-06T23:13:46.5059738Z    ✔  Then the rustls chain should have at least 2 certificates
prepare	Reconcile predecessor no-panic pull request	2026-09-06T23:13:46.5059986Z   Scenario: rustls root certificate DER conversion
prepare	Reconcile predecessor no-panic pull request	2026-09-06T23:13:46.5060441Z    ✔  Given a deterministic factory seeded with "rustls-root-test"
prepare	Reconcile predecessor no-panic pull request	2026-09-06T23:13:46.5060818Z    ✔  When I generate a certificate chain for domain "example.com" with label "rustls-root"
prepare	Reconcile predecessor no-panic pull request	2026-09-06T23:13:46.5061168Z    ✔  And I convert the chain root to rustls CertificateDer
prepare	Reconcile predecessor no-panic pull request	2026-09-06T23:13:46.5061464Z    ✔  Then the rustls root CertificateDer should not be empty
prepare	Reconcile predecessor no-panic pull request	2026-09-06T23:13:46.5061687Z Feature: Seed parsing
prepare	Reconcile predecessor no-panic pull request	2026-09-06T23:13:46.5061861Z   Scenario: hex seed with 0x prefix
prepare	Reconcile predecessor no-panic pull request	2026-09-06T23:13:46.5062236Z    ✔  Given a deterministic factory seeded with "0x0000000000000000000000000000000000000000000000000000000000000001"
prepare	Reconcile predecessor no-panic pull request	2026-09-06T23:13:46.5062611Z    ✔  When I generate an RSA key for label "hex-test"
prepare	Reconcile predecessor no-panic pull request	2026-09-06T23:13:46.5062862Z    ✔  Then the PKCS8 DER should be parseable
prepare	Reconcile predecessor no-panic pull request	2026-09-06T23:13:46.5063056Z   Scenario: hex seed without 0x prefix
prepare	Reconcile predecessor no-panic pull request	2026-09-06T23:13:46.5063411Z    ✔  Given a deterministic factory seeded with "0000000000000000000000000000000000000000000000000000000000000002"
prepare	Reconcile predecessor no-panic pull request	2026-09-06T23:13:46.5063769Z    ✔  When I generate an RSA key for label "hex-test"
prepare	Reconcile predecessor no-panic pull request	2026-09-06T23:13:46.5064000Z    ✔  Then the PKCS8 DER should be parseable
prepare	Reconcile predecessor no-panic pull request	2026-09-06T23:13:46.5064206Z   Scenario: string seed is hashed to 32 bytes
prepare	Reconcile predecessor no-panic pull request	2026-09-06T23:13:46.5064472Z    ✔  Given a deterministic factory seeded with "my-simple-seed"
prepare	Reconcile predecessor no-panic pull request	2026-09-06T23:13:46.5064758Z    ✔  When I generate an RSA key for label "string-test"
prepare	Reconcile predecessor no-panic pull request	2026-09-06T23:13:46.5065003Z    ✔  Then the PKCS8 DER should be parseable
prepare	Reconcile predecessor no-panic pull request	2026-09-06T23:13:46.5065218Z   Scenario: same string seed produces same keys
prepare	Reconcile predecessor no-panic pull request	2026-09-06T23:13:46.5065481Z    ✔  Given a deterministic factory seeded with "reproducible"
prepare	Reconcile predecessor no-panic pull request	2026-09-06T23:13:46.5065738Z    ✔  When I generate an RSA key for label "test"
prepare	Reconcile predecessor no-panic pull request	2026-09-06T23:13:46.5066020Z    ✔  And I switch to a deterministic factory seeded with "reproducible"
prepare	Reconcile predecessor no-panic pull request	2026-09-06T23:13:46.5066298Z    ✔  And I generate an RSA key for label "test" again
prepare	Reconcile predecessor no-panic pull request	2026-09-06T23:13:46.5066534Z    ✔  Then the PKCS8 PEM should be identical
prepare	Reconcile predecessor no-panic pull request	2026-09-06T23:13:46.5066726Z   Scenario: short string seeds work
prepare	Reconcile predecessor no-panic pull request	2026-09-06T23:13:46.5066955Z    ✔  Given a deterministic factory seeded with "ci"
prepare	Reconcile predecessor no-panic pull request	2026-09-06T23:13:46.5067208Z    ✔  When I generate an RSA key for label "short-seed"
prepare	Reconcile predecessor no-panic pull request	2026-09-06T23:13:46.5067455Z    ✔  Then the PKCS8 DER should be parseable
prepare	Reconcile predecessor no-panic pull request	2026-09-06T23:13:46.5067650Z   Scenario: long string seeds work
prepare	Reconcile predecessor no-panic pull request	2026-09-06T23:13:46.5068133Z    ✔  Given a deterministic factory seeded with "this-is-a-very-long-seed-value-that-exceeds-32-characters-significantly"
prepare	Reconcile predecessor no-panic pull request	2026-09-06T23:13:46.5068583Z    ✔  When I generate an RSA key for label "long-seed"
prepare	Reconcile predecessor no-panic pull request	2026-09-06T23:13:46.5068824Z    ✔  Then the PKCS8 DER should be parseable
prepare	Reconcile predecessor no-panic pull request	2026-09-06T23:13:46.5069069Z   Scenario: same seed across factory instances produces same ECDSA key
prepare	Reconcile predecessor no-panic pull request	2026-09-06T23:13:46.5069401Z    ✔  Given a deterministic factory seeded with "ecdsa-seed-instance"
prepare	Reconcile predecessor no-panic pull request	2026-09-06T23:13:46.5069711Z    ✔  When I generate an ECDSA ES256 key for label "instance-test"
prepare	Reconcile predecessor no-panic pull request	2026-09-06T23:13:46.5070191Z    ✔  And I switch to a deterministic factory seeded with "ecdsa-seed-instance"
prepare	Reconcile predecessor no-panic pull request	2026-09-06T23:13:46.5070570Z    ✔  And I generate an ECDSA ES256 key for label "instance-test" again
prepare	Reconcile predecessor no-panic pull request	2026-09-06T23:13:46.5070859Z    ✔  Then the ECDSA PKCS8 PEM should be identical
prepare	Reconcile predecessor no-panic pull request	2026-09-06T23:13:46.5071123Z   Scenario: same seed across factory instances produces same Ed25519 key
prepare	Reconcile predecessor no-panic pull request	2026-09-06T23:13:46.5071466Z    ✔  Given a deterministic factory seeded with "ed25519-seed-instance"
prepare	Reconcile predecessor no-panic pull request	2026-09-06T23:13:46.5071772Z    ✔  When I generate an Ed25519 key for label "instance-test"
prepare	Reconcile predecessor no-panic pull request	2026-09-06T23:13:46.5072108Z    ✔  And I switch to a deterministic factory seeded with "ed25519-seed-instance"
prepare	Reconcile predecessor no-panic pull request	2026-09-06T23:13:46.5072445Z    ✔  And I generate an Ed25519 key for label "instance-test" again
prepare	Reconcile predecessor no-panic pull request	2026-09-06T23:13:46.5072732Z    ✔  Then the Ed25519 PKCS8 PEM should be identical
prepare	Reconcile predecessor no-panic pull request	2026-09-06T23:13:46.5073001Z   Scenario: same seed across factory instances produces same HMAC secret
prepare	Reconcile predecessor no-panic pull request	2026-09-06T23:13:46.5073328Z    ✔  Given a deterministic factory seeded with "hmac-seed-instance"
prepare	Reconcile predecessor no-panic pull request	2026-09-06T23:13:46.5073644Z    ✔  When I generate an HMAC HS256 secret for label "instance-test"
prepare	Reconcile predecessor no-panic pull request	2026-09-06T23:13:46.5073968Z    ✔  And I switch to a deterministic factory seeded with "hmac-seed-instance"
prepare	Reconcile predecessor no-panic pull request	2026-09-06T23:13:46.5074306Z    ✔  And I generate an HMAC HS256 secret for label "instance-test" again
prepare	Reconcile predecessor no-panic pull request	2026-09-06T23:13:46.5074585Z    ✔  Then the HMAC secrets should be identical
prepare	Reconcile predecessor no-panic pull request	2026-09-06T23:13:46.5074822Z   Scenario: different seeds produce different ECDSA keys
prepare	Reconcile predecessor no-panic pull request	2026-09-06T23:13:46.5075106Z    ✔  Given a deterministic factory seeded with "ecdsa-seed-one"
prepare	Reconcile predecessor no-panic pull request	2026-09-06T23:13:46.5075393Z    ✔  When I generate an ECDSA ES256 key for label "service"
prepare	Reconcile predecessor no-panic pull request	2026-09-06T23:13:46.5075698Z    ✔  And I switch to a deterministic factory seeded with "ecdsa-seed-two"
prepare	Reconcile predecessor no-panic pull request	2026-09-06T23:13:46.5076006Z    ✔  And I generate another ECDSA ES256 key for label "service"
prepare	Reconcile predecessor no-panic pull request	2026-09-06T23:13:46.5076283Z    ✔  Then the ECDSA keys should have different public keys
prepare	Reconcile predecessor no-panic pull request	2026-09-06T23:13:46.5076537Z   Scenario: different seeds produce different Ed25519 keys
prepare	Reconcile predecessor no-panic pull request	2026-09-06T23:13:46.5076834Z    ✔  Given a deterministic factory seeded with "ed25519-seed-one"
prepare	Reconcile predecessor no-panic pull request	2026-09-06T23:13:46.5077109Z    ✔  When I generate an Ed25519 key for label "service"
prepare	Reconcile predecessor no-panic pull request	2026-09-06T23:13:46.5077402Z    ✔  And I switch to a deterministic factory seeded with "ed25519-seed-two"
prepare	Reconcile predecessor no-panic pull request	2026-09-06T23:13:46.5077705Z    ✔  And I generate another Ed25519 key for label "service"
prepare	Reconcile predecessor no-panic pull request	2026-09-06T23:13:46.5077988Z    ✔  Then the Ed25519 keys should have different public keys
prepare	Reconcile predecessor no-panic pull request	2026-09-06T23:13:46.5078260Z   Scenario: same seed produces same RSA KID across factory instances
prepare	Reconcile predecessor no-panic pull request	2026-09-06T23:13:46.5078575Z    ✔  Given a deterministic factory seeded with "kid-stability-rsa"
prepare	Reconcile predecessor no-panic pull request	2026-09-06T23:13:46.5078853Z    ✔  When I generate an RSA key for label "kid-check"
prepare	Reconcile predecessor no-panic pull request	2026-09-06T23:13:46.5079077Z    ✔  And I capture the kid
prepare	Reconcile predecessor no-panic pull request	2026-09-06T23:13:46.5079340Z    ✔  And I switch to a deterministic factory seeded with "kid-stability-rsa"
prepare	Reconcile predecessor no-panic pull request	2026-09-06T23:13:46.5079651Z    ✔  And I generate an RSA key for label "kid-check" again
prepare	Reconcile predecessor no-panic pull request	2026-09-06T23:13:46.5079902Z    ✔  And I capture the kid again
prepare	Reconcile predecessor no-panic pull request	2026-09-06T23:13:46.5080276Z    ✔  Then the kids should be identical
prepare	Reconcile predecessor no-panic pull request	2026-09-06T23:13:46.5080554Z   Scenario: same seed produces same ECDSA KID across factory instances
prepare	Reconcile predecessor no-panic pull request	2026-09-06T23:13:46.5080899Z    ✔  Given a deterministic factory seeded with "kid-stability-ecdsa"
prepare	Reconcile predecessor no-panic pull request	2026-09-06T23:13:46.5081205Z    ✔  When I generate an ECDSA ES256 key for label "kid-check"
prepare	Reconcile predecessor no-panic pull request	2026-09-06T23:13:46.5081513Z    ✔  And I capture the ECDSA kid
prepare	Reconcile predecessor no-panic pull request	2026-09-06T23:13:46.5081789Z    ✔  And I switch to a deterministic factory seeded with "kid-stability-ecdsa"
prepare	Reconcile predecessor no-panic pull request	2026-09-06T23:13:46.5082115Z    ✔  And I generate an ECDSA ES256 key for label "kid-check" again
prepare	Reconcile predecessor no-panic pull request	2026-09-06T23:13:46.5082370Z    ✔  And I capture the ECDSA kid again
prepare	Reconcile predecessor no-panic pull request	2026-09-06T23:13:46.5082587Z    ✔  Then the ECDSA kids should be identical
prepare	Reconcile predecessor no-panic pull request	2026-09-06T23:13:46.5082782Z Feature: Tempfile artifacts
prepare	Reconcile predecessor no-panic pull request	2026-09-06T23:13:46.5082975Z   Scenario: write private key PKCS8 PEM to tempfile
prepare	Reconcile predecessor no-panic pull request	2026-09-06T23:13:46.5083317Z    ✔> Given a deterministic factory seeded with "tempfile-test"
prepare	Reconcile predecessor no-panic pull request	2026-09-06T23:13:46.5083598Z    ✔> And I generate an RSA key for label "file-test"
prepare	Reconcile predecessor no-panic pull request	2026-09-06T23:13:46.5083846Z    ✔  When I write the private key to a tempfile
prepare	Reconcile predecessor no-panic pull request	2026-09-06T23:13:46.5084111Z    ✔  Then the tempfile path should end with ".pkcs8.pem"
prepare	Reconcile predecessor no-panic pull request	2026-09-06T23:13:46.5084396Z    ✔  And reading the tempfile should match the private key PEM
prepare	Reconcile predecessor no-panic pull request	2026-09-06T23:13:46.5084651Z   Scenario: write public key SPKI PEM to tempfile
prepare	Reconcile predecessor no-panic pull request	2026-09-06T23:13:46.5084928Z    ✔> Given a deterministic factory seeded with "tempfile-test"
prepare	Reconcile predecessor no-panic pull request	2026-09-06T23:13:46.5085206Z    ✔> And I generate an RSA key for label "file-test"
prepare	Reconcile predecessor no-panic pull request	2026-09-06T23:13:46.5085452Z    ✔  When I write the public key to a tempfile
prepare	Reconcile predecessor no-panic pull request	2026-09-06T23:13:46.5085712Z    ✔  Then the tempfile path should end with ".spki.pem"
prepare	Reconcile predecessor no-panic pull request	2026-09-06T23:13:46.5085991Z    ✔  And reading the tempfile should match the public key PEM
prepare	Reconcile predecessor no-panic pull request	2026-09-06T23:13:46.5086215Z Feature: Token fixtures
prepare	Reconcile predecessor no-panic pull request	2026-09-06T23:13:46.5086403Z   Scenario: deterministic API key fixtures are stable
prepare	Reconcile predecessor no-panic pull request	2026-09-06T23:13:46.5086814Z    ✔  Given a deterministic factory seeded with "0x0000000000000000000000000000000000000000000000000000000000000042"
prepare	Reconcile predecessor no-panic pull request	2026-09-06T23:13:46.5087194Z    ✔  When I generate an API key token for label "service"
prepare	Reconcile predecessor no-panic pull request	2026-09-06T23:13:46.5087476Z    ✔  And I generate an API key token for label "service" again
prepare	Reconcile predecessor no-panic pull request	2026-09-06T23:13:46.5087838Z    ✔  Then the token values should be identical
prepare	Reconcile predecessor no-panic pull request	2026-09-06T23:13:46.5088092Z   Scenario: deterministic token derivation survives cache clear
prepare	Reconcile predecessor no-panic pull request	2026-09-06T23:13:46.5088407Z    ✔  Given a deterministic factory seeded with "token-seed-alpha"
prepare	Reconcile predecessor no-panic pull request	2026-09-06T23:13:46.5088688Z    ✔  When I generate an API key token for label "first"
prepare	Reconcile predecessor no-panic pull request	2026-09-06T23:13:46.5088921Z    ✔  And I clear the factory cache
prepare	Reconcile predecessor no-panic pull request	2026-09-06T23:13:46.5089161Z    ✔  And I generate an API key token for label "first" again
prepare	Reconcile predecessor no-panic pull request	2026-09-06T23:13:46.5089414Z    ✔  Then the token values should be identical
prepare	Reconcile predecessor no-panic pull request	2026-09-06T23:13:46.5089643Z   Scenario: different labels produce different API keys
prepare	Reconcile predecessor no-panic pull request	2026-09-06T23:13:46.5090184Z    ✔  Given a deterministic factory seeded with "0xdeadbeefdeadbeefdeadbeefdeadbeefdeadbeefdeadbeefdeadbeefdeadbeef"
prepare	Reconcile predecessor no-panic pull request	2026-09-06T23:13:46.5090643Z    ✔  When I generate an API key token for label "alice"
prepare	Reconcile predecessor no-panic pull request	2026-09-06T23:13:46.5090913Z    ✔  And I generate another API key token for label "bob"
prepare	Reconcile predecessor no-panic pull request	2026-09-06T23:13:46.5091177Z    ✔  Then the token values should be different
prepare	Reconcile predecessor no-panic pull request	2026-09-06T23:13:46.5091412Z   Scenario: different seeds produce different API keys
prepare	Reconcile predecessor no-panic pull request	2026-09-06T23:13:46.5091681Z    ✔  Given a deterministic factory seeded with "seed-one"
prepare	Reconcile predecessor no-panic pull request	2026-09-06T23:13:46.5091956Z    ✔  When I generate an API key token for label "service"
prepare	Reconcile predecessor no-panic pull request	2026-09-06T23:13:46.5092248Z    ✔  And I switch to a deterministic factory seeded with "seed-two"
prepare	Reconcile predecessor no-panic pull request	2026-09-06T23:13:46.5092546Z    ✔  And I generate another API key token for label "service"
prepare	Reconcile predecessor no-panic pull request	2026-09-06T23:13:46.5092804Z    ✔  Then the token values should be different
prepare	Reconcile predecessor no-panic pull request	2026-09-06T23:13:46.5093043Z   Scenario: random factory produces different tokens each time
prepare	Reconcile predecessor no-panic pull request	2026-09-06T23:13:46.5093365Z    ✔  Given a random factory
prepare	Reconcile predecessor no-panic pull request	2026-09-06T23:13:46.5093636Z    ✔  When I generate an API key token for label "ephemeral"
prepare	Reconcile predecessor no-panic pull request	2026-09-06T23:13:46.5093880Z    ✔  And I clear the factory cache
prepare	Reconcile predecessor no-panic pull request	2026-09-06T23:13:46.5094131Z    ✔  And I generate an API key token for label "ephemeral" again
prepare	Reconcile predecessor no-panic pull request	2026-09-06T23:13:46.5094400Z    ✔  Then the token values should be different
prepare	Reconcile predecessor no-panic pull request	2026-09-06T23:13:46.5094698Z   Scenario: random factory caches tokens within same session
prepare	Reconcile predecessor no-panic pull request	2026-09-06T23:13:46.5094941Z    ✔  Given a random factory
prepare	Reconcile predecessor no-panic pull request	2026-09-06T23:13:46.5095164Z    ✔  When I generate an API key token for label "cached"
prepare	Reconcile predecessor no-panic pull request	2026-09-06T23:13:46.5095440Z    ✔  And I generate an API key token for label "cached" again
prepare	Reconcile predecessor no-panic pull request	2026-09-06T23:13:46.5095703Z    ✔  Then the token values should be identical
prepare	Reconcile predecessor no-panic pull request	2026-09-06T23:13:46.5095918Z   Scenario: API key has correct format
prepare	Reconcile predecessor no-panic pull request	2026-09-06T23:13:46.5096174Z    ✔  Given a deterministic factory seeded with "apikey-format"
prepare	Reconcile predecessor no-panic pull request	2026-09-06T23:13:46.5096470Z    ✔  When I generate an API key token for label "test-service"
prepare	Reconcile predecessor no-panic pull request	2026-09-06T23:13:46.5096797Z    ✔  Then the token value should start with "uk_test_"
prepare	Reconcile predecessor no-panic pull request	2026-09-06T23:13:46.5097047Z    ✔  And the token value should have length 40
prepare	Reconcile predecessor no-panic pull request	2026-09-06T23:13:46.5097271Z   Scenario: API key authorization header is correct
prepare	Reconcile predecessor no-panic pull request	2026-09-06T23:13:46.5097552Z    ✔  Given a deterministic factory seeded with "apikey-auth"
prepare	Reconcile predecessor no-panic pull request	2026-09-06T23:13:46.5097840Z    ✔  When I generate an API key token for label "api-client"
prepare	Reconcile predecessor no-panic pull request	2026-09-06T23:13:46.5098134Z    ✔  Then the authorization header should start with "ApiKey "
prepare	Reconcile predecessor no-panic pull request	2026-09-06T23:13:46.5098399Z   Scenario: deterministic bearer token fixtures are stable
prepare	Reconcile predecessor no-panic pull request	2026-09-06T23:13:46.5098684Z    ✔  Given a deterministic factory seeded with "bearer-seed"
prepare	Reconcile predecessor no-panic pull request	2026-09-06T23:13:46.5098950Z    ✔  When I generate a bearer token for label "user"
prepare	Reconcile predecessor no-panic pull request	2026-09-06T23:13:46.5099211Z    ✔  And I generate a bearer token for label "user" again
prepare	Reconcile predecessor no-panic pull request	2026-09-06T23:13:46.5099464Z    ✔  Then the token values should be identical
prepare	Reconcile predecessor no-panic pull request	2026-09-06T23:13:46.5099675Z   Scenario: bearer token has correct format
prepare	Reconcile predecessor no-panic pull request	2026-09-06T23:13:46.5099940Z    ✔  Given a deterministic factory seeded with "bearer-format"
prepare	Reconcile predecessor no-panic pull request	2026-09-06T23:13:46.5100379Z    ✔  When I generate a bearer token for label "test-user"
prepare	Reconcile predecessor no-panic pull request	2026-09-06T23:13:46.5100664Z    ✔  Then the token value should be valid base64url
prepare	Reconcile predecessor no-panic pull request	2026-09-06T23:13:46.5100910Z    ✔  And the token value should have length 43
prepare	Reconcile predecessor no-panic pull request	2026-09-06T23:13:46.5101145Z   Scenario: bearer token authorization header is correct
prepare	Reconcile predecessor no-panic pull request	2026-09-06T23:13:46.5101429Z    ✔  Given a deterministic factory seeded with "bearer-auth"
prepare	Reconcile predecessor no-panic pull request	2026-09-06T23:13:46.5101714Z    ✔  When I generate a bearer token for label "bearer-client"
prepare	Reconcile predecessor no-panic pull request	2026-09-06T23:13:46.5102023Z    ✔  Then the authorization header should start with "Bearer "
prepare	Reconcile predecessor no-panic pull request	2026-09-06T23:13:46.5102294Z   Scenario: deterministic OAuth access token fixtures are stable
prepare	Reconcile predecessor no-panic pull request	2026-09-06T23:13:46.5102588Z    ✔  Given a deterministic factory seeded with "oauth-seed"
prepare	Reconcile predecessor no-panic pull request	2026-09-06T23:13:46.5102865Z    ✔  When I generate an OAuth access token for label "app"
prepare	Reconcile predecessor no-panic pull request	2026-09-06T23:13:46.5103146Z    ✔  And I generate an OAuth access token for label "app" again
prepare	Reconcile predecessor no-panic pull request	2026-09-06T23:13:46.5103421Z    ✔  Then the token values should be identical
prepare	Reconcile predecessor no-panic pull request	2026-09-06T23:13:46.5103629Z   Scenario: OAuth access token has JWT format
prepare	Reconcile predecessor no-panic pull request	2026-09-06T23:13:46.5103893Z    ✔  Given a deterministic factory seeded with "oauth-format"
prepare	Reconcile predecessor no-panic pull request	2026-09-06T23:13:46.5104192Z    ✔  When I generate an OAuth access token for label "oauth-client"
prepare	Reconcile predecessor no-panic pull request	2026-09-06T23:13:46.5104507Z    ✔  Then the token value should have three dot-separated segments
prepare	Reconcile predecessor no-panic pull request	2026-09-06T23:13:46.5104796Z    ✔  And the token value header should decode to valid JSON
prepare	Reconcile predecessor no-panic pull request	2026-09-06T23:13:46.5105054Z   Scenario: OAuth access token authorization header is correct
prepare	Reconcile predecessor no-panic pull request	2026-09-06T23:13:46.5105345Z    ✔  Given a deterministic factory seeded with "oauth-auth"
prepare	Reconcile predecessor no-panic pull request	2026-09-06T23:13:46.5105635Z    ✔  When I generate an OAuth access token for label "oauth-client"
prepare	Reconcile predecessor no-panic pull request	2026-09-06T23:13:46.5105941Z    ✔  Then the authorization header should start with "Bearer "
prepare	Reconcile predecessor no-panic pull request	2026-09-06T23:13:46.5106199Z   Scenario: OAuth access token payload has required claims
prepare	Reconcile predecessor no-panic pull request	2026-09-06T23:13:46.5106496Z    ✔  Given a deterministic factory seeded with "oauth-claims"
prepare	Reconcile predecessor no-panic pull request	2026-09-06T23:13:46.5106823Z    ✔  When I generate an OAuth access token for label "test-app"
prepare	Reconcile predecessor no-panic pull request	2026-09-06T23:13:46.5107207Z    ✔  Then the OAuth payload should contain issuer "uselesskey"
prepare	Reconcile predecessor no-panic pull request	2026-09-06T23:13:46.5107589Z    ✔  And the OAuth payload should contain subject "test-app"
prepare	Reconcile predecessor no-panic pull request	2026-09-06T23:13:46.5107949Z    ✔  And the OAuth payload should contain audience "tests"
prepare	Reconcile predecessor no-panic pull request	2026-09-06T23:13:46.5108234Z    ✔  And the OAuth payload should contain scope "fixture.read"
prepare	Reconcile predecessor no-panic pull request	2026-09-06T23:13:46.5108554Z   Scenario: each token type has its distinctive format shape
prepare	Reconcile predecessor no-panic pull request	2026-09-06T23:13:46.5108958Z    ✔  Given a deterministic factory seeded with "prefix-shape-audit"
prepare	Reconcile predecessor no-panic pull request	2026-09-06T23:13:46.5109270Z    ✔  When I generate an API key token for label "shape-check"
prepare	Reconcile predecessor no-panic pull request	2026-09-06T23:13:46.5109541Z    ✔  Then the token value should start with "uk_test_"
prepare	Reconcile predecessor no-panic pull request	2026-09-06T23:13:46.5109789Z    ✔  And the token value should have length 40
prepare	Reconcile predecessor no-panic pull request	2026-09-06T23:13:46.5110214Z    ✔  When I generate a bearer token for label "shape-check"
prepare	Reconcile predecessor no-panic pull request	2026-09-06T23:13:46.5110557Z    ✔  Then the token value should be valid base64url
prepare	Reconcile predecessor no-panic pull request	2026-09-06T23:13:46.5110847Z    ✔  And the token value should have length 43
prepare	Reconcile predecessor no-panic pull request	2026-09-06T23:13:46.5111165Z    ✔  When I generate an OAuth access token for label "shape-check"
prepare	Reconcile predecessor no-panic pull request	2026-09-06T23:13:46.5111546Z    ✔  Then the token value should have three dot-separated segments
prepare	Reconcile predecessor no-panic pull request	2026-09-06T23:13:46.5111909Z    ✔  And the token value header should decode to valid JSON
prepare	Reconcile predecessor no-panic pull request	2026-09-06T23:13:46.5112267Z   Scenario: different token specs produce different values for same label
prepare	Reconcile predecessor no-panic pull request	2026-09-06T23:13:46.5112718Z    ✔  Given a deterministic factory seeded with "token-variant-test"
prepare	Reconcile predecessor no-panic pull request	2026-09-06T23:13:46.5113124Z    ✔  When I generate an API key token for label "shared-label"
prepare	Reconcile predecessor no-panic pull request	2026-09-06T23:13:46.5113492Z    ✔  And I generate a bearer token for label "shared-label"
prepare	Reconcile predecessor no-panic pull request	2026-09-06T23:13:46.5113840Z    ✔  Then the token values should be different
prepare	Reconcile predecessor no-panic pull request	2026-09-06T23:13:46.5114159Z   Scenario: bearer and OAuth token produce different values for same label
prepare	Reconcile predecessor no-panic pull request	2026-09-06T23:13:46.5114703Z    ✔  Given a deterministic factory seeded with "bearer-oauth-variant"
prepare	Reconcile predecessor no-panic pull request	2026-09-06T23:13:46.5115025Z    ✔  When I generate a bearer token for label "shared-label"
prepare	Reconcile predecessor no-panic pull request	2026-09-06T23:13:46.5115358Z    ✔  And I generate an OAuth access token for label "shared-label"
prepare	Reconcile predecessor no-panic pull request	2026-09-06T23:13:46.5115692Z    ✔  Then the token values should be different
prepare	Reconcile predecessor no-panic pull request	2026-09-06T23:13:46.5115930Z   Scenario: token with variant produces different value
prepare	Reconcile predecessor no-panic pull request	2026-09-06T23:13:46.5116217Z    ✔  Given a deterministic factory seeded with "variant-test"
prepare	Reconcile predecessor no-panic pull request	2026-09-06T23:13:46.5116502Z    ✔  When I generate an API key token for label "service"
prepare	Reconcile predecessor no-panic pull request	2026-09-06T23:13:46.5116812Z    ✔  And I generate an API key token for label "service" with variant "alt"
prepare	Reconcile predecessor no-panic pull request	2026-09-06T23:13:46.5117102Z    ✔  Then the token values should be different
prepare	Reconcile predecessor no-panic pull request	2026-09-06T23:13:46.5117335Z   Scenario: token with same variant is deterministic
prepare	Reconcile predecessor no-panic pull request	2026-09-06T23:13:46.5117625Z    ✔  Given a deterministic factory seeded with "variant-det-test"
prepare	Reconcile predecessor no-panic pull request	2026-09-06T23:13:46.5117958Z    ✔  When I generate an API key token for label "service" with variant "v1"
prepare	Reconcile predecessor no-panic pull request	2026-09-06T23:13:46.5118311Z    ✔  And I generate an API key token for label "service" with variant "v1" again
prepare	Reconcile predecessor no-panic pull request	2026-09-06T23:13:46.5118603Z    ✔  Then the token values should be identical
prepare	Reconcile predecessor no-panic pull request	2026-09-06T23:13:46.5118837Z   Scenario: different labels produce different bearer tokens
prepare	Reconcile predecessor no-panic pull request	2026-09-06T23:13:46.5119145Z    ✔  Given a deterministic factory seeded with "bearer-label-diff"
prepare	Reconcile predecessor no-panic pull request	2026-09-06T23:13:46.5119429Z    ✔  When I generate a bearer token for label "alice"
prepare	Reconcile predecessor no-panic pull request	2026-09-06T23:13:46.5119691Z    ✔  And I generate another bearer token for label "bob"
prepare	Reconcile predecessor no-panic pull request	2026-09-06T23:13:46.5119960Z    ✔  Then the token values should be different
prepare	Reconcile predecessor no-panic pull request	2026-09-06T23:13:46.5120398Z   Scenario: different labels produce different OAuth tokens
prepare	Reconcile predecessor no-panic pull request	2026-09-06T23:13:46.5120721Z    ✔  Given a deterministic factory seeded with "oauth-label-diff"
prepare	Reconcile predecessor no-panic pull request	2026-09-06T23:13:46.5121028Z    ✔  When I generate an OAuth access token for label "alice"
prepare	Reconcile predecessor no-panic pull request	2026-09-06T23:13:46.5121325Z    ✔  And I generate another OAuth access token for label "bob"
prepare	Reconcile predecessor no-panic pull request	2026-09-06T23:13:46.5121588Z    ✔  Then the token values should be different
prepare	Reconcile predecessor no-panic pull request	2026-09-06T23:13:46.5121856Z   Scenario: random factory produces different bearer tokens after cache clear
prepare	Reconcile predecessor no-panic pull request	2026-09-06T23:13:46.5122142Z    ✔  Given a random factory
prepare	Reconcile predecessor no-panic pull request	2026-09-06T23:13:46.5122385Z    ✔  When I generate a bearer token for label "ephemeral-bearer"
prepare	Reconcile predecessor no-panic pull request	2026-09-06T23:13:46.5122743Z    ✔  And I clear the factory cache
prepare	Reconcile predecessor no-panic pull request	2026-09-06T23:13:46.5123009Z    ✔  And I generate a bearer token for label "ephemeral-bearer" again
prepare	Reconcile predecessor no-panic pull request	2026-09-06T23:13:46.5123286Z    ✔  Then the token values should be different
prepare	Reconcile predecessor no-panic pull request	2026-09-06T23:13:46.5123530Z   Scenario: random factory caches bearer tokens within same session
prepare	Reconcile predecessor no-panic pull request	2026-09-06T23:13:46.5123783Z    ✔  Given a random factory
prepare	Reconcile predecessor no-panic pull request	2026-09-06T23:13:46.5124015Z    ✔  When I generate a bearer token for label "cached-bearer"
prepare	Reconcile predecessor no-panic pull request	2026-09-06T23:13:46.5124302Z    ✔  And I generate a bearer token for label "cached-bearer" again
prepare	Reconcile predecessor no-panic pull request	2026-09-06T23:13:46.5124621Z    ✔  Then the token values should be identical
prepare	Reconcile predecessor no-panic pull request	2026-09-06T23:13:46.5124880Z   Scenario: random factory produces different OAuth tokens after cache clear
prepare	Reconcile predecessor no-panic pull request	2026-09-06T23:13:46.5125157Z    ✔  Given a random factory
prepare	Reconcile predecessor no-panic pull request	2026-09-06T23:13:46.5125408Z    ✔  When I generate an OAuth access token for label "ephemeral-oauth"
prepare	Reconcile predecessor no-panic pull request	2026-09-06T23:13:46.5125669Z    ✔  And I clear the factory cache
prepare	Reconcile predecessor no-panic pull request	2026-09-06T23:13:46.5125946Z    ✔  And I generate an OAuth access token for label "ephemeral-oauth" again
prepare	Reconcile predecessor no-panic pull request	2026-09-06T23:13:46.5126224Z    ✔  Then the token values should be different
prepare	Reconcile predecessor no-panic pull request	2026-09-06T23:13:46.5126463Z   Scenario: random factory caches OAuth tokens within same session
prepare	Reconcile predecessor no-panic pull request	2026-09-06T23:13:46.5126710Z    ✔  Given a random factory
prepare	Reconcile predecessor no-panic pull request	2026-09-06T23:13:46.5126954Z    ✔  When I generate an OAuth access token for label "cached-oauth"
prepare	Reconcile predecessor no-panic pull request	2026-09-06T23:13:46.5127299Z    ✔  And I generate an OAuth access token for label "cached-oauth" again
prepare	Reconcile predecessor no-panic pull request	2026-09-06T23:13:46.5127603Z    ✔  Then the token values should be identical
prepare	Reconcile predecessor no-panic pull request	2026-09-06T23:13:46.5127813Z Feature: Token fixture edge cases
prepare	Reconcile predecessor no-panic pull request	2026-09-06T23:13:46.5128031Z   Scenario: API key with minimal label generates valid token
prepare	Reconcile predecessor no-panic pull request	2026-09-06T23:13:46.5128342Z    ✔  Given a deterministic factory seeded with "token-minimal-label"
prepare	Reconcile predecessor no-panic pull request	2026-09-06T23:13:46.5128629Z    ✔  When I generate an API key token for label "x"
prepare	Reconcile predecessor no-panic pull request	2026-09-06T23:13:46.5128885Z    ✔  Then the token value should start with "uk_test_"
prepare	Reconcile predecessor no-panic pull request	2026-09-06T23:13:46.5129142Z    ✔  And the token value should have length 40
prepare	Reconcile predecessor no-panic pull request	2026-09-06T23:13:46.5129380Z   Scenario: bearer token with minimal label generates valid token
prepare	Reconcile predecessor no-panic pull request	2026-09-06T23:13:46.5129694Z    ✔  Given a deterministic factory seeded with "bearer-minimal-label"
prepare	Reconcile predecessor no-panic pull request	2026-09-06T23:13:46.5129984Z    ✔  When I generate a bearer token for label "x"
prepare	Reconcile predecessor no-panic pull request	2026-09-06T23:13:46.5130393Z    ✔  Then the token value should be valid base64url
prepare	Reconcile predecessor no-panic pull request	2026-09-06T23:13:46.5130639Z    ✔  And the token value should have length 43
prepare	Reconcile predecessor no-panic pull request	2026-09-06T23:13:46.5130886Z   Scenario: OAuth token with minimal label generates valid token
prepare	Reconcile predecessor no-panic pull request	2026-09-06T23:13:46.5131212Z    ✔  Given a deterministic factory seeded with "oauth-minimal-label"
prepare	Reconcile predecessor no-panic pull request	2026-09-06T23:13:46.5131509Z    ✔  When I generate an OAuth access token for label "x"
prepare	Reconcile predecessor no-panic pull request	2026-09-06T23:13:46.5131795Z    ✔  Then the token value should have three dot-separated segments
prepare	Reconcile predecessor no-panic pull request	2026-09-06T23:13:46.5132090Z    ✔  And the token value header should decode to valid JSON
prepare	Reconcile predecessor no-panic pull request	2026-09-06T23:13:46.5132352Z   Scenario: API key with unicode label generates valid token
prepare	Reconcile predecessor no-panic pull request	2026-09-06T23:13:46.5132665Z    ✔  Given a deterministic factory seeded with "token-unicode-label"
prepare	Reconcile predecessor no-panic pull request	2026-09-06T23:13:46.5133019Z    ✔  When I generate an API key token for label "日本語テスト-🔑"
prepare	Reconcile predecessor no-panic pull request	2026-09-06T23:13:46.5133283Z    ✔  Then the token value should start with "uk_test_"
prepare	Reconcile predecessor no-panic pull request	2026-09-06T23:13:46.5133527Z    ✔  And the token value should have length 40
prepare	Reconcile predecessor no-panic pull request	2026-09-06T23:13:46.5133768Z   Scenario: bearer token with very long label generates valid token
prepare	Reconcile predecessor no-panic pull request	2026-09-06T23:13:46.5134080Z    ✔  Given a deterministic factory seeded with "token-long-label"
prepare	Reconcile predecessor no-panic pull request	2026-09-06T23:13:46.5134538Z    ✔  When I generate a bearer token for label "this-is-a-very-long-label-that-exceeds-normal-lengths-for-testing"
prepare	Reconcile predecessor no-panic pull request	2026-09-06T23:13:46.5134947Z    ✔  Then the token value should be valid base64url
prepare	Reconcile predecessor no-panic pull request	2026-09-06T23:13:46.5135189Z    ✔  And the token value should have length 43
prepare	Reconcile predecessor no-panic pull request	2026-09-06T23:13:46.5135406Z   Scenario: API key contains only printable ASCII
prepare	Reconcile predecessor no-panic pull request	2026-09-06T23:13:46.5135700Z    ✔  Given a deterministic factory seeded with "apikey-printable-ascii"
prepare	Reconcile predecessor no-panic pull request	2026-09-06T23:13:46.5136076Z    ✔  When I generate an API key token for label "ascii-check"
prepare	Reconcile predecessor no-panic pull request	2026-09-06T23:13:46.5136362Z    ✔  Then the token value should contain only printable ASCII
prepare	Reconcile predecessor no-panic pull request	2026-09-06T23:13:46.5136608Z   Scenario: API key prefix is consistent across labels
prepare	Reconcile predecessor no-panic pull request	2026-09-06T23:13:46.5136918Z    ✔  Given a deterministic factory seeded with "apikey-prefix-consistency"
prepare	Reconcile predecessor no-panic pull request	2026-09-06T23:13:46.5137245Z    ✔  When I generate an API key token for label "first-service"
prepare	Reconcile predecessor no-panic pull request	2026-09-06T23:13:46.5137520Z    ✔  Then the token value should start with "uk_test_"
prepare	Reconcile predecessor no-panic pull request	2026-09-06T23:13:46.5137847Z    ✔  When I generate an API key token for label "second-service"
prepare	Reconcile predecessor no-panic pull request	2026-09-06T23:13:46.5138130Z    ✔  Then the token value should start with "uk_test_"
prepare	Reconcile predecessor no-panic pull request	2026-09-06T23:13:46.5138373Z   Scenario: OAuth access token payload contains exp claim
prepare	Reconcile predecessor no-panic pull request	2026-09-06T23:13:46.5138658Z    ✔  Given a deterministic factory seeded with "oauth-exp-check"
prepare	Reconcile predecessor no-panic pull request	2026-09-06T23:13:46.5138954Z    ✔  When I generate an OAuth access token for label "exp-test"
prepare	Reconcile predecessor no-panic pull request	2026-09-06T23:13:46.5139239Z    ✔  Then the OAuth payload should contain an exp claim
prepare	Reconcile predecessor no-panic pull request	2026-09-06T23:13:46.5139490Z   Scenario: OAuth access token payload contains scope claim
prepare	Reconcile predecessor no-panic pull request	2026-09-06T23:13:46.5139789Z    ✔  Given a deterministic factory seeded with "oauth-scope-check"
prepare	Reconcile predecessor no-panic pull request	2026-09-06T23:13:46.5140197Z    ✔  When I generate an OAuth access token for label "scope-test"
prepare	Reconcile predecessor no-panic pull request	2026-09-06T23:13:46.5140512Z    ✔  Then the OAuth payload should contain a scope claim
prepare	Reconcile predecessor no-panic pull request	2026-09-06T23:13:46.5140784Z   Scenario: recreating factory with same seed yields identical API key
prepare	Reconcile predecessor no-panic pull request	2026-09-06T23:13:46.5141132Z    ✔  Given a deterministic factory seeded with "token-recreation-apikey"
prepare	Reconcile predecessor no-panic pull request	2026-09-06T23:13:46.5141451Z    ✔  When I generate an API key token for label "stable-api"
prepare	Reconcile predecessor no-panic pull request	2026-09-06T23:13:46.5141788Z    ✔  And I switch to a deterministic factory seeded with "token-recreation-apikey"
prepare	Reconcile predecessor no-panic pull request	2026-09-06T23:13:46.5142130Z    ✔  And I generate an API key token for label "stable-api" again
prepare	Reconcile predecessor no-panic pull request	2026-09-06T23:13:46.5142406Z    ✔  Then the token values should be identical
prepare	Reconcile predecessor no-panic pull request	2026-09-06T23:13:46.5142674Z   Scenario: recreating factory with same seed yields identical bearer token
prepare	Reconcile predecessor no-panic pull request	2026-09-06T23:13:46.5143021Z    ✔  Given a deterministic factory seeded with "token-recreation-bearer"
prepare	Reconcile predecessor no-panic pull request	2026-09-06T23:13:46.5143341Z    ✔  When I generate a bearer token for label "stable-bearer"
prepare	Reconcile predecessor no-panic pull request	2026-09-06T23:13:46.5143673Z    ✔  And I switch to a deterministic factory seeded with "token-recreation-bearer"
prepare	Reconcile predecessor no-panic pull request	2026-09-06T23:13:46.5144009Z    ✔  And I generate a bearer token for label "stable-bearer" again
prepare	Reconcile predecessor no-panic pull request	2026-09-06T23:13:46.5144278Z    ✔  Then the token values should be identical
prepare	Reconcile predecessor no-panic pull request	2026-09-06T23:13:46.5144541Z   Scenario: recreating factory with same seed yields identical OAuth token
prepare	Reconcile predecessor no-panic pull request	2026-09-06T23:13:46.5144882Z    ✔  Given a deterministic factory seeded with "token-recreation-oauth"
prepare	Reconcile predecessor no-panic pull request	2026-09-06T23:13:46.5145206Z    ✔  When I generate an OAuth access token for label "stable-oauth"
prepare	Reconcile predecessor no-panic pull request	2026-09-06T23:13:46.5145542Z    ✔  And I switch to a deterministic factory seeded with "token-recreation-oauth"
prepare	Reconcile predecessor no-panic pull request	2026-09-06T23:13:46.5145898Z    ✔  And I generate an OAuth access token for label "stable-oauth" again
prepare	Reconcile predecessor no-panic pull request	2026-09-06T23:13:46.5146177Z    ✔  Then the token values should be identical
prepare	Reconcile predecessor no-panic pull request	2026-09-06T23:13:46.5146414Z   Scenario: different seeds produce different bearer tokens
prepare	Reconcile predecessor no-panic pull request	2026-09-06T23:13:46.5146705Z    ✔  Given a deterministic factory seeded with "bearer-seed-one"
prepare	Reconcile predecessor no-panic pull request	2026-09-06T23:13:46.5146978Z    ✔  When I generate a bearer token for label "service"
prepare	Reconcile predecessor no-panic pull request	2026-09-06T23:13:46.5147132Z    ✔  And I switch to a deterministic factory seeded with "bearer-seed-two"
prepare	Reconcile predecessor no-panic pull request	2026-09-06T23:13:46.5147263Z    ✔  And I generate another bearer token for label "service"
prepare	Reconcile predecessor no-panic pull request	2026-09-06T23:13:46.5147374Z    ✔  Then the token values should be different
prepare	Reconcile predecessor no-panic pull request	2026-09-06T23:13:46.5147474Z   Scenario: different seeds produce different OAuth tokens
prepare	Reconcile predecessor no-panic pull request	2026-09-06T23:13:46.5147616Z    ✔  Given a deterministic factory seeded with "oauth-seed-one"
prepare	Reconcile predecessor no-panic pull request	2026-09-06T23:13:46.5147745Z    ✔  When I generate an OAuth access token for label "service"
prepare	Reconcile predecessor no-panic pull request	2026-09-06T23:13:46.5148047Z    ✔  And I switch to a deterministic factory seeded with "oauth-seed-two"
prepare	Reconcile predecessor no-panic pull request	2026-09-06T23:13:46.5148198Z    ✔  And I generate another OAuth access token for label "service"
prepare	Reconcile predecessor no-panic pull request	2026-09-06T23:13:46.5148302Z    ✔  Then the token values should be different
prepare	Reconcile predecessor no-panic pull request	2026-09-06T23:13:46.5148407Z Feature: Token fixture negative and isolation scenarios
prepare	Reconcile predecessor no-panic pull request	2026-09-06T23:13:46.5148533Z   Scenario: generating all token types does not perturb ECDSA determinism
prepare	Reconcile predecessor no-panic pull request	2026-09-06T23:13:46.5148704Z    ✔  Given a deterministic factory seeded with "token-neg-ecdsa-isolation"
prepare	Reconcile predecessor no-panic pull request	2026-09-06T23:13:46.5148841Z    ✔  When I generate an ECDSA ES256 key for label "ecdsa-anchor"
prepare	Reconcile predecessor no-panic pull request	2026-09-06T23:13:46.5149023Z    ✔  And I generate an API key token for label "noise-api"
prepare	Reconcile predecessor no-panic pull request	2026-09-06T23:13:46.5149157Z    ✔  And I generate a bearer token for label "noise-bearer"
prepare	Reconcile predecessor no-panic pull request	2026-09-06T23:13:46.5149294Z    ✔  And I generate an OAuth access token for label "noise-oauth"
prepare	Reconcile predecessor no-panic pull request	2026-09-06T23:13:46.5149392Z    ✔  And I clear the factory cache
prepare	Reconcile predecessor no-panic pull request	2026-09-06T23:13:46.5149542Z    ✔  And I generate an ECDSA ES256 key for label "ecdsa-anchor" again
prepare	Reconcile predecessor no-panic pull request	2026-09-06T23:13:46.5149660Z    ✔  Then the ECDSA PKCS8 PEM should be identical
prepare	Reconcile predecessor no-panic pull request	2026-09-06T23:13:46.5149782Z   Scenario: generating all token types does not perturb Ed25519 determinism
prepare	Reconcile predecessor no-panic pull request	2026-09-06T23:13:46.5149950Z    ✔  Given a deterministic factory seeded with "token-neg-ed25519-isolation"
prepare	Reconcile predecessor no-panic pull request	2026-09-06T23:13:46.5150081Z    ✔  When I generate an Ed25519 key for label "ed25519-anchor"
prepare	Reconcile predecessor no-panic pull request	2026-09-06T23:13:46.5150350Z    ✔  And I generate an API key token for label "noise-api"
prepare	Reconcile predecessor no-panic pull request	2026-09-06T23:13:46.5150485Z    ✔  And I generate a bearer token for label "noise-bearer"
prepare	Reconcile predecessor no-panic pull request	2026-09-06T23:13:46.5150631Z    ✔  And I generate an OAuth access token for label "noise-oauth"
prepare	Reconcile predecessor no-panic pull request	2026-09-06T23:13:46.5150731Z    ✔  And I clear the factory cache
prepare	Reconcile predecessor no-panic pull request	2026-09-06T23:13:46.5150882Z    ✔  And I generate an Ed25519 key for label "ed25519-anchor" again
prepare	Reconcile predecessor no-panic pull request	2026-09-06T23:13:46.5150996Z    ✔  Then the Ed25519 PKCS8 PEM should be identical
prepare	Reconcile predecessor no-panic pull request	2026-09-06T23:13:46.5151140Z   Scenario: generating all token types does not perturb HMAC determinism
prepare	Reconcile predecessor no-panic pull request	2026-09-06T23:13:46.5151299Z    ✔  Given a deterministic factory seeded with "token-neg-hmac-isolation"
prepare	Reconcile predecessor no-panic pull request	2026-09-06T23:13:46.5151443Z    ✔  When I generate an HMAC HS256 secret for label "hmac-anchor"
prepare	Reconcile predecessor no-panic pull request	2026-09-06T23:13:46.5151567Z    ✔  And I generate an API key token for label "noise-api"
prepare	Reconcile predecessor no-panic pull request	2026-09-06T23:13:46.5151699Z    ✔  And I generate a bearer token for label "noise-bearer"
prepare	Reconcile predecessor no-panic pull request	2026-09-06T23:13:46.5151843Z    ✔  And I generate an OAuth access token for label "noise-oauth"
prepare	Reconcile predecessor no-panic pull request	2026-09-06T23:13:46.5151931Z    ✔  And I clear the factory cache
prepare	Reconcile predecessor no-panic pull request	2026-09-06T23:13:46.5152092Z    ✔  And I generate an HMAC HS256 secret for label "hmac-anchor" again
prepare	Reconcile predecessor no-panic pull request	2026-09-06T23:13:46.5152195Z    ✔  Then the HMAC secrets should be identical
prepare	Reconcile predecessor no-panic pull request	2026-09-06T23:13:46.5152321Z   Scenario: generating keys does not perturb API key token determinism
prepare	Reconcile predecessor no-panic pull request	2026-09-06T23:13:46.5152477Z    ✔  Given a deterministic factory seeded with "token-neg-api-stability"
prepare	Reconcile predecessor no-panic pull request	2026-09-06T23:13:46.5152620Z    ✔  When I generate an API key token for label "stable-api"
prepare	Reconcile predecessor no-panic pull request	2026-09-06T23:13:46.5152741Z    ✔  And I generate an RSA key for label "noise-rsa"
prepare	Reconcile predecessor no-panic pull request	2026-09-06T23:13:46.5152874Z    ✔  And I generate an ECDSA ES256 key for label "noise-ecdsa"
prepare	Reconcile predecessor no-panic pull request	2026-09-06T23:13:46.5153001Z    ✔  And I generate an Ed25519 key for label "noise-ed"
prepare	Reconcile predecessor no-panic pull request	2026-09-06T23:13:46.5153090Z    ✔  And I clear the factory cache
prepare	Reconcile predecessor no-panic pull request	2026-09-06T23:13:46.5153234Z    ✔  And I generate an API key token for label "stable-api" again
prepare	Reconcile predecessor no-panic pull request	2026-09-06T23:13:46.5153335Z    ✔  Then the token values should be identical
prepare	Reconcile predecessor no-panic pull request	2026-09-06T23:13:46.5153459Z   Scenario: generating keys does not perturb bearer token determinism
prepare	Reconcile predecessor no-panic pull request	2026-09-06T23:13:46.5153639Z    ✔  Given a deterministic factory seeded with "token-neg-bearer-stability"
prepare	Reconcile predecessor no-panic pull request	2026-09-06T23:13:46.5153768Z    ✔  When I generate a bearer token for label "stable-bearer"
prepare	Reconcile predecessor no-panic pull request	2026-09-06T23:13:46.5153885Z    ✔  And I generate an RSA key for label "noise-rsa"
prepare	Reconcile predecessor no-panic pull request	2026-09-06T23:13:46.5154013Z    ✔  And I generate an ECDSA ES256 key for label "noise-ecdsa"
prepare	Reconcile predecessor no-panic pull request	2026-09-06T23:13:46.5154162Z    ✔  And I clear the factory cache
prepare	Reconcile predecessor no-panic pull request	2026-09-06T23:13:46.5154297Z    ✔  And I generate a bearer token for label "stable-bearer" again
prepare	Reconcile predecessor no-panic pull request	2026-09-06T23:13:46.5154407Z    ✔  Then the token values should be identical
prepare	Reconcile predecessor no-panic pull request	2026-09-06T23:13:46.5154534Z   Scenario: generating keys does not perturb OAuth token determinism
prepare	Reconcile predecessor no-panic pull request	2026-09-06T23:13:46.5154697Z    ✔  Given a deterministic factory seeded with "token-neg-oauth-stability"
prepare	Reconcile predecessor no-panic pull request	2026-09-06T23:13:46.5154843Z    ✔  When I generate an OAuth access token for label "stable-oauth"
prepare	Reconcile predecessor no-panic pull request	2026-09-06T23:13:46.5154953Z    ✔  And I generate an RSA key for label "noise-rsa"
prepare	Reconcile predecessor no-panic pull request	2026-09-06T23:13:46.5155146Z    ✔  And I generate an HMAC HS256 secret for label "noise-hmac"
prepare	Reconcile predecessor no-panic pull request	2026-09-06T23:13:46.5155238Z    ✔  And I clear the factory cache
prepare	Reconcile predecessor no-panic pull request	2026-09-06T23:13:46.5155397Z    ✔  And I generate an OAuth access token for label "stable-oauth" again
prepare	Reconcile predecessor no-panic pull request	2026-09-06T23:13:46.5155508Z    ✔  Then the token values should be identical
prepare	Reconcile predecessor no-panic pull request	2026-09-06T23:13:46.5155638Z   Scenario: bearer token with variant produces different value than default
prepare	Reconcile predecessor no-panic pull request	2026-09-06T23:13:46.5155814Z    ✔  Given a deterministic factory seeded with "token-bearer-variant-test"
prepare	Reconcile predecessor no-panic pull request	2026-09-06T23:13:46.5155940Z    ✔  When I generate an API key token for label "service"
prepare	Reconcile predecessor no-panic pull request	2026-09-06T23:13:46.5156113Z    ✔  And I generate an API key token for label "service" with variant "staging"
prepare	Reconcile predecessor no-panic pull request	2026-09-06T23:13:46.5156224Z    ✔  Then the token values should be different
prepare	Reconcile predecessor no-panic pull request	2026-09-06T23:13:46.5156377Z   Scenario: same variant string across different token types produces different values
prepare	Reconcile predecessor no-panic pull request	2026-09-06T23:13:46.5156535Z    ✔  Given a deterministic factory seeded with "token-cross-variant"
prepare	Reconcile predecessor no-panic pull request	2026-09-06T23:13:46.5156691Z    ✔  When I generate an API key token for label "same" with variant "v1"
prepare	Reconcile predecessor no-panic pull request	2026-09-06T23:13:46.5156819Z    ✔  And I generate another bearer token for label "same"
prepare	Reconcile predecessor no-panic pull request	2026-09-06T23:13:46.5156920Z    ✔  Then the token values should be different
prepare	Reconcile predecessor no-panic pull request	2026-09-06T23:13:46.5156999Z Feature: X.509 certificate fixtures
prepare	Reconcile predecessor no-panic pull request	2026-09-06T23:13:46.5157100Z   Scenario: deterministic X.509 certificates are stable
prepare	Reconcile predecessor no-panic pull request	2026-09-06T23:13:46.5157361Z    ✔  Given a deterministic factory seeded with "0x0000000000000000000000000000000000000000000000000000000000000042"
prepare	Reconcile predecessor no-panic pull request	2026-09-06T23:13:46.5157572Z    ✔  When I generate an X.509 certificate for domain "test.example.com" with label "server"
prepare	Reconcile predecessor no-panic pull request	2026-09-06T23:13:46.5157790Z    ✔  And I generate an X.509 certificate for domain "test.example.com" with label "server" again
prepare	Reconcile predecessor no-panic pull request	2026-09-06T23:13:46.5157918Z    ✔  Then the X.509 certificate PEM should be identical
prepare	Reconcile predecessor no-panic pull request	2026-09-06T23:13:46.5158026Z   Scenario: deterministic X.509 derivation survives cache clear
prepare	Reconcile predecessor no-panic pull request	2026-09-06T23:13:46.5158178Z    ✔  Given a deterministic factory seeded with "x509-seed-alpha"
prepare	Reconcile predecessor no-panic pull request	2026-09-06T23:13:46.5158373Z    ✔  When I generate an X.509 certificate for domain "api.example.com" with label "first"
prepare	Reconcile predecessor no-panic pull request	2026-09-06T23:13:46.5158462Z    ✔  And I clear the factory cache
prepare	Reconcile predecessor no-panic pull request	2026-09-06T23:13:46.5158670Z    ✔  And I generate an X.509 certificate for domain "api.example.com" with label "first" again
prepare	Reconcile predecessor no-panic pull request	2026-09-06T23:13:46.5158796Z    ✔  Then the X.509 certificate PEM should be identical
prepare	Reconcile predecessor no-panic pull request	2026-09-06T23:13:46.5158920Z   Scenario: different labels produce different X.509 certificates
prepare	Reconcile predecessor no-panic pull request	2026-09-06T23:13:46.5159209Z    ✔  Given a deterministic factory seeded with "0xdeadbeefdeadbeefdeadbeefdeadbeefdeadbeefdeadbeefdeadbeefdeadbeef"
prepare	Reconcile predecessor no-panic pull request	2026-09-06T23:13:46.5159417Z    ✔  When I generate an X.509 certificate for domain "test.example.com" with label "server-a"
prepare	Reconcile predecessor no-panic pull request	2026-09-06T23:13:46.5159631Z    ✔  And I generate another X.509 certificate for domain "test.example.com" with label "server-b"
prepare	Reconcile predecessor no-panic pull request	2026-09-06T23:13:46.5159758Z    ✔  Then the X.509 certificates should have different DER
prepare	Reconcile predecessor no-panic pull request	2026-09-06T23:13:46.5159884Z   Scenario: different seeds produce different X.509 certificates
prepare	Reconcile predecessor no-panic pull request	2026-09-06T23:13:46.5160010Z    ✔  Given a deterministic factory seeded with "seed-one"
prepare	Reconcile predecessor no-panic pull request	2026-09-06T23:13:46.5160369Z    ✔  When I generate an X.509 certificate for domain "test.example.com" with label "service"
prepare	Reconcile predecessor no-panic pull request	2026-09-06T23:13:46.5160583Z    ✔  And I switch to a deterministic factory seeded with "seed-two"
prepare	Reconcile predecessor no-panic pull request	2026-09-06T23:13:46.5160858Z    ✔  And I generate another X.509 certificate for domain "test.example.com" with label "service"
prepare	Reconcile predecessor no-panic pull request	2026-09-06T23:13:46.5160997Z    ✔  Then the X.509 certificates should have different DER
prepare	Reconcile predecessor no-panic pull request	2026-09-06T23:13:46.5161129Z   Scenario: random factory produces different X.509 certificates each time
prepare	Reconcile predecessor no-panic pull request	2026-09-06T23:13:46.5161231Z    ✔  Given a random factory
prepare	Reconcile predecessor no-panic pull request	2026-09-06T23:13:46.5161433Z    ✔  When I generate an X.509 certificate for domain "test.example.com" with label "ephemeral"
prepare	Reconcile predecessor no-panic pull request	2026-09-06T23:13:46.5161533Z    ✔  And I clear the factory cache
prepare	Reconcile predecessor no-panic pull request	2026-09-06T23:13:46.5161802Z    ✔  And I generate an X.509 certificate for domain "test.example.com" with label "ephemeral" again
prepare	Reconcile predecessor no-panic pull request	2026-09-06T23:13:46.5161929Z    ✔  Then the X.509 certificates should have different DER
prepare	Reconcile predecessor no-panic pull request	2026-09-06T23:13:46.5162033Z   Scenario: random factory caches X.509 within same session
prepare	Reconcile predecessor no-panic pull request	2026-09-06T23:13:46.5162119Z    ✔  Given a random factory
prepare	Reconcile predecessor no-panic pull request	2026-09-06T23:13:46.5162312Z    ✔  When I generate an X.509 certificate for domain "test.example.com" with label "cached"
prepare	Reconcile predecessor no-panic pull request	2026-09-06T23:13:46.5162526Z    ✔  And I generate an X.509 certificate for domain "test.example.com" with label "cached" again
prepare	Reconcile predecessor no-panic pull request	2026-09-06T23:13:46.5162647Z    ✔  Then the X.509 certificate PEM should be identical
prepare	Reconcile predecessor no-panic pull request	2026-09-06T23:13:46.5162730Z   Scenario: X.509 certificate PEM is valid
prepare	Reconcile predecessor no-panic pull request	2026-09-06T23:13:46.5162859Z    ✔  Given a deterministic factory seeded with "format-test"
prepare	Reconcile predecessor no-panic pull request	2026-09-06T23:13:46.5163060Z    ✔  When I generate an X.509 certificate for domain "test.example.com" with label "pem-test"
prepare	Reconcile predecessor no-panic pull request	2026-09-06T23:13:46.5163230Z    ✔  Then the X.509 certificate PEM should contain "-----BEGIN CERTIFICATE-----"
prepare	Reconcile predecessor no-panic pull request	2026-09-06T23:13:46.5163363Z    ✔  And the X.509 certificate PEM should be parseable
prepare	Reconcile predecessor no-panic pull request	2026-09-06T23:13:46.5163445Z   Scenario: X.509 certificate DER is valid
prepare	Reconcile predecessor no-panic pull request	2026-09-06T23:13:46.5163572Z    ✔  Given a deterministic factory seeded with "format-test"
prepare	Reconcile predecessor no-panic pull request	2026-09-06T23:13:46.5163774Z    ✔  When I generate an X.509 certificate for domain "test.example.com" with label "der-test"
prepare	Reconcile predecessor no-panic pull request	2026-09-06T23:13:46.5163897Z    ✔  Then the X.509 certificate DER should be parseable
prepare	Reconcile predecessor no-panic pull request	2026-09-06T23:13:46.5163993Z   Scenario: X.509 private key PEM is valid
prepare	Reconcile predecessor no-panic pull request	2026-09-06T23:13:46.5164120Z    ✔  Given a deterministic factory seeded with "format-test"
prepare	Reconcile predecessor no-panic pull request	2026-09-06T23:13:46.5164320Z    ✔  When I generate an X.509 certificate for domain "test.example.com" with label "key-test"
prepare	Reconcile predecessor no-panic pull request	2026-09-06T23:13:46.5164493Z    ✔  Then the X.509 private key PEM should contain "-----BEGIN PRIVATE KEY-----"
prepare	Reconcile predecessor no-panic pull request	2026-09-06T23:13:46.5164603Z   Scenario: X.509 identity PEM contains both certificate and key
prepare	Reconcile predecessor no-panic pull request	2026-09-06T23:13:46.5164745Z    ✔  Given a deterministic factory seeded with "format-test"
prepare	Reconcile predecessor no-panic pull request	2026-09-06T23:13:46.5164944Z    ✔  When I generate an X.509 certificate for domain "test.example.com" with label "chain-test"
prepare	Reconcile predecessor no-panic pull request	2026-09-06T23:13:46.5165115Z    ✔  Then the X.509 identity PEM should contain "-----BEGIN CERTIFICATE-----"
prepare	Reconcile predecessor no-panic pull request	2026-09-06T23:13:46.5165288Z    ✔  And the X.509 identity PEM should contain "-----BEGIN PRIVATE KEY-----"
prepare	Reconcile predecessor no-panic pull request	2026-09-06T23:13:46.5165385Z   Scenario: X.509 certificate has correct common name
prepare	Reconcile predecessor no-panic pull request	2026-09-06T23:13:46.5165513Z    ✔  Given a deterministic factory seeded with "cn-test"
prepare	Reconcile predecessor no-panic pull request	2026-09-06T23:13:46.5165723Z    ✔  When I generate an X.509 certificate for domain "myservice.example.com" with label "cn-check"
prepare	Reconcile predecessor no-panic pull request	2026-09-06T23:13:46.5165903Z    ✔  Then the X.509 certificate should have common name "myservice.example.com"
prepare	Reconcile predecessor no-panic pull request	2026-09-06T23:13:46.5166031Z   Scenario: X.509 self-signed certificate has issuer CN matching subject CN
prepare	Reconcile predecessor no-panic pull request	2026-09-06T23:13:46.5166170Z    ✔  Given a deterministic factory seeded with "issuer-test"
prepare	Reconcile predecessor no-panic pull request	2026-09-06T23:13:46.5166410Z    ✔  When I generate an X.509 certificate for domain "selfsigned.example.com" with label "issuer-check"
prepare	Reconcile predecessor no-panic pull request	2026-09-06T23:13:46.5166591Z    ✔  Then the X.509 certificate should have issuer common name "selfsigned.example.com"
prepare	Reconcile predecessor no-panic pull request	2026-09-06T23:13:46.5166685Z   Scenario: X.509 certificate has a positive serial number
prepare	Reconcile predecessor no-panic pull request	2026-09-06T23:13:46.5166807Z    ✔  Given a deterministic factory seeded with "serial-test"
prepare	Reconcile predecessor no-panic pull request	2026-09-06T23:13:46.5167067Z    ✔  When I generate an X.509 certificate for domain "serial.example.com" with label "serial-check"
prepare	Reconcile predecessor no-panic pull request	2026-09-06T23:13:46.5167213Z    ✔  Then the X.509 certificate serial number should be positive
prepare	Reconcile predecessor no-panic pull request	2026-09-06T23:13:46.5167319Z   Scenario: expired X.509 certificate is different from valid
prepare	Reconcile predecessor no-panic pull request	2026-09-06T23:13:46.5167463Z    ✔  Given a deterministic factory seeded with "expired-test"
prepare	Reconcile predecessor no-panic pull request	2026-09-06T23:13:46.5167671Z    ✔  When I generate an X.509 certificate for domain "test.example.com" with label "expired-check"
prepare	Reconcile predecessor no-panic pull request	2026-09-06T23:13:46.5167813Z    ✔  And I get the expired variant of the X.509 certificate
prepare	Reconcile predecessor no-panic pull request	2026-09-06T23:13:46.5167976Z    ✔  Then the X.509 certificates should have different DER
prepare	Reconcile predecessor no-panic pull request	2026-09-06T23:13:46.5168091Z   Scenario: expired X.509 certificate is parseable but invalid
prepare	Reconcile predecessor no-panic pull request	2026-09-06T23:13:46.5168248Z    ✔  Given a deterministic factory seeded with "expired-parse-test"
prepare	Reconcile predecessor no-panic pull request	2026-09-06T23:13:46.5168459Z    ✔  When I generate an X.509 certificate for domain "test.example.com" with label "expired-parse"
prepare	Reconcile predecessor no-panic pull request	2026-09-06T23:13:46.5168596Z    ✔  And I get the expired variant of the X.509 certificate
prepare	Reconcile predecessor no-panic pull request	2026-09-06T23:13:46.5168720Z    ✔  Then the expired X.509 certificate should be parseable
prepare	Reconcile predecessor no-panic pull request	2026-09-06T23:13:46.5168879Z    ✔  And the expired X.509 certificate should have not_after in the past
prepare	Reconcile predecessor no-panic pull request	2026-09-06T23:13:46.5168995Z   Scenario: not-yet-valid X.509 certificate is different from valid
prepare	Reconcile predecessor no-panic pull request	2026-09-06T23:13:46.5169148Z    ✔  Given a deterministic factory seeded with "not-yet-valid-test"
prepare	Reconcile predecessor no-panic pull request	2026-09-06T23:13:46.5169359Z    ✔  When I generate an X.509 certificate for domain "test.example.com" with label "future-check"
prepare	Reconcile predecessor no-panic pull request	2026-09-06T23:13:46.5169502Z    ✔  And I get the not-yet-valid variant of the X.509 certificate
prepare	Reconcile predecessor no-panic pull request	2026-09-06T23:13:46.5169633Z    ✔  Then the X.509 certificates should have different DER
prepare	Reconcile predecessor no-panic pull request	2026-09-06T23:13:46.5169767Z   Scenario: not-yet-valid X.509 certificate is parseable but not yet active
prepare	Reconcile predecessor no-panic pull request	2026-09-06T23:13:46.5169935Z    ✔  Given a deterministic factory seeded with "not-yet-valid-parse-test"
prepare	Reconcile predecessor no-panic pull request	2026-09-06T23:13:46.5170311Z    ✔  When I generate an X.509 certificate for domain "test.example.com" with label "future-parse"
prepare	Reconcile predecessor no-panic pull request	2026-09-06T23:13:46.5170468Z    ✔  And I get the not-yet-valid variant of the X.509 certificate
prepare	Reconcile predecessor no-panic pull request	2026-09-06T23:13:46.5170614Z    ✔  Then the not-yet-valid X.509 certificate should be parseable
prepare	Reconcile predecessor no-panic pull request	2026-09-06T23:13:46.5170788Z    ✔  And the not-yet-valid X.509 certificate should have not_before in the future
prepare	Reconcile predecessor no-panic pull request	2026-09-06T23:13:46.5170929Z   Scenario: wrong-key-usage X.509 certificate is parseable and marked as CA
prepare	Reconcile predecessor no-panic pull request	2026-09-06T23:13:46.5171081Z    ✔  Given a deterministic factory seeded with "wrong-key-usage-test"
prepare	Reconcile predecessor no-panic pull request	2026-09-06T23:13:46.5171288Z    ✔  When I generate an X.509 certificate for domain "test.example.com" with label "bad-ku"
prepare	Reconcile predecessor no-panic pull request	2026-09-06T23:13:46.5171439Z    ✔  And I get the wrong-key-usage variant of the X.509 certificate
prepare	Reconcile predecessor no-panic pull request	2026-09-06T23:13:46.5171563Z    ✔  Then the X.509 certificates should have different DER
prepare	Reconcile predecessor no-panic pull request	2026-09-06T23:13:46.5171713Z    ✔  And the wrong-key-usage X.509 certificate should be parseable
prepare	Reconcile predecessor no-panic pull request	2026-09-06T23:13:46.5171866Z    ✔  And the wrong-key-usage X.509 certificate should be marked as CA
prepare	Reconcile predecessor no-panic pull request	2026-09-06T23:13:46.5172043Z    ✔  And the wrong-key-usage X.509 certificate spec should disable keyCertSign
prepare	Reconcile predecessor no-panic pull request	2026-09-06T23:13:46.5172206Z    ✔  And the wrong-key-usage X.509 certificate label should remain "bad-ku"
prepare	Reconcile predecessor no-panic pull request	2026-09-06T23:13:46.5172293Z   Scenario: X.509 corrupted PEM with BadHeader
prepare	Reconcile predecessor no-panic pull request	2026-09-06T23:13:46.5172435Z    ✔  Given a deterministic factory seeded with "corrupt-test"
prepare	Reconcile predecessor no-panic pull request	2026-09-06T23:13:46.5172640Z    ✔  When I generate an X.509 certificate for domain "test.example.com" with label "corrupted"
prepare	Reconcile predecessor no-panic pull request	2026-09-06T23:13:46.5172781Z    ✔  And I corrupt the X.509 certificate PEM with BadHeader
prepare	Reconcile predecessor no-panic pull request	2026-09-06T23:13:46.5172956Z    ✔  Then the corrupted X.509 PEM should contain "-----BEGIN CORRUPTED KEY-----"
prepare	Reconcile predecessor no-panic pull request	2026-09-06T23:13:46.5173043Z   Scenario: X.509 truncated DER fails to parse
prepare	Reconcile predecessor no-panic pull request	2026-09-06T23:13:46.5173184Z    ✔  Given a deterministic factory seeded with "truncate-test"
prepare	Reconcile predecessor no-panic pull request	2026-09-06T23:13:46.5173437Z    ✔  When I generate an X.509 certificate for domain "test.example.com" with label "truncated"
prepare	Reconcile predecessor no-panic pull request	2026-09-06T23:13:46.5173566Z    ✔  And I truncate the X.509 certificate DER to 10 bytes
prepare	Reconcile predecessor no-panic pull request	2026-09-06T23:13:46.5173679Z    ✔  Then the truncated X.509 DER should have length 10
prepare	Reconcile predecessor no-panic pull request	2026-09-06T23:13:46.5173797Z    ✔  And the truncated X.509 DER should fail to parse
prepare	Reconcile predecessor no-panic pull request	2026-09-06T23:13:46.5173914Z   Scenario: deterministic X.509 PEM corruption with variant is stable
prepare	Reconcile predecessor no-panic pull request	2026-09-06T23:13:46.5174068Z    ✔  Given a deterministic factory seeded with "x509-det-corrupt-pem"
prepare	Reconcile predecessor no-panic pull request	2026-09-06T23:13:46.5174279Z    ✔  When I generate an X.509 certificate for domain "test.example.com" with label "x509-det-pem"
prepare	Reconcile predecessor no-panic pull request	2026-09-06T23:13:46.5174505Z    ✔  And I deterministically corrupt the X.509 certificate PEM with variant "v1"
prepare	Reconcile predecessor no-panic pull request	2026-09-06T23:13:46.5174696Z    ✔  And I deterministically corrupt the X.509 certificate PEM with variant "v1" again
prepare	Reconcile predecessor no-panic pull request	2026-09-06T23:13:46.5174828Z    ✔  Then the deterministic text artifacts should be identical
prepare	Reconcile predecessor no-panic pull request	2026-09-06T23:13:46.5174983Z    ✔  And the deterministic X.509 PEM artifact should fail to parse
prepare	Reconcile predecessor no-panic pull request	2026-09-06T23:13:46.5175108Z   Scenario: deterministic X.509 DER corruption with variant is stable
prepare	Reconcile predecessor no-panic pull request	2026-09-06T23:13:46.5175254Z    ✔  Given a deterministic factory seeded with "x509-det-corrupt-der"
prepare	Reconcile predecessor no-panic pull request	2026-09-06T23:13:46.5175460Z    ✔  When I generate an X.509 certificate for domain "test.example.com" with label "x509-det-der"
prepare	Reconcile predecessor no-panic pull request	2026-09-06T23:13:46.5175632Z    ✔  And I deterministically corrupt the X.509 certificate DER with variant "v1"
prepare	Reconcile predecessor no-panic pull request	2026-09-06T23:13:46.5175825Z    ✔  And I deterministically corrupt the X.509 certificate DER with variant "v1" again
prepare	Reconcile predecessor no-panic pull request	2026-09-06T23:13:46.5175966Z    ✔  Then the deterministic binary artifacts should be identical
prepare	Reconcile predecessor no-panic pull request	2026-09-06T23:13:46.5176113Z    ✔  And the deterministic X.509 DER artifact should fail to parse
prepare	Reconcile predecessor no-panic pull request	2026-09-06T23:13:46.5176207Z   Scenario: X.509 certificate writes to tempfile
prepare	Reconcile predecessor no-panic pull request	2026-09-06T23:13:46.5176342Z    ✔  Given a deterministic factory seeded with "tempfile-test"
prepare	Reconcile predecessor no-panic pull request	2026-09-06T23:13:46.5176554Z    ✔  When I generate an X.509 certificate for domain "test.example.com" with label "temp-cert"
prepare	Reconcile predecessor no-panic pull request	2026-09-06T23:13:46.5176674Z    ✔  And I write the X.509 certificate PEM to a tempfile
prepare	Reconcile predecessor no-panic pull request	2026-09-06T23:13:46.5176812Z    ✔  Then the X.509 tempfile path should end with ".crt.pem"
prepare	Reconcile predecessor no-panic pull request	2026-09-06T23:13:46.5176957Z    ✔  And reading the X.509 tempfile should match the certificate PEM
prepare	Reconcile predecessor no-panic pull request	2026-09-06T23:13:46.5177048Z   Scenario: X.509 private key writes to tempfile
prepare	Reconcile predecessor no-panic pull request	2026-09-06T23:13:46.5177190Z    ✔  Given a deterministic factory seeded with "tempfile-test"
prepare	Reconcile predecessor no-panic pull request	2026-09-06T23:13:46.5177386Z    ✔  When I generate an X.509 certificate for domain "test.example.com" with label "temp-key"
prepare	Reconcile predecessor no-panic pull request	2026-09-06T23:13:46.5177521Z    ✔  And I write the X.509 private key PEM to a tempfile
prepare	Reconcile predecessor no-panic pull request	2026-09-06T23:13:46.5177655Z    ✔  Then the X.509 key tempfile path should end with ".key.pem"
prepare	Reconcile predecessor no-panic pull request	2026-09-06T23:13:46.5177816Z    ✔  And reading the X.509 key tempfile should match the private key PEM
prepare	Reconcile predecessor no-panic pull request	2026-09-06T23:13:46.5177913Z   Scenario: X.509 certificate DER writes to tempfile
prepare	Reconcile predecessor no-panic pull request	2026-09-06T23:13:46.5178053Z    ✔  Given a deterministic factory seeded with "tempfile-test"
prepare	Reconcile predecessor no-panic pull request	2026-09-06T23:13:46.5178259Z    ✔  When I generate an X.509 certificate for domain "test.example.com" with label "temp-der"
prepare	Reconcile predecessor no-panic pull request	2026-09-06T23:13:46.5178377Z    ✔  And I write the X.509 certificate DER to a tempfile
prepare	Reconcile predecessor no-panic pull request	2026-09-06T23:13:46.5178519Z    ✔  Then the X.509 DER tempfile path should end with ".crt.der"
prepare	Reconcile predecessor no-panic pull request	2026-09-06T23:13:46.5178669Z    ✔  And reading the X.509 DER tempfile should match the certificate DER
prepare	Reconcile predecessor no-panic pull request	2026-09-06T23:13:46.5178760Z   Scenario: X.509 identity PEM writes to tempfile
prepare	Reconcile predecessor no-panic pull request	2026-09-06T23:13:46.5178914Z    ✔  Given a deterministic factory seeded with "tempfile-test"
prepare	Reconcile predecessor no-panic pull request	2026-09-06T23:13:46.5179112Z    ✔  When I generate an X.509 certificate for domain "test.example.com" with label "temp-chain"
prepare	Reconcile predecessor no-panic pull request	2026-09-06T23:13:46.5179234Z    ✔  And I write the X.509 identity PEM to a tempfile
prepare	Reconcile predecessor no-panic pull request	2026-09-06T23:13:46.5179382Z    ✔  Then the X.509 chain tempfile path should end with ".identity.pem"
prepare	Reconcile predecessor no-panic pull request	2026-09-06T23:13:46.5179510Z   Scenario: generate X.509 certificate chain
prepare	Reconcile predecessor no-panic pull request	2026-09-06T23:13:46.5179637Z    ✔  Given a deterministic factory seeded with "chain-test"
prepare	Reconcile predecessor no-panic pull request	2026-09-06T23:13:46.5179848Z    ✔  When I generate a certificate chain for domain "test.example.com" with label "test-chain"
prepare	Reconcile predecessor no-panic pull request	2026-09-06T23:13:46.5179993Z    ✔  Then the certificate chain should contain a leaf certificate
prepare	Reconcile predecessor no-panic pull request	2026-09-06T23:13:46.5180257Z    ✔  And the certificate chain should contain an intermediate certificate
prepare	Reconcile predecessor no-panic pull request	2026-09-06T23:13:46.5180422Z    ✔  And the certificate chain should contain a root certificate
prepare	Reconcile predecessor no-panic pull request	2026-09-06T23:13:46.5180509Z   Scenario: certificate chain is deterministic
prepare	Reconcile predecessor no-panic pull request	2026-09-06T23:13:46.5180726Z    ✔  Given a deterministic factory seeded with "chain-deterministic"
prepare	Reconcile predecessor no-panic pull request	2026-09-06T23:13:46.5180921Z    ✔  When I generate a certificate chain for domain "api.example.com" with label "chain-1"
prepare	Reconcile predecessor no-panic pull request	2026-09-06T23:13:46.5181138Z    ✔  And I generate a certificate chain for domain "api.example.com" with label "chain-1" again
prepare	Reconcile predecessor no-panic pull request	2026-09-06T23:13:46.5181287Z    ✔  Then the certificate chains should have identical DER
prepare	Reconcile predecessor no-panic pull request	2026-09-06T23:13:46.5181379Z   Scenario: X.509 certificate chain with revoked leaf
prepare	Reconcile predecessor no-panic pull request	2026-09-06T23:13:46.5181518Z    ✔  Given a deterministic factory seeded with "crl-test"
prepare	Reconcile predecessor no-panic pull request	2026-09-06T23:13:46.5181723Z    ✔  When I generate a certificate chain for domain "test.example.com" with label "revoked-chain"
prepare	Reconcile predecessor no-panic pull request	2026-09-06T23:13:46.5181867Z    ✔  And I get the revoked leaf variant of the certificate chain
prepare	Reconcile predecessor no-panic pull request	2026-09-06T23:13:46.5182001Z    ✔  Then the revoked leaf certificate should be parseable
prepare	Reconcile predecessor no-panic pull request	2026-09-06T23:13:46.5182170Z    ✔  And the revoked leaf certificate should include a CRL with revoked entries
prepare	Reconcile predecessor no-panic pull request	2026-09-06T23:13:46.5182290Z   Scenario: revoked leaf certificate is different from valid
prepare	Reconcile predecessor no-panic pull request	2026-09-06T23:13:46.5182430Z    ✔  Given a deterministic factory seeded with "revoked-diff-test"
prepare	Reconcile predecessor no-panic pull request	2026-09-06T23:13:46.5182642Z    ✔  When I generate a certificate chain for domain "test.example.com" with label "revoked-check"
prepare	Reconcile predecessor no-panic pull request	2026-09-06T23:13:46.5182772Z    ✔  And I get the revoked leaf variant of the certificate chain
prepare	Reconcile predecessor no-panic pull request	2026-09-06T23:13:46.5182963Z    ✔  Then the revoked leaf certificate should differ from the valid leaf certificate
prepare	Reconcile predecessor no-panic pull request	2026-09-06T23:13:46.5183067Z   Scenario: X.509 certificate chain with hostname mismatch
prepare	Reconcile predecessor no-panic pull request	2026-09-06T23:13:46.5183219Z    ✔  Given a deterministic factory seeded with "hostname-mismatch-test"
prepare	Reconcile predecessor no-panic pull request	2026-09-06T23:13:46.5183435Z    ✔  When I generate a certificate chain for domain "test.example.com" with label "mismatch-chain"
prepare	Reconcile predecessor no-panic pull request	2026-09-06T23:13:46.5183581Z    ✔  And I get the hostname mismatch variant with "wrong.example.com"
prepare	Reconcile predecessor no-panic pull request	2026-09-06T23:13:46.5183747Z    ✔  Then the leaf certificate should have common name "wrong.example.com"
prepare	Reconcile predecessor no-panic pull request	2026-09-06T23:13:46.5183909Z    ✔  And the leaf certificate should not contain SAN "test.example.com"
prepare	Reconcile predecessor no-panic pull request	2026-09-06T23:13:46.5184008Z   Scenario: hostname mismatch chain is different from valid
prepare	Reconcile predecessor no-panic pull request	2026-09-06T23:13:46.5184156Z    ✔  Given a deterministic factory seeded with "hostname-diff-test"
prepare	Reconcile predecessor no-panic pull request	2026-09-06T23:13:46.5184366Z    ✔  When I generate a certificate chain for domain "test.example.com" with label "hostname-check"
prepare	Reconcile predecessor no-panic pull request	2026-09-06T23:13:46.5184521Z    ✔  And I get the hostname mismatch variant with "wrong.example.com"
prepare	Reconcile predecessor no-panic pull request	2026-09-06T23:13:46.5184722Z    ✔  Then the hostname mismatch leaf certificate should differ from the valid leaf certificate
prepare	Reconcile predecessor no-panic pull request	2026-09-06T23:13:46.5184819Z   Scenario: X.509 certificate chain with expired leaf
prepare	Reconcile predecessor no-panic pull request	2026-09-06T23:13:46.5184969Z    ✔  Given a deterministic factory seeded with "expired-leaf-test"
prepare	Reconcile predecessor no-panic pull request	2026-09-06T23:13:46.5185191Z    ✔  When I generate a certificate chain for domain "test.example.com" with label "expired-leaf-chain"
prepare	Reconcile predecessor no-panic pull request	2026-09-06T23:13:46.5185341Z    ✔  And I get the expired leaf variant of the certificate chain
prepare	Reconcile predecessor no-panic pull request	2026-09-06T23:13:46.5185491Z    ✔  Then the expired leaf certificate should have not_after in the past
prepare	Reconcile predecessor no-panic pull request	2026-09-06T23:13:46.5185614Z    ✔  And the intermediate certificate should be valid
prepare	Reconcile predecessor no-panic pull request	2026-09-06T23:13:46.5185722Z   Scenario: X.509 certificate chain with expired intermediate
prepare	Reconcile predecessor no-panic pull request	2026-09-06T23:13:46.5185920Z    ✔  Given a deterministic factory seeded with "expired-int-test"
prepare	Reconcile predecessor no-panic pull request	2026-09-06T23:13:46.5186144Z    ✔  When I generate a certificate chain for domain "test.example.com" with label "expired-int-chain"
prepare	Reconcile predecessor no-panic pull request	2026-09-06T23:13:46.5186295Z    ✔  And I get the expired intermediate variant of the certificate chain
prepare	Reconcile predecessor no-panic pull request	2026-09-06T23:13:46.5186471Z    ✔  Then the expired intermediate certificate should have not_after in the past
prepare	Reconcile predecessor no-panic pull request	2026-09-06T23:13:46.5186576Z    ✔  And the leaf certificate should be valid
prepare	Reconcile predecessor no-panic pull request	2026-09-06T23:13:46.5186664Z   Scenario: X.509 certificate with multiple SANs
prepare	Reconcile predecessor no-panic pull request	2026-09-06T23:13:46.5186791Z    ✔  Given a deterministic factory seeded with "san-test"
prepare	Reconcile predecessor no-panic pull request	2026-09-06T23:13:46.5187028Z    ✔  When I generate an X.509 certificate for domain "test.example.com" with label "multi-san"
prepare	Reconcile predecessor no-panic pull request	2026-09-06T23:13:46.5187151Z    ✔  And I add SAN "localhost" to the X.509 certificate
prepare	Reconcile predecessor no-panic pull request	2026-09-06T23:13:46.5187265Z    ✔  And I add SAN "127.0.0.1" to the X.509 certificate
prepare	Reconcile predecessor no-panic pull request	2026-09-06T23:13:46.5187396Z    ✔  And I add SAN "*.example.com" to the X.509 certificate
prepare	Reconcile predecessor no-panic pull request	2026-09-06T23:13:46.5187545Z    ✔  Then the X.509 certificate should contain SAN "test.example.com"
prepare	Reconcile predecessor no-panic pull request	2026-09-06T23:13:46.5187680Z    ✔  And the X.509 certificate should contain SAN "localhost"
prepare	Reconcile predecessor no-panic pull request	2026-09-06T23:13:46.5187817Z    ✔  And the X.509 certificate should contain SAN "127.0.0.1"
prepare	Reconcile predecessor no-panic pull request	2026-09-06T23:13:46.5187951Z    ✔  And the X.509 certificate should contain SAN "*.example.com"
prepare	Reconcile predecessor no-panic pull request	2026-09-06T23:13:46.5188056Z   Scenario: X.509 certificate chain SANs are in leaf only
prepare	Reconcile predecessor no-panic pull request	2026-09-06T23:13:46.5188192Z    ✔  Given a deterministic factory seeded with "chain-san-test"
prepare	Reconcile predecessor no-panic pull request	2026-09-06T23:13:46.5188459Z    ✔  When I generate a certificate chain for domain "test.example.com" with label "san-chain"
prepare	Reconcile predecessor no-panic pull request	2026-09-06T23:13:46.5188609Z    ✔  And I add SAN "localhost" to the certificate chain
prepare	Reconcile predecessor no-panic pull request	2026-09-06T23:13:46.5188763Z    ✔  Then the leaf certificate should contain SAN "test.example.com"
prepare	Reconcile predecessor no-panic pull request	2026-09-06T23:13:46.5188897Z    ✔  And the leaf certificate should contain SAN "localhost"
prepare	Reconcile predecessor no-panic pull request	2026-09-06T23:13:46.5189049Z    ✔  And the intermediate certificate should not contain SAN "localhost"
prepare	Reconcile predecessor no-panic pull request	2026-09-06T23:13:46.5189199Z    ✔  And the root certificate should not contain SAN "localhost"
prepare	Reconcile predecessor no-panic pull request	2026-09-06T23:13:46.5189276Z Feature: X.509 negative fixture edge cases
prepare	Reconcile predecessor no-panic pull request	2026-09-06T23:13:46.5189425Z   Scenario: expired self-signed X.509 is deterministic across factory instances
prepare	Reconcile predecessor no-panic pull request	2026-09-06T23:13:46.5189581Z    ✔  Given a deterministic factory seeded with "x509-neg-expired-det"
prepare	Reconcile predecessor no-panic pull request	2026-09-06T23:13:46.5189776Z    ✔  When I generate an X.509 certificate for domain "test.example.com" with label "exp-det"
prepare	Reconcile predecessor no-panic pull request	2026-09-06T23:13:46.5189912Z    ✔  And I get the expired variant of the X.509 certificate
prepare	Reconcile predecessor no-panic pull request	2026-09-06T23:13:46.5190032Z    ✔  And I record the expired X.509 certificate DER
prepare	Reconcile predecessor no-panic pull request	2026-09-06T23:13:46.5190351Z    ✔  And I switch to a deterministic factory seeded with "x509-neg-expired-det"
prepare	Reconcile predecessor no-panic pull request	2026-09-06T23:13:46.5190564Z    ✔  And I generate an X.509 certificate for domain "test.example.com" with label "exp-det"
prepare	Reconcile predecessor no-panic pull request	2026-09-06T23:13:46.5190699Z    ✔  And I get the expired variant of the X.509 certificate
prepare	Reconcile predecessor no-panic pull request	2026-09-06T23:13:46.5190916Z    ✔  Then the expired X.509 certificate DER should match the recorded one
prepare	Reconcile predecessor no-panic pull request	2026-09-06T23:13:46.5191041Z   Scenario: not-yet-valid X.509 is deterministic across factory instances
prepare	Reconcile predecessor no-panic pull request	2026-09-06T23:13:46.5191194Z    ✔  Given a deterministic factory seeded with "x509-neg-future-det"
prepare	Reconcile predecessor no-panic pull request	2026-09-06T23:13:46.5191391Z    ✔  When I generate an X.509 certificate for domain "test.example.com" with label "fut-det"
prepare	Reconcile predecessor no-panic pull request	2026-09-06T23:13:46.5191534Z    ✔  And I get the not-yet-valid variant of the X.509 certificate
prepare	Reconcile predecessor no-panic pull request	2026-09-06T23:13:46.5191659Z    ✔  And I record the not-yet-valid X.509 certificate DER
prepare	Reconcile predecessor no-panic pull request	2026-09-06T23:13:46.5191921Z    ✔  And I switch to a deterministic factory seeded with "x509-neg-future-det"
prepare	Reconcile predecessor no-panic pull request	2026-09-06T23:13:46.5192123Z    ✔  And I generate an X.509 certificate for domain "test.example.com" with label "fut-det"
prepare	Reconcile predecessor no-panic pull request	2026-09-06T23:13:46.5192255Z    ✔  And I get the not-yet-valid variant of the X.509 certificate
prepare	Reconcile predecessor no-panic pull request	2026-09-06T23:13:46.5192428Z    ✔  Then the not-yet-valid X.509 certificate DER should match the recorded one
prepare	Reconcile predecessor no-panic pull request	2026-09-06T23:13:46.5192564Z   Scenario: wrong-key-usage X.509 is deterministic across factory instances
prepare	Reconcile predecessor no-panic pull request	2026-09-06T23:13:46.5192711Z    ✔  Given a deterministic factory seeded with "x509-neg-wku-det"
prepare	Reconcile predecessor no-panic pull request	2026-09-06T23:13:46.5192910Z    ✔  When I generate an X.509 certificate for domain "test.example.com" with label "wku-det"
prepare	Reconcile predecessor no-panic pull request	2026-09-06T23:13:46.5193055Z    ✔  And I get the wrong-key-usage variant of the X.509 certificate
prepare	Reconcile predecessor no-panic pull request	2026-09-06T23:13:46.5193187Z    ✔  And I record the wrong-key-usage X.509 certificate DER
prepare	Reconcile predecessor no-panic pull request	2026-09-06T23:13:46.5193344Z    ✔  And I switch to a deterministic factory seeded with "x509-neg-wku-det"
prepare	Reconcile predecessor no-panic pull request	2026-09-06T23:13:46.5193556Z    ✔  And I generate an X.509 certificate for domain "test.example.com" with label "wku-det"
prepare	Reconcile predecessor no-panic pull request	2026-09-06T23:13:46.5193697Z    ✔  And I get the wrong-key-usage variant of the X.509 certificate
prepare	Reconcile predecessor no-panic pull request	2026-09-06T23:13:46.5193884Z    ✔  Then the wrong-key-usage X.509 certificate DER should match the recorded one
prepare	Reconcile predecessor no-panic pull request	2026-09-06T23:13:46.5193988Z   Scenario: expired and not-yet-valid variants differ
prepare	Reconcile predecessor no-panic pull request	2026-09-06T23:13:46.5194149Z    ✔  Given a deterministic factory seeded with "x509-neg-variants-differ"
prepare	Reconcile predecessor no-panic pull request	2026-09-06T23:13:46.5194363Z    ✔  When I generate an X.509 certificate for domain "test.example.com" with label "variant-diff"
prepare	Reconcile predecessor no-panic pull request	2026-09-06T23:13:46.5194488Z    ✔  And I get the expired variant of the X.509 certificate
prepare	Reconcile predecessor no-panic pull request	2026-09-06T23:13:46.5194608Z    ✔  And I record the expired X.509 certificate DER
prepare	Reconcile predecessor no-panic pull request	2026-09-06T23:13:46.5194749Z    ✔  And I get the not-yet-valid variant of the X.509 certificate
prepare	Reconcile predecessor no-panic pull request	2026-09-06T23:13:46.5194924Z    ✔  Then the not-yet-valid X.509 certificate DER should differ from the expired one
prepare	Reconcile predecessor no-panic pull request	2026-09-06T23:13:46.5195036Z   Scenario: expired and wrong-key-usage variants differ
prepare	Reconcile predecessor no-panic pull request	2026-09-06T23:13:46.5195181Z    ✔  Given a deterministic factory seeded with "x509-neg-exp-vs-wku"
prepare	Reconcile predecessor no-panic pull request	2026-09-06T23:13:46.5195395Z    ✔  When I generate an X.509 certificate for domain "test.example.com" with label "exp-wku-diff"
prepare	Reconcile predecessor no-panic pull request	2026-09-06T23:13:46.5195517Z    ✔  And I get the expired variant of the X.509 certificate
prepare	Reconcile predecessor no-panic pull request	2026-09-06T23:13:46.5195642Z    ✔  And I record the expired X.509 certificate DER
prepare	Reconcile predecessor no-panic pull request	2026-09-06T23:13:46.5195785Z    ✔  And I get the wrong-key-usage variant of the X.509 certificate
prepare	Reconcile predecessor no-panic pull request	2026-09-06T23:13:46.5195965Z    ✔  Then the wrong-key-usage X.509 certificate DER should differ from the expired one
prepare	Reconcile predecessor no-panic pull request	2026-09-06T23:13:46.5196063Z   Scenario: unknown CA chain variant is deterministic
prepare	Reconcile predecessor no-panic pull request	2026-09-06T23:13:46.5196217Z    ✔  Given a deterministic factory seeded with "x509-neg-unknown-ca-det"
prepare	Reconcile predecessor no-panic pull request	2026-09-06T23:13:46.5196434Z    ✔  When I generate a certificate chain for domain "test.example.com" with label "unknown-det"
prepare	Reconcile predecessor no-panic pull request	2026-09-06T23:13:46.5196571Z    ✔  And I get the unknown CA variant of the certificate chain
prepare	Reconcile predecessor no-panic pull request	2026-09-06T23:13:46.5196678Z    ✔  And I record the unknown CA root DER
prepare	Reconcile predecessor no-panic pull request	2026-09-06T23:13:46.5196861Z    ✔  And I switch to a deterministic factory seeded with "x509-neg-unknown-ca-det"
prepare	Reconcile predecessor no-panic pull request	2026-09-06T23:13:46.5197061Z    ✔  And I generate a certificate chain for domain "test.example.com" with label "unknown-det"
prepare	Reconcile predecessor no-panic pull request	2026-09-06T23:13:46.5197236Z    ✔  And I get the unknown CA variant of the certificate chain
prepare	Reconcile predecessor no-panic pull request	2026-09-06T23:13:46.5197369Z    ✔  Then the unknown CA root DER should match the recorded one
prepare	Reconcile predecessor no-panic pull request	2026-09-06T23:13:46.5197471Z   Scenario: revoked leaf chain variant is deterministic
prepare	Reconcile predecessor no-panic pull request	2026-09-06T23:13:46.5197617Z    ✔  Given a deterministic factory seeded with "x509-neg-revoked-det"
prepare	Reconcile predecessor no-panic pull request	2026-09-06T23:13:46.5197815Z    ✔  When I generate a certificate chain for domain "test.example.com" with label "revoked-det"
prepare	Reconcile predecessor no-panic pull request	2026-09-06T23:13:46.5197947Z    ✔  And I get the revoked leaf variant of the certificate chain
prepare	Reconcile predecessor no-panic pull request	2026-09-06T23:13:46.5198084Z    ✔  And I record the revoked leaf DER
prepare	Reconcile predecessor no-panic pull request	2026-09-06T23:13:46.5198258Z    ✔  And I switch to a deterministic factory seeded with "x509-neg-revoked-det"
prepare	Reconcile predecessor no-panic pull request	2026-09-06T23:13:46.5198454Z    ✔  And I generate a certificate chain for domain "test.example.com" with label "revoked-det"
prepare	Reconcile predecessor no-panic pull request	2026-09-06T23:13:46.5198589Z    ✔  And I get the revoked leaf variant of the certificate chain
prepare	Reconcile predecessor no-panic pull request	2026-09-06T23:13:46.5198733Z    ✔  Then the revoked leaf DER should match the recorded one
prepare	Reconcile predecessor no-panic pull request	2026-09-06T23:13:46.5198833Z   Scenario: hostname mismatch chain variant is deterministic
prepare	Reconcile predecessor no-panic pull request	2026-09-06T23:13:46.5198987Z    ✔  Given a deterministic factory seeded with "x509-neg-hostname-det"
prepare	Reconcile predecessor no-panic pull request	2026-09-06T23:13:46.5199188Z    ✔  When I generate a certificate chain for domain "test.example.com" with label "hostname-det"
prepare	Reconcile predecessor no-panic pull request	2026-09-06T23:13:46.5199339Z    ✔  And I get the hostname mismatch variant with "wrong.example.com"
prepare	Reconcile predecessor no-panic pull request	2026-09-06T23:13:46.5199444Z    ✔  And I record the hostname mismatch leaf DER
prepare	Reconcile predecessor no-panic pull request	2026-09-06T23:13:46.5199627Z    ✔  And I switch to a deterministic factory seeded with "x509-neg-hostname-det"
prepare	Reconcile predecessor no-panic pull request	2026-09-06T23:13:46.5199831Z    ✔  And I generate a certificate chain for domain "test.example.com" with label "hostname-det"
prepare	Reconcile predecessor no-panic pull request	2026-09-06T23:13:46.5199974Z    ✔  And I get the hostname mismatch variant with "wrong.example.com"
prepare	Reconcile predecessor no-panic pull request	2026-09-06T23:13:46.5200262Z    ✔  Then the hostname mismatch leaf DER should match the recorded one
prepare	Reconcile predecessor no-panic pull request	2026-09-06T23:13:46.5200348Z [Summary]
prepare	Reconcile predecessor no-panic pull request	2026-09-06T23:13:46.5200417Z 38 features
prepare	Reconcile predecessor no-panic pull request	2026-09-06T23:13:46.5200493Z 523 scenarios (517 passed, 6 skipped)
prepare	Reconcile predecessor no-panic pull request	2026-09-06T23:13:46.5200574Z 2587 steps (2581 passed, 6 skipped)
prepare	Reconcile predecessor no-panic pull request	2026-09-06T23:13:46.5200667Z ==> bdd [ok, 203.5s]
prepare	Reconcile predecessor no-panic pull request	2026-09-06T23:13:46.5200729Z ==> mutants [skipped]
prepare	Reconcile predecessor no-panic pull request	2026-09-06T23:13:46.5200792Z ==> fuzz
prepare	Reconcile predecessor no-panic pull request	2026-09-06T23:13:46.5200856Z ==> fuzz [FAILED, 0.0s]
prepare	Reconcile predecessor no-panic pull request	2026-09-06T23:13:46.5200988Z     cargo-fuzz is not installed. Install with: cargo install cargo-fuzz
prepare	Reconcile predecessor no-panic pull request	2026-09-06T23:13:46.5201078Z 7 passed, 1 failed, 3 skipped (318.2s total)
prepare	Reconcile predecessor no-panic pull request	2026-09-06T23:13:46.5201089Z 
prepare	Reconcile predecessor no-panic pull request	2026-09-06T23:13:46.5201161Z --- Timing Breakdown ---
prepare	Reconcile predecessor no-panic pull request	2026-09-06T23:13:46.5201290Z bdd                   203.5s ██████░░░░  64%
prepare	Reconcile predecessor no-panic pull request	2026-09-06T23:13:46.5201394Z clippy                 85.8s ███░░░░░░░  27%
prepare	Reconcile predecessor no-panic pull request	2026-09-06T23:13:46.5201508Z test:uselesskey-cli    28.1s █░░░░░░░░░   9%
prepare	Reconcile predecessor no-panic pull request	2026-09-06T23:13:46.5201607Z fmt                     0.7s ░░░░░░░░░░   0%
prepare	Reconcile predecessor no-panic pull request	2026-09-06T23:13:46.5201719Z public-surface          0.1s ░░░░░░░░░░   0%
prepare	Reconcile predecessor no-panic pull request	2026-09-06T23:13:46.5201833Z fuzz                    0.0s ░░░░░░░░░░   0%
prepare	Reconcile predecessor no-panic pull request	2026-09-06T23:13:46.5201933Z spec-check              0.0s ░░░░░░░░░░   0%
prepare	Reconcile predecessor no-panic pull request	2026-09-06T23:13:46.5202044Z detect-changes          0.0s ░░░░░░░░░░   0%
prepare	Reconcile predecessor no-panic pull request	2026-09-06T23:13:46.5202145Z feature-matrix          0.0s ░░░░░░░░░░   0%
prepare	Reconcile predecessor no-panic pull request	2026-09-06T23:13:46.5202253Z dep-guard               0.0s ░░░░░░░░░░   0%
prepare	Reconcile predecessor no-panic pull request	2026-09-06T23:13:46.5202351Z mutants                 0.0s ░░░░░░░░░░   0%
prepare	Reconcile predecessor no-panic pull request	2026-09-06T23:13:46.5202436Z ---------------------------------------------
prepare	Reconcile predecessor no-panic pull request	2026-09-06T23:13:46.5202500Z total                 318.2s
prepare	Reconcile predecessor no-panic pull request	2026-09-06T23:13:46.5202643Z Error: cargo-fuzz is not installed. Install with: cargo install cargo-fuzz
prepare	Reconcile predecessor no-panic pull request	2026-09-06T23:13:46.5213761Z ##[error]Process completed with exit code 1.
