prepare	Reconcile surviving predecessor source PR	﻿2026-09-06T23:17:09.6875583Z ##[group]Run set -euo pipefail
prepare	Reconcile surviving predecessor source PR	2026-09-06T23:17:09.6876516Z ^[[36;1mset -euo pipefail^[[0m
prepare	Reconcile surviving predecessor source PR	2026-09-06T23:17:09.6876967Z ^[[36;1mmapfile -t prs < <(^[[0m
prepare	Reconcile surviving predecessor source PR	2026-09-06T23:17:09.6877576Z ^[[36;1m  gh pr list --repo "$REPO" --state open --base main --limit 100 \^[[0m
prepare	Reconcile surviving predecessor source PR	2026-09-06T23:17:09.6878294Z ^[[36;1m    --json number,headRefName \^[[0m
prepare	Reconcile surviving predecessor source PR	2026-09-06T23:17:09.6879512Z ^[[36;1m    --jq '.[] | select(.headRefName == "test/no-panic-next-integration-test" or .headRefName == "test/no-panic-next-integration-test-v2") | .number'^[[0m
prepare	Reconcile surviving predecessor source PR	2026-09-06T23:17:09.6880508Z ^[[36;1m)^[[0m
prepare	Reconcile surviving predecessor source PR	2026-09-06T23:17:09.6880727Z ^[[36;1mif [ "${#prs[@]}" -gt 1 ]; then^[[0m
prepare	Reconcile surviving predecessor source PR	2026-09-06T23:17:09.6881166Z ^[[36;1m  echo "multiple predecessor source PRs require explicit ordering: ${prs[*]}" >&2^[[0m
prepare	Reconcile surviving predecessor source PR	2026-09-06T23:17:09.6881597Z ^[[36;1m  exit 1^[[0m
prepare	Reconcile surviving predecessor source PR	2026-09-06T23:17:09.6881794Z ^[[36;1mfi^[[0m
prepare	Reconcile surviving predecessor source PR	2026-09-06T23:17:09.6881999Z ^[[36;1mif [ "${#prs[@]}" -eq 0 ]; then^[[0m
prepare	Reconcile surviving predecessor source PR	2026-09-06T23:17:09.6882290Z ^[[36;1m  exit 0^[[0m
prepare	Reconcile surviving predecessor source PR	2026-09-06T23:17:09.6882483Z ^[[36;1mfi^[[0m
prepare	Reconcile surviving predecessor source PR	2026-09-06T23:17:09.6882703Z ^[[36;1m^[[0m
prepare	Reconcile surviving predecessor source PR	2026-09-06T23:17:09.6882888Z ^[[36;1mpr="${prs[0]}"^[[0m
prepare	Reconcile surviving predecessor source PR	2026-09-06T23:17:09.6883261Z ^[[36;1mhead_sha="$(gh pr view "$pr" --repo "$REPO" --json headRefOid --jq .headRefOid)"^[[0m
prepare	Reconcile surviving predecessor source PR	2026-09-06T23:17:09.6883682Z ^[[36;1mgit fetch origin main^[[0m
prepare	Reconcile surviving predecessor source PR	2026-09-06T23:17:09.6884051Z ^[[36;1mgit fetch origin "pull/$pr/head:refs/remotes/origin/predecessor-$pr"^[[0m
prepare	Reconcile surviving predecessor source PR	2026-09-06T23:17:09.6884463Z ^[[36;1mgit checkout --detach "$head_sha"^[[0m
prepare	Reconcile surviving predecessor source PR	2026-09-06T23:17:09.6884867Z ^[[36;1mmapfile -t files < <(git diff --name-only origin/main...HEAD | sort)^[[0m
prepare	Reconcile surviving predecessor source PR	2026-09-06T23:17:09.6885254Z ^[[36;1mtest "${#files[@]}" -eq 2^[[0m
prepare	Reconcile surviving predecessor source PR	2026-09-06T23:17:09.6885579Z ^[[36;1mtest "${files[1]}" = "policy/no-panic-baseline.toml"^[[0m
prepare	Reconcile surviving predecessor source PR	2026-09-06T23:17:09.6886344Z ^[[36;1mpath="${files[0]}"^[[0m
prepare	Reconcile surviving predecessor source PR	2026-09-06T23:17:09.6886812Z ^[[36;1mcase "$path" in crates/*/tests/*.rs) ;; *) echo "unexpected predecessor path: $path" >&2; exit 1 ;; esac^[[0m
prepare	Reconcile surviving predecessor source PR	2026-09-06T23:17:09.6887323Z ^[[36;1mcrate_dir="${path%%/tests/*}"^[[0m
prepare	Reconcile surviving predecessor source PR	2026-09-06T23:17:09.6887824Z ^[[36;1mpackage="$(python /tmp/no_panic_integration_campaign.py package --manifest "$crate_dir/Cargo.toml")"^[[0m
prepare	Reconcile surviving predecessor source PR	2026-09-06T23:17:09.6888359Z ^[[36;1mtest_target="$(basename "$path" .rs)"^[[0m
prepare	Reconcile surviving predecessor source PR	2026-09-06T23:17:09.6888644Z ^[[36;1m^[[0m
prepare	Reconcile surviving predecessor source PR	2026-09-06T23:17:09.6889184Z ^[[36;1mpython /tmp/no_panic_integration_campaign.py check-baseline --before-ref origin/main --path "$path" > /tmp/predecessor-baseline.json^[[0m
prepare	Reconcile surviving predecessor source PR	2026-09-06T23:17:09.6889816Z ^[[36;1mcargo fmt --all -- --check^[[0m
prepare	Reconcile surviving predecessor source PR	2026-09-06T23:17:09.6890173Z ^[[36;1mcargo test -p "$package" --test "$test_target" --all-features^[[0m
prepare	Reconcile surviving predecessor source PR	2026-09-06T23:17:09.6890681Z ^[[36;1mcargo clippy -p "$package" --test "$test_target" --all-features -- -D warnings^[[0m
prepare	Reconcile surviving predecessor source PR	2026-09-06T23:17:09.6891132Z ^[[36;1mcargo xtask check-no-panic-family^[[0m
prepare	Reconcile surviving predecessor source PR	2026-09-06T23:17:09.6891424Z ^[[36;1mcargo xtask pr^[[0m
prepare	Reconcile surviving predecessor source PR	2026-09-06T23:17:09.6891679Z ^[[36;1mgit diff --check origin/main...HEAD^[[0m
prepare	Reconcile surviving predecessor source PR	2026-09-06T23:17:09.6892148Z ^[[36;1mtest "$(gh pr view "$pr" --repo "$REPO" --json headRefOid --jq .headRefOid)" = "$head_sha"^[[0m
prepare	Reconcile surviving predecessor source PR	2026-09-06T23:17:09.6892699Z ^[[36;1mremoved="$(jq -r .removed /tmp/predecessor-baseline.json)"^[[0m
prepare	Reconcile surviving predecessor source PR	2026-09-06T23:17:09.6893181Z ^[[36;1mgh pr merge "$pr" --repo "$REPO" --squash --match-head-commit "$head_sha" \^[[0m
prepare	Reconcile surviving predecessor source PR	2026-09-06T23:17:09.6893708Z ^[[36;1m  --subject "test: remove historical panic debt from $test_target (#$pr)" \^[[0m
prepare	Reconcile surviving predecessor source PR	2026-09-06T23:17:09.6894836Z ^[[36;1m  --body "Fixed-controller reconciliation: remove $removed historical panic-family slots from $path. Exact-head focused tests, Clippy, semantic policy checks, the full PR gate, and diff hygiene passed; no baseline identity was added or increased."^[[0m
prepare	Reconcile surviving predecessor source PR	2026-09-06T23:17:09.6896225Z ^[[36;1mfor _ in $(seq 1 120); do^[[0m
prepare	Reconcile surviving predecessor source PR	2026-09-06T23:17:09.6896738Z ^[[36;1m  merged="$(gh pr view "$pr" --repo "$REPO" --json mergedAt --jq 'if .mergedAt == null then "false" else "true" end')"^[[0m
prepare	Reconcile surviving predecessor source PR	2026-09-06T23:17:09.6897273Z ^[[36;1m  [ "$merged" = "true" ] && exit 0^[[0m
prepare	Reconcile surviving predecessor source PR	2026-09-06T23:17:09.6897786Z ^[[36;1m  sleep 5^[[0m
prepare	Reconcile surviving predecessor source PR	2026-09-06T23:17:09.6897986Z ^[[36;1mdone^[[0m
prepare	Reconcile surviving predecessor source PR	2026-09-06T23:17:09.6898428Z ^[[36;1mecho "predecessor PR #$pr did not reach merged state" >&2^[[0m
prepare	Reconcile surviving predecessor source PR	2026-09-06T23:17:09.6898771Z ^[[36;1mexit 1^[[0m
prepare	Reconcile surviving predecessor source PR	2026-09-06T23:17:09.6933328Z shell: /usr/bin/bash --noprofile --norc -e -o pipefail {0}
prepare	Reconcile surviving predecessor source PR	2026-09-06T23:17:09.6933674Z env:
prepare	Reconcile surviving predecessor source PR	2026-09-06T23:17:09.6936712Z   GH_TOKEN: ***
prepare	Reconcile surviving predecessor source PR	2026-09-06T23:17:09.6936954Z   REPO: EffortlessMetrics/uselesskey
prepare	Reconcile surviving predecessor source PR	2026-09-06T23:17:09.6937256Z   CANDIDATE_BRANCH: test/no-panic-fixed-1
prepare	Reconcile surviving predecessor source PR	2026-09-06T23:17:09.6937548Z   CARGO_HOME: /home/runner/.cargo
prepare	Reconcile surviving predecessor source PR	2026-09-06T23:17:09.6937799Z   CARGO_INCREMENTAL: 0
prepare	Reconcile surviving predecessor source PR	2026-09-06T23:17:09.6938019Z   CARGO_TERM_COLOR: always
prepare	Reconcile surviving predecessor source PR	2026-09-06T23:17:09.6938250Z   CACHE_ON_FAILURE: false
prepare	Reconcile surviving predecessor source PR	2026-09-06T23:17:09.6938474Z ##[endgroup]
prepare	Reconcile surviving predecessor source PR	2026-09-06T23:17:10.4706777Z From https://github.com/EffortlessMetrics/uselesskey
prepare	Reconcile surviving predecessor source PR	2026-09-06T23:17:10.4707316Z  * branch            main       -> FETCH_HEAD
prepare	Reconcile surviving predecessor source PR	2026-09-06T23:17:10.8497048Z From https://github.com/EffortlessMetrics/uselesskey
prepare	Reconcile surviving predecessor source PR	2026-09-06T23:17:10.8497784Z  * [new ref]         refs/pull/895/head -> origin/predecessor-895
prepare	Reconcile surviving predecessor source PR	2026-09-06T23:17:10.8986736Z HEAD is now at b78fb0c test: remove historical panic debt from export_targets
prepare	Reconcile surviving predecessor source PR	2026-09-06T23:17:12.3235720Z ^[[1m^[[92m    Updating^[[0m crates.io index
prepare	Reconcile surviving predecessor source PR	2026-09-06T23:17:14.1140999Z ^[[1m^[[92m Downloading^[[0m crates ...
prepare	Reconcile surviving predecessor source PR	2026-09-06T23:17:14.2263978Z ^[[1m^[[92m  Downloaded^[[0m anstyle v1.0.14
prepare	Reconcile surviving predecessor source PR	2026-09-06T23:17:14.2301704Z ^[[1m^[[92m  Downloaded^[[0m asn1-rs-derive v0.6.0
prepare	Reconcile surviving predecessor source PR	2026-09-06T23:17:14.2318878Z ^[[1m^[[92m  Downloaded^[[0m normalize-line-endings v0.3.0
prepare	Reconcile surviving predecessor source PR	2026-09-06T23:17:14.2332782Z ^[[1m^[[92m  Downloaded^[[0m num-iter v0.1.45
prepare	Reconcile surviving predecessor source PR	2026-09-06T23:17:14.2348296Z ^[[1m^[[92m  Downloaded^[[0m once_cell v1.21.4
prepare	Reconcile surviving predecessor source PR	2026-09-06T23:17:14.2397839Z ^[[1m^[[92m  Downloaded^[[0m memchr v2.8.0
prepare	Reconcile surviving predecessor source PR	2026-09-06T23:17:14.2450758Z ^[[1m^[[92m  Downloaded^[[0m pkcs1 v0.8.0-rc.4
prepare	Reconcile surviving predecessor source PR	2026-09-06T23:17:14.2484053Z ^[[1m^[[92m  Downloaded^[[0m pem-rfc7468 v1.0.0
prepare	Reconcile surviving predecessor source PR	2026-09-06T23:17:14.2513848Z ^[[1m^[[92m  Downloaded^[[0m aho-corasick v1.1.4
prepare	Reconcile surviving predecessor source PR	2026-09-06T23:17:14.2575581Z ^[[1m^[[92m  Downloaded^[[0m pkcs8 v0.11.0-rc.11
prepare	Reconcile surviving predecessor source PR	2026-09-06T23:17:14.2616369Z ^[[1m^[[92m  Downloaded^[[0m pest_generator v2.8.6
prepare	Reconcile surviving predecessor source PR	2026-09-06T23:17:14.2641530Z ^[[1m^[[92m  Downloaded^[[0m pest_meta v2.8.6
prepare	Reconcile surviving predecessor source PR	2026-09-06T23:17:14.2675963Z ^[[1m^[[92m  Downloaded^[[0m rand_core v0.6.4
prepare	Reconcile surviving predecessor source PR	2026-09-06T23:17:14.2700239Z ^[[1m^[[92m  Downloaded^[[0m version_check v0.9.5
prepare	Reconcile surviving predecessor source PR	2026-09-06T23:17:14.2724849Z ^[[1m^[[92m  Downloaded^[[0m subtle v2.6.1
prepare	Reconcile surviving predecessor source PR	2026-09-06T23:17:14.2748338Z ^[[1m^[[92m  Downloaded^[[0m shlex v1.3.0
prepare	Reconcile surviving predecessor source PR	2026-09-06T23:17:14.2771510Z ^[[1m^[[92m  Downloaded^[[0m strsim v0.11.1
prepare	Reconcile surviving predecessor source PR	2026-09-06T23:17:14.2794293Z ^[[1m^[[92m  Downloaded^[[0m hashbrown v0.14.5
prepare	Reconcile surviving predecessor source PR	2026-09-06T23:17:14.2855316Z ^[[1m^[[92m  Downloaded^[[0m serde_spanned v1.1.0
prepare	Reconcile surviving predecessor source PR	2026-09-06T23:17:14.2874825Z ^[[1m^[[92m  Downloaded^[[0m heck v0.5.0
prepare	Reconcile surviving predecessor source PR	2026-09-06T23:17:14.2898688Z ^[[1m^[[92m  Downloaded^[[0m signature v3.0.0
prepare	Reconcile surviving predecessor source PR	2026-09-06T23:17:14.2921741Z ^[[1m^[[92m  Downloaded^[[0m time-core v0.1.9
prepare	Reconcile surviving predecessor source PR	2026-09-06T23:17:14.2944166Z ^[[1m^[[92m  Downloaded^[[0m untrusted v0.9.0
prepare	Reconcile surviving predecessor source PR	2026-09-06T23:17:14.2970935Z ^[[1m^[[92m  Downloaded^[[0m thiserror-impl v2.0.18
prepare	Reconcile surviving predecessor source PR	2026-09-06T23:17:14.2992417Z ^[[1m^[[92m  Downloaded^[[0m termtree v0.5.1
prepare	Reconcile surviving predecessor source PR	2026-09-06T23:17:14.3011502Z ^[[1m^[[92m  Downloaded^[[0m rusticata-macros v4.1.0
prepare	Reconcile surviving predecessor source PR	2026-09-06T23:17:14.3034724Z ^[[1m^[[92m  Downloaded^[[0m sha2 v0.10.9
prepare	Reconcile surviving predecessor source PR	2026-09-06T23:17:14.3068974Z ^[[1m^[[92m  Downloaded^[[0m toml_writer v1.1.0+spec-1.1.0
prepare	Reconcile surviving predecessor source PR	2026-09-06T23:17:14.3090182Z ^[[1m^[[92m  Downloaded^[[0m serdect v0.4.2
prepare	Reconcile surviving predecessor source PR	2026-09-06T23:17:14.3115460Z ^[[1m^[[92m  Downloaded^[[0m spki v0.8.0-rc.4
prepare	Reconcile surviving predecessor source PR	2026-09-06T23:17:14.3141647Z ^[[1m^[[92m  Downloaded^[[0m utf8parse v0.2.2
prepare	Reconcile surviving predecessor source PR	2026-09-06T23:17:14.3155871Z ^[[1m^[[92m  Downloaded^[[0m spki v0.7.3
prepare	Reconcile surviving predecessor source PR	2026-09-06T23:17:14.3184382Z ^[[1m^[[92m  Downloaded^[[0m zeroize v1.8.2
prepare	Reconcile surviving predecessor source PR	2026-09-06T23:17:14.3204900Z ^[[1m^[[92m  Downloaded^[[0m zmij v1.0.21
prepare	Reconcile surviving predecessor source PR	2026-09-06T23:17:14.3233401Z ^[[1m^[[92m  Downloaded^[[0m rand v0.8.5
prepare	Reconcile surviving predecessor source PR	2026-09-06T23:17:14.3277604Z ^[[1m^[[92m  Downloaded^[[0m yasna v0.6.0
prepare	Reconcile surviving predecessor source PR	2026-09-06T23:17:14.3305961Z ^[[1m^[[92m  Downloaded^[[0m toml_parser v1.1.0+spec-1.1.0
prepare	Reconcile surviving predecessor source PR	2026-09-06T23:17:14.3336206Z ^[[1m^[[92m  Downloaded^[[0m rand_core v0.10.1
prepare	Reconcile surviving predecessor source PR	2026-09-06T23:17:14.3359493Z ^[[1m^[[92m  Downloaded^[[0m bstr v1.12.1
prepare	Reconcile surviving predecessor source PR	2026-09-06T23:17:14.3443431Z ^[[1m^[[92m  Downloaded^[[0m sha2 v0.11.0
prepare	Reconcile surviving predecessor source PR	2026-09-06T23:17:14.3488657Z ^[[1m^[[92m  Downloaded^[[0m unicode-ident v1.0.24
prepare	Reconcile surviving predecessor source PR	2026-09-06T23:17:14.3524307Z ^[[1m^[[92m  Downloaded^[[0m toml v1.1.0+spec-1.1.0
prepare	Reconcile surviving predecessor source PR	2026-09-06T23:17:14.3570201Z ^[[1m^[[92m  Downloaded^[[0m ucd-trie v0.1.7
prepare	Reconcile surviving predecessor source PR	2026-09-06T23:17:14.3592564Z ^[[1m^[[92m  Downloaded^[[0m rsa v0.9.10
prepare	Reconcile surviving predecessor source PR	2026-09-06T23:17:14.3650743Z ^[[1m^[[92m  Downloaded^[[0m serde v1.0.228
prepare	Reconcile surviving predecessor source PR	2026-09-06T23:17:14.3690342Z ^[[1m^[[92m  Downloaded^[[0m rsa v0.10.0-rc.17
prepare	Reconcile surviving predecessor source PR	2026-09-06T23:17:14.3755567Z ^[[1m^[[92m  Downloaded^[[0m x509-parser v0.18.1
prepare	Reconcile surviving predecessor source PR	2026-09-06T23:17:14.3817867Z ^[[1m^[[92m  Downloaded^[[0m crypto-primes v0.7.0
prepare	Reconcile surviving predecessor source PR	2026-09-06T23:17:14.3865820Z ^[[1m^[[92m  Downloaded^[[0m rand v0.10.1
prepare	Reconcile surviving predecessor source PR	2026-09-06T23:17:14.3909266Z ^[[1m^[[92m  Downloaded^[[0m serde_json v1.0.151
prepare	Reconcile surviving predecessor source PR	2026-09-06T23:17:14.3988180Z ^[[1m^[[92m  Downloaded^[[0m p384 v0.14.0-rc.8
prepare	Reconcile surviving predecessor source PR	2026-09-06T23:17:14.4018974Z ^[[1m^[[92m  Downloaded^[[0m regex v1.13.1
prepare	Reconcile surviving predecessor source PR	2026-09-06T23:17:14.4076606Z ^[[1m^[[92m  Downloaded^[[0m crypto-common v0.2.1
prepare	Reconcile surviving predecessor source PR	2026-09-06T23:17:14.4089672Z ^[[1m^[[92m  Downloaded^[[0m typenum v1.19.0
prepare	Reconcile surviving predecessor source PR	2026-09-06T23:17:14.4120854Z ^[[1m^[[92m  Downloaded^[[0m winnow v1.0.1
prepare	Reconcile surviving predecessor source PR	2026-09-06T23:17:14.4222975Z ^[[1m^[[92m  Downloaded^[[0m spin v0.9.8
prepare	Reconcile surviving predecessor source PR	2026-09-06T23:17:14.4252615Z ^[[1m^[[92m  Downloaded^[[0m similar v2.7.0
prepare	Reconcile surviving predecessor source PR	2026-09-06T23:17:14.4312942Z ^[[1m^[[92m  Downloaded^[[0m serde_core v1.0.228
prepare	Reconcile surviving predecessor source PR	2026-09-06T23:17:14.4345851Z ^[[1m^[[92m  Downloaded^[[0m rustls-pki-types v1.14.1
prepare	Reconcile surviving predecessor source PR	2026-09-06T23:17:14.4375256Z ^[[1m^[[92m  Downloaded^[[0m proc-macro2 v1.0.106
prepare	Reconcile surviving predecessor source PR	2026-09-06T23:17:14.4414861Z ^[[1m^[[92m  Downloaded^[[0m zerocopy v0.8.48
prepare	Reconcile surviving predecessor source PR	2026-09-06T23:17:14.4649681Z ^[[1m^[[92m  Downloaded^[[0m syn v2.0.117
prepare	Reconcile surviving predecessor source PR	2026-09-06T23:17:14.4758700Z ^[[1m^[[92m  Downloaded^[[0m time v0.3.55
prepare	Reconcile surviving predecessor source PR	2026-09-06T23:17:14.4908703Z ^[[1m^[[92m  Downloaded^[[0m rcgen v0.14.8
prepare	Reconcile surviving predecessor source PR	2026-09-06T23:17:14.4937236Z ^[[1m^[[92m  Downloaded^[[0m clap_builder v4.6.0
prepare	Reconcile surviving predecessor source PR	2026-09-06T23:17:14.5008889Z ^[[1m^[[92m  Downloaded^[[0m deranged v0.5.8
prepare	Reconcile surviving predecessor source PR	2026-09-06T23:17:14.5024736Z ^[[1m^[[92m  Downloaded^[[0m crossbeam-utils v0.8.21
prepare	Reconcile surviving predecessor source PR	2026-09-06T23:17:14.5054320Z ^[[1m^[[92m  Downloaded^[[0m console v0.16.3
prepare	Reconcile surviving predecessor source PR	2026-09-06T23:17:14.5074546Z ^[[1m^[[92m  Downloaded^[[0m regex-syntax v0.8.11
prepare	Reconcile surviving predecessor source PR	2026-09-06T23:17:14.5143854Z ^[[1m^[[92m  Downloaded^[[0m rustix v1.1.4
prepare	Reconcile surviving predecessor source PR	2026-09-06T23:17:14.5422869Z ^[[1m^[[92m  Downloaded^[[0m nom v7.1.3
prepare	Reconcile surviving predecessor source PR	2026-09-06T23:17:14.5474775Z ^[[1m^[[92m  Downloaded^[[0m smallvec v1.15.1
prepare	Reconcile surviving predecessor source PR	2026-09-06T23:17:14.5498278Z ^[[1m^[[92m  Downloaded^[[0m clap_lex v1.1.0
prepare	Reconcile surviving predecessor source PR	2026-09-06T23:17:14.5510367Z ^[[1m^[[92m  Downloaded^[[0m tempfile v3.27.0
prepare	Reconcile surviving predecessor source PR	2026-09-06T23:17:14.5538052Z ^[[1m^[[92m  Downloaded^[[0m rustcrypto-ff v0.14.0-rc.0
prepare	Reconcile surviving predecessor source PR	2026-09-06T23:17:14.5555059Z ^[[1m^[[92m  Downloaded^[[0m generic-array v0.14.7
prepare	Reconcile surviving predecessor source PR	2026-09-06T23:17:14.5571006Z ^[[1m^[[92m  Downloaded^[[0m errno v0.3.14
prepare	Reconcile surviving predecessor source PR	2026-09-06T23:17:14.5589616Z ^[[1m^[[92m  Downloaded^[[0m base16ct v1.0.0
prepare	Reconcile surviving predecessor source PR	2026-09-06T23:17:14.5604828Z ^[[1m^[[92m  Downloaded^[[0m regex-automata v0.4.18
prepare	Reconcile surviving predecessor source PR	2026-09-06T23:17:14.5748077Z ^[[1m^[[92m  Downloaded^[[0m num-integer v0.1.46
prepare	Reconcile surviving predecessor source PR	2026-09-06T23:17:14.5765546Z ^[[1m^[[92m  Downloaded^[[0m ecdsa v0.17.0-rc.16
prepare	Reconcile surviving predecessor source PR	2026-09-06T23:17:14.5786265Z ^[[1m^[[92m  Downloaded^[[0m curve25519-dalek v4.1.3
prepare	Reconcile surviving predecessor source PR	2026-09-06T23:17:14.5869228Z ^[[1m^[[92m  Downloaded^[[0m time-macros v0.2.32
prepare	Reconcile surviving predecessor source PR	2026-09-06T23:17:14.5895633Z ^[[1m^[[92m  Downloaded^[[0m spin v0.12.3
prepare	Reconcile surviving predecessor source PR	2026-09-06T23:17:14.5919698Z ^[[1m^[[92m  Downloaded^[[0m predicates v3.1.4
prepare	Reconcile surviving predecessor source PR	2026-09-06T23:17:14.5947390Z ^[[1m^[[92m  Downloaded^[[0m linux-raw-sys v0.12.1
prepare	Reconcile surviving predecessor source PR	2026-09-06T23:17:14.6570412Z ^[[1m^[[92m  Downloaded^[[0m crypto-bigint v0.7.3
prepare	Reconcile surviving predecessor source PR	2026-09-06T23:17:14.6740294Z ^[[1m^[[92m  Downloaded^[[0m wait-timeout v0.2.1
prepare	Reconcile surviving predecessor source PR	2026-09-06T23:17:14.6756030Z ^[[1m^[[92m  Downloaded^[[0m toml_datetime v1.1.0+spec-1.1.0
prepare	Reconcile surviving predecessor source PR	2026-09-06T23:17:14.6769422Z ^[[1m^[[92m  Downloaded^[[0m thiserror v2.0.18
prepare	Reconcile surviving predecessor source PR	2026-09-06T23:17:14.6835969Z ^[[1m^[[92m  Downloaded^[[0m insta v1.48.0
prepare	Reconcile surviving predecessor source PR	2026-09-06T23:17:14.6937651Z ^[[1m^[[92m  Downloaded^[[0m serde_derive v1.0.228
prepare	Reconcile surviving predecessor source PR	2026-09-06T23:17:14.6968964Z ^[[1m^[[92m  Downloaded^[[0m quote v1.0.45
prepare	Reconcile surviving predecessor source PR	2026-09-06T23:17:14.6996594Z ^[[1m^[[92m  Downloaded^[[0m num-bigint-dig v0.8.6
prepare	Reconcile surviving predecessor source PR	2026-09-06T23:17:14.7043723Z ^[[1m^[[92m  Downloaded^[[0m libc v0.2.183
prepare	Reconcile surviving predecessor source PR	2026-09-06T23:17:14.7443363Z ^[[1m^[[92m  Downloaded^[[0m data-encoding v2.10.0
prepare	Reconcile surviving predecessor source PR	2026-09-06T23:17:14.7453116Z ^[[1m^[[92m  Downloaded^[[0m primefield v0.14.0-rc.8
prepare	Reconcile surviving predecessor source PR	2026-09-06T23:17:14.7468583Z ^[[1m^[[92m  Downloaded^[[0m indexmap v2.13.0
prepare	Reconcile surviving predecessor source PR	2026-09-06T23:17:14.7511559Z ^[[1m^[[92m  Downloaded^[[0m minimal-lexical v0.2.1
prepare	Reconcile surviving predecessor source PR	2026-09-06T23:17:14.7558860Z ^[[1m^[[92m  Downloaded^[[0m clap v4.6.1
prepare	Reconcile surviving predecessor source PR	2026-09-06T23:17:14.7655044Z ^[[1m^[[92m  Downloaded^[[0m cc v1.2.58
prepare	Reconcile surviving predecessor source PR	2026-09-06T23:17:14.7684815Z ^[[1m^[[92m  Downloaded^[[0m blake3 v1.8.5
prepare	Reconcile surviving predecessor source PR	2026-09-06T23:17:14.7766059Z ^[[1m^[[92m  Downloaded^[[0m rustcrypto-group v0.14.0-rc.0
prepare	Reconcile surviving predecessor source PR	2026-09-06T23:17:14.7782701Z ^[[1m^[[92m  Downloaded^[[0m rand_chacha v0.3.1
prepare	Reconcile surviving predecessor source PR	2026-09-06T23:17:14.7794194Z ^[[1m^[[92m  Downloaded^[[0m num-bigint v0.4.6
prepare	Reconcile surviving predecessor source PR	2026-09-06T23:17:14.7841410Z ^[[1m^[[92m  Downloaded^[[0m getrandom v0.4.2
prepare	Reconcile surviving predecessor source PR	2026-09-06T23:17:14.7879610Z ^[[1m^[[92m  Downloaded^[[0m const-oid v0.10.2
prepare	Reconcile surviving predecessor source PR	2026-09-06T23:17:14.7904663Z ^[[1m^[[92m  Downloaded^[[0m assert_cmd v2.2.2
prepare	Reconcile surviving predecessor source PR	2026-09-06T23:17:14.7924586Z ^[[1m^[[92m  Downloaded^[[0m sec1 v0.8.0
prepare	Reconcile surviving predecessor source PR	2026-09-06T23:17:14.7942970Z ^[[1m^[[92m  Downloaded^[[0m rand_chacha v0.10.0
prepare	Reconcile surviving predecessor source PR	2026-09-06T23:17:14.7955056Z ^[[1m^[[92m  Downloaded^[[0m num-traits v0.2.19
prepare	Reconcile surviving predecessor source PR	2026-09-06T23:17:14.7981550Z ^[[1m^[[92m  Downloaded^[[0m libm v0.2.16
prepare	Reconcile surviving predecessor source PR	2026-09-06T23:17:14.8092508Z ^[[1m^[[92m  Downloaded^[[0m clap_derive v4.6.1
prepare	Reconcile surviving predecessor source PR	2026-09-06T23:17:14.8115484Z ^[[1m^[[92m  Downloaded^[[0m bit-vec v0.9.1
prepare	Reconcile surviving predecessor source PR	2026-09-06T23:17:14.8132080Z ^[[1m^[[92m  Downloaded^[[0m semver v1.0.27
prepare	Reconcile surviving predecessor source PR	2026-09-06T23:17:14.8165112Z ^[[1m^[[92m  Downloaded^[[0m primeorder v0.14.0-rc.8
prepare	Reconcile surviving predecessor source PR	2026-09-06T23:17:14.8178924Z ^[[1m^[[92m  Downloaded^[[0m ppv-lite86 v0.2.21
prepare	Reconcile surviving predecessor source PR	2026-09-06T23:17:14.8192007Z ^[[1m^[[92m  Downloaded^[[0m bitflags v2.11.0
prepare	Reconcile surviving predecessor source PR	2026-09-06T23:17:14.8235956Z ^[[1m^[[92m  Downloaded^[[0m oid-registry v0.8.1
prepare	Reconcile surviving predecessor source PR	2026-09-06T23:17:14.8249420Z ^[[1m^[[92m  Downloaded^[[0m lock_api v0.4.14
prepare	Reconcile surviving predecessor source PR	2026-09-06T23:17:14.8262277Z ^[[1m^[[92m  Downloaded^[[0m base64 v0.22.1
prepare	Reconcile surviving predecessor source PR	2026-09-06T23:17:14.8301415Z ^[[1m^[[92m  Downloaded^[[0m p256 v0.14.0-rc.8
prepare	Reconcile surviving predecessor source PR	2026-09-06T23:17:14.8336963Z ^[[1m^[[92m  Downloaded^[[0m cmov v0.5.2
prepare	Reconcile surviving predecessor source PR	2026-09-06T23:17:14.8353844Z ^[[1m^[[92m  Downloaded^[[0m signature v2.2.0
prepare	Reconcile surviving predecessor source PR	2026-09-06T23:17:14.8368633Z ^[[1m^[[92m  Downloaded^[[0m pem v3.0.6
prepare	Reconcile surviving predecessor source PR	2026-09-06T23:17:14.8383180Z ^[[1m^[[92m  Downloaded^[[0m float-cmp v0.10.0
prepare	Reconcile surviving predecessor source PR	2026-09-06T23:17:14.8395062Z ^[[1m^[[92m  Downloaded^[[0m synstructure v0.13.2
prepare	Reconcile surviving predecessor source PR	2026-09-06T23:17:14.8405768Z ^[[1m^[[92m  Downloaded^[[0m curve25519-dalek-derive v0.1.1
prepare	Reconcile surviving predecessor source PR	2026-09-06T23:17:14.8416052Z ^[[1m^[[92m  Downloaded^[[0m der v0.7.10
prepare	Reconcile surviving predecessor source PR	2026-09-06T23:17:14.8470106Z ^[[1m^[[92m  Downloaded^[[0m itoa v1.0.18
prepare	Reconcile surviving predecessor source PR	2026-09-06T23:17:14.8484500Z ^[[1m^[[92m  Downloaded^[[0m is_terminal_polyfill v1.70.2
prepare	Reconcile surviving predecessor source PR	2026-09-06T23:17:14.8493989Z ^[[1m^[[92m  Downloaded^[[0m elliptic-curve v0.14.0-rc.29
prepare	Reconcile surviving predecessor source PR	2026-09-06T23:17:14.8525867Z ^[[1m^[[92m  Downloaded^[[0m cpubits v0.1.0
prepare	Reconcile surviving predecessor source PR	2026-09-06T23:17:14.8534997Z ^[[1m^[[92m  Downloaded^[[0m cfg-if v1.0.4
prepare	Reconcile surviving predecessor source PR	2026-09-06T23:17:14.8548068Z ^[[1m^[[92m  Downloaded^[[0m ring v0.17.14
prepare	Reconcile surviving predecessor source PR	2026-09-06T23:17:14.8966852Z ^[[1m^[[92m  Downloaded^[[0m hmac v0.13.0
prepare	Reconcile surviving predecessor source PR	2026-09-06T23:17:14.8987399Z ^[[1m^[[92m  Downloaded^[[0m fiat-crypto v0.3.0
prepare	Reconcile surviving predecessor source PR	2026-09-06T23:17:14.9094842Z ^[[1m^[[92m  Downloaded^[[0m constant_time_eq v0.4.2
prepare	Reconcile surviving predecessor source PR	2026-09-06T23:17:14.9115449Z ^[[1m^[[92m  Downloaded^[[0m rustc_version v0.4.1
prepare	Reconcile surviving predecessor source PR	2026-09-06T23:17:14.9128424Z ^[[1m^[[92m  Downloaded^[[0m rfc6979 v0.5.0-rc.5
prepare	Reconcile surviving predecessor source PR	2026-09-06T23:17:14.9137745Z ^[[1m^[[92m  Downloaded^[[0m num-conv v0.2.2
prepare	Reconcile surviving predecessor source PR	2026-09-06T23:17:14.9145724Z ^[[1m^[[92m  Downloaded^[[0m lazy_static v1.5.0
prepare	Reconcile surviving predecessor source PR	2026-09-06T23:17:14.9163325Z ^[[1m^[[92m  Downloaded^[[0m hex v0.4.3
prepare	Reconcile surviving predecessor source PR	2026-09-06T23:17:14.9179691Z ^[[1m^[[92m  Downloaded^[[0m ed25519 v2.2.3
prepare	Reconcile surviving predecessor source PR	2026-09-06T23:17:14.9197111Z ^[[1m^[[92m  Downloaded^[[0m autocfg v1.5.0
prepare	Reconcile surviving predecessor source PR	2026-09-06T23:17:14.9215728Z ^[[1m^[[92m  Downloaded^[[0m predicates-tree v1.0.13
prepare	Reconcile surviving predecessor source PR	2026-09-06T23:17:14.9225736Z ^[[1m^[[92m  Downloaded^[[0m block-buffer v0.10.4
prepare	Reconcile surviving predecessor source PR	2026-09-06T23:17:14.9236079Z ^[[1m^[[92m  Downloaded^[[0m powerfmt v0.2.0
prepare	Reconcile surviving predecessor source PR	2026-09-06T23:17:14.9246950Z ^[[1m^[[92m  Downloaded^[[0m hybrid-array v0.4.9
prepare	Reconcile surviving predecessor source PR	2026-09-06T23:17:14.9267902Z ^[[1m^[[92m  Downloaded^[[0m equivalent v1.0.2
prepare	Reconcile surviving predecessor source PR	2026-09-06T23:17:14.9278173Z ^[[1m^[[92m  Downloaded^[[0m difflib v0.4.0
prepare	Reconcile surviving predecessor source PR	2026-09-06T23:17:14.9287667Z ^[[1m^[[92m  Downloaded^[[0m scopeguard v1.2.0
prepare	Reconcile surviving predecessor source PR	2026-09-06T23:17:14.9299154Z ^[[1m^[[92m  Downloaded^[[0m pest_derive v2.8.6
prepare	Reconcile surviving predecessor source PR	2026-09-06T23:17:14.9324003Z ^[[1m^[[92m  Downloaded^[[0m pem-rfc7468 v0.7.0
prepare	Reconcile surviving predecessor source PR	2026-09-06T23:17:14.9343432Z ^[[1m^[[92m  Downloaded^[[0m ctutils v0.4.0
prepare	Reconcile surviving predecessor source PR	2026-09-06T23:17:14.9362001Z ^[[1m^[[92m  Downloaded^[[0m predicates-core v1.0.10
prepare	Reconcile surviving predecessor source PR	2026-09-06T23:17:14.9371696Z ^[[1m^[[92m  Downloaded^[[0m pkcs8 v0.10.2
prepare	Reconcile surviving predecessor source PR	2026-09-06T23:17:14.9399667Z ^[[1m^[[92m  Downloaded^[[0m hashbrown v0.16.1
prepare	Reconcile surviving predecessor source PR	2026-09-06T23:17:14.9450502Z ^[[1m^[[92m  Downloaded^[[0m displaydoc v0.2.5
prepare	Reconcile surviving predecessor source PR	2026-09-06T23:17:14.9480769Z ^[[1m^[[92m  Downloaded^[[0m crypto-common v0.1.7
prepare	Reconcile surviving predecessor source PR	2026-09-06T23:17:14.9490476Z ^[[1m^[[92m  Downloaded^[[0m const-oid v0.9.6
prepare	Reconcile surviving predecessor source PR	2026-09-06T23:17:14.9508997Z ^[[1m^[[92m  Downloaded^[[0m colorchoice v1.0.5
prepare	Reconcile surviving predecessor source PR	2026-09-06T23:17:14.9518280Z ^[[1m^[[92m  Downloaded^[[0m base64ct v1.8.3
prepare	Reconcile surviving predecessor source PR	2026-09-06T23:17:14.9543137Z ^[[1m^[[92m  Downloaded^[[0m pest v2.8.6
prepare	Reconcile surviving predecessor source PR	2026-09-06T23:17:14.9587085Z ^[[1m^[[92m  Downloaded^[[0m find-msvc-tools v0.1.9
prepare	Reconcile surviving predecessor source PR	2026-09-06T23:17:14.9602514Z ^[[1m^[[92m  Downloaded^[[0m fastrand v2.3.0
prepare	Reconcile surviving predecessor source PR	2026-09-06T23:17:14.9614936Z ^[[1m^[[92m  Downloaded^[[0m digest v0.10.7
prepare	Reconcile surviving predecessor source PR	2026-09-06T23:17:14.9632735Z ^[[1m^[[92m  Downloaded^[[0m der-parser v10.0.0
prepare	Reconcile surviving predecessor source PR	2026-09-06T23:17:14.9667309Z ^[[1m^[[92m  Downloaded^[[0m dashmap v6.2.1
prepare	Reconcile surviving predecessor source PR	2026-09-06T23:17:14.9692508Z ^[[1m^[[92m  Downloaded^[[0m cpufeatures v0.2.17
prepare	Reconcile surviving predecessor source PR	2026-09-06T23:17:14.9705937Z ^[[1m^[[92m  Downloaded^[[0m parking_lot_core v0.9.12
prepare	Reconcile surviving predecessor source PR	2026-09-06T23:17:14.9726521Z ^[[1m^[[92m  Downloaded^[[0m ed25519-dalek v2.2.0
prepare	Reconcile surviving predecessor source PR	2026-09-06T23:17:14.9757518Z ^[[1m^[[92m  Downloaded^[[0m der v0.8.0
prepare	Reconcile surviving predecessor source PR	2026-09-06T23:17:14.9817576Z ^[[1m^[[92m  Downloaded^[[0m asn1-rs-impl v0.2.0
prepare	Reconcile surviving predecessor source PR	2026-09-06T23:17:14.9824384Z ^[[1m^[[92m  Downloaded^[[0m anstyle-query v1.1.5
prepare	Reconcile surviving predecessor source PR	2026-09-06T23:17:14.9835545Z ^[[1m^[[92m  Downloaded^[[0m pkcs1 v0.7.5
prepare	Reconcile surviving predecessor source PR	2026-09-06T23:17:14.9859563Z ^[[1m^[[92m  Downloaded^[[0m asn1-rs v0.7.1
prepare	Reconcile surviving predecessor source PR	2026-09-06T23:17:14.9927788Z ^[[1m^[[92m  Downloaded^[[0m anstream v1.0.0
prepare	Reconcile surviving predecessor source PR	2026-09-06T23:17:14.9947312Z ^[[1m^[[92m  Downloaded^[[0m arrayvec v0.7.6
prepare	Reconcile surviving predecessor source PR	2026-09-06T23:17:14.9967695Z ^[[1m^[[92m  Downloaded^[[0m arrayref v0.3.9
prepare	Reconcile surviving predecessor source PR	2026-09-06T23:17:14.9983560Z ^[[1m^[[92m  Downloaded^[[0m getrandom v0.2.17
prepare	Reconcile surviving predecessor source PR	2026-09-06T23:17:15.0013193Z ^[[1m^[[92m  Downloaded^[[0m digest v0.11.2
prepare	Reconcile surviving predecessor source PR	2026-09-06T23:17:15.0036585Z ^[[1m^[[92m  Downloaded^[[0m anstyle-parse v1.0.0
prepare	Reconcile surviving predecessor source PR	2026-09-06T23:17:15.0052034Z ^[[1m^[[92m  Downloaded^[[0m cpufeatures v0.3.0
prepare	Reconcile surviving predecessor source PR	2026-09-06T23:17:15.0066153Z ^[[1m^[[92m  Downloaded^[[0m block-buffer v0.12.0
prepare	Reconcile surviving predecessor source PR	2026-09-06T23:17:15.0078011Z ^[[1m^[[92m  Downloaded^[[0m anyhow v1.0.103
prepare	Reconcile surviving predecessor source PR	2026-09-06T23:17:15.0704867Z ^[[1m^[[92m   Compiling^[[0m libc v0.2.183
prepare	Reconcile surviving predecessor source PR	2026-09-06T23:17:15.0705965Z ^[[1m^[[92m   Compiling^[[0m cfg-if v1.0.4
prepare	Reconcile surviving predecessor source PR	2026-09-06T23:17:15.0707306Z ^[[1m^[[92m   Compiling^[[0m zeroize v1.8.2
prepare	Reconcile surviving predecessor source PR	2026-09-06T23:17:15.0756935Z ^[[1m^[[92m   Compiling^[[0m typenum v1.19.0
prepare	Reconcile surviving predecessor source PR	2026-09-06T23:17:15.1081510Z ^[[1m^[[92m   Compiling^[[0m proc-macro2 v1.0.106
prepare	Reconcile surviving predecessor source PR	2026-09-06T23:17:15.2277273Z ^[[1m^[[92m   Compiling^[[0m quote v1.0.45
prepare	Reconcile surviving predecessor source PR	2026-09-06T23:17:15.5194251Z ^[[1m^[[92m   Compiling^[[0m unicode-ident v1.0.24
prepare	Reconcile surviving predecessor source PR	2026-09-06T23:17:15.5969922Z ^[[1m^[[92m   Compiling^[[0m rand_core v0.10.1
prepare	Reconcile surviving predecessor source PR	2026-09-06T23:17:15.7017871Z ^[[1m^[[92m   Compiling^[[0m subtle v2.6.1
prepare	Reconcile surviving predecessor source PR	2026-09-06T23:17:15.8107652Z ^[[1m^[[92m   Compiling^[[0m getrandom v0.4.2
prepare	Reconcile surviving predecessor source PR	2026-09-06T23:17:16.1679875Z ^[[1m^[[92m   Compiling^[[0m syn v2.0.117
prepare	Reconcile surviving predecessor source PR	2026-09-06T23:17:16.1907919Z ^[[1m^[[92m   Compiling^[[0m autocfg v1.5.0
prepare	Reconcile surviving predecessor source PR	2026-09-06T23:17:16.3743854Z ^[[1m^[[92m   Compiling^[[0m libm v0.2.16
prepare	Reconcile surviving predecessor source PR	2026-09-06T23:17:16.5256855Z ^[[1m^[[92m   Compiling^[[0m num-traits v0.2.19
prepare	Reconcile surviving predecessor source PR	2026-09-06T23:17:16.7036768Z ^[[1m^[[92m   Compiling^[[0m base64ct v1.8.3
prepare	Reconcile surviving predecessor source PR	2026-09-06T23:17:16.7327117Z ^[[1m^[[92m   Compiling^[[0m memchr v2.8.0
prepare	Reconcile surviving predecessor source PR	2026-09-06T23:17:17.0127671Z ^[[1m^[[92m   Compiling^[[0m hybrid-array v0.4.9
prepare	Reconcile surviving predecessor source PR	2026-09-06T23:17:17.5941222Z ^[[1m^[[92m   Compiling^[[0m cmov v0.5.2
prepare	Reconcile surviving predecessor source PR	2026-09-06T23:17:18.6977847Z ^[[1m^[[92m   Compiling^[[0m const-oid v0.10.2
prepare	Reconcile surviving predecessor source PR	2026-09-06T23:17:18.7907925Z ^[[1m^[[92m   Compiling^[[0m ctutils v0.4.0
prepare	Reconcile surviving predecessor source PR	2026-09-06T23:17:18.9697174Z ^[[1m^[[92m   Compiling^[[0m shlex v1.3.0
prepare	Reconcile surviving predecessor source PR	2026-09-06T23:17:18.9947638Z ^[[1m^[[92m   Compiling^[[0m find-msvc-tools v0.1.9
prepare	Reconcile surviving predecessor source PR	2026-09-06T23:17:19.0977453Z ^[[1m^[[92m   Compiling^[[0m cc v1.2.58
prepare	Reconcile surviving predecessor source PR	2026-09-06T23:17:19.1667146Z ^[[1m^[[92m   Compiling^[[0m crypto-common v0.2.1
prepare	Reconcile surviving predecessor source PR	2026-09-06T23:17:19.4907293Z ^[[1m^[[92m   Compiling^[[0m serde_core v1.0.228
prepare	Reconcile surviving predecessor source PR	2026-09-06T23:17:19.6827557Z ^[[1m^[[92m   Compiling^[[0m zerocopy v0.8.48
prepare	Reconcile surviving predecessor source PR	2026-09-06T23:17:19.9707713Z ^[[1m^[[92m   Compiling^[[0m block-buffer v0.12.0
prepare	Reconcile surviving predecessor source PR	2026-09-06T23:17:20.0987467Z ^[[1m^[[92m   Compiling^[[0m version_check v0.9.5
prepare	Reconcile surviving predecessor source PR	2026-09-06T23:17:20.3587836Z ^[[1m^[[92m   Compiling^[[0m generic-array v0.14.7
prepare	Reconcile surviving predecessor source PR	2026-09-06T23:17:20.4561577Z ^[[1m^[[92m   Compiling^[[0m digest v0.11.2
prepare	Reconcile surviving predecessor source PR	2026-09-06T23:17:21.0418679Z ^[[1m^[[92m   Compiling^[[0m pem-rfc7468 v1.0.0
prepare	Reconcile surviving predecessor source PR	2026-09-06T23:17:21.7167494Z ^[[1m^[[92m   Compiling^[[0m cpufeatures v0.3.0
prepare	Reconcile surviving predecessor source PR	2026-09-06T23:17:21.7973838Z ^[[1m^[[92m   Compiling^[[0m thiserror v2.0.18
prepare	Reconcile surviving predecessor source PR	2026-09-06T23:17:22.0197897Z ^[[1m^[[92m   Compiling^[[0m const-oid v0.9.6
prepare	Reconcile surviving predecessor source PR	2026-09-06T23:17:22.0717801Z ^[[1m^[[92m   Compiling^[[0m der v0.8.0
prepare	Reconcile surviving predecessor source PR	2026-09-06T23:17:22.2997678Z ^[[1m^[[92m   Compiling^[[0m thiserror-impl v2.0.18
prepare	Reconcile surviving predecessor source PR	2026-09-06T23:17:23.3695135Z ^[[1m^[[92m   Compiling^[[0m getrandom v0.2.17
prepare	Reconcile surviving predecessor source PR	2026-09-06T23:17:23.6177384Z ^[[1m^[[92m   Compiling^[[0m smallvec v1.15.1
prepare	Reconcile surviving predecessor source PR	2026-09-06T23:17:23.8277179Z ^[[1m^[[92m   Compiling^[[0m cpubits v0.1.0
prepare	Reconcile surviving predecessor source PR	2026-09-06T23:17:23.8657294Z ^[[1m^[[92m   Compiling^[[0m rustix v1.1.4
prepare	Reconcile surviving predecessor source PR	2026-09-06T23:17:24.1617347Z ^[[1m^[[92m   Compiling^[[0m crypto-bigint v0.7.3
prepare	Reconcile surviving predecessor source PR	2026-09-06T23:17:24.2177520Z ^[[1m^[[92m   Compiling^[[0m spki v0.8.0-rc.4
prepare	Reconcile surviving predecessor source PR	2026-09-06T23:17:24.5037067Z ^[[1m^[[92m   Compiling^[[0m blake3 v1.8.5
prepare	Reconcile surviving predecessor source PR	2026-09-06T23:17:24.7057903Z ^[[1m^[[92m   Compiling^[[0m linux-raw-sys v0.12.1
prepare	Reconcile surviving predecessor source PR	2026-09-06T23:17:24.8598507Z ^[[1m^[[92m   Compiling^[[0m ppv-lite86 v0.2.21
prepare	Reconcile surviving predecessor source PR	2026-09-06T23:17:25.0627076Z ^[[1m^[[92m   Compiling^[[0m parking_lot_core v0.9.12
prepare	Reconcile surviving predecessor source PR	2026-09-06T23:17:25.1907253Z ^[[1m^[[92m   Compiling^[[0m crossbeam-utils v0.8.21
prepare	Reconcile surviving predecessor source PR	2026-09-06T23:17:25.2093828Z ^[[1m^[[92m   Compiling^[[0m bitflags v2.11.0
prepare	Reconcile surviving predecessor source PR	2026-09-06T23:17:25.3537114Z ^[[1m^[[92m   Compiling^[[0m zmij v1.0.21
prepare	Reconcile surviving predecessor source PR	2026-09-06T23:17:25.5117058Z ^[[1m^[[92m   Compiling^[[0m base64 v0.22.1
prepare	Reconcile surviving predecessor source PR	2026-09-06T23:17:25.6911637Z ^[[1m^[[92m   Compiling^[[0m once_cell v1.21.4
prepare	Reconcile surviving predecessor source PR	2026-09-06T23:17:26.8922438Z ^[[1m^[[92m   Compiling^[[0m block-buffer v0.10.4
prepare	Reconcile surviving predecessor source PR	2026-09-06T23:17:26.9877948Z ^[[1m^[[92m   Compiling^[[0m crypto-common v0.1.7
prepare	Reconcile surviving predecessor source PR	2026-09-06T23:17:27.0544076Z ^[[1m^[[92m   Compiling^[[0m rand_core v0.6.4
prepare	Reconcile surviving predecessor source PR	2026-09-06T23:17:27.2740223Z ^[[1m^[[92m   Compiling^[[0m pem-rfc7468 v0.7.0
prepare	Reconcile surviving predecessor source PR	2026-09-06T23:17:28.1157943Z ^[[1m^[[92m   Compiling^[[0m arrayref v0.3.9
prepare	Reconcile surviving predecessor source PR	2026-09-06T23:17:28.1458634Z ^[[1m^[[92m   Compiling^[[0m constant_time_eq v0.4.2
prepare	Reconcile surviving predecessor source PR	2026-09-06T23:17:28.3480388Z ^[[1m^[[92m   Compiling^[[0m fastrand v2.3.0
prepare	Reconcile surviving predecessor source PR	2026-09-06T23:17:28.5777245Z ^[[1m^[[92m   Compiling^[[0m arrayvec v0.7.6
prepare	Reconcile surviving predecessor source PR	2026-09-06T23:17:28.7613098Z ^[[1m^[[92m   Compiling^[[0m serde_json v1.0.151
prepare	Reconcile surviving predecessor source PR	2026-09-06T23:17:28.8515221Z ^[[1m^[[92m   Compiling^[[0m scopeguard v1.2.0
prepare	Reconcile surviving predecessor source PR	2026-09-06T23:17:28.8950443Z ^[[1m^[[92m   Compiling^[[0m lock_api v0.4.14
prepare	Reconcile surviving predecessor source PR	2026-09-06T23:17:29.1076708Z ^[[1m^[[92m   Compiling^[[0m tempfile v3.27.0
prepare	Reconcile surviving predecessor source PR	2026-09-06T23:17:29.1773495Z ^[[1m^[[92m   Compiling^[[0m der v0.7.10
prepare	Reconcile surviving predecessor source PR	2026-09-06T23:17:30.5602365Z ^[[1m^[[92m   Compiling^[[0m digest v0.10.7
prepare	Reconcile surviving predecessor source PR	2026-09-06T23:17:32.0975130Z ^[[1m^[[92m   Compiling^[[0m pkcs8 v0.11.0-rc.11
prepare	Reconcile surviving predecessor source PR	2026-09-06T23:17:32.2481608Z ^[[1m^[[92m   Compiling^[[0m num-conv v0.2.2
prepare	Reconcile surviving predecessor source PR	2026-09-06T23:17:32.3149931Z ^[[1m^[[92m   Compiling^[[0m itoa v1.0.18
prepare	Reconcile surviving predecessor source PR	2026-09-06T23:17:32.5042157Z ^[[1m^[[92m   Compiling^[[0m time-core v0.1.9
prepare	Reconcile surviving predecessor source PR	2026-09-06T23:17:32.6162152Z ^[[1m^[[92m   Compiling^[[0m serde v1.0.228
prepare	Reconcile surviving predecessor source PR	2026-09-06T23:17:32.7344066Z ^[[1m^[[92m   Compiling^[[0m hashbrown v0.14.5
prepare	Reconcile surviving predecessor source PR	2026-09-06T23:17:33.0929193Z ^[[1m^[[92m   Compiling^[[0m time-macros v0.2.32
prepare	Reconcile surviving predecessor source PR	2026-09-06T23:17:33.3094724Z ^[[1m^[[92m   Compiling^[[0m dashmap v6.2.1
prepare	Reconcile surviving predecessor source PR	2026-09-06T23:17:34.3457881Z ^[[1m^[[92m   Compiling^[[0m spki v0.7.3
prepare	Reconcile surviving predecessor source PR	2026-09-06T23:17:34.6040740Z ^[[1m^[[92m   Compiling^[[0m rand_chacha v0.10.0
prepare	Reconcile surviving predecessor source PR	2026-09-06T23:17:34.7587385Z ^[[1m^[[92m   Compiling^[[0m serde_derive v1.0.228
prepare	Reconcile surviving predecessor source PR	2026-09-06T23:17:35.0027286Z ^[[1m^[[92m   Compiling^[[0m num-integer v0.1.46
prepare	Reconcile surviving predecessor source PR	2026-09-06T23:17:35.4637173Z ^[[1m^[[92m   Compiling^[[0m rand v0.10.1
prepare	Reconcile surviving predecessor source PR	2026-09-06T23:17:35.5926800Z ^[[1m^[[92m   Compiling^[[0m rustcrypto-ff v0.14.0-rc.0
prepare	Reconcile surviving predecessor source PR	2026-09-06T23:17:35.6857563Z ^[[1m^[[92m   Compiling^[[0m deranged v0.5.8
prepare	Reconcile surviving predecessor source PR	2026-09-06T23:17:36.1377323Z ^[[1m^[[92m   Compiling^[[0m powerfmt v0.2.0
prepare	Reconcile surviving predecessor source PR	2026-09-06T23:17:36.3627334Z ^[[1m^[[92m   Compiling^[[0m spin v0.12.3
prepare	Reconcile surviving predecessor source PR	2026-09-06T23:17:36.7297306Z ^[[1m^[[92m   Compiling^[[0m uselesskey-core v0.10.0 (/home/runner/work/uselesskey/uselesskey/crates/uselesskey-core)
prepare	Reconcile surviving predecessor source PR	2026-09-06T23:17:36.9857204Z ^[[1m^[[92m   Compiling^[[0m time v0.3.55
prepare	Reconcile surviving predecessor source PR	2026-09-06T23:17:37.9317732Z ^[[1m^[[92m   Compiling^[[0m pkcs8 v0.10.2
prepare	Reconcile surviving predecessor source PR	2026-09-06T23:17:38.7252700Z ^[[1m^[[92m   Compiling^[[0m sha2 v0.11.0
prepare	Reconcile surviving predecessor source PR	2026-09-06T23:17:39.0757250Z ^[[1m^[[92m   Compiling^[[0m signature v3.0.0
prepare	Reconcile surviving predecessor source PR	2026-09-06T23:17:39.1747165Z ^[[1m^[[92m   Compiling^[[0m minimal-lexical v0.2.1
prepare	Reconcile surviving predecessor source PR	2026-09-06T23:17:39.5067044Z ^[[1m^[[92m   Compiling^[[0m base16ct v1.0.0
prepare	Reconcile surviving predecessor source PR	2026-09-06T23:17:39.5757012Z ^[[1m^[[92m   Compiling^[[0m nom v7.1.3
prepare	Reconcile surviving predecessor source PR	2026-09-06T23:17:39.7137656Z ^[[1m^[[92m   Compiling^[[0m sec1 v0.8.0
prepare	Reconcile surviving predecessor source PR	2026-09-06T23:17:40.8217368Z ^[[1m^[[92m   Compiling^[[0m rustcrypto-group v0.14.0-rc.0
prepare	Reconcile surviving predecessor source PR	2026-09-06T23:17:40.9664635Z ^[[1m^[[92m   Compiling^[[0m signature v2.2.0
prepare	Reconcile surviving predecessor source PR	2026-09-06T23:17:41.0787235Z ^[[1m^[[92m   Compiling^[[0m hmac v0.13.0
prepare	Reconcile surviving predecessor source PR	2026-09-06T23:17:41.2067139Z ^[[1m^[[92m   Compiling^[[0m synstructure v0.13.2
prepare	Reconcile surviving predecessor source PR	2026-09-06T23:17:41.6859741Z ^[[1m^[[92m   Compiling^[[0m semver v1.0.27
prepare	Reconcile surviving predecessor source PR	2026-09-06T23:17:41.7366323Z ^[[1m^[[92m   Compiling^[[0m spin v0.9.8
prepare	Reconcile surviving predecessor source PR	2026-09-06T23:17:41.8132494Z ^[[1m^[[92m   Compiling^[[0m lazy_static v1.5.0
prepare	Reconcile surviving predecessor source PR	2026-09-06T23:17:41.8197751Z ^[[1m^[[92m   Compiling^[[0m asn1-rs-derive v0.6.0
prepare	Reconcile surviving predecessor source PR	2026-09-06T23:17:41.8525503Z ^[[1m^[[92m   Compiling^[[0m rusticata-macros v4.1.0
prepare	Reconcile surviving predecessor source PR	2026-09-06T23:17:41.8597958Z ^[[1m^[[92m   Compiling^[[0m elliptic-curve v0.14.0-rc.29
prepare	Reconcile surviving predecessor source PR	2026-09-06T23:17:41.9467265Z ^[[1m^[[92m   Compiling^[[0m rustc_version v0.4.1
prepare	Reconcile surviving predecessor source PR	2026-09-06T23:17:42.1207888Z ^[[1m^[[92m   Compiling^[[0m uselesskey-jwk v0.10.0 (/home/runner/work/uselesskey/uselesskey/crates/uselesskey-jwk)
prepare	Reconcile surviving predecessor source PR	2026-09-06T23:17:42.1707398Z ^[[1m^[[92m   Compiling^[[0m rand_chacha v0.3.1
prepare	Reconcile surviving predecessor source PR	2026-09-06T23:17:42.3990470Z ^[[1m^[[92m   Compiling^[[0m asn1-rs-impl v0.2.0
prepare	Reconcile surviving predecessor source PR	2026-09-06T23:17:42.4777226Z ^[[1m^[[92m   Compiling^[[0m displaydoc v0.2.5
prepare	Reconcile surviving predecessor source PR	2026-09-06T23:17:42.6477669Z ^[[1m^[[92m   Compiling^[[0m anstyle v1.0.14
prepare	Reconcile surviving predecessor source PR	2026-09-06T23:17:42.8577060Z ^[[1m^[[92m   Compiling^[[0m num-bigint-dig v0.8.6
prepare	Reconcile surviving predecessor source PR	2026-09-06T23:17:42.8788964Z ^[[1m^[[92m   Compiling^[[0m rand v0.8.5
prepare	Reconcile surviving predecessor source PR	2026-09-06T23:17:42.9517050Z ^[[1m^[[92m   Compiling^[[0m curve25519-dalek v4.1.3
prepare	Reconcile surviving predecessor source PR	2026-09-06T23:17:43.0477298Z ^[[1m^[[92m   Compiling^[[0m asn1-rs v0.7.1
prepare	Reconcile surviving predecessor source PR	2026-09-06T23:17:43.0657190Z ^[[1m^[[92m   Compiling^[[0m rfc6979 v0.5.0-rc.5
prepare	Reconcile surviving predecessor source PR	2026-09-06T23:17:43.1507696Z ^[[1m^[[92m   Compiling^[[0m num-iter v0.1.45
prepare	Reconcile surviving predecessor source PR	2026-09-06T23:17:43.2287467Z ^[[1m^[[92m   Compiling^[[0m ring v0.17.14
prepare	Reconcile surviving predecessor source PR	2026-09-06T23:17:43.4339144Z ^[[1m^[[92m   Compiling^[[0m utf8parse v0.2.2
prepare	Reconcile surviving predecessor source PR	2026-09-06T23:17:43.4887177Z ^[[1m^[[92m   Compiling^[[0m oid-registry v0.8.1
prepare	Reconcile surviving predecessor source PR	2026-09-06T23:17:43.6247229Z ^[[1m^[[92m   Compiling^[[0m cpufeatures v0.2.17
prepare	Reconcile surviving predecessor source PR	2026-09-06T23:17:43.7377624Z ^[[1m^[[92m   Compiling^[[0m anstyle-parse v1.0.0
prepare	Reconcile surviving predecessor source PR	2026-09-06T23:17:45.0907190Z ^[[1m^[[92m   Compiling^[[0m ecdsa v0.17.0-rc.16
prepare	Reconcile surviving predecessor source PR	2026-09-06T23:17:45.7597128Z ^[[1m^[[92m   Compiling^[[0m primeorder v0.14.0-rc.8
prepare	Reconcile surviving predecessor source PR	2026-09-06T23:17:46.0937094Z ^[[1m^[[92m   Compiling^[[0m pkcs1 v0.7.5
prepare	Reconcile surviving predecessor source PR	2026-09-06T23:17:47.8587414Z ^[[1m^[[92m   Compiling^[[0m primefield v0.14.0-rc.8
prepare	Reconcile surviving predecessor source PR	2026-09-06T23:17:48.0467352Z ^[[1m^[[92m   Compiling^[[0m num-bigint v0.4.6
prepare	Reconcile surviving predecessor source PR	2026-09-06T23:17:48.4797284Z ^[[1m^[[92m   Compiling^[[0m crypto-primes v0.7.0
prepare	Reconcile surviving predecessor source PR	2026-09-06T23:17:49.7287098Z ^[[1m^[[92m   Compiling^[[0m pkcs1 v0.8.0-rc.4
prepare	Reconcile surviving predecessor source PR	2026-09-06T23:17:49.9753212Z ^[[1m^[[92m   Compiling^[[0m curve25519-dalek-derive v0.1.1
prepare	Reconcile surviving predecessor source PR	2026-09-06T23:17:50.4247581Z ^[[1m^[[92m   Compiling^[[0m aho-corasick v1.1.4
prepare	Reconcile surviving predecessor source PR	2026-09-06T23:17:51.7077600Z ^[[1m^[[92m   Compiling^[[0m ucd-trie v0.1.7
prepare	Reconcile surviving predecessor source PR	2026-09-06T23:17:51.8747408Z ^[[1m^[[92m   Compiling^[[0m is_terminal_polyfill v1.70.2
prepare	Reconcile surviving predecessor source PR	2026-09-06T23:17:51.9187179Z ^[[1m^[[92m   Compiling^[[0m anstyle-query v1.1.5
prepare	Reconcile surviving predecessor source PR	2026-09-06T23:17:51.9317619Z ^[[1m^[[92m   Compiling^[[0m regex-syntax v0.8.11
prepare	Reconcile surviving predecessor source PR	2026-09-06T23:17:52.6108069Z ^[[1m^[[92m   Compiling^[[0m colorchoice v1.0.5
prepare	Reconcile surviving predecessor source PR	2026-09-06T23:17:52.6724123Z ^[[1m^[[92m   Compiling^[[0m untrusted v0.9.0
prepare	Reconcile surviving predecessor source PR	2026-09-06T23:17:54.0207803Z ^[[1m^[[92m   Compiling^[[0m regex-automata v0.4.18
prepare	Reconcile surviving predecessor source PR	2026-09-06T23:17:59.7917204Z ^[[1m^[[92m   Compiling^[[0m anstream v1.0.0
prepare	Reconcile surviving predecessor source PR	2026-09-06T23:18:00.3447154Z ^[[1m^[[92m   Compiling^[[0m pest v2.8.6
prepare	Reconcile surviving predecessor source PR	2026-09-06T23:18:01.9997575Z ^[[1m^[[92m   Compiling^[[0m rsa v0.10.0-rc.17
prepare	Reconcile surviving predecessor source PR	2026-09-06T23:18:04.3127242Z ^[[1m^[[92m   Compiling^[[0m der-parser v10.0.0
prepare	Reconcile surviving predecessor source PR	2026-09-06T23:18:05.4487531Z ^[[1m^[[92m   Compiling^[[0m rsa v0.9.10
prepare	Reconcile surviving predecessor source PR	2026-09-06T23:18:07.4407474Z ^[[1m^[[92m   Compiling^[[0m sha2 v0.10.9
prepare	Reconcile surviving predecessor source PR	2026-09-06T23:18:08.4757130Z ^[[1m^[[92m   Compiling^[[0m ed25519 v2.2.3
prepare	Reconcile surviving predecessor source PR	2026-09-06T23:18:09.4817132Z ^[[1m^[[92m   Compiling^[[0m yasna v0.6.0
prepare	Reconcile surviving predecessor source PR	2026-09-06T23:18:09.7114414Z ^[[1m^[[92m   Compiling^[[0m pem v3.0.6
prepare	Reconcile surviving predecessor source PR	2026-09-06T23:18:09.7207024Z ^[[1m^[[92m   Compiling^[[0m rustls-pki-types v1.14.1
prepare	Reconcile surviving predecessor source PR	2026-09-06T23:18:10.7179170Z ^[[1m^[[92m   Compiling^[[0m heck v0.5.0
prepare	Reconcile surviving predecessor source PR	2026-09-06T23:18:10.8197213Z ^[[1m^[[92m   Compiling^[[0m clap_lex v1.1.0
prepare	Reconcile surviving predecessor source PR	2026-09-06T23:18:10.8917288Z ^[[1m^[[92m   Compiling^[[0m strsim v0.11.1
prepare	Reconcile surviving predecessor source PR	2026-09-06T23:18:11.2315434Z ^[[1m^[[92m   Compiling^[[0m winnow v1.0.1
prepare	Reconcile surviving predecessor source PR	2026-09-06T23:18:11.6997491Z ^[[1m^[[92m   Compiling^[[0m anyhow v1.0.103
prepare	Reconcile surviving predecessor source PR	2026-09-06T23:18:11.8787702Z ^[[1m^[[92m   Compiling^[[0m data-encoding v2.10.0
prepare	Reconcile surviving predecessor source PR	2026-09-06T23:18:11.8867182Z ^[[1m^[[92m   Compiling^[[0m fiat-crypto v0.3.0
prepare	Reconcile surviving predecessor source PR	2026-09-06T23:18:12.0587338Z ^[[1m^[[92m   Compiling^[[0m toml_parser v1.1.0+spec-1.1.0
prepare	Reconcile surviving predecessor source PR	2026-09-06T23:18:14.2105307Z ^[[1m^[[92m   Compiling^[[0m x509-parser v0.18.1
prepare	Reconcile surviving predecessor source PR	2026-09-06T23:18:15.7363584Z ^[[1m^[[92m   Compiling^[[0m clap_builder v4.6.0
prepare	Reconcile surviving predecessor source PR	2026-09-06T23:18:16.3887163Z ^[[1m^[[92m   Compiling^[[0m clap_derive v4.6.1
prepare	Reconcile surviving predecessor source PR	2026-09-06T23:18:18.1647322Z ^[[1m^[[92m   Compiling^[[0m rcgen v0.14.8
prepare	Reconcile surviving predecessor source PR	2026-09-06T23:18:23.7767247Z ^[[1m^[[92m   Compiling^[[0m ed25519-dalek v2.2.0
prepare	Reconcile surviving predecessor source PR	2026-09-06T23:18:24.4387830Z ^[[1m^[[92m   Compiling^[[0m uselesskey-rsa v0.10.0 (/home/runner/work/uselesskey/uselesskey/crates/uselesskey-rsa)
prepare	Reconcile surviving predecessor source PR	2026-09-06T23:18:26.3407185Z ^[[1m^[[92m   Compiling^[[0m pest_meta v2.8.6
prepare	Reconcile surviving predecessor source PR	2026-09-06T23:18:27.3437160Z ^[[1m^[[92m   Compiling^[[0m p256 v0.14.0-rc.8
prepare	Reconcile surviving predecessor source PR	2026-09-06T23:18:28.0297255Z ^[[1m^[[92m   Compiling^[[0m toml_datetime v1.1.0+spec-1.1.0
prepare	Reconcile surviving predecessor source PR	2026-09-06T23:18:28.5197897Z ^[[1m^[[92m   Compiling^[[0m serde_spanned v1.1.0
prepare	Reconcile surviving predecessor source PR	2026-09-06T23:18:28.6057319Z ^[[1m^[[92m   Compiling^[[0m toml_writer v1.1.0+spec-1.1.0
prepare	Reconcile surviving predecessor source PR	2026-09-06T23:18:28.7947445Z ^[[1m^[[92m   Compiling^[[0m predicates-core v1.0.10
prepare	Reconcile surviving predecessor source PR	2026-09-06T23:18:29.0157570Z ^[[1m^[[92m   Compiling^[[0m hex v0.4.3
prepare	Reconcile surviving predecessor source PR	2026-09-06T23:18:29.2797672Z ^[[1m^[[92m   Compiling^[[0m uselesskey-webhook v0.10.0 (/home/runner/work/uselesskey/uselesskey/crates/uselesskey-webhook)
prepare	Reconcile surviving predecessor source PR	2026-09-06T23:18:30.5427224Z ^[[1m^[[92m   Compiling^[[0m p384 v0.14.0-rc.8
prepare	Reconcile surviving predecessor source PR	2026-09-06T23:18:30.5657399Z ^[[1m^[[92m   Compiling^[[0m toml v1.1.0+spec-1.1.0
prepare	Reconcile surviving predecessor source PR	2026-09-06T23:18:30.6104895Z ^[[1m^[[92m   Compiling^[[0m pest_generator v2.8.6
prepare	Reconcile surviving predecessor source PR	2026-09-06T23:18:31.3267684Z ^[[1m^[[92m   Compiling^[[0m uselesskey-x509 v0.10.0 (/home/runner/work/uselesskey/uselesskey/crates/uselesskey-x509)
prepare	Reconcile surviving predecessor source PR	2026-09-06T23:18:35.7887477Z ^[[1m^[[92m   Compiling^[[0m uselesskey-ecdsa v0.10.0 (/home/runner/work/uselesskey/uselesskey/crates/uselesskey-ecdsa)
prepare	Reconcile surviving predecessor source PR	2026-09-06T23:18:37.6068167Z ^[[1m^[[92m   Compiling^[[0m uselesskey-ed25519 v0.10.0 (/home/runner/work/uselesskey/uselesskey/crates/uselesskey-ed25519)
prepare	Reconcile surviving predecessor source PR	2026-09-06T23:18:38.2966980Z ^[[1m^[[92m   Compiling^[[0m clap v4.6.1
prepare	Reconcile surviving predecessor source PR	2026-09-06T23:18:38.4567158Z ^[[1m^[[92m   Compiling^[[0m regex v1.13.1
prepare	Reconcile surviving predecessor source PR	2026-09-06T23:18:39.3078201Z ^[[1m^[[92m   Compiling^[[0m uselesskey-hmac v0.10.0 (/home/runner/work/uselesskey/uselesskey/crates/uselesskey-hmac)
prepare	Reconcile surviving predecessor source PR	2026-09-06T23:18:39.3478217Z ^[[1m^[[92m   Compiling^[[0m uselesskey-token v0.10.0 (/home/runner/work/uselesskey/uselesskey/crates/uselesskey-token)
prepare	Reconcile surviving predecessor source PR	2026-09-06T23:18:39.9626993Z ^[[1m^[[92m   Compiling^[[0m float-cmp v0.10.0
prepare	Reconcile surviving predecessor source PR	2026-09-06T23:18:40.0397545Z ^[[1m^[[92m   Compiling^[[0m termtree v0.5.1
prepare	Reconcile surviving predecessor source PR	2026-09-06T23:18:40.1332173Z ^[[1m^[[92m   Compiling^[[0m normalize-line-endings v0.3.0
prepare	Reconcile surviving predecessor source PR	2026-09-06T23:18:40.4728432Z ^[[1m^[[92m   Compiling^[[0m assert_cmd v2.2.2
prepare	Reconcile surviving predecessor source PR	2026-09-06T23:18:40.5967114Z ^[[1m^[[92m   Compiling^[[0m difflib v0.4.0
prepare	Reconcile surviving predecessor source PR	2026-09-06T23:18:40.8437258Z ^[[1m^[[92m   Compiling^[[0m predicates v3.1.4
prepare	Reconcile surviving predecessor source PR	2026-09-06T23:18:42.6707163Z ^[[1m^[[92m   Compiling^[[0m predicates-tree v1.0.13
prepare	Reconcile surviving predecessor source PR	2026-09-06T23:18:43.1538141Z ^[[1m^[[92m   Compiling^[[0m uselesskey-cli v0.10.0 (/home/runner/work/uselesskey/uselesskey/crates/uselesskey-cli)
prepare	Reconcile surviving predecessor source PR	2026-09-06T23:18:43.3778175Z ^[[1m^[[92m   Compiling^[[0m pest_derive v2.8.6
prepare	Reconcile surviving predecessor source PR	2026-09-06T23:18:43.5707218Z ^[[1m^[[92m   Compiling^[[0m bstr v1.12.1
prepare	Reconcile surviving predecessor source PR	2026-09-06T23:18:44.8347194Z ^[[1m^[[92m   Compiling^[[0m wait-timeout v0.2.1
prepare	Reconcile surviving predecessor source PR	2026-09-06T23:18:45.5677478Z ^[[1m^[[92m   Compiling^[[0m console v0.16.3
prepare	Reconcile surviving predecessor source PR	2026-09-06T23:18:45.6437671Z ^[[1m^[[92m   Compiling^[[0m similar v2.7.0
prepare	Reconcile surviving predecessor source PR	2026-09-06T23:18:47.3957241Z ^[[1m^[[92m   Compiling^[[0m insta v1.48.0
prepare	Reconcile surviving predecessor source PR	2026-09-06T23:18:49.0408121Z ^[[1m^[[92m   Compiling^[[0m uselesskey-test-support v0.10.0 (/home/runner/work/uselesskey/uselesskey/crates/uselesskey-test-support)
prepare	Reconcile surviving predecessor source PR	2026-09-06T23:19:01.1989109Z ^[[1m^[[92m    Finished^[[0m `test` profile [optimized + debuginfo] target(s) in 1m 48s
prepare	Reconcile surviving predecessor source PR	2026-09-06T23:19:01.2721300Z ^[[1m^[[92m     Running^[[0m tests/export_targets.rs (target/debug/deps/export_targets-73c737c782518829)
prepare	Reconcile surviving predecessor source PR	2026-09-06T23:19:01.2748892Z 
prepare	Reconcile surviving predecessor source PR	2026-09-06T23:19:01.2749605Z running 4 tests
prepare	Reconcile surviving predecessor source PR	2026-09-06T23:19:01.2752848Z test golden_manifest_json ... ok
prepare	Reconcile surviving predecessor source PR	2026-09-06T23:19:01.2753932Z test golden_renderer_outputs_match_expected_files ... ok
prepare	Reconcile surviving predecessor source PR	2026-09-06T23:19:01.2756367Z test manifest_write_json_round_trip ... ok
prepare	Reconcile surviving predecessor source PR	2026-09-06T23:19:01.2758135Z test local_file_target_round_trip ... ok
prepare	Reconcile surviving predecessor source PR	2026-09-06T23:19:01.2758491Z 
prepare	Reconcile surviving predecessor source PR	2026-09-06T23:19:01.2759057Z test result: ok. 4 passed; 0 failed; 0 ignored; 0 measured; 0 filtered out; finished in 0.00s
prepare	Reconcile surviving predecessor source PR	2026-09-06T23:19:01.2759728Z 
prepare	Reconcile surviving predecessor source PR	2026-09-06T23:19:01.5408145Z ^[[1m^[[92m    Checking^[[0m cfg-if v1.0.4
prepare	Reconcile surviving predecessor source PR	2026-09-06T23:19:01.5416763Z ^[[1m^[[92m    Checking^[[0m zeroize v1.8.2
prepare	Reconcile surviving predecessor source PR	2026-09-06T23:19:01.5417549Z ^[[1m^[[92m    Checking^[[0m libc v0.2.183
prepare	Reconcile surviving predecessor source PR	2026-09-06T23:19:01.5418157Z ^[[1m^[[92m    Checking^[[0m typenum v1.19.0
prepare	Reconcile surviving predecessor source PR	2026-09-06T23:19:01.5627121Z ^[[1m^[[92m    Checking^[[0m rand_core v0.10.1
prepare	Reconcile surviving predecessor source PR	2026-09-06T23:19:01.6237077Z ^[[1m^[[92m    Checking^[[0m subtle v2.6.1
prepare	Reconcile surviving predecessor source PR	2026-09-06T23:19:01.6327245Z ^[[1m^[[92m    Checking^[[0m libm v0.2.16
prepare	Reconcile surviving predecessor source PR	2026-09-06T23:19:01.7067020Z ^[[1m^[[92m    Checking^[[0m base64ct v1.8.3
prepare	Reconcile surviving predecessor source PR	2026-09-06T23:19:01.8986206Z ^[[1m^[[92m    Checking^[[0m memchr v2.8.0
prepare	Reconcile surviving predecessor source PR	2026-09-06T23:19:02.2727278Z ^[[1m^[[92m    Checking^[[0m hybrid-array v0.4.9
prepare	Reconcile surviving predecessor source PR	2026-09-06T23:19:02.3067176Z ^[[1m^[[92m    Checking^[[0m const-oid v0.10.2
prepare	Reconcile surviving predecessor source PR	2026-09-06T23:19:02.3708962Z ^[[1m^[[92m    Checking^[[0m getrandom v0.4.2
prepare	Reconcile surviving predecessor source PR	2026-09-06T23:19:02.4117168Z ^[[1m^[[92m    Checking^[[0m cmov v0.5.2
prepare	Reconcile surviving predecessor source PR	2026-09-06T23:19:02.4697342Z ^[[1m^[[92m    Checking^[[0m zerocopy v0.8.48
prepare	Reconcile surviving predecessor source PR	2026-09-06T23:19:02.5407789Z ^[[1m^[[92m    Checking^[[0m ctutils v0.4.0
prepare	Reconcile surviving predecessor source PR	2026-09-06T23:19:02.6457071Z ^[[1m^[[92m    Checking^[[0m num-traits v0.2.19
prepare	Reconcile surviving predecessor source PR	2026-09-06T23:19:02.6937088Z ^[[1m^[[92m    Checking^[[0m serde_core v1.0.228
prepare	Reconcile surviving predecessor source PR	2026-09-06T23:19:02.8070394Z ^[[1m^[[92m    Checking^[[0m crypto-common v0.2.1
prepare	Reconcile surviving predecessor source PR	2026-09-06T23:19:03.2307299Z ^[[1m^[[92m    Checking^[[0m block-buffer v0.12.0
prepare	Reconcile surviving predecessor source PR	2026-09-06T23:19:03.3087307Z ^[[1m^[[92m    Checking^[[0m pem-rfc7468 v1.0.0
prepare	Reconcile surviving predecessor source PR	2026-09-06T23:19:03.4137327Z ^[[1m^[[92m    Checking^[[0m cpufeatures v0.3.0
prepare	Reconcile surviving predecessor source PR	2026-09-06T23:19:03.4427247Z ^[[1m^[[92m    Checking^[[0m const-oid v0.9.6
prepare	Reconcile surviving predecessor source PR	2026-09-06T23:19:03.5305630Z ^[[1m^[[92m    Checking^[[0m der v0.8.0
prepare	Reconcile surviving predecessor source PR	2026-09-06T23:19:03.5377351Z ^[[1m^[[92m    Checking^[[0m digest v0.11.2
prepare	Reconcile surviving predecessor source PR	2026-09-06T23:19:03.6677058Z ^[[1m^[[92m    Checking^[[0m getrandom v0.2.17
prepare	Reconcile surviving predecessor source PR	2026-09-06T23:19:03.7667084Z ^[[1m^[[92m    Checking^[[0m thiserror v2.0.18
prepare	Reconcile surviving predecessor source PR	2026-09-06T23:19:03.8057306Z ^[[1m^[[92m    Checking^[[0m generic-array v0.14.7
prepare	Reconcile surviving predecessor source PR	2026-09-06T23:19:04.3542592Z ^[[1m^[[92m    Checking^[[0m cpubits v0.1.0
prepare	Reconcile surviving predecessor source PR	2026-09-06T23:19:04.3773234Z ^[[1m^[[92m    Checking^[[0m smallvec v1.15.1
prepare	Reconcile surviving predecessor source PR	2026-09-06T23:19:04.5197176Z ^[[1m^[[92m    Checking^[[0m crypto-bigint v0.7.3
prepare	Reconcile surviving predecessor source PR	2026-09-06T23:19:04.5734304Z ^[[1m^[[92m    Checking^[[0m spki v0.8.0-rc.4
prepare	Reconcile surviving predecessor source PR	2026-09-06T23:19:04.6747122Z ^[[1m^[[92m    Checking^[[0m linux-raw-sys v0.12.1
prepare	Reconcile surviving predecessor source PR	2026-09-06T23:19:04.7447365Z ^[[1m^[[92m    Checking^[[0m once_cell v1.21.4
prepare	Reconcile surviving predecessor source PR	2026-09-06T23:19:04.8687823Z ^[[1m^[[92m    Checking^[[0m bitflags v2.11.0
prepare	Reconcile surviving predecessor source PR	2026-09-06T23:19:04.9737254Z ^[[1m^[[92m    Checking^[[0m base64 v0.22.1
prepare	Reconcile surviving predecessor source PR	2026-09-06T23:19:04.9868560Z ^[[1m^[[92m    Checking^[[0m rustix v1.1.4
prepare	Reconcile surviving predecessor source PR	2026-09-06T23:19:05.2087656Z ^[[1m^[[92m    Checking^[[0m crypto-common v0.1.7
prepare	Reconcile surviving predecessor source PR	2026-09-06T23:19:05.2784645Z ^[[1m^[[92m    Checking^[[0m block-buffer v0.10.4
prepare	Reconcile surviving predecessor source PR	2026-09-06T23:19:05.3432129Z ^[[1m^[[92m    Checking^[[0m rand_core v0.6.4
prepare	Reconcile surviving predecessor source PR	2026-09-06T23:19:05.4647136Z ^[[1m^[[92m    Checking^[[0m pem-rfc7468 v0.7.0
prepare	Reconcile surviving predecessor source PR	2026-09-06T23:19:05.5727008Z ^[[1m^[[92m    Checking^[[0m arrayref v0.3.9
prepare	Reconcile surviving predecessor source PR	2026-09-06T23:19:05.5997037Z ^[[1m^[[92m    Checking^[[0m fastrand v2.3.0
prepare	Reconcile surviving predecessor source PR	2026-09-06T23:19:05.7237285Z ^[[1m^[[92m    Checking^[[0m scopeguard v1.2.0
prepare	Reconcile surviving predecessor source PR	2026-09-06T23:19:05.7587090Z ^[[1m^[[92m    Checking^[[0m arrayvec v0.7.6
prepare	Reconcile surviving predecessor source PR	2026-09-06T23:19:05.8927657Z ^[[1m^[[92m    Checking^[[0m constant_time_eq v0.4.2
prepare	Reconcile surviving predecessor source PR	2026-09-06T23:19:05.9657347Z ^[[1m^[[92m    Checking^[[0m blake3 v1.8.5
prepare	Reconcile surviving predecessor source PR	2026-09-06T23:19:06.0691214Z ^[[1m^[[92m    Checking^[[0m ppv-lite86 v0.2.21
prepare	Reconcile surviving predecessor source PR	2026-09-06T23:19:06.2797296Z ^[[1m^[[92m    Checking^[[0m lock_api v0.4.14
prepare	Reconcile surviving predecessor source PR	2026-09-06T23:19:06.3572824Z ^[[1m^[[92m    Checking^[[0m der v0.7.10
prepare	Reconcile surviving predecessor source PR	2026-09-06T23:19:06.3678352Z ^[[1m^[[92m    Checking^[[0m tempfile v3.27.0
prepare	Reconcile surviving predecessor source PR	2026-09-06T23:19:06.4497309Z ^[[1m^[[92m    Checking^[[0m digest v0.10.7
prepare	Reconcile surviving predecessor source PR	2026-09-06T23:19:06.5377718Z ^[[1m^[[92m    Checking^[[0m crossbeam-utils v0.8.21
prepare	Reconcile surviving predecessor source PR	2026-09-06T23:19:06.5797900Z ^[[1m^[[92m    Checking^[[0m parking_lot_core v0.9.12
prepare	Reconcile surviving predecessor source PR	2026-09-06T23:19:06.7167169Z ^[[1m^[[92m    Checking^[[0m zmij v1.0.21
prepare	Reconcile surviving predecessor source PR	2026-09-06T23:19:06.8687245Z ^[[1m^[[92m    Checking^[[0m pkcs8 v0.11.0-rc.11
prepare	Reconcile surviving predecessor source PR	2026-09-06T23:19:06.9347216Z ^[[1m^[[92m    Checking^[[0m itoa v1.0.18
prepare	Reconcile surviving predecessor source PR	2026-09-06T23:19:06.9647041Z ^[[1m^[[92m    Checking^[[0m hashbrown v0.14.5
prepare	Reconcile surviving predecessor source PR	2026-09-06T23:19:07.0267038Z ^[[1m^[[92m    Checking^[[0m serde_json v1.0.151
prepare	Reconcile surviving predecessor source PR	2026-09-06T23:19:07.2666992Z ^[[1m^[[92m    Checking^[[0m spki v0.7.3
prepare	Reconcile surviving predecessor source PR	2026-09-06T23:19:07.3247126Z ^[[1m^[[92m    Checking^[[0m rand_chacha v0.10.0
prepare	Reconcile surviving predecessor source PR	2026-09-06T23:19:07.3717020Z ^[[1m^[[92m    Checking^[[0m num-integer v0.1.46
prepare	Reconcile surviving predecessor source PR	2026-09-06T23:19:07.4407244Z ^[[1m^[[92m    Checking^[[0m dashmap v6.2.1
prepare	Reconcile surviving predecessor source PR	2026-09-06T23:19:07.4588208Z ^[[1m^[[92m    Checking^[[0m rand v0.10.1
prepare	Reconcile surviving predecessor source PR	2026-09-06T23:19:07.5717614Z ^[[1m^[[92m    Checking^[[0m rustcrypto-ff v0.14.0-rc.0
prepare	Reconcile surviving predecessor source PR	2026-09-06T23:19:07.6346996Z ^[[1m^[[92m    Checking^[[0m spin v0.12.3
prepare	Reconcile surviving predecessor source PR	2026-09-06T23:19:07.6857063Z ^[[1m^[[92m    Checking^[[0m time-core v0.1.9
prepare	Reconcile surviving predecessor source PR	2026-09-06T23:19:07.6957250Z ^[[1m^[[92m    Checking^[[0m deranged v0.5.8
prepare	Reconcile surviving predecessor source PR	2026-09-06T23:19:07.8137153Z ^[[1m^[[92m    Checking^[[0m powerfmt v0.2.0
prepare	Reconcile surviving predecessor source PR	2026-09-06T23:19:07.8257003Z ^[[1m^[[92m    Checking^[[0m num-conv v0.2.2
prepare	Reconcile surviving predecessor source PR	2026-09-06T23:19:07.9063983Z ^[[1m^[[92m    Checking^[[0m uselesskey-core v0.10.0 (/home/runner/work/uselesskey/uselesskey/crates/uselesskey-core)
prepare	Reconcile surviving predecessor source PR	2026-09-06T23:19:07.9136967Z ^[[1m^[[92m    Checking^[[0m serde v1.0.228
prepare	Reconcile surviving predecessor source PR	2026-09-06T23:19:07.9227718Z ^[[1m^[[92m    Checking^[[0m pkcs8 v0.10.2
prepare	Reconcile surviving predecessor source PR	2026-09-06T23:19:08.0117470Z ^[[1m^[[92m    Checking^[[0m signature v3.0.0
prepare	Reconcile surviving predecessor source PR	2026-09-06T23:19:08.0897194Z ^[[1m^[[92m    Checking^[[0m sha2 v0.11.0
prepare	Reconcile surviving predecessor source PR	2026-09-06T23:19:08.1297580Z ^[[1m^[[92m    Checking^[[0m minimal-lexical v0.2.1
prepare	Reconcile surviving predecessor source PR	2026-09-06T23:19:08.2867376Z ^[[1m^[[92m    Checking^[[0m base16ct v1.0.0
prepare	Reconcile surviving predecessor source PR	2026-09-06T23:19:08.3576975Z ^[[1m^[[92m    Checking^[[0m sec1 v0.8.0
prepare	Reconcile surviving predecessor source PR	2026-09-06T23:19:08.3812033Z ^[[1m^[[92m    Checking^[[0m nom v7.1.3
prepare	Reconcile surviving predecessor source PR	2026-09-06T23:19:08.4927211Z ^[[1m^[[92m    Checking^[[0m rustcrypto-group v0.14.0-rc.0
prepare	Reconcile surviving predecessor source PR	2026-09-06T23:19:08.5697077Z ^[[1m^[[92m    Checking^[[0m signature v2.2.0
prepare	Reconcile surviving predecessor source PR	2026-09-06T23:19:08.6257307Z ^[[1m^[[92m    Checking^[[0m hmac v0.13.0
prepare	Reconcile surviving predecessor source PR	2026-09-06T23:19:08.7197191Z ^[[1m^[[92m    Checking^[[0m spin v0.9.8
prepare	Reconcile surviving predecessor source PR	2026-09-06T23:19:08.7426616Z ^[[1m^[[92m    Checking^[[0m time v0.3.55
prepare	Reconcile surviving predecessor source PR	2026-09-06T23:19:08.7707174Z ^[[1m^[[92m    Checking^[[0m lazy_static v1.5.0
prepare	Reconcile surviving predecessor source PR	2026-09-06T23:19:08.7997311Z ^[[1m^[[92m    Checking^[[0m elliptic-curve v0.14.0-rc.29
prepare	Reconcile surviving predecessor source PR	2026-09-06T23:19:09.0737921Z ^[[1m^[[92m    Checking^[[0m uselesskey-jwk v0.10.0 (/home/runner/work/uselesskey/uselesskey/crates/uselesskey-jwk)
prepare	Reconcile surviving predecessor source PR	2026-09-06T23:19:09.1571903Z ^[[1m^[[92m    Checking^[[0m rand_chacha v0.3.1
prepare	Reconcile surviving predecessor source PR	2026-09-06T23:19:09.2681813Z ^[[1m^[[92m    Checking^[[0m anstyle v1.0.14
prepare	Reconcile surviving predecessor source PR	2026-09-06T23:19:09.2877087Z ^[[1m^[[92m    Checking^[[0m rand v0.8.5
prepare	Reconcile surviving predecessor source PR	2026-09-06T23:19:09.4017035Z ^[[1m^[[92m    Checking^[[0m rfc6979 v0.5.0-rc.5
prepare	Reconcile surviving predecessor source PR	2026-09-06T23:19:09.4617038Z ^[[1m^[[92m    Checking^[[0m num-iter v0.1.45
prepare	Reconcile surviving predecessor source PR	2026-09-06T23:19:09.5097199Z ^[[1m^[[92m    Checking^[[0m aho-corasick v1.1.4
prepare	Reconcile surviving predecessor source PR	2026-09-06T23:19:09.6407108Z ^[[1m^[[92m    Checking^[[0m rusticata-macros v4.1.0
prepare	Reconcile surviving predecessor source PR	2026-09-06T23:19:09.7127057Z ^[[1m^[[92m    Checking^[[0m cpufeatures v0.2.17
prepare	Reconcile surviving predecessor source PR	2026-09-06T23:19:09.7227153Z ^[[1m^[[92m    Checking^[[0m utf8parse v0.2.2
prepare	Reconcile surviving predecessor source PR	2026-09-06T23:19:09.7382217Z ^[[1m^[[92m    Checking^[[0m regex-syntax v0.8.11
prepare	Reconcile surviving predecessor source PR	2026-09-06T23:19:09.7627694Z ^[[1m^[[92m    Checking^[[0m anstyle-parse v1.0.0
prepare	Reconcile surviving predecessor source PR	2026-09-06T23:19:09.8527635Z ^[[1m^[[92m    Checking^[[0m num-bigint-dig v0.8.6
prepare	Reconcile surviving predecessor source PR	2026-09-06T23:19:10.4037539Z ^[[1m^[[92m    Checking^[[0m ecdsa v0.17.0-rc.16
prepare	Reconcile surviving predecessor source PR	2026-09-06T23:19:10.5816875Z ^[[1m^[[92m    Checking^[[0m asn1-rs v0.7.1
prepare	Reconcile surviving predecessor source PR	2026-09-06T23:19:10.7397013Z ^[[1m^[[92m    Checking^[[0m primeorder v0.14.0-rc.8
prepare	Reconcile surviving predecessor source PR	2026-09-06T23:19:10.7587080Z ^[[1m^[[92m    Checking^[[0m pkcs1 v0.7.5
prepare	Reconcile surviving predecessor source PR	2026-09-06T23:19:10.9147211Z ^[[1m^[[92m    Checking^[[0m primefield v0.14.0-rc.8
prepare	Reconcile surviving predecessor source PR	2026-09-06T23:19:11.0047358Z ^[[1m^[[92m    Checking^[[0m num-bigint v0.4.6
prepare	Reconcile surviving predecessor source PR	2026-09-06T23:19:11.0487152Z ^[[1m^[[92m    Checking^[[0m crypto-primes v0.7.0
prepare	Reconcile surviving predecessor source PR	2026-09-06T23:19:11.3397346Z ^[[1m^[[92m    Checking^[[0m regex-automata v0.4.18
prepare	Reconcile surviving predecessor source PR	2026-09-06T23:19:11.6537447Z ^[[1m^[[92m    Checking^[[0m pkcs1 v0.8.0-rc.4
prepare	Reconcile surviving predecessor source PR	2026-09-06T23:19:11.8197235Z ^[[1m^[[92m    Checking^[[0m colorchoice v1.0.5
prepare	Reconcile surviving predecessor source PR	2026-09-06T23:19:11.8577501Z ^[[1m^[[92m    Checking^[[0m anstyle-query v1.1.5
prepare	Reconcile surviving predecessor source PR	2026-09-06T23:19:11.8896984Z ^[[1m^[[92m    Checking^[[0m is_terminal_polyfill v1.70.2
prepare	Reconcile surviving predecessor source PR	2026-09-06T23:19:11.9257048Z ^[[1m^[[92m    Checking^[[0m untrusted v0.9.0
prepare	Reconcile surviving predecessor source PR	2026-09-06T23:19:11.9697018Z ^[[1m^[[92m    Checking^[[0m ring v0.17.14
prepare	Reconcile surviving predecessor source PR	2026-09-06T23:19:12.1167707Z ^[[1m^[[92m    Checking^[[0m der-parser v10.0.0
prepare	Reconcile surviving predecessor source PR	2026-09-06T23:19:12.4767285Z ^[[1m^[[92m    Checking^[[0m rsa v0.10.0-rc.17
prepare	Reconcile surviving predecessor source PR	2026-09-06T23:19:12.5277465Z ^[[1m^[[92m    Checking^[[0m anstream v1.0.0
prepare	Reconcile surviving predecessor source PR	2026-09-06T23:19:12.6856981Z ^[[1m^[[92m    Checking^[[0m curve25519-dalek v4.1.3
prepare	Reconcile surviving predecessor source PR	2026-09-06T23:19:12.9657378Z ^[[1m^[[92m    Checking^[[0m oid-registry v0.8.1
prepare	Reconcile surviving predecessor source PR	2026-09-06T23:19:13.1574664Z ^[[1m^[[92m    Checking^[[0m rsa v0.9.10
prepare	Reconcile surviving predecessor source PR	2026-09-06T23:19:13.2867562Z ^[[1m^[[92m    Checking^[[0m yasna v0.6.0
prepare	Reconcile surviving predecessor source PR	2026-09-06T23:19:13.5748128Z ^[[1m^[[92m    Checking^[[0m sha2 v0.10.9
prepare	Reconcile surviving predecessor source PR	2026-09-06T23:19:13.5798093Z ^[[1m^[[92m    Checking^[[0m ed25519 v2.2.3
prepare	Reconcile surviving predecessor source PR	2026-09-06T23:19:13.6837331Z ^[[1m^[[92m    Checking^[[0m pem v3.0.6
prepare	Reconcile surviving predecessor source PR	2026-09-06T23:19:13.6866895Z ^[[1m^[[92m    Checking^[[0m rustls-pki-types v1.14.1
prepare	Reconcile surviving predecessor source PR	2026-09-06T23:19:13.7427446Z ^[[1m^[[92m    Checking^[[0m fiat-crypto v0.3.0
prepare	Reconcile surviving predecessor source PR	2026-09-06T23:19:13.8047092Z ^[[1m^[[92m    Checking^[[0m clap_lex v1.1.0
prepare	Reconcile surviving predecessor source PR	2026-09-06T23:19:13.8141570Z ^[[1m^[[92m    Checking^[[0m data-encoding v2.10.0
prepare	Reconcile surviving predecessor source PR	2026-09-06T23:19:13.9067919Z ^[[1m^[[92m    Checking^[[0m predicates-core v1.0.10
prepare	Reconcile surviving predecessor source PR	2026-09-06T23:19:13.9357503Z ^[[1m^[[92m    Checking^[[0m strsim v0.11.1
prepare	Reconcile surviving predecessor source PR	2026-09-06T23:19:13.9717464Z ^[[1m^[[92m    Checking^[[0m winnow v1.0.1
prepare	Reconcile surviving predecessor source PR	2026-09-06T23:19:14.0717097Z ^[[1m^[[92m    Checking^[[0m clap_builder v4.6.0
prepare	Reconcile surviving predecessor source PR	2026-09-06T23:19:14.0807380Z ^[[1m^[[92m    Checking^[[0m x509-parser v0.18.1
prepare	Reconcile surviving predecessor source PR	2026-09-06T23:19:14.2377449Z ^[[1m^[[92m    Checking^[[0m toml_parser v1.1.0+spec-1.1.0
prepare	Reconcile surviving predecessor source PR	2026-09-06T23:19:14.6495227Z ^[[1m^[[92m    Checking^[[0m rcgen v0.14.8
prepare	Reconcile surviving predecessor source PR	2026-09-06T23:19:14.9947189Z ^[[1m^[[92m    Checking^[[0m ed25519-dalek v2.2.0
prepare	Reconcile surviving predecessor source PR	2026-09-06T23:19:15.0387319Z ^[[1m^[[92m    Checking^[[0m regex v1.13.1
prepare	Reconcile surviving predecessor source PR	2026-09-06T23:19:15.1433312Z ^[[1m^[[92m    Checking^[[0m uselesskey-rsa v0.10.0 (/home/runner/work/uselesskey/uselesskey/crates/uselesskey-rsa)
prepare	Reconcile surviving predecessor source PR	2026-09-06T23:19:15.2560172Z ^[[1m^[[92m    Checking^[[0m p256 v0.14.0-rc.8
prepare	Reconcile surviving predecessor source PR	2026-09-06T23:19:15.3217261Z ^[[1m^[[92m    Checking^[[0m serde_spanned v1.1.0
prepare	Reconcile surviving predecessor source PR	2026-09-06T23:19:15.3847127Z ^[[1m^[[92m    Checking^[[0m toml_datetime v1.1.0+spec-1.1.0
prepare	Reconcile surviving predecessor source PR	2026-09-06T23:19:15.5417699Z ^[[1m^[[92m    Checking^[[0m float-cmp v0.10.0
prepare	Reconcile surviving predecessor source PR	2026-09-06T23:19:15.6107293Z ^[[1m^[[92m    Checking^[[0m termtree v0.5.1
prepare	Reconcile surviving predecessor source PR	2026-09-06T23:19:15.6677142Z ^[[1m^[[92m    Checking^[[0m hex v0.4.3
prepare	Reconcile surviving predecessor source PR	2026-09-06T23:19:15.6787732Z ^[[1m^[[92m    Checking^[[0m ucd-trie v0.1.7
prepare	Reconcile surviving predecessor source PR	2026-09-06T23:19:15.7707115Z ^[[1m^[[92m    Checking^[[0m normalize-line-endings v0.3.0
prepare	Reconcile surviving predecessor source PR	2026-09-06T23:19:15.8037547Z ^[[1m^[[92m    Checking^[[0m difflib v0.4.0
prepare	Reconcile surviving predecessor source PR	2026-09-06T23:19:15.8577730Z ^[[1m^[[92m    Checking^[[0m toml_writer v1.1.0+spec-1.1.0
prepare	Reconcile surviving predecessor source PR	2026-09-06T23:19:15.9775233Z ^[[1m^[[92m    Checking^[[0m predicates v3.1.4
prepare	Reconcile surviving predecessor source PR	2026-09-06T23:19:15.9937324Z ^[[1m^[[92m    Checking^[[0m toml v1.1.0+spec-1.1.0
prepare	Reconcile surviving predecessor source PR	2026-09-06T23:19:16.2877924Z ^[[1m^[[92m    Checking^[[0m uselesskey-webhook v0.10.0 (/home/runner/work/uselesskey/uselesskey/crates/uselesskey-webhook)
prepare	Reconcile surviving predecessor source PR	2026-09-06T23:19:16.3947594Z ^[[1m^[[92m    Checking^[[0m pest v2.8.6
prepare	Reconcile surviving predecessor source PR	2026-09-06T23:19:16.4157340Z ^[[1m^[[92m    Checking^[[0m predicates-tree v1.0.13
prepare	Reconcile surviving predecessor source PR	2026-09-06T23:19:16.4687147Z ^[[1m^[[92m    Checking^[[0m clap v4.6.1
prepare	Reconcile surviving predecessor source PR	2026-09-06T23:19:16.4987831Z ^[[1m^[[92m    Checking^[[0m uselesskey-x509 v0.10.0 (/home/runner/work/uselesskey/uselesskey/crates/uselesskey-x509)
prepare	Reconcile surviving predecessor source PR	2026-09-06T23:19:16.7647859Z ^[[1m^[[92m    Checking^[[0m uselesskey-ed25519 v0.10.0 (/home/runner/work/uselesskey/uselesskey/crates/uselesskey-ed25519)
prepare	Reconcile surviving predecessor source PR	2026-09-06T23:19:16.7767152Z ^[[1m^[[92m    Checking^[[0m anyhow v1.0.103
prepare	Reconcile surviving predecessor source PR	2026-09-06T23:19:16.8597437Z ^[[1m^[[92m    Checking^[[0m bstr v1.12.1
prepare	Reconcile surviving predecessor source PR	2026-09-06T23:19:16.9367926Z ^[[1m^[[92m    Checking^[[0m uselesskey-hmac v0.10.0 (/home/runner/work/uselesskey/uselesskey/crates/uselesskey-hmac)
prepare	Reconcile surviving predecessor source PR	2026-09-06T23:19:17.0127686Z ^[[1m^[[92m    Checking^[[0m uselesskey-token v0.10.0 (/home/runner/work/uselesskey/uselesskey/crates/uselesskey-token)
prepare	Reconcile surviving predecessor source PR	2026-09-06T23:19:17.1387169Z ^[[1m^[[92m    Checking^[[0m console v0.16.3
prepare	Reconcile surviving predecessor source PR	2026-09-06T23:19:17.2657081Z ^[[1m^[[92m    Checking^[[0m wait-timeout v0.2.1
prepare	Reconcile surviving predecessor source PR	2026-09-06T23:19:17.3307327Z ^[[1m^[[92m    Checking^[[0m similar v2.7.0
prepare	Reconcile surviving predecessor source PR	2026-09-06T23:19:17.4197069Z ^[[1m^[[92m    Checking^[[0m assert_cmd v2.2.2
prepare	Reconcile surviving predecessor source PR	2026-09-06T23:19:17.4959241Z ^[[1m^[[92m    Checking^[[0m uselesskey-test-support v0.10.0 (/home/runner/work/uselesskey/uselesskey/crates/uselesskey-test-support)
prepare	Reconcile surviving predecessor source PR	2026-09-06T23:19:17.7324311Z ^[[1m^[[92m    Checking^[[0m insta v1.48.0
prepare	Reconcile surviving predecessor source PR	2026-09-06T23:19:18.8748745Z ^[[1m^[[92m    Checking^[[0m p384 v0.14.0-rc.8
prepare	Reconcile surviving predecessor source PR	2026-09-06T23:19:21.1705514Z ^[[1m^[[92m    Checking^[[0m uselesskey-ecdsa v0.10.0 (/home/runner/work/uselesskey/uselesskey/crates/uselesskey-ecdsa)
prepare	Reconcile surviving predecessor source PR	2026-09-06T23:19:21.2524194Z ^[[1m^[[92m    Checking^[[0m uselesskey-cli v0.10.0 (/home/runner/work/uselesskey/uselesskey/crates/uselesskey-cli)
prepare	Reconcile surviving predecessor source PR	2026-09-06T23:19:21.6363771Z ^[[1m^[[92m    Finished^[[0m `dev` profile [optimized + debuginfo] target(s) in 20.30s
prepare	Reconcile surviving predecessor source PR	2026-09-06T23:19:21.8049220Z ^[[1m^[[92m Downloading^[[0m crates ...
prepare	Reconcile surviving predecessor source PR	2026-09-06T23:19:21.9879629Z ^[[1m^[[92m  Downloaded^[[0m unit-prefix v0.5.2
prepare	Reconcile surviving predecessor source PR	2026-09-06T23:19:21.9896137Z ^[[1m^[[92m  Downloaded^[[0m owo-colors v4.3.0
prepare	Reconcile surviving predecessor source PR	2026-09-06T23:19:21.9919397Z ^[[1m^[[92m  Downloaded^[[0m indicatif v0.18.4
prepare	Reconcile surviving predecessor source PR	2026-09-06T23:19:21.9961839Z ^[[1m^[[92m  Downloaded^[[0m iana-time-zone v0.1.65
prepare	Reconcile surviving predecessor source PR	2026-09-06T23:19:21.9994793Z ^[[1m^[[92m  Downloaded^[[0m chrono v0.4.45
prepare	Reconcile surviving predecessor source PR	2026-09-06T23:19:22.0080935Z ^[[1m^[[92m  Downloaded^[[0m portable-atomic v1.13.1
prepare	Reconcile surviving predecessor source PR	2026-09-06T23:19:22.0154506Z ^[[1m^[[92m  Downloaded^[[0m unicode-width v0.2.2
prepare	Reconcile surviving predecessor source PR	2026-09-06T23:19:22.0417660Z ^[[1m^[[92m   Compiling^[[0m memchr v2.8.0
prepare	Reconcile surviving predecessor source PR	2026-09-06T23:19:22.0418330Z ^[[1m^[[92m   Compiling^[[0m syn v2.0.117
prepare	Reconcile surviving predecessor source PR	2026-09-06T23:19:22.0466910Z ^[[1m^[[92m   Compiling^[[0m num-traits v0.2.19
prepare	Reconcile surviving predecessor source PR	2026-09-06T23:19:22.0507364Z ^[[1m^[[92m   Compiling^[[0m portable-atomic v1.13.1
prepare	Reconcile surviving predecessor source PR	2026-09-06T23:19:22.1938007Z ^[[1m^[[92m   Compiling^[[0m owo-colors v4.3.0
prepare	Reconcile surviving predecessor source PR	2026-09-06T23:19:22.3827850Z ^[[1m^[[92m   Compiling^[[0m unicode-width v0.2.2
prepare	Reconcile surviving predecessor source PR	2026-09-06T23:19:22.6067836Z ^[[1m^[[92m   Compiling^[[0m aho-corasick v1.1.4
prepare	Reconcile surviving predecessor source PR	2026-09-06T23:19:23.3274060Z ^[[1m^[[92m   Compiling^[[0m console v0.16.3
prepare	Reconcile surviving predecessor source PR	2026-09-06T23:19:24.0668033Z ^[[1m^[[92m   Compiling^[[0m regex-automata v0.4.18
prepare	Reconcile surviving predecessor source PR	2026-09-06T23:19:25.8327213Z ^[[1m^[[92m   Compiling^[[0m clap_derive v4.6.1
prepare	Reconcile surviving predecessor source PR	2026-09-06T23:19:26.4417742Z ^[[1m^[[92m   Compiling^[[0m serde_derive v1.0.228
prepare	Reconcile surviving predecessor source PR	2026-09-06T23:19:27.6408967Z ^[[1m^[[92m   Compiling^[[0m iana-time-zone v0.1.65
prepare	Reconcile surviving predecessor source PR	2026-09-06T23:19:28.4867598Z ^[[1m^[[92m   Compiling^[[0m unit-prefix v0.5.2
prepare	Reconcile surviving predecessor source PR	2026-09-06T23:19:28.5617241Z ^[[1m^[[92m   Compiling^[[0m indicatif v0.18.4
prepare	Reconcile surviving predecessor source PR	2026-09-06T23:19:29.5927087Z ^[[1m^[[92m   Compiling^[[0m serde v1.0.228
prepare	Reconcile surviving predecessor source PR	2026-09-06T23:19:30.3517934Z ^[[1m^[[92m   Compiling^[[0m serde_json v1.0.151
prepare	Reconcile surviving predecessor source PR	2026-09-06T23:19:33.8897701Z ^[[1m^[[92m   Compiling^[[0m chrono v0.4.45
prepare	Reconcile surviving predecessor source PR	2026-09-06T23:19:34.1067222Z ^[[1m^[[92m   Compiling^[[0m clap v4.6.1
prepare	Reconcile surviving predecessor source PR	2026-09-06T23:19:34.1441360Z ^[[1m^[[92m   Compiling^[[0m regex v1.13.1
prepare	Reconcile surviving predecessor source PR	2026-09-06T23:19:35.3377793Z ^[[1m^[[92m   Compiling^[[0m uselesskey-feature-grid v0.10.0 (/home/runner/work/uselesskey/uselesskey/crates/uselesskey-feature-grid)
prepare	Reconcile surviving predecessor source PR	2026-09-06T23:19:38.9153425Z ^[[1m^[[92m   Compiling^[[0m xtask v0.0.0 (/home/runner/work/uselesskey/uselesskey/xtask)
prepare	Reconcile surviving predecessor source PR	2026-09-06T23:20:13.0202855Z ^[[1m^[[92m    Finished^[[0m `dev` profile [optimized + debuginfo] target(s) in 51.33s
prepare	Reconcile surviving predecessor source PR	2026-09-06T23:20:13.0270133Z ^[[1m^[[92m     Running^[[0m `target/debug/xtask check-no-panic-family`
prepare	Reconcile surviving predecessor source PR	2026-09-06T23:20:13.1008854Z no-panic: 3334 finding(s); 15 allowlisted; 3319 baselined; 0 new-debt; 0 stale-baseline; 0 expired (mode=no-new-debt; baseline=1938/1938)
prepare	Reconcile surviving predecessor source PR	2026-09-06T23:20:13.2492782Z ^[[1m^[[92m    Finished^[[0m `dev` profile [optimized + debuginfo] target(s) in 0.12s
prepare	Reconcile surviving predecessor source PR	2026-09-06T23:20:13.2526997Z ^[[1m^[[92m     Running^[[0m `target/debug/xtask pr`
prepare	Reconcile surviving predecessor source PR	2026-09-06T23:20:13.2616421Z ==> detect-changes
prepare	Reconcile surviving predecessor source PR	2026-09-06T23:20:13.2618343Z ==> detect-changes [ok, 0.0s]
prepare	Reconcile surviving predecessor source PR	2026-09-06T23:20:13.2618820Z ==> public-surface
prepare	Reconcile surviving predecessor source PR	2026-09-06T23:20:13.3256545Z docs-sync inventory:
prepare	Reconcile surviving predecessor source PR	2026-09-06T23:20:13.3257032Z - README.md
prepare	Reconcile surviving predecessor source PR	2026-09-06T23:20:13.3257384Z   - dependency-snippets
prepare	Reconcile surviving predecessor source PR	2026-09-06T23:20:13.3257802Z   - runnable-examples
prepare	Reconcile surviving predecessor source PR	2026-09-06T23:20:13.3258194Z   - workspace-crates
prepare	Reconcile surviving predecessor source PR	2026-09-06T23:20:13.3258570Z   - adapter-crates
prepare	Reconcile surviving predecessor source PR	2026-09-06T23:20:13.3258937Z   - feature-matrix-facade
prepare	Reconcile surviving predecessor source PR	2026-09-06T23:20:13.3259375Z   - feature-matrix-adapters
prepare	Reconcile surviving predecessor source PR	2026-09-06T23:20:13.3259815Z - crates/uselesskey/README.md
prepare	Reconcile surviving predecessor source PR	2026-09-06T23:20:13.3260111Z   - dependency-snippets
prepare	Reconcile surviving predecessor source PR	2026-09-06T23:20:13.3260387Z - docs/how-to/choose-features.md
prepare	Reconcile surviving predecessor source PR	2026-09-06T23:20:13.3260642Z   - dependency-snippets
prepare	Reconcile surviving predecessor source PR	2026-09-06T23:20:13.3260891Z   - minimal-example-commands
prepare	Reconcile surviving predecessor source PR	2026-09-06T23:20:13.3561336Z ==> public-surface [ok, 0.1s]
prepare	Reconcile surviving predecessor source PR	2026-09-06T23:20:13.3561896Z ==> spec-check
prepare	Reconcile surviving predecessor source PR	2026-09-06T23:20:13.3562832Z public-surface: checked 35 workspace crates (17 public promises, 7 adapter promises, 0 published internals, 11 workspace-only)
prepare	Reconcile surviving predecessor source PR	2026-09-06T23:20:13.3595518Z spec-check: pass (artifacts=53, claims=9, warnings=0, errors=0)
prepare	Reconcile surviving predecessor source PR	2026-09-06T23:20:13.3596512Z ==> spec-check [ok, 0.0s]
prepare	Reconcile surviving predecessor source PR	2026-09-06T23:20:13.3596922Z ==> fmt
prepare	Reconcile surviving predecessor source PR	2026-09-06T23:20:13.3597275Z id                     kind       status       path
prepare	Reconcile surviving predecessor source PR	2026-09-06T23:20:13.3598395Z USELESSKEY-ADR-0001    adr        accepted     docs/adr/USELESSKEY-ADR-0001-contract-packs-are-proof-backed-fixture-profiles.md
prepare	Reconcile surviving predecessor source PR	2026-09-06T23:20:13.3599824Z USELESSKEY-ADR-0002    adr        accepted     docs/adr/USELESSKEY-ADR-0002-public-claims-require-command-backed-evidence.md
prepare	Reconcile surviving predecessor source PR	2026-09-06T23:20:13.3601475Z USELESSKEY-ADR-0003    adr        accepted     docs/adr/USELESSKEY-ADR-0003-repo-goals-are-the-agent-control-plane.md
prepare	Reconcile surviving predecessor source PR	2026-09-06T23:20:13.3603017Z USELESSKEY-ADR-0004    adr        accepted     docs/adr/USELESSKEY-ADR-0004-readme-badges-are-front-panel-not-dashboard.md
prepare	Reconcile surviving predecessor source PR	2026-09-06T23:20:13.3604552Z USELESSKEY-PROP-0001   proposal   proposed     docs/proposals/USELESSKEY-PROP-0001-spec-governed-fixture-platform.md
prepare	Reconcile surviving predecessor source PR	2026-09-06T23:20:13.3606195Z USELESSKEY-SPEC-0001   spec       accepted     docs/specs/USELESSKEY-SPEC-0001-source-of-truth-model.md
prepare	Reconcile surviving predecessor source PR	2026-09-06T23:20:13.3607378Z USELESSKEY-SPEC-0002   spec       accepted     docs/specs/USELESSKEY-SPEC-0002-public-claim-ledger.md
prepare	Reconcile surviving predecessor source PR	2026-09-06T23:20:13.3608591Z USELESSKEY-SPEC-0003   spec       accepted     docs/specs/USELESSKEY-SPEC-0003-contract-pack-profile.md
prepare	Reconcile surviving predecessor source PR	2026-09-06T23:20:13.3609867Z USELESSKEY-SPEC-0004   spec       accepted     docs/specs/USELESSKEY-SPEC-0004-generated-evidence-endpoints.md
prepare	Reconcile surviving predecessor source PR	2026-09-06T23:20:13.3611100Z USELESSKEY-SPEC-0005   spec       accepted     docs/specs/USELESSKEY-SPEC-0005-agent-lane-state.md
prepare	Reconcile surviving predecessor source PR	2026-09-06T23:20:13.3612682Z USELESSKEY-SPEC-0006   spec       accepted     docs/specs/USELESSKEY-SPEC-0006-release-evidence-lanes.md
prepare	Reconcile surviving predecessor source PR	2026-09-06T23:20:13.3616233Z USELESSKEY-SPEC-0007   spec       accepted     docs/specs/USELESSKEY-SPEC-0007-pr-review-evidence.md
prepare	Reconcile surviving predecessor source PR	2026-09-06T23:20:13.3617454Z USELESSKEY-SPEC-0008   spec       accepted     docs/specs/USELESSKEY-SPEC-0008-claim-proof-execution.md
prepare	Reconcile surviving predecessor source PR	2026-09-06T23:20:13.3618608Z USELESSKEY-SPEC-0009   spec       accepted     docs/specs/USELESSKEY-SPEC-0009-verification-pack.md
prepare	Reconcile surviving predecessor source PR	2026-09-06T23:20:13.3619787Z USELESSKEY-SPEC-0010   spec       accepted     docs/specs/USELESSKEY-SPEC-0010-pr-lite-evidence.md
prepare	Reconcile surviving predecessor source PR	2026-09-06T23:20:13.3620954Z USELESSKEY-SPEC-0011   spec       accepted     docs/specs/USELESSKEY-SPEC-0011-webhook-contract-pack.md
prepare	Reconcile surviving predecessor source PR	2026-09-06T23:20:13.3622116Z USELESSKEY-SPEC-0012   spec       accepted     docs/specs/USELESSKEY-SPEC-0012-cli-proof-handoff.md
prepare	Reconcile surviving predecessor source PR	2026-09-06T23:20:13.3623352Z USELESSKEY-SPEC-0013   spec       accepted     docs/specs/USELESSKEY-SPEC-0013-external-adoption-smoke.md
prepare	Reconcile surviving predecessor source PR	2026-09-06T23:20:13.3624608Z USELESSKEY-SPEC-0014   spec       accepted     docs/specs/USELESSKEY-SPEC-0014-installed-bundle-audit.md
prepare	Reconcile surviving predecessor source PR	2026-09-06T23:20:13.3626017Z USELESSKEY-SPEC-0015   spec       accepted     docs/specs/USELESSKEY-SPEC-0015-real-user-workflows.md
prepare	Reconcile surviving predecessor source PR	2026-09-06T23:20:13.3627309Z USELESSKEY-SPEC-0016   spec       accepted     docs/specs/USELESSKEY-SPEC-0016-negative-fixture-taxonomy.md
prepare	Reconcile surviving predecessor source PR	2026-09-06T23:20:13.3628532Z USELESSKEY-SPEC-0017   spec       accepted     docs/specs/USELESSKEY-SPEC-0017-bundle-product-surface.md
prepare	Reconcile surviving predecessor source PR	2026-09-06T23:20:13.3629827Z USELESSKEY-SPEC-0018   spec       accepted     docs/specs/USELESSKEY-SPEC-0018-install-distribution-polish.md
prepare	Reconcile surviving predecessor source PR	2026-09-06T23:20:13.3631203Z USELESSKEY-SPEC-0019   spec       accepted     docs/specs/USELESSKEY-SPEC-0019-library-facade-polish.md
prepare	Reconcile surviving predecessor source PR	2026-09-06T23:20:13.3632438Z USELESSKEY-SPEC-0020   spec       accepted     docs/specs/USELESSKEY-SPEC-0020-downstream-policy-pack.md
prepare	Reconcile surviving predecessor source PR	2026-09-06T23:20:13.3633686Z USELESSKEY-SPEC-0021   spec       accepted     docs/specs/USELESSKEY-SPEC-0021-material-classification.md
prepare	Reconcile surviving predecessor source PR	2026-09-06T23:20:13.3634898Z USELESSKEY-SPEC-0022   spec       accepted     docs/specs/USELESSKEY-SPEC-0022-task-first-docs.md
prepare	Reconcile surviving predecessor source PR	2026-09-06T23:20:13.3636211Z USELESSKEY-PLAN-0015   plan       implemented  plans/adoption-confidence/closeout.md
prepare	Reconcile surviving predecessor source PR	2026-09-06T23:20:13.3637239Z USELESSKEY-PLAN-0004   plan       implemented  plans/claim-backed-verification/closeout.md
prepare	Reconcile surviving predecessor source PR	2026-09-06T23:20:13.3638386Z USELESSKEY-PLAN-0003   plan       accepted     plans/claim-backed-verification/implementation-plan.md
prepare	Reconcile surviving predecessor source PR	2026-09-06T23:20:13.3639499Z USELESSKEY-PLAN-0023   plan       implemented  plans/downstream-ci-polish/closeout.md
prepare	Reconcile surviving predecessor source PR	2026-09-06T23:20:13.3640565Z USELESSKEY-PLAN-0022   plan       accepted     plans/downstream-ci-polish/implementation-plan.md
prepare	Reconcile surviving predecessor source PR	2026-09-06T23:20:13.3641593Z USELESSKEY-PLAN-0014   plan       implemented  plans/first-run-ux/closeout.md
prepare	Reconcile surviving predecessor source PR	2026-09-06T23:20:13.3642574Z USELESSKEY-PLAN-0013   plan       accepted     plans/first-run-ux/implementation-plan.md
prepare	Reconcile surviving predecessor source PR	2026-09-06T23:20:13.3643573Z USELESSKEY-PLAN-0021   plan       implemented  plans/installed-bundle-audit/closeout.md
prepare	Reconcile surviving predecessor source PR	2026-09-06T23:20:13.3644652Z USELESSKEY-PLAN-0020   plan       accepted     plans/installed-bundle-audit/implementation-plan.md
prepare	Reconcile surviving predecessor source PR	2026-09-06T23:20:13.3645686Z USELESSKEY-PLAN-0008   plan       implemented  plans/no-panic-burndown/closeout.md
prepare	Reconcile surviving predecessor source PR	2026-09-06T23:20:13.3646941Z USELESSKEY-PLAN-0007   plan       accepted     plans/no-panic-burndown/implementation-plan.md
prepare	Reconcile surviving predecessor source PR	2026-09-06T23:20:13.3647967Z USELESSKEY-PLAN-0006   plan       implemented  plans/pr-lite-evidence/closeout.md
prepare	Reconcile surviving predecessor source PR	2026-09-06T23:20:13.3648967Z USELESSKEY-PLAN-0005   plan       accepted     plans/pr-lite-evidence/implementation-plan.md
prepare	Reconcile surviving predecessor source PR	2026-09-06T23:20:13.3650055Z USELESSKEY-PLAN-0024   plan       accepted     plans/real-workflow-closure/implementation-plan.md
prepare	Reconcile surviving predecessor source PR	2026-09-06T23:20:13.3651119Z USELESSKEY-PLAN-0002   plan       implemented  plans/spec-system/closeout.md
prepare	Reconcile surviving predecessor source PR	2026-09-06T23:20:13.3652314Z USELESSKEY-PLAN-0001   plan       implemented  plans/spec-system/implementation-plan.md
prepare	Reconcile surviving predecessor source PR	2026-09-06T23:20:13.3653615Z USELESSKEY-PLAN-0026   plan       implemented  plans/usability-polish/closeout.md
prepare	Reconcile surviving predecessor source PR	2026-09-06T23:20:13.3654674Z USELESSKEY-PLAN-0025   plan       accepted     plans/usability-polish/implementation-plan.md
prepare	Reconcile surviving predecessor source PR	2026-09-06T23:20:13.3656047Z USELESSKEY-PLAN-0019   plan       implemented  plans/v0.10.0-external-adoption/closeout.md
prepare	Reconcile surviving predecessor source PR	2026-09-06T23:20:13.3657210Z USELESSKEY-PLAN-0018   plan       accepted     plans/v0.10.0-external-adoption/implementation-plan.md
prepare	Reconcile surviving predecessor source PR	2026-09-06T23:20:13.3658291Z USELESSKEY-PLAN-0012   plan       implemented  plans/v0.9.0-release/closeout.md
prepare	Reconcile surviving predecessor source PR	2026-09-06T23:20:13.3659260Z USELESSKEY-PLAN-0011   plan       accepted     plans/v0.9.0-release/implementation-plan.md
prepare	Reconcile surviving predecessor source PR	2026-09-06T23:20:13.3660235Z USELESSKEY-PLAN-0017   plan       implemented  plans/v0.9.1-release/closeout.md
prepare	Reconcile surviving predecessor source PR	2026-09-06T23:20:13.3661221Z USELESSKEY-PLAN-0016   plan       accepted     plans/v0.9.1-release/implementation-plan.md
prepare	Reconcile surviving predecessor source PR	2026-09-06T23:20:13.3662250Z USELESSKEY-PLAN-0010   plan       implemented  plans/webhook-contract-pack/closeout.md
prepare	Reconcile surviving predecessor source PR	2026-09-06T23:20:13.3663362Z USELESSKEY-PLAN-0009   plan       accepted     plans/webhook-contract-pack/implementation-plan.md
prepare	Reconcile surviving predecessor source PR	2026-09-06T23:20:13.3664046Z 
prepare	Reconcile surviving predecessor source PR	2026-09-06T23:20:13.3664171Z claims:
prepare	Reconcile surviving predecessor source PR	2026-09-06T23:20:13.3664496Z - scanner-safe-fixtures (stable)
prepare	Reconcile surviving predecessor source PR	2026-09-06T23:20:13.3664969Z - ripr-plus-evidence-endpoint (stable)
prepare	Reconcile surviving predecessor source PR	2026-09-06T23:20:13.3665452Z - tls-contract-pack (stable)
prepare	Reconcile surviving predecessor source PR	2026-09-06T23:20:13.3666093Z - oidc-jwks-contract-pack (stable)
prepare	Reconcile surviving predecessor source PR	2026-09-06T23:20:13.3666550Z - webhook-contract-pack (stable)
prepare	Reconcile surviving predecessor source PR	2026-09-06T23:20:13.3667029Z - public-crate-surface-cleanup (stable)
prepare	Reconcile surviving predecessor source PR	2026-09-06T23:20:13.3667593Z - external-cratesio-install-smoke (release-proof)
prepare	Reconcile surviving predecessor source PR	2026-09-06T23:20:13.3668172Z - generated-badge-endpoints (stable)
prepare	Reconcile surviving predecessor source PR	2026-09-06T23:20:13.3668664Z - ripr-pr-review-evidence (advisory)
prepare	Reconcile surviving predecessor source PR	2026-09-06T23:20:13.3669622Z ^[[1m^[[30;104m RUN ^[[0m^[[0m ^[[1m"cargo" "fmt" "--all" "--" "--check"^[[0m
prepare	Reconcile surviving predecessor source PR	2026-09-06T23:20:14.4100805Z ==> fmt [ok, 1.1s]
prepare	Reconcile surviving predecessor source PR	2026-09-06T23:20:14.4101538Z ==> clippy
prepare	Reconcile surviving predecessor source PR	2026-09-06T23:20:14.4102804Z ^[[1m^[[30;104m RUN ^[[0m^[[0m ^[[1m"cargo" "clippy" "--workspace" "--all-targets" "--all-features" "--" "-D" "warnings"^[[0m
prepare	Reconcile surviving predecessor source PR	2026-09-06T23:20:14.5848974Z ^[[1m^[[92m Downloading^[[0m crates ...
prepare	Reconcile surviving predecessor source PR	2026-09-06T23:20:14.8517364Z ^[[1m^[[92m  Downloaded^[[0m aead v0.5.2
prepare	Reconcile surviving predecessor source PR	2026-09-06T23:20:14.8548892Z ^[[1m^[[92m  Downloaded^[[0m atomic-waker v1.1.2
prepare	Reconcile surviving predecessor source PR	2026-09-06T23:20:14.8570997Z ^[[1m^[[92m  Downloaded^[[0m argon2 v0.5.3
prepare	Reconcile surviving predecessor source PR	2026-09-06T23:20:14.8595966Z ^[[1m^[[92m  Downloaded^[[0m anes v0.1.6
prepare	Reconcile surviving predecessor source PR	2026-09-06T23:20:14.8655364Z ^[[1m^[[92m  Downloaded^[[0m alloca v0.4.0
prepare	Reconcile surviving predecessor source PR	2026-09-06T23:20:14.8697718Z ^[[1m^[[92m  Downloaded^[[0m aes v0.8.4
prepare	Reconcile surviving predecessor source PR	2026-09-06T23:20:14.8745237Z ^[[1m^[[92m  Downloaded^[[0m httpdate v1.0.3
prepare	Reconcile surviving predecessor source PR	2026-09-06T23:20:14.8770079Z ^[[1m^[[92m  Downloaded^[[0m sealed v0.6.0
prepare	Reconcile surviving predecessor source PR	2026-09-06T23:20:14.8815669Z ^[[1m^[[92m  Downloaded^[[0m humantime v2.3.0
prepare	Reconcile surviving predecessor source PR	2026-09-06T23:20:14.8846467Z ^[[1m^[[92m  Downloaded^[[0m icu_properties v2.1.2
prepare	Reconcile surviving predecessor source PR	2026-09-06T23:20:14.8879443Z ^[[1m^[[92m  Downloaded^[[0m icu_provider v2.1.1
prepare	Reconcile surviving predecessor source PR	2026-09-06T23:20:14.8918595Z ^[[1m^[[92m  Downloaded^[[0m inflections v1.1.1
prepare	Reconcile surviving predecessor source PR	2026-09-06T23:20:14.8939064Z ^[[1m^[[92m  Downloaded^[[0m icu_normalizer_data v2.1.1
prepare	Reconcile surviving predecessor source PR	2026-09-06T23:20:14.8970549Z ^[[1m^[[92m  Downloaded^[[0m ident_case v1.0.1
prepare	Reconcile surviving predecessor source PR	2026-09-06T23:20:14.8994232Z ^[[1m^[[92m  Downloaded^[[0m http-body v1.0.1
prepare	Reconcile surviving predecessor source PR	2026-09-06T23:20:14.9017474Z ^[[1m^[[92m  Downloaded^[[0m hyper-util v0.1.20
prepare	Reconcile surviving predecessor source PR	2026-09-06T23:20:14.9114825Z ^[[1m^[[92m  Downloaded^[[0m proc-macro-crate v3.5.0
prepare	Reconcile surviving predecessor source PR	2026-09-06T23:20:14.9155420Z ^[[1m^[[92m  Downloaded^[[0m terminal_size v0.4.4
prepare	Reconcile surviving predecessor source PR	2026-09-06T23:20:14.9201924Z ^[[1m^[[92m  Downloaded^[[0m want v0.3.1
prepare	Reconcile surviving predecessor source PR	2026-09-06T23:20:14.9234457Z ^[[1m^[[92m  Downloaded^[[0m writeable v0.6.2
prepare	Reconcile surviving predecessor source PR	2026-09-06T23:20:14.9273246Z ^[[1m^[[92m  Downloaded^[[0m tracing-core v0.1.36
prepare	Reconcile surviving predecessor source PR	2026-09-06T23:20:14.9315383Z ^[[1m^[[92m  Downloaded^[[0m toml_edit v0.25.8+spec-1.1.0
prepare	Reconcile surviving predecessor source PR	2026-09-06T23:20:14.9373059Z ^[[1m^[[92m  Downloaded^[[0m tower v0.5.3
prepare	Reconcile surviving predecessor source PR	2026-09-06T23:20:14.9487237Z ^[[1m^[[92m  Downloaded^[[0m tower-http v0.6.8
prepare	Reconcile surviving predecessor source PR	2026-09-06T23:20:14.9579182Z ^[[1m^[[92m  Downloaded^[[0m relative-path v1.9.3
prepare	Reconcile surviving predecessor source PR	2026-09-06T23:20:14.9595400Z ^[[1m^[[92m  Downloaded^[[0m snafu-derive v0.8.9
prepare	Reconcile surviving predecessor source PR	2026-09-06T23:20:14.9617474Z ^[[1m^[[92m  Downloaded^[[0m unicode-xid v0.2.6
prepare	Reconcile surviving predecessor source PR	2026-09-06T23:20:14.9642110Z ^[[1m^[[92m  Downloaded^[[0m zeroize_derive v1.4.3
prepare	Reconcile surviving predecessor source PR	2026-09-06T23:20:14.9657802Z ^[[1m^[[92m  Downloaded^[[0m webpki-roots v1.0.6
prepare	Reconcile surviving predecessor source PR	2026-09-06T23:20:14.9697423Z ^[[1m^[[92m  Downloaded^[[0m litemap v0.8.1
prepare	Reconcile surviving predecessor source PR	2026-09-06T23:20:14.9727701Z ^[[1m^[[92m  Downloaded^[[0m yoke v0.8.1
prepare	Reconcile surviving predecessor source PR	2026-09-06T23:20:14.9755969Z ^[[1m^[[92m  Downloaded^[[0m quinn-udp v0.5.14
prepare	Reconcile surviving predecessor source PR	2026-09-06T23:20:14.9780118Z ^[[1m^[[92m  Downloaded^[[0m tracing-attributes v0.1.31
prepare	Reconcile surviving predecessor source PR	2026-09-06T23:20:14.9812837Z ^[[1m^[[92m  Downloaded^[[0m ryu v1.0.23
prepare	Reconcile surviving predecessor source PR	2026-09-06T23:20:14.9854294Z ^[[1m^[[92m  Downloaded^[[0m typed-builder v0.23.2
prepare	Reconcile surviving predecessor source PR	2026-09-06T23:20:14.9881568Z ^[[1m^[[92m  Downloaded^[[0m socket2 v0.6.3
prepare	Reconcile surviving predecessor source PR	2026-09-06T23:20:14.9904131Z ^[[1m^[[92m  Downloaded^[[0m pin-project v1.1.11
prepare	Reconcile surviving predecessor source PR	2026-09-06T23:20:15.0047359Z ^[[1m^[[92m  Downloaded^[[0m zerofrom v0.1.6
prepare	Reconcile surviving predecessor source PR	2026-09-06T23:20:15.0061416Z ^[[1m^[[92m  Downloaded^[[0m quinn v0.11.9
prepare	Reconcile surviving predecessor source PR	2026-09-06T23:20:15.0105236Z ^[[1m^[[92m  Downloaded^[[0m zerofrom-derive v0.1.6
prepare	Reconcile surviving predecessor source PR	2026-09-06T23:20:15.0120513Z ^[[1m^[[92m  Downloaded^[[0m zerotrie v0.2.3
prepare	Reconcile surviving predecessor source PR	2026-09-06T23:20:15.0163717Z ^[[1m^[[92m  Downloaded^[[0m zerovec-derive v0.11.2
prepare	Reconcile surviving predecessor source PR	2026-09-06T23:20:15.0183141Z ^[[1m^[[92m  Downloaded^[[0m itertools v0.13.0
prepare	Reconcile surviving predecessor source PR	2026-09-06T23:20:15.0256418Z ^[[1m^[[92m  Downloaded^[[0m zerovec v0.11.5
prepare	Reconcile surviving predecessor source PR	2026-09-06T23:20:15.0313529Z ^[[1m^[[92m  Downloaded^[[0m reqwest v0.12.28
prepare	Reconcile surviving predecessor source PR	2026-09-06T23:20:15.0371356Z ^[[1m^[[92m  Downloaded^[[0m p384 v0.13.1
prepare	Reconcile surviving predecessor source PR	2026-09-06T23:20:15.0419561Z ^[[1m^[[92m  Downloaded^[[0m proptest v1.11.0
prepare	Reconcile surviving predecessor source PR	2026-09-06T23:20:15.0520510Z ^[[1m^[[92m  Downloaded^[[0m p521 v0.13.3
prepare	Reconcile surviving predecessor source PR	2026-09-06T23:20:15.0559937Z ^[[1m^[[92m  Downloaded^[[0m quinn-proto v0.11.14
prepare	Reconcile surviving predecessor source PR	2026-09-06T23:20:15.0631122Z ^[[1m^[[92m  Downloaded^[[0m nom v8.0.0
prepare	Reconcile surviving predecessor source PR	2026-09-06T23:20:15.0689347Z ^[[1m^[[92m  Downloaded^[[0m itertools v0.14.0
prepare	Reconcile surviving predecessor source PR	2026-09-06T23:20:15.0762438Z ^[[1m^[[92m  Downloaded^[[0m idna v1.1.0
prepare	Reconcile surviving predecessor source PR	2026-09-06T23:20:15.0800712Z ^[[1m^[[92m  Downloaded^[[0m iri-string v0.7.12
prepare	Reconcile surviving predecessor source PR	2026-09-06T23:20:15.0886622Z ^[[1m^[[92m  Downloaded^[[0m unicode-segmentation v1.13.2
prepare	Reconcile surviving predecessor source PR	2026-09-06T23:20:15.0919458Z ^[[1m^[[92m  Downloaded^[[0m mio v1.2.0
prepare	Reconcile surviving predecessor source PR	2026-09-06T23:20:15.0982826Z ^[[1m^[[92m  Downloaded^[[0m yoke-derive v0.8.1
prepare	Reconcile surviving predecessor source PR	2026-09-06T23:20:15.0995356Z ^[[1m^[[92m  Downloaded^[[0m rustls v0.23.43
prepare	Reconcile surviving predecessor source PR	2026-09-06T23:20:15.1114686Z ^[[1m^[[92m  Downloaded^[[0m url v2.5.8
prepare	Reconcile surviving predecessor source PR	2026-09-06T23:20:15.1142732Z ^[[1m^[[92m  Downloaded^[[0m rand v0.9.2
prepare	Reconcile surviving predecessor source PR	2026-09-06T23:20:15.1183555Z ^[[1m^[[92m  Downloaded^[[0m rustls-webpki v0.103.13
prepare	Reconcile surviving predecessor source PR	2026-09-06T23:20:15.1216631Z ^[[1m^[[92m  Downloaded^[[0m rstest_macros v0.26.1
prepare	Reconcile surviving predecessor source PR	2026-09-06T23:20:15.1251821Z ^[[1m^[[92m  Downloaded^[[0m k256 v0.13.4
prepare	Reconcile surviving predecessor source PR	2026-09-06T23:20:15.1293166Z ^[[1m^[[92m  Downloaded^[[0m typed-builder-macro v0.23.2
prepare	Reconcile surviving predecessor source PR	2026-09-06T23:20:15.1312243Z ^[[1m^[[92m  Downloaded^[[0m snafu v0.8.9
prepare	Reconcile surviving predecessor source PR	2026-09-06T23:20:15.1381580Z ^[[1m^[[92m  Downloaded^[[0m log v0.4.29
prepare	Reconcile surviving predecessor source PR	2026-09-06T23:20:15.1409527Z ^[[1m^[[92m  Downloaded^[[0m rstest v0.26.1
prepare	Reconcile surviving predecessor source PR	2026-09-06T23:20:15.1481953Z ^[[1m^[[92m  Downloaded^[[0m p256 v0.13.2
prepare	Reconcile surviving predecessor source PR	2026-09-06T23:20:15.1519634Z ^[[1m^[[92m  Downloaded^[[0m sec1 v0.7.3
prepare	Reconcile surviving predecessor source PR	2026-09-06T23:20:15.1539105Z ^[[1m^[[92m  Downloaded^[[0m pin-project-internal v1.1.11
prepare	Reconcile surviving predecessor source PR	2026-09-06T23:20:15.1557617Z ^[[1m^[[92m  Downloaded^[[0m matchit v0.8.4
prepare	Reconcile surviving predecessor source PR	2026-09-06T23:20:15.1582419Z ^[[1m^[[92m  Downloaded^[[0m ignore v0.4.25
prepare	Reconcile surviving predecessor source PR	2026-09-06T23:20:15.1607913Z ^[[1m^[[92m  Downloaded^[[0m wyz v0.5.1
prepare	Reconcile surviving predecessor source PR	2026-09-06T23:20:15.1629177Z ^[[1m^[[92m  Downloaded^[[0m rustversion v1.0.22
prepare	Reconcile surviving predecessor source PR	2026-09-06T23:20:15.1660954Z ^[[1m^[[92m  Downloaded^[[0m tracing v0.1.44
prepare	Reconcile surviving predecessor source PR	2026-09-06T23:20:15.1820607Z ^[[1m^[[92m  Downloaded^[[0m simple_asn1 v0.6.4
prepare	Reconcile surviving predecessor source PR	2026-09-06T23:20:15.1837757Z ^[[1m^[[92m  Downloaded^[[0m rusty-fork v0.3.1
prepare	Reconcile surviving predecessor source PR	2026-09-06T23:20:15.1855999Z ^[[1m^[[92m  Downloaded^[[0m jobserver v0.1.34
prepare	Reconcile surviving predecessor source PR	2026-09-06T23:20:15.1880233Z ^[[1m^[[92m  Downloaded^[[0m sha1-checked v0.10.0
prepare	Reconcile surviving predecessor source PR	2026-09-06T23:20:15.1942528Z ^[[1m^[[92m  Downloaded^[[0m icu_properties_data v2.1.2
prepare	Reconcile surviving predecessor source PR	2026-09-06T23:20:15.2049587Z ^[[1m^[[92m  Downloaded^[[0m untrusted v0.7.1
prepare	Reconcile surviving predecessor source PR	2026-09-06T23:20:15.2063291Z ^[[1m^[[92m  Downloaded^[[0m tower-layer v0.3.3
prepare	Reconcile surviving predecessor source PR	2026-09-06T23:20:15.2075127Z ^[[1m^[[92m  Downloaded^[[0m sha3 v0.10.8
prepare	Reconcile surviving predecessor source PR	2026-09-06T23:20:15.2123005Z ^[[1m^[[92m  Downloaded^[[0m ripemd v0.1.3
prepare	Reconcile surviving predecessor source PR	2026-09-06T23:20:15.2142220Z ^[[1m^[[92m  Downloaded^[[0m rand_chacha v0.9.0
prepare	Reconcile surviving predecessor source PR	2026-09-06T23:20:15.2156978Z ^[[1m^[[92m  Downloaded^[[0m tokio v1.52.3
prepare	Reconcile surviving predecessor source PR	2026-09-06T23:20:15.2603576Z ^[[1m^[[92m  Downloaded^[[0m peg-macros v0.6.3
prepare	Reconcile surviving predecessor source PR	2026-09-06T23:20:15.2619204Z ^[[1m^[[92m  Downloaded^[[0m num_enum v0.7.6
prepare	Reconcile surviving predecessor source PR	2026-09-06T23:20:15.2680570Z ^[[1m^[[92m  Downloaded^[[0m slab v0.4.12
prepare	Reconcile surviving predecessor source PR	2026-09-06T23:20:15.2695230Z ^[[1m^[[92m  Downloaded^[[0m serde_path_to_error v0.1.20
prepare	Reconcile surviving predecessor source PR	2026-09-06T23:20:15.2713166Z ^[[1m^[[92m  Downloaded^[[0m ref-cast v1.0.25
prepare	Reconcile surviving predecessor source PR	2026-09-06T23:20:15.2745370Z ^[[1m^[[92m  Downloaded^[[0m jsonwebtoken v10.4.0
prepare	Reconcile surviving predecessor source PR	2026-09-06T23:20:15.2799236Z ^[[1m^[[92m  Downloaded^[[0m rand_core v0.9.5
prepare	Reconcile surviving predecessor source PR	2026-09-06T23:20:15.2814315Z ^[[1m^[[92m  Downloaded^[[0m primeorder v0.13.6
prepare	Reconcile surviving predecessor source PR	2026-09-06T23:20:15.2830136Z ^[[1m^[[92m  Downloaded^[[0m pin-project-lite v0.2.17
prepare	Reconcile surviving predecessor source PR	2026-09-06T23:20:15.2890402Z ^[[1m^[[92m  Downloaded^[[0m inout v0.1.4
prepare	Reconcile surviving predecessor source PR	2026-09-06T23:20:15.2902936Z ^[[1m^[[92m  Downloaded^[[0m idna_adapter v1.2.1
prepare	Reconcile surviving predecessor source PR	2026-09-06T23:20:15.2913837Z ^[[1m^[[92m  Downloaded^[[0m polyval v0.6.2
prepare	Reconcile surviving predecessor source PR	2026-09-06T23:20:15.2932824Z ^[[1m^[[92m  Downloaded^[[0m zerocopy-derive v0.8.48
prepare	Reconcile surviving predecessor source PR	2026-09-06T23:20:15.3027944Z ^[[1m^[[92m  Downloaded^[[0m oorandom v11.1.5
prepare	Reconcile surviving predecessor source PR	2026-09-06T23:20:15.3042442Z ^[[1m^[[92m  Downloaded^[[0m md-5 v0.10.6
prepare	Reconcile surviving predecessor source PR	2026-09-06T23:20:15.3060559Z ^[[1m^[[92m  Downloaded^[[0m ipnet v2.12.0
prepare	Reconcile surviving predecessor source PR	2026-09-06T23:20:15.3077774Z ^[[1m^[[92m  Downloaded^[[0m bitvec v1.0.1
prepare	Reconcile surviving predecessor source PR	2026-09-06T23:20:15.3248729Z ^[[1m^[[92m  Downloaded^[[0m axum v0.8.8
prepare	Reconcile surviving predecessor source PR	2026-09-06T23:20:15.3331188Z ^[[1m^[[92m  Downloaded^[[0m tokio-util v0.7.18
prepare	Reconcile surviving predecessor source PR	2026-09-06T23:20:15.3410402Z ^[[1m^[[92m  Downloaded^[[0m tinyvec_macros v0.1.1
prepare	Reconcile surviving predecessor source PR	2026-09-06T23:20:15.3418978Z ^[[1m^[[92m  Downloaded^[[0m smart-default v0.7.1
prepare	Reconcile surviving predecessor source PR	2026-09-06T23:20:15.3434125Z ^[[1m^[[92m  Downloaded^[[0m serdect v0.2.0
prepare	Reconcile surviving predecessor source PR	2026-09-06T23:20:15.3449339Z ^[[1m^[[92m  Downloaded^[[0m rustc-hash v2.1.2
prepare	Reconcile surviving predecessor source PR	2026-09-06T23:20:15.3463750Z ^[[1m^[[92m  Downloaded^[[0m rfc6979 v0.4.0
prepare	Reconcile surviving predecessor source PR	2026-09-06T23:20:15.3474707Z ^[[1m^[[92m  Downloaded^[[0m x25519-dalek v2.0.1
prepare	Reconcile surviving predecessor source PR	2026-09-06T23:20:15.3492929Z ^[[1m^[[92m  Downloaded^[[0m rand_xorshift v0.4.0
prepare	Reconcile surviving predecessor source PR	2026-09-06T23:20:15.3503885Z ^[[1m^[[92m  Downloaded^[[0m radium v0.7.0
prepare	Reconcile surviving predecessor source PR	2026-09-06T23:20:15.3516235Z ^[[1m^[[92m  Downloaded^[[0m peg-runtime v0.6.3
prepare	Reconcile surviving predecessor source PR	2026-09-06T23:20:15.3523181Z ^[[1m^[[92m  Downloaded^[[0m zlib-rs v0.6.3
prepare	Reconcile surviving predecessor source PR	2026-09-06T23:20:15.3576129Z ^[[1m^[[92m  Downloaded^[[0m hyper v1.8.1
prepare	Reconcile surviving predecessor source PR	2026-09-06T23:20:15.3641667Z ^[[1m^[[92m  Downloaded^[[0m hkdf v0.12.4
prepare	Reconcile surviving predecessor source PR	2026-09-06T23:20:15.3667624Z ^[[1m^[[92m  Downloaded^[[0m h2 v0.4.16
prepare	Reconcile surviving predecessor source PR	2026-09-06T23:20:15.3731728Z ^[[1m^[[92m  Downloaded^[[0m futures-util v0.3.32
prepare	Reconcile surviving predecessor source PR	2026-09-06T23:20:15.3863232Z ^[[1m^[[92m  Downloaded^[[0m tonic v0.14.6
prepare	Reconcile surviving predecessor source PR	2026-09-06T23:20:15.3923983Z ^[[1m^[[92m  Downloaded^[[0m ssh-key v0.6.7
prepare	Reconcile surviving predecessor source PR	2026-09-06T23:20:15.3998342Z ^[[1m^[[92m  Downloaded^[[0m ssh-cipher v0.2.0
prepare	Reconcile surviving predecessor source PR	2026-09-06T23:20:15.4009882Z ^[[1m^[[92m  Downloaded^[[0m sha1 v0.10.6
prepare	Reconcile surviving predecessor source PR	2026-09-06T23:20:15.4027102Z ^[[1m^[[92m  Downloaded^[[0m serdect v0.3.0
prepare	Reconcile surviving predecessor source PR	2026-09-06T23:20:15.4041683Z ^[[1m^[[92m  Downloaded^[[0m same-file v1.0.6
prepare	Reconcile surviving predecessor source PR	2026-09-06T23:20:15.4055852Z ^[[1m^[[92m  Downloaded^[[0m derive_more v2.1.1
prepare	Reconcile surviving predecessor source PR	2026-09-06T23:20:15.4187464Z ^[[1m^[[92m  Downloaded^[[0m cucumber v0.23.0
prepare	Reconcile surviving predecessor source PR	2026-09-06T23:20:15.4233143Z ^[[1m^[[92m  Downloaded^[[0m criterion v0.8.2
prepare	Reconcile surviving predecessor source PR	2026-09-06T23:20:15.4307500Z ^[[1m^[[92m  Downloaded^[[0m camellia v0.1.0
prepare	Reconcile surviving predecessor source PR	2026-09-06T23:20:15.4327137Z ^[[1m^[[92m  Downloaded^[[0m potential_utf v0.1.4
prepare	Reconcile surviving predecessor source PR	2026-09-06T23:20:15.4337906Z ^[[1m^[[92m  Downloaded^[[0m percent-encoding v2.3.2
prepare	Reconcile surviving predecessor source PR	2026-09-06T23:20:15.4347213Z ^[[1m^[[92m  Downloaded^[[0m linked-hash-map v0.5.6
prepare	Reconcile surviving predecessor source PR	2026-09-06T23:20:15.4358243Z ^[[1m^[[92m  Downloaded^[[0m http v1.5.0
prepare	Reconcile surviving predecessor source PR	2026-09-06T23:20:15.4394675Z ^[[1m^[[92m  Downloaded^[[0m flate2 v1.1.9
prepare	Reconcile surviving predecessor source PR	2026-09-06T23:20:15.4444996Z ^[[1m^[[92m  Downloaded^[[0m derive_more-impl v2.1.1
prepare	Reconcile surviving predecessor source PR	2026-09-06T23:20:15.4499289Z ^[[1m^[[92m  Downloaded^[[0m darling_core v0.20.11
prepare	Reconcile surviving predecessor source PR	2026-09-06T23:20:15.4551126Z ^[[1m^[[92m  Downloaded^[[0m bytes v1.11.1
prepare	Reconcile surviving predecessor source PR	2026-09-06T23:20:15.4592363Z ^[[1m^[[92m  Downloaded^[[0m tinyvec v1.11.0
prepare	Reconcile surviving predecessor source PR	2026-09-06T23:20:15.4619312Z ^[[1m^[[92m  Downloaded^[[0m textwrap v0.16.2
prepare	Reconcile surviving predecessor source PR	2026-09-06T23:20:15.4644770Z ^[[1m^[[92m  Downloaded^[[0m replace_with v0.1.8
prepare	Reconcile surviving predecessor source PR	2026-09-06T23:20:15.4655577Z ^[[1m^[[92m  Downloaded^[[0m password-hash v0.5.0
prepare	Reconcile surviving predecessor source PR	2026-09-06T23:20:15.4673986Z ^[[1m^[[92m  Downloaded^[[0m opaque-debug v0.3.1
prepare	Reconcile surviving predecessor source PR	2026-09-06T23:20:15.4683567Z ^[[1m^[[92m  Downloaded^[[0m num_enum_derive v0.7.6
prepare	Reconcile surviving predecessor source PR	2026-09-06T23:20:15.4696812Z ^[[1m^[[92m  Downloaded^[[0m nom_locate v5.0.0
prepare	Reconcile surviving predecessor source PR	2026-09-06T23:20:15.4714627Z ^[[1m^[[92m  Downloaded^[[0m mime v0.3.17
prepare	Reconcile surviving predecessor source PR	2026-09-06T23:20:15.4728246Z ^[[1m^[[92m  Downloaded^[[0m cx448 v0.1.1
prepare	Reconcile surviving predecessor source PR	2026-09-06T23:20:15.4769722Z ^[[1m^[[92m  Downloaded^[[0m crypto-bigint v0.5.5
prepare	Reconcile surviving predecessor source PR	2026-09-06T23:20:15.4843087Z ^[[1m^[[92m  Downloaded^[[0m bit-vec v0.8.0
prepare	Reconcile surviving predecessor source PR	2026-09-06T23:20:15.4860667Z ^[[1m^[[92m  Downloaded^[[0m walkdir v2.5.0
prepare	Reconcile surviving predecessor source PR	2026-09-06T23:20:15.4879207Z ^[[1m^[[92m  Downloaded^[[0m trybuild v1.0.120
prepare	Reconcile surviving predecessor source PR	2026-09-06T23:20:15.4928121Z ^[[1m^[[92m  Downloaded^[[0m tokio-stream v0.1.18
prepare	Reconcile surviving predecessor source PR	2026-09-06T23:20:15.4978216Z ^[[1m^[[92m  Downloaded^[[0m tokio-rustls v0.26.4
prepare	Reconcile surviving predecessor source PR	2026-09-06T23:20:15.4999233Z ^[[1m^[[92m  Downloaded^[[0m tinytemplate v1.2.1
prepare	Reconcile surviving predecessor source PR	2026-09-06T23:20:15.5015975Z ^[[1m^[[92m  Downloaded^[[0m ref-cast-impl v1.0.25
prepare	Reconcile surviving predecessor source PR	2026-09-06T23:20:15.5024619Z ^[[1m^[[92m  Downloaded^[[0m quick-error v1.2.3
prepare	Reconcile surviving predecessor source PR	2026-09-06T23:20:15.5038306Z ^[[1m^[[92m  Downloaded^[[0m page_size v0.6.0
prepare	Reconcile surviving predecessor source PR	2026-09-06T23:20:15.5049219Z ^[[1m^[[92m  Downloaded^[[0m ocb3 v0.1.0
prepare	Reconcile surviving predecessor source PR	2026-09-06T23:20:15.5062920Z ^[[1m^[[92m  Downloaded^[[0m hyper-timeout v0.5.2
prepare	Reconcile surviving predecessor source PR	2026-09-06T23:20:15.5077702Z ^[[1m^[[92m  Downloaded^[[0m hyper-rustls v0.27.7
prepare	Reconcile surviving predecessor source PR	2026-09-06T23:20:15.5101830Z ^[[1m^[[92m  Downloaded^[[0m httparse v1.10.1
prepare	Reconcile surviving predecessor source PR	2026-09-06T23:20:15.5127775Z ^[[1m^[[92m  Downloaded^[[0m gherkin v0.16.0
prepare	Reconcile surviving predecessor source PR	2026-09-06T23:20:15.5145598Z ^[[1m^[[92m  Downloaded^[[0m futures-timer v3.0.3
prepare	Reconcile surviving predecessor source PR	2026-09-06T23:20:15.5165558Z ^[[1m^[[92m  Downloaded^[[0m futures-executor v0.3.32
prepare	Reconcile surviving predecessor source PR	2026-09-06T23:20:15.5180281Z ^[[1m^[[92m  Downloaded^[[0m derive_builder_core v0.20.2
prepare	Reconcile surviving predecessor source PR	2026-09-06T23:20:15.5200961Z ^[[1m^[[92m  Downloaded^[[0m derive_builder v0.20.2
prepare	Reconcile surviving predecessor source PR	2026-09-06T23:20:15.5251848Z ^[[1m^[[92m  Downloaded^[[0m convert_case v0.10.0
prepare	Reconcile surviving predecessor source PR	2026-09-06T23:20:15.5268976Z ^[[1m^[[92m  Downloaded^[[0m cipher v0.4.4
prepare	Reconcile surviving predecessor source PR	2026-09-06T23:20:15.5284016Z ^[[1m^[[92m  Downloaded^[[0m ciborium v0.2.2
prepare	Reconcile surviving predecessor source PR	2026-09-06T23:20:15.5309074Z ^[[1m^[[92m  Downloaded^[[0m cfb-mode v0.8.2
prepare	Reconcile surviving predecessor source PR	2026-09-06T23:20:15.5324976Z ^[[1m^[[92m  Downloaded^[[0m cast5 v0.11.1
prepare	Reconcile surviving predecessor source PR	2026-09-06T23:20:15.5340691Z ^[[1m^[[92m  Downloaded^[[0m byteorder v1.5.0
prepare	Reconcile surviving predecessor source PR	2026-09-06T23:20:15.5357021Z ^[[1m^[[92m  Downloaded^[[0m pgp v0.19.0
prepare	Reconcile surviving predecessor source PR	2026-09-06T23:20:15.5973469Z ^[[1m^[[92m  Downloaded^[[0m buffer-redux v1.1.0
prepare	Reconcile surviving predecessor source PR	2026-09-06T23:20:15.5992727Z ^[[1m^[[92m  Downloaded^[[0m blowfish v0.9.1
prepare	Reconcile surviving predecessor source PR	2026-09-06T23:20:15.6007154Z ^[[1m^[[92m  Downloaded^[[0m blake2 v0.10.6
prepare	Reconcile surviving predecessor source PR	2026-09-06T23:20:15.6032377Z ^[[1m^[[92m  Downloaded^[[0m bitfields v1.0.3
prepare	Reconcile surviving predecessor source PR	2026-09-06T23:20:15.6077548Z ^[[1m^[[92m  Downloaded^[[0m utf8_iter v1.0.4
prepare	Reconcile surviving predecessor source PR	2026-09-06T23:20:15.6088426Z ^[[1m^[[92m  Downloaded^[[0m universal-hash v0.5.1
prepare	Reconcile surviving predecessor source PR	2026-09-06T23:20:15.6097377Z ^[[1m^[[92m  Downloaded^[[0m unicode-linebreak v0.1.5
prepare	Reconcile surviving predecessor source PR	2026-09-06T23:20:15.6107258Z ^[[1m^[[92m  Downloaded^[[0m unarray v0.1.4
prepare	Reconcile surviving predecessor source PR	2026-09-06T23:20:15.6119909Z ^[[1m^[[92m  Downloaded^[[0m twofish v0.7.1
prepare	Reconcile surviving predecessor source PR	2026-09-06T23:20:15.6132603Z ^[[1m^[[92m  Downloaded^[[0m try-lock v0.2.5
prepare	Reconcile surviving predecessor source PR	2026-09-06T23:20:15.6141584Z ^[[1m^[[92m  Downloaded^[[0m tower-service v0.3.3
prepare	Reconcile surviving predecessor source PR	2026-09-06T23:20:15.6149831Z ^[[1m^[[92m  Downloaded^[[0m tokio-macros v2.7.0
prepare	Reconcile surviving predecessor source PR	2026-09-06T23:20:15.6160673Z ^[[1m^[[92m  Downloaded^[[0m tinystr v0.8.2
prepare	Reconcile surviving predecessor source PR	2026-09-06T23:20:15.6180523Z ^[[1m^[[92m  Downloaded^[[0m termcolor v1.4.1
prepare	Reconcile surviving predecessor source PR	2026-09-06T23:20:15.6193501Z ^[[1m^[[92m  Downloaded^[[0m tap v1.0.1
prepare	Reconcile surviving predecessor source PR	2026-09-06T23:20:15.6203083Z ^[[1m^[[92m  Downloaded^[[0m synthez-core v0.4.0
prepare	Reconcile surviving predecessor source PR	2026-09-06T23:20:15.6219493Z ^[[1m^[[92m  Downloaded^[[0m synthez-codegen v0.4.0
prepare	Reconcile surviving predecessor source PR	2026-09-06T23:20:15.6227174Z ^[[1m^[[92m  Downloaded^[[0m serde_urlencoded v0.7.1
prepare	Reconcile surviving predecessor source PR	2026-09-06T23:20:15.6243648Z ^[[1m^[[92m  Downloaded^[[0m peg v0.6.3
prepare	Reconcile surviving predecessor source PR	2026-09-06T23:20:15.6276955Z ^[[1m^[[92m  Downloaded^[[0m fs_extra v1.3.0
prepare	Reconcile surviving predecessor source PR	2026-09-06T23:20:15.6293142Z ^[[1m^[[92m  Downloaded^[[0m either v1.15.0
prepare	Reconcile surviving predecessor source PR	2026-09-06T23:20:15.6308117Z ^[[1m^[[92m  Downloaded^[[0m dsa v0.6.3
prepare	Reconcile surviving predecessor source PR	2026-09-06T23:20:15.6331985Z ^[[1m^[[92m  Downloaded^[[0m crossbeam-epoch v0.9.20
prepare	Reconcile surviving predecessor source PR	2026-09-06T23:20:15.6356505Z ^[[1m^[[92m  Downloaded^[[0m crossbeam-deque v0.8.6
prepare	Reconcile surviving predecessor source PR	2026-09-06T23:20:15.6370107Z ^[[1m^[[92m  Downloaded^[[0m criterion-plot v0.8.2
prepare	Reconcile surviving predecessor source PR	2026-09-06T23:20:15.6388524Z ^[[1m^[[92m  Downloaded^[[0m cmake v0.1.58
prepare	Reconcile surviving predecessor source PR	2026-09-06T23:20:15.6402394Z ^[[1m^[[92m  Downloaded^[[0m cmac v0.7.2
prepare	Reconcile surviving predecessor source PR	2026-09-06T23:20:15.6422925Z ^[[1m^[[92m  Downloaded^[[0m bitfields-impl v1.0.3
prepare	Reconcile surviving predecessor source PR	2026-09-06T23:20:15.6442296Z ^[[1m^[[92m  Downloaded^[[0m base16ct v0.2.0
prepare	Reconcile surviving predecessor source PR	2026-09-06T23:20:15.6455994Z ^[[1m^[[92m  Downloaded^[[0m axum-core v0.5.6
prepare	Reconcile surviving predecessor source PR	2026-09-06T23:20:15.6478714Z ^[[1m^[[92m  Downloaded^[[0m target-triple v1.0.0
prepare	Reconcile surviving predecessor source PR	2026-09-06T23:20:15.6489525Z ^[[1m^[[92m  Downloaded^[[0m synthez v0.4.0
prepare	Reconcile surviving predecessor source PR	2026-09-06T23:20:15.6498418Z ^[[1m^[[92m  Downloaded^[[0m sync_wrapper v1.0.2
prepare	Reconcile surviving predecessor source PR	2026-09-06T23:20:15.6506670Z ^[[1m^[[92m  Downloaded^[[0m stable_deref_trait v1.2.1
prepare	Reconcile surviving predecessor source PR	2026-09-06T23:20:15.6515605Z ^[[1m^[[92m  Downloaded^[[0m ssh-encoding v0.2.0
prepare	Reconcile surviving predecessor source PR	2026-09-06T23:20:15.6530494Z ^[[1m^[[92m  Downloaded^[[0m smawk v0.3.2
prepare	Reconcile surviving predecessor source PR	2026-09-06T23:20:15.6545062Z ^[[1m^[[92m  Downloaded^[[0m pin-utils v0.1.0
prepare	Reconcile surviving predecessor source PR	2026-09-06T23:20:15.6557408Z ^[[1m^[[92m  Downloaded^[[0m inventory v0.3.23
prepare	Reconcile surviving predecessor source PR	2026-09-06T23:20:15.6579286Z ^[[1m^[[92m  Downloaded^[[0m globwalk v0.9.1
prepare	Reconcile surviving predecessor source PR	2026-09-06T23:20:15.6592476Z ^[[1m^[[92m  Downloaded^[[0m ff v0.13.1
prepare	Reconcile surviving predecessor source PR	2026-09-06T23:20:15.6607411Z ^[[1m^[[92m  Downloaded^[[0m ecdsa v0.16.9
prepare	Reconcile surviving predecessor source PR	2026-09-06T23:20:15.6624171Z ^[[1m^[[92m  Downloaded^[[0m derive_builder_macro v0.20.2
prepare	Reconcile surviving predecessor source PR	2026-09-06T23:20:15.6632594Z ^[[1m^[[92m  Downloaded^[[0m cucumber-codegen v0.23.0
prepare	Reconcile surviving predecessor source PR	2026-09-06T23:20:15.6644526Z ^[[1m^[[92m  Downloaded^[[0m ciborium-io v0.2.2
prepare	Reconcile surviving predecessor source PR	2026-09-06T23:20:15.6652264Z ^[[1m^[[92m  Downloaded^[[0m cfg_aliases v0.2.1
prepare	Reconcile surviving predecessor source PR	2026-09-06T23:20:15.6661983Z ^[[1m^[[92m  Downloaded^[[0m block-padding v0.3.3
prepare	Reconcile surviving predecessor source PR	2026-09-06T23:20:15.6671081Z ^[[1m^[[92m  Downloaded^[[0m bit-set v0.8.0
prepare	Reconcile surviving predecessor source PR	2026-09-06T23:20:15.6684576Z ^[[1m^[[92m  Downloaded^[[0m lru-slab v0.1.2
prepare	Reconcile surviving predecessor source PR	2026-09-06T23:20:15.6692840Z ^[[1m^[[92m  Downloaded^[[0m keccak v0.1.6
prepare	Reconcile surviving predecessor source PR	2026-09-06T23:20:15.6705001Z ^[[1m^[[92m  Downloaded^[[0m group v0.13.0
prepare	Reconcile surviving predecessor source PR	2026-09-06T23:20:15.6720953Z ^[[1m^[[92m  Downloaded^[[0m futures-macro v0.3.32
prepare	Reconcile surviving predecessor source PR	2026-09-06T23:20:15.6731862Z ^[[1m^[[92m  Downloaded^[[0m futures-io v0.3.32
prepare	Reconcile surviving predecessor source PR	2026-09-06T23:20:15.6740725Z ^[[1m^[[92m  Downloaded^[[0m form_urlencoded v1.2.2
prepare	Reconcile surviving predecessor source PR	2026-09-06T23:20:15.6749198Z ^[[1m^[[92m  Downloaded^[[0m crc24 v0.1.6
prepare	Reconcile surviving predecessor source PR	2026-09-06T23:20:15.6757273Z ^[[1m^[[92m  Downloaded^[[0m ciborium-ll v0.2.2
prepare	Reconcile surviving predecessor source PR	2026-09-06T23:20:15.6768216Z ^[[1m^[[92m  Downloaded^[[0m ghash v0.5.1
prepare	Reconcile surviving predecessor source PR	2026-09-06T23:20:15.6779951Z ^[[1m^[[92m  Downloaded^[[0m futures-core v0.3.32
prepare	Reconcile surviving predecessor source PR	2026-09-06T23:20:15.6793522Z ^[[1m^[[92m  Downloaded^[[0m dbl v0.3.2
prepare	Reconcile surviving predecessor source PR	2026-09-06T23:20:15.6801406Z ^[[1m^[[92m  Downloaded^[[0m cast v0.3.0
prepare	Reconcile surviving predecessor source PR	2026-09-06T23:20:15.6813040Z ^[[1m^[[92m  Downloaded^[[0m icu_collections v2.1.1
prepare	Reconcile surviving predecessor source PR	2026-09-06T23:20:15.6874365Z ^[[1m^[[92m  Downloaded^[[0m darling v0.20.11
prepare	Reconcile surviving predecessor source PR	2026-09-06T23:20:15.6923552Z ^[[1m^[[92m  Downloaded^[[0m icu_locale_core v2.1.1
prepare	Reconcile surviving predecessor source PR	2026-09-06T23:20:15.6992335Z ^[[1m^[[92m  Downloaded^[[0m half v2.7.1
prepare	Reconcile surviving predecessor source PR	2026-09-06T23:20:15.7019381Z ^[[1m^[[92m  Downloaded^[[0m fnv v1.0.7
prepare	Reconcile surviving predecessor source PR	2026-09-06T23:20:15.7028721Z ^[[1m^[[92m  Downloaded^[[0m icu_normalizer v2.1.1
prepare	Reconcile surviving predecessor source PR	2026-09-06T23:20:15.7063336Z ^[[1m^[[92m  Downloaded^[[0m http-body-util v0.1.3
prepare	Reconcile surviving predecessor source PR	2026-09-06T23:20:15.7081636Z ^[[1m^[[92m  Downloaded^[[0m globset v0.4.18
prepare	Reconcile surviving predecessor source PR	2026-09-06T23:20:15.7098396Z ^[[1m^[[92m  Downloaded^[[0m cucumber-expressions v0.5.0
prepare	Reconcile surviving predecessor source PR	2026-09-06T23:20:15.7113559Z ^[[1m^[[92m  Downloaded^[[0m bytecount v0.6.9
prepare	Reconcile surviving predecessor source PR	2026-09-06T23:20:15.7133223Z ^[[1m^[[92m  Downloaded^[[0m futures v0.3.32
prepare	Reconcile surviving predecessor source PR	2026-09-06T23:20:15.7182101Z ^[[1m^[[92m  Downloaded^[[0m eax v0.5.0
prepare	Reconcile surviving predecessor source PR	2026-09-06T23:20:15.7196078Z ^[[1m^[[92m  Downloaded^[[0m glob v0.3.3
prepare	Reconcile surviving predecessor source PR	2026-09-06T23:20:15.7211120Z ^[[1m^[[92m  Downloaded^[[0m futures-channel v0.3.32
prepare	Reconcile surviving predecessor source PR	2026-09-06T23:20:15.7230026Z ^[[1m^[[92m  Downloaded^[[0m dunce v1.0.5
prepare	Reconcile surviving predecessor source PR	2026-09-06T23:20:15.7239025Z ^[[1m^[[92m  Downloaded^[[0m futures-task v0.3.32
prepare	Reconcile surviving predecessor source PR	2026-09-06T23:20:15.7251027Z ^[[1m^[[92m  Downloaded^[[0m futures-sink v0.3.32
prepare	Reconcile surviving predecessor source PR	2026-09-06T23:20:15.7259682Z ^[[1m^[[92m  Downloaded^[[0m des v0.8.1
prepare	Reconcile surviving predecessor source PR	2026-09-06T23:20:15.7276786Z ^[[1m^[[92m  Downloaded^[[0m ctr v0.9.2
prepare	Reconcile surviving predecessor source PR	2026-09-06T23:20:15.7297655Z ^[[1m^[[92m  Downloaded^[[0m idea v0.5.1
prepare	Reconcile surviving predecessor source PR	2026-09-06T23:20:15.7311230Z ^[[1m^[[92m  Downloaded^[[0m hmac v0.12.1
prepare	Reconcile surviving predecessor source PR	2026-09-06T23:20:15.7330425Z ^[[1m^[[92m  Downloaded^[[0m elliptic-curve v0.13.8
prepare	Reconcile surviving predecessor source PR	2026-09-06T23:20:15.7368727Z ^[[1m^[[92m  Downloaded^[[0m darling_macro v0.20.11
prepare	Reconcile surviving predecessor source PR	2026-09-06T23:20:15.7375427Z ^[[1m^[[92m  Downloaded^[[0m getrandom v0.3.4
prepare	Reconcile surviving predecessor source PR	2026-09-06T23:20:15.7409163Z ^[[1m^[[92m  Downloaded^[[0m funty v2.0.0
prepare	Reconcile surviving predecessor source PR	2026-09-06T23:20:15.7416889Z ^[[1m^[[92m  Downloaded^[[0m aws-lc-rs v1.17.0
prepare	Reconcile surviving predecessor source PR	2026-09-06T23:20:15.7524497Z ^[[1m^[[92m  Downloaded^[[0m aes-gcm v0.10.3
prepare	Reconcile surviving predecessor source PR	2026-09-06T23:20:15.7554458Z ^[[1m^[[92m  Downloaded^[[0m aes-kw v0.2.1
prepare	Reconcile surviving predecessor source PR	2026-09-06T23:20:15.7571841Z ^[[1m^[[92m  Downloaded^[[0m aws-lc-sys v0.41.0
prepare	Reconcile surviving predecessor source PR	2026-09-06T23:20:16.3479350Z ^[[1m^[[92m   Compiling^[[0m libc v0.2.183
prepare	Reconcile surviving predecessor source PR	2026-09-06T23:20:16.3481116Z ^[[1m^[[92m   Compiling^[[0m syn v2.0.117
prepare	Reconcile surviving predecessor source PR	2026-09-06T23:20:16.3557367Z ^[[1m^[[92m    Checking^[[0m memchr v2.8.0
prepare	Reconcile surviving predecessor source PR	2026-09-06T23:20:16.3559275Z ^[[1m^[[92m   Compiling^[[0m serde_core v1.0.228
prepare	Reconcile surviving predecessor source PR	2026-09-06T23:20:16.7562589Z ^[[1m^[[92m   Compiling^[[0m serde v1.0.228
prepare	Reconcile surviving predecessor source PR	2026-09-06T23:20:16.9505557Z ^[[1m^[[92m   Compiling^[[0m zerocopy v0.8.48
prepare	Reconcile surviving predecessor source PR	2026-09-06T23:20:17.2357082Z ^[[1m^[[92m   Compiling^[[0m rustix v1.1.4
prepare	Reconcile surviving predecessor source PR	2026-09-06T23:20:17.2807348Z ^[[1m^[[92m   Compiling^[[0m jobserver v0.1.34
prepare	Reconcile surviving predecessor source PR	2026-09-06T23:20:17.4727535Z ^[[1m^[[92m   Compiling^[[0m cc v1.2.58
prepare	Reconcile surviving predecessor source PR	2026-09-06T23:20:18.6364084Z ^[[1m^[[92m    Checking^[[0m smallvec v1.15.1
prepare	Reconcile surviving predecessor source PR	2026-09-06T23:20:18.7887168Z ^[[1m^[[92m   Compiling^[[0m serde_json v1.0.151
prepare	Reconcile surviving predecessor source PR	2026-09-06T23:20:19.1096950Z ^[[1m^[[92m   Compiling^[[0m blake3 v1.8.5
prepare	Reconcile surviving predecessor source PR	2026-09-06T23:20:19.3427253Z ^[[1m^[[92m    Checking^[[0m tempfile v3.27.0
prepare	Reconcile surviving predecessor source PR	2026-09-06T23:20:19.5092191Z ^[[1m^[[92m    Checking^[[0m parking_lot_core v0.9.12
prepare	Reconcile surviving predecessor source PR	2026-09-06T23:20:19.6507538Z ^[[1m^[[92m    Checking^[[0m dashmap v6.2.1
prepare	Reconcile surviving predecessor source PR	2026-09-06T23:20:19.9037458Z ^[[1m^[[92m   Compiling^[[0m generic-array v0.14.7
prepare	Reconcile surviving predecessor source PR	2026-09-06T23:20:20.0217569Z ^[[1m^[[92m    Checking^[[0m base64ct v1.8.3
prepare	Reconcile surviving predecessor source PR	2026-09-06T23:20:20.2353759Z ^[[1m^[[92m    Checking^[[0m unicode-width v0.2.2
prepare	Reconcile surviving predecessor source PR	2026-09-06T23:20:20.2759612Z ^[[1m^[[92m   Compiling^[[0m pest v2.8.6
prepare	Reconcile surviving predecessor source PR	2026-09-06T23:20:20.3977184Z ^[[1m^[[92m    Checking^[[0m console v0.16.3
prepare	Reconcile surviving predecessor source PR	2026-09-06T23:20:20.7157271Z ^[[1m^[[92m    Checking^[[0m pem-rfc7468 v0.7.0
prepare	Reconcile surviving predecessor source PR	2026-09-06T23:20:20.8447040Z ^[[1m^[[92m    Checking^[[0m fnv v1.0.7
prepare	Reconcile surviving predecessor source PR	2026-09-06T23:20:20.8807115Z ^[[1m^[[92m   Compiling^[[0m getrandom v0.3.4
prepare	Reconcile surviving predecessor source PR	2026-09-06T23:20:21.0827100Z ^[[1m^[[92m    Checking^[[0m pem-rfc7468 v1.0.0
prepare	Reconcile surviving predecessor source PR	2026-09-06T23:20:21.3037171Z ^[[1m^[[92m    Checking^[[0m rand_core v0.9.5
prepare	Reconcile surviving predecessor source PR	2026-09-06T23:20:21.4357492Z ^[[1m^[[92m   Compiling^[[0m pest_meta v2.8.6
prepare	Reconcile surviving predecessor source PR	2026-09-06T23:20:21.4477163Z ^[[1m^[[92m    Checking^[[0m quick-error v1.2.3
prepare	Reconcile surviving predecessor source PR	2026-09-06T23:20:21.4917224Z ^[[1m^[[92m    Checking^[[0m bit-vec v0.8.0
prepare	Reconcile surviving predecessor source PR	2026-09-06T23:20:21.5148907Z ^[[1m^[[92m    Checking^[[0m rusty-fork v0.3.1
prepare	Reconcile surviving predecessor source PR	2026-09-06T23:20:21.5747175Z ^[[1m^[[92m   Compiling^[[0m zeroize_derive v1.4.3
prepare	Reconcile surviving predecessor source PR	2026-09-06T23:20:21.6406836Z ^[[1m^[[92m   Compiling^[[0m serde_derive v1.0.228
prepare	Reconcile surviving predecessor source PR	2026-09-06T23:20:21.6602019Z ^[[1m^[[92m   Compiling^[[0m zerocopy-derive v0.8.48
prepare	Reconcile surviving predecessor source PR	2026-09-06T23:20:22.0207724Z ^[[1m^[[92m    Checking^[[0m zeroize v1.8.2
prepare	Reconcile surviving predecessor source PR	2026-09-06T23:20:22.1173088Z ^[[1m^[[92m   Compiling^[[0m thiserror-impl v2.0.18
prepare	Reconcile surviving predecessor source PR	2026-09-06T23:20:23.2817259Z ^[[1m^[[92m    Checking^[[0m thiserror v2.0.18
prepare	Reconcile surviving predecessor source PR	2026-09-06T23:20:23.3227117Z ^[[1m^[[92m   Compiling^[[0m pest_generator v2.8.6
prepare	Reconcile surviving predecessor source PR	2026-09-06T23:20:23.7577199Z ^[[1m^[[92m    Checking^[[0m crypto-common v0.1.7
prepare	Reconcile surviving predecessor source PR	2026-09-06T23:20:23.8166976Z ^[[1m^[[92m    Checking^[[0m block-buffer v0.10.4
prepare	Reconcile surviving predecessor source PR	2026-09-06T23:20:23.8847192Z ^[[1m^[[92m    Checking^[[0m digest v0.10.7
prepare	Reconcile surviving predecessor source PR	2026-09-06T23:20:24.0297377Z ^[[1m^[[92m    Checking^[[0m der v0.7.10
prepare	Reconcile surviving predecessor source PR	2026-09-06T23:20:24.0427359Z ^[[1m^[[92m   Compiling^[[0m pest_derive v2.8.6
prepare	Reconcile surviving predecessor source PR	2026-09-06T23:20:24.2287302Z ^[[1m^[[92m    Checking^[[0m signature v2.2.0
prepare	Reconcile surviving predecessor source PR	2026-09-06T23:20:24.2967662Z ^[[1m^[[92m    Checking^[[0m sha2 v0.10.9
prepare	Reconcile surviving predecessor source PR	2026-09-06T23:20:24.5492696Z ^[[1m^[[92m    Checking^[[0m hybrid-array v0.4.9
prepare	Reconcile surviving predecessor source PR	2026-09-06T23:20:24.9466234Z ^[[1m^[[92m    Checking^[[0m spki v0.7.3
prepare	Reconcile surviving predecessor source PR	2026-09-06T23:20:25.0606967Z ^[[1m^[[92m    Checking^[[0m pkcs8 v0.10.2
prepare	Reconcile surviving predecessor source PR	2026-09-06T23:20:25.0910740Z ^[[1m^[[92m    Checking^[[0m crypto-common v0.2.1
prepare	Reconcile surviving predecessor source PR	2026-09-06T23:20:25.1567004Z ^[[1m^[[92m    Checking^[[0m block-buffer v0.12.0
prepare	Reconcile surviving predecessor source PR	2026-09-06T23:20:25.2447040Z ^[[1m^[[92m    Checking^[[0m der v0.8.0
prepare	Reconcile surviving predecessor source PR	2026-09-06T23:20:25.2546802Z ^[[1m^[[92m    Checking^[[0m insta v1.48.0
prepare	Reconcile surviving predecessor source PR	2026-09-06T23:20:25.8267703Z ^[[1m^[[92m    Checking^[[0m uselesskey-jwk v0.10.0 (/home/runner/work/uselesskey/uselesskey/crates/uselesskey-jwk)
prepare	Reconcile surviving predecessor source PR	2026-09-06T23:20:26.0297158Z ^[[1m^[[92m    Checking^[[0m digest v0.11.2
prepare	Reconcile surviving predecessor source PR	2026-09-06T23:20:26.1550362Z ^[[1m^[[92m    Checking^[[0m sha2 v0.11.0
prepare	Reconcile surviving predecessor source PR	2026-09-06T23:20:26.2317187Z ^[[1m^[[92m    Checking^[[0m crypto-bigint v0.7.3
prepare	Reconcile surviving predecessor source PR	2026-09-06T23:20:26.2647493Z ^[[1m^[[92m    Checking^[[0m spki v0.8.0-rc.4
prepare	Reconcile surviving predecessor source PR	2026-09-06T23:20:26.3807116Z ^[[1m^[[92m    Checking^[[0m pkcs8 v0.11.0-rc.11
prepare	Reconcile surviving predecessor source PR	2026-09-06T23:20:26.4827202Z ^[[1m^[[92m    Checking^[[0m bit-set v0.8.0
prepare	Reconcile surviving predecessor source PR	2026-09-06T23:20:26.5687510Z ^[[1m^[[92m    Checking^[[0m rand v0.9.2
prepare	Reconcile surviving predecessor source PR	2026-09-06T23:20:26.8163805Z ^[[1m^[[92m    Checking^[[0m ppv-lite86 v0.2.21
prepare	Reconcile surviving predecessor source PR	2026-09-06T23:20:26.9843184Z ^[[1m^[[92m    Checking^[[0m rand_xorshift v0.4.0
prepare	Reconcile surviving predecessor source PR	2026-09-06T23:20:27.0407963Z ^[[1m^[[92m    Checking^[[0m unarray v0.1.4
prepare	Reconcile surviving predecessor source PR	2026-09-06T23:20:27.0867771Z ^[[1m^[[92m   Compiling^[[0m num-bigint-dig v0.8.6
prepare	Reconcile surviving predecessor source PR	2026-09-06T23:20:27.1097665Z ^[[1m^[[92m    Checking^[[0m signature v3.0.0
prepare	Reconcile surviving predecessor source PR	2026-09-06T23:20:27.1237282Z ^[[1m^[[92m    Checking^[[0m rand_chacha v0.10.0
prepare	Reconcile surviving predecessor source PR	2026-09-06T23:20:27.1757687Z ^[[1m^[[92m    Checking^[[0m rand_chacha v0.9.0
prepare	Reconcile surviving predecessor source PR	2026-09-06T23:20:27.1993259Z ^[[1m^[[92m    Checking^[[0m rand_chacha v0.3.1
prepare	Reconcile surviving predecessor source PR	2026-09-06T23:20:27.2907839Z ^[[1m^[[92m    Checking^[[0m uselesskey-core v0.10.0 (/home/runner/work/uselesskey/uselesskey/crates/uselesskey-core)
prepare	Reconcile surviving predecessor source PR	2026-09-06T23:20:27.3157258Z ^[[1m^[[92m    Checking^[[0m proptest v1.11.0
prepare	Reconcile surviving predecessor source PR	2026-09-06T23:20:27.3697605Z ^[[1m^[[92m    Checking^[[0m rand v0.8.5
prepare	Reconcile surviving predecessor source PR	2026-09-06T23:20:27.5207190Z ^[[1m^[[92m    Checking^[[0m pkcs1 v0.7.5
prepare	Reconcile surviving predecessor source PR	2026-09-06T23:20:27.6926955Z ^[[1m^[[92m    Checking^[[0m pkcs1 v0.8.0-rc.4
prepare	Reconcile surviving predecessor source PR	2026-09-06T23:20:27.8667852Z ^[[1m^[[92m   Compiling^[[0m curve25519-dalek-derive v0.1.1
prepare	Reconcile surviving predecessor source PR	2026-09-06T23:20:28.3237188Z ^[[1m^[[92m    Checking^[[0m curve25519-dalek v4.1.3
prepare	Reconcile surviving predecessor source PR	2026-09-06T23:20:28.8597502Z ^[[1m^[[92m    Checking^[[0m rsa v0.9.10
prepare	Reconcile surviving predecessor source PR	2026-09-06T23:20:29.0846298Z ^[[1m^[[92m    Checking^[[0m crypto-primes v0.7.0
prepare	Reconcile surviving predecessor source PR	2026-09-06T23:20:29.2667116Z ^[[1m^[[92m    Checking^[[0m ed25519 v2.2.3
prepare	Reconcile surviving predecessor source PR	2026-09-06T23:20:29.3887661Z ^[[1m^[[92m    Checking^[[0m ed25519-dalek v2.2.0
prepare	Reconcile surviving predecessor source PR	2026-09-06T23:20:29.5277003Z ^[[1m^[[92m   Compiling^[[0m winnow v1.0.1
prepare	Reconcile surviving predecessor source PR	2026-09-06T23:20:29.5417062Z ^[[1m^[[92m    Checking^[[0m hmac v0.13.0
prepare	Reconcile surviving predecessor source PR	2026-09-06T23:20:29.6426952Z ^[[1m^[[92m    Checking^[[0m sec1 v0.8.0
prepare	Reconcile surviving predecessor source PR	2026-09-06T23:20:29.7957157Z ^[[1m^[[92m    Checking^[[0m elliptic-curve v0.14.0-rc.29
prepare	Reconcile surviving predecessor source PR	2026-09-06T23:20:30.1727203Z ^[[1m^[[92m    Checking^[[0m rfc6979 v0.5.0-rc.5
prepare	Reconcile surviving predecessor source PR	2026-09-06T23:20:30.2387307Z ^[[1m^[[92m    Checking^[[0m ecdsa v0.17.0-rc.16
prepare	Reconcile surviving predecessor source PR	2026-09-06T23:20:30.4881794Z ^[[1m^[[92m    Checking^[[0m rsa v0.10.0-rc.17
prepare	Reconcile surviving predecessor source PR	2026-09-06T23:20:30.6217206Z ^[[1m^[[92m    Checking^[[0m primeorder v0.14.0-rc.8
prepare	Reconcile surviving predecessor source PR	2026-09-06T23:20:30.7487353Z ^[[1m^[[92m   Compiling^[[0m toml_parser v1.1.0+spec-1.1.0
prepare	Reconcile surviving predecessor source PR	2026-09-06T23:20:30.8797091Z ^[[1m^[[92m    Checking^[[0m primefield v0.14.0-rc.8
prepare	Reconcile surviving predecessor source PR	2026-09-06T23:20:31.0227012Z ^[[1m^[[92m    Checking^[[0m p384 v0.14.0-rc.8
prepare	Reconcile surviving predecessor source PR	2026-09-06T23:20:31.0337503Z ^[[1m^[[92m    Checking^[[0m uselesskey-rsa v0.10.0 (/home/runner/work/uselesskey/uselesskey/crates/uselesskey-rsa)
prepare	Reconcile surviving predecessor source PR	2026-09-06T23:20:31.1587873Z ^[[1m^[[92m    Checking^[[0m p256 v0.14.0-rc.8
prepare	Reconcile surviving predecessor source PR	2026-09-06T23:20:31.3577793Z ^[[1m^[[92m   Compiling^[[0m hashbrown v0.16.1
prepare	Reconcile surviving predecessor source PR	2026-09-06T23:20:31.7421095Z ^[[1m^[[92m   Compiling^[[0m toml_datetime v1.1.0+spec-1.1.0
prepare	Reconcile surviving predecessor source PR	2026-09-06T23:20:31.8931557Z ^[[1m^[[92m   Compiling^[[0m equivalent v1.0.2
prepare	Reconcile surviving predecessor source PR	2026-09-06T23:20:31.9327285Z ^[[1m^[[92m   Compiling^[[0m indexmap v2.13.0
prepare	Reconcile surviving predecessor source PR	2026-09-06T23:20:31.9767719Z ^[[1m^[[92m    Checking^[[0m uselesskey-ed25519 v0.10.0 (/home/runner/work/uselesskey/uselesskey/crates/uselesskey-ed25519)
prepare	Reconcile surviving predecessor source PR	2026-09-06T23:20:32.0866905Z ^[[1m^[[92m   Compiling^[[0m synstructure v0.13.2
prepare	Reconcile surviving predecessor source PR	2026-09-06T23:20:32.3044436Z ^[[1m^[[92m   Compiling^[[0m ring v0.17.14
prepare	Reconcile surviving predecessor source PR	2026-09-06T23:20:32.6927143Z ^[[1m^[[92m   Compiling^[[0m toml_edit v0.25.8+spec-1.1.0
prepare	Reconcile surviving predecessor source PR	2026-09-06T23:20:32.7045593Z ^[[1m^[[92m   Compiling^[[0m displaydoc v0.2.5
prepare	Reconcile surviving predecessor source PR	2026-09-06T23:20:33.1867166Z ^[[1m^[[92m    Checking^[[0m rustls-pki-types v1.14.1
prepare	Reconcile surviving predecessor source PR	2026-09-06T23:20:33.4897910Z ^[[1m^[[92m   Compiling^[[0m proc-macro-crate v3.5.0
prepare	Reconcile surviving predecessor source PR	2026-09-06T23:20:33.8600108Z ^[[1m^[[92m    Checking^[[0m nom v7.1.3
prepare	Reconcile surviving predecessor source PR	2026-09-06T23:20:33.9327596Z ^[[1m^[[92m   Compiling^[[0m asn1-rs-derive v0.6.0
prepare	Reconcile surviving predecessor source PR	2026-09-06T23:20:34.5829410Z ^[[1m^[[92m   Compiling^[[0m asn1-rs-impl v0.2.0
prepare	Reconcile surviving predecessor source PR	2026-09-06T23:20:34.8287100Z ^[[1m^[[92m   Compiling^[[0m radium v0.7.0
prepare	Reconcile surviving predecessor source PR	2026-09-06T23:20:34.9867557Z ^[[1m^[[92m    Checking^[[0m log v0.4.29
prepare	Reconcile surviving predecessor source PR	2026-09-06T23:20:35.0807619Z ^[[1m^[[92m    Checking^[[0m tap v1.0.1
prepare	Reconcile surviving predecessor source PR	2026-09-06T23:20:35.1317263Z ^[[1m^[[92m    Checking^[[0m wyz v0.5.1
prepare	Reconcile surviving predecessor source PR	2026-09-06T23:20:35.1552939Z ^[[1m^[[92m    Checking^[[0m uselesskey-ecdsa v0.10.0 (/home/runner/work/uselesskey/uselesskey/crates/uselesskey-ecdsa)
prepare	Reconcile surviving predecessor source PR	2026-09-06T23:20:35.1995022Z ^[[1m^[[92m    Checking^[[0m rusticata-macros v4.1.0
prepare	Reconcile surviving predecessor source PR	2026-09-06T23:20:35.2734530Z ^[[1m^[[92m    Checking^[[0m asn1-rs v0.7.1
prepare	Reconcile surviving predecessor source PR	2026-09-06T23:20:35.2797294Z ^[[1m^[[92m    Checking^[[0m hmac v0.12.1
prepare	Reconcile surviving predecessor source PR	2026-09-06T23:20:35.3386450Z ^[[1m^[[92m    Checking^[[0m base16ct v0.2.0
prepare	Reconcile surviving predecessor source PR	2026-09-06T23:20:35.3537486Z ^[[1m^[[92m    Checking^[[0m funty v2.0.0
prepare	Reconcile surviving predecessor source PR	2026-09-06T23:20:35.4157395Z ^[[1m^[[92m    Checking^[[0m serdect v0.2.0
prepare	Reconcile surviving predecessor source PR	2026-09-06T23:20:35.4917065Z ^[[1m^[[92m    Checking^[[0m sec1 v0.7.3
prepare	Reconcile surviving predecessor source PR	2026-09-06T23:20:35.5971793Z ^[[1m^[[92m    Checking^[[0m hkdf v0.12.4
prepare	Reconcile surviving predecessor source PR	2026-09-06T23:20:35.6450416Z ^[[1m^[[92m    Checking^[[0m crypto-bigint v0.5.5
prepare	Reconcile surviving predecessor source PR	2026-09-06T23:20:35.7507232Z ^[[1m^[[92m    Checking^[[0m bitvec v1.0.1
prepare	Reconcile surviving predecessor source PR	2026-09-06T23:20:36.3467515Z ^[[1m^[[92m    Checking^[[0m oid-registry v0.8.1
prepare	Reconcile surviving predecessor source PR	2026-09-06T23:20:36.5122347Z ^[[1m^[[92m    Checking^[[0m der-parser v10.0.0
prepare	Reconcile surviving predecessor source PR	2026-09-06T23:20:36.5189885Z ^[[1m^[[92m   Compiling^[[0m cmake v0.1.58
prepare	Reconcile surviving predecessor source PR	2026-09-06T23:20:36.7927065Z ^[[1m^[[92m   Compiling^[[0m dunce v1.0.5
prepare	Reconcile surviving predecessor source PR	2026-09-06T23:20:36.8357623Z ^[[1m^[[92m   Compiling^[[0m fs_extra v1.3.0
prepare	Reconcile surviving predecessor source PR	2026-09-06T23:20:36.9117243Z ^[[1m^[[92m    Checking^[[0m x509-parser v0.18.1
prepare	Reconcile surviving predecessor source PR	2026-09-06T23:20:37.0534658Z ^[[1m^[[92m   Compiling^[[0m aws-lc-sys v0.41.0
prepare	Reconcile surviving predecessor source PR	2026-09-06T23:20:37.4140283Z ^[[1m^[[92m    Checking^[[0m ff v0.13.1
prepare	Reconcile surviving predecessor source PR	2026-09-06T23:20:37.4907799Z ^[[1m^[[92m    Checking^[[0m group v0.13.0
prepare	Reconcile surviving predecessor source PR	2026-09-06T23:20:37.5837395Z ^[[1m^[[92m    Checking^[[0m elliptic-curve v0.13.8
prepare	Reconcile surviving predecessor source PR	2026-09-06T23:20:37.7026634Z ^[[1m^[[92m    Checking^[[0m rfc6979 v0.4.0
prepare	Reconcile surviving predecessor source PR	2026-09-06T23:20:37.7578515Z ^[[1m^[[92m    Checking^[[0m bytes v1.11.1
prepare	Reconcile surviving predecessor source PR	2026-09-06T23:20:37.9731645Z ^[[1m^[[92m   Compiling^[[0m aws-lc-rs v1.17.0
prepare	Reconcile surviving predecessor source PR	2026-09-06T23:20:38.1184160Z ^[[1m^[[92m    Checking^[[0m ecdsa v0.16.9
prepare	Reconcile surviving predecessor source PR	2026-09-06T23:20:38.1557146Z ^[[1m^[[92m    Checking^[[0m primeorder v0.13.6
prepare	Reconcile surviving predecessor source PR	2026-09-06T23:20:38.3738105Z ^[[1m^[[92m    Checking^[[0m uselesskey-hmac v0.10.0 (/home/runner/work/uselesskey/uselesskey/crates/uselesskey-hmac)
prepare	Reconcile surviving predecessor source PR	2026-09-06T23:20:38.3813881Z ^[[1m^[[92m    Checking^[[0m p256 v0.13.2
prepare	Reconcile surviving predecessor source PR	2026-09-06T23:20:38.4417351Z ^[[1m^[[92m    Checking^[[0m p384 v0.13.1
prepare	Reconcile surviving predecessor source PR	2026-09-06T23:20:38.6078661Z ^[[1m^[[92m    Checking^[[0m untrusted v0.7.1
prepare	Reconcile surviving predecessor source PR	2026-09-06T23:20:38.6587884Z ^[[1m^[[92m   Compiling^[[0m rustls v0.23.43
prepare	Reconcile surviving predecessor source PR	2026-09-06T23:20:38.7408663Z ^[[1m^[[92m    Checking^[[0m pin-project-lite v0.2.17
prepare	Reconcile surviving predecessor source PR	2026-09-06T23:20:38.7763505Z ^[[1m^[[92m    Checking^[[0m futures-core v0.3.32
prepare	Reconcile surviving predecessor source PR	2026-09-06T23:20:38.8378449Z ^[[1m^[[92m    Checking^[[0m futures-sink v0.3.32
prepare	Reconcile surviving predecessor source PR	2026-09-06T23:20:38.8695440Z ^[[1m^[[92m    Checking^[[0m slab v0.4.12
prepare	Reconcile surviving predecessor source PR	2026-09-06T23:20:38.9425111Z ^[[1m^[[92m    Checking^[[0m futures-channel v0.3.32
prepare	Reconcile surviving predecessor source PR	2026-09-06T23:20:39.0286095Z ^[[1m^[[92m    Checking^[[0m inout v0.1.4
prepare	Reconcile surviving predecessor source PR	2026-09-06T23:20:39.0436996Z ^[[1m^[[92m    Checking^[[0m aho-corasick v1.1.4
prepare	Reconcile surviving predecessor source PR	2026-09-06T23:20:39.0737223Z ^[[1m^[[92m    Checking^[[0m cipher v0.4.4
prepare	Reconcile surviving predecessor source PR	2026-09-06T23:20:39.1812386Z ^[[1m^[[92m   Compiling^[[0m futures-macro v0.3.32
prepare	Reconcile surviving predecessor source PR	2026-09-06T23:20:39.7477206Z ^[[1m^[[92m    Checking^[[0m regex-automata v0.4.18
prepare	Reconcile surviving predecessor source PR	2026-09-06T23:20:39.7616097Z ^[[1m^[[92m    Checking^[[0m futures-io v0.3.32
prepare	Reconcile surviving predecessor source PR	2026-09-06T23:20:39.8077206Z ^[[1m^[[92m    Checking^[[0m futures-task v0.3.32
prepare	Reconcile surviving predecessor source PR	2026-09-06T23:20:39.8752607Z ^[[1m^[[92m    Checking^[[0m futures-util v0.3.32
prepare	Reconcile surviving predecessor source PR	2026-09-06T23:20:41.3981903Z ^[[1m^[[92m   Compiling^[[0m strsim v0.11.1
prepare	Reconcile surviving predecessor source PR	2026-09-06T23:20:41.6413605Z ^[[1m^[[92m    Checking^[[0m regex v1.13.1
prepare	Reconcile surviving predecessor source PR	2026-09-06T23:20:41.7093105Z ^[[1m^[[92m    Checking^[[0m simple_asn1 v0.6.4
prepare	Reconcile surviving predecessor source PR	2026-09-06T23:20:41.8997708Z ^[[1m^[[92m    Checking^[[0m uselesskey-token v0.10.0 (/home/runner/work/uselesskey/uselesskey/crates/uselesskey-token)
prepare	Reconcile surviving predecessor source PR	2026-09-06T23:20:41.9222508Z ^[[1m^[[92m    Checking^[[0m jsonwebtoken v10.4.0
prepare	Reconcile surviving predecessor source PR	2026-09-06T23:20:42.0412397Z ^[[1m^[[92m   Compiling^[[0m cfg-if v1.0.4
prepare	Reconcile surviving predecessor source PR	2026-09-06T23:20:42.0714588Z ^[[1m^[[92m   Compiling^[[0m unicode-segmentation v1.13.2
prepare	Reconcile surviving predecessor source PR	2026-09-06T23:20:42.4437930Z ^[[1m^[[92m   Compiling^[[0m convert_case v0.10.0
prepare	Reconcile surviving predecessor source PR	2026-09-06T23:20:42.6697045Z ^[[1m^[[92m   Compiling^[[0m unicode-xid v0.2.6
prepare	Reconcile surviving predecessor source PR	2026-09-06T23:20:42.6771288Z ^[[1m^[[92m   Compiling^[[0m ident_case v1.0.1
prepare	Reconcile surviving predecessor source PR	2026-09-06T23:20:42.6825265Z ^[[1m^[[92m    Checking^[[0m rcgen v0.14.8
prepare	Reconcile surviving predecessor source PR	2026-09-06T23:20:42.7204612Z ^[[1m^[[92m   Compiling^[[0m derive_more-impl v2.1.1
prepare	Reconcile surviving predecessor source PR	2026-09-06T23:20:42.7607258Z ^[[1m^[[92m   Compiling^[[0m darling_core v0.20.11
prepare	Reconcile surviving predecessor source PR	2026-09-06T23:20:43.1045385Z ^[[1m^[[92m    Checking^[[0m uselesskey-x509 v0.10.0 (/home/runner/work/uselesskey/uselesskey/crates/uselesskey-x509)
prepare	Reconcile surviving predecessor source PR	2026-09-06T23:20:43.4107799Z ^[[1m^[[92m    Checking^[[0m uselesskey-jsonwebtoken v0.10.0 (/home/runner/work/uselesskey/uselesskey/crates/uselesskey-jsonwebtoken)
prepare	Reconcile surviving predecessor source PR	2026-09-06T23:20:43.4723838Z ^[[1m^[[92m    Checking^[[0m ctr v0.9.2
prepare	Reconcile surviving predecessor source PR	2026-09-06T23:20:43.5805623Z ^[[1m^[[92m    Checking^[[0m aead v0.5.2
prepare	Reconcile surviving predecessor source PR	2026-09-06T23:20:43.6546575Z ^[[1m^[[92m    Checking^[[0m universal-hash v0.5.1
prepare	Reconcile surviving predecessor source PR	2026-09-06T23:20:43.7146831Z ^[[1m^[[92m    Checking^[[0m nom v8.0.0
prepare	Reconcile surviving predecessor source PR	2026-09-06T23:20:45.0751983Z ^[[1m^[[92m   Compiling^[[0m darling_macro v0.20.11
prepare	Reconcile surviving predecessor source PR	2026-09-06T23:20:45.2727175Z ^[[1m^[[92m   Compiling^[[0m darling v0.20.11
prepare	Reconcile surviving predecessor source PR	2026-09-06T23:20:45.3207319Z ^[[1m^[[92m   Compiling^[[0m rustversion v1.0.22
prepare	Reconcile surviving predecessor source PR	2026-09-06T23:20:45.5297594Z ^[[1m^[[92m    Checking^[[0m opaque-debug v0.3.1
prepare	Reconcile surviving predecessor source PR	2026-09-06T23:20:45.5607118Z ^[[1m^[[92m    Checking^[[0m polyval v0.6.2
prepare	Reconcile surviving predecessor source PR	2026-09-06T23:20:45.6917073Z ^[[1m^[[92m   Compiling^[[0m derive_builder_core v0.20.2
prepare	Reconcile surviving predecessor source PR	2026-09-06T23:20:45.9984391Z ^[[1m^[[92m    Checking^[[0m derive_more v2.1.1
prepare	Reconcile surviving predecessor source PR	2026-09-06T23:20:46.0757102Z ^[[1m^[[92m    Checking^[[0m aes v0.8.4
prepare	Reconcile surviving predecessor source PR	2026-09-06T23:20:46.1912723Z ^[[1m^[[92m    Checking^[[0m dbl v0.3.2
prepare	Reconcile surviving predecessor source PR	2026-09-06T23:20:46.2507667Z ^[[1m^[[92m    Checking^[[0m keccak v0.1.6
prepare	Reconcile surviving predecessor source PR	2026-09-06T23:20:46.3755443Z ^[[1m^[[92m    Checking^[[0m byteorder v1.5.0
prepare	Reconcile surviving predecessor source PR	2026-09-06T23:20:46.4619019Z ^[[1m^[[92m   Compiling^[[0m crc24 v0.1.6
prepare	Reconcile surviving predecessor source PR	2026-09-06T23:20:46.4916318Z ^[[1m^[[92m   Compiling^[[0m derive_builder_macro v0.20.2
prepare	Reconcile surviving predecessor source PR	2026-09-06T23:20:46.5204055Z ^[[1m^[[92m    Checking^[[0m sha3 v0.10.8
prepare	Reconcile surviving predecessor source PR	2026-09-06T23:20:46.6076673Z ^[[1m^[[92m    Checking^[[0m cmac v0.7.2
prepare	Reconcile surviving predecessor source PR	2026-09-06T23:20:46.6727313Z ^[[1m^[[92m    Checking^[[0m ghash v0.5.1
prepare	Reconcile surviving predecessor source PR	2026-09-06T23:20:46.6733527Z ^[[1m^[[92m   Compiling^[[0m bitfields-impl v1.0.3
prepare	Reconcile surviving predecessor source PR	2026-09-06T23:20:46.7235060Z ^[[1m^[[92m   Compiling^[[0m snafu-derive v0.8.9
prepare	Reconcile surviving predecessor source PR	2026-09-06T23:20:47.1147704Z ^[[1m^[[92m    Checking^[[0m serdect v0.3.0
prepare	Reconcile surviving predecessor source PR	2026-09-06T23:20:47.1926377Z ^[[1m^[[92m   Compiling^[[0m num_enum_derive v0.7.6
prepare	Reconcile surviving predecessor source PR	2026-09-06T23:20:47.7320225Z ^[[1m^[[92m    Checking^[[0m sha1 v0.10.6
prepare	Reconcile surviving predecessor source PR	2026-09-06T23:20:47.8789750Z ^[[1m^[[92m    Checking^[[0m blake2 v0.10.6
prepare	Reconcile surviving predecessor source PR	2026-09-06T23:20:47.8987642Z ^[[1m^[[92m    Checking^[[0m password-hash v0.5.0
prepare	Reconcile surviving predecessor source PR	2026-09-06T23:20:48.0777186Z ^[[1m^[[92m    Checking^[[0m zlib-rs v0.6.3
prepare	Reconcile surviving predecessor source PR	2026-09-06T23:20:48.1039360Z ^[[1m^[[92m    Checking^[[0m argon2 v0.5.3
prepare	Reconcile surviving predecessor source PR	2026-09-06T23:20:48.2899341Z ^[[1m^[[92m    Checking^[[0m snafu v0.8.9
prepare	Reconcile surviving predecessor source PR	2026-09-06T23:20:48.4137368Z ^[[1m^[[92m    Checking^[[0m num_enum v0.7.6
prepare	Reconcile surviving predecessor source PR	2026-09-06T23:20:48.4207883Z ^[[1m^[[92m    Checking^[[0m sha1-checked v0.10.0
prepare	Reconcile surviving predecessor source PR	2026-09-06T23:20:48.4637817Z ^[[1m^[[92m    Checking^[[0m bitfields v1.0.3
prepare	Reconcile surviving predecessor source PR	2026-09-06T23:20:48.4909962Z ^[[1m^[[92m    Checking^[[0m cx448 v0.1.1
prepare	Reconcile surviving predecessor source PR	2026-09-06T23:20:48.6616908Z ^[[1m^[[92m    Checking^[[0m aes-gcm v0.10.3
prepare	Reconcile surviving predecessor source PR	2026-09-06T23:20:48.7539424Z ^[[1m^[[92m    Checking^[[0m derive_builder v0.20.2
prepare	Reconcile surviving predecessor source PR	2026-09-06T23:20:48.7988765Z ^[[1m^[[92m    Checking^[[0m eax v0.5.0
prepare	Reconcile surviving predecessor source PR	2026-09-06T23:20:49.0117117Z ^[[1m^[[92m    Checking^[[0m blowfish v0.9.1
prepare	Reconcile surviving predecessor source PR	2026-09-06T23:20:49.0854619Z ^[[1m^[[92m    Checking^[[0m camellia v0.1.0
prepare	Reconcile surviving predecessor source PR	2026-09-06T23:20:49.1914790Z ^[[1m^[[92m    Checking^[[0m aes-kw v0.2.1
prepare	Reconcile surviving predecessor source PR	2026-09-06T23:20:49.2134095Z ^[[1m^[[92m    Checking^[[0m flate2 v1.1.9
prepare	Reconcile surviving predecessor source PR	2026-09-06T23:20:49.2807093Z ^[[1m^[[92m    Checking^[[0m ocb3 v0.1.0
prepare	Reconcile surviving predecessor source PR	2026-09-06T23:20:49.3787362Z ^[[1m^[[92m    Checking^[[0m des v0.8.1
prepare	Reconcile surviving predecessor source PR	2026-09-06T23:20:49.4437310Z ^[[1m^[[92m    Checking^[[0m twofish v0.7.1
prepare	Reconcile surviving predecessor source PR	2026-09-06T23:20:49.5012758Z ^[[1m^[[92m    Checking^[[0m idea v0.5.1
prepare	Reconcile surviving predecessor source PR	2026-09-06T23:20:49.5071242Z ^[[1m^[[92m    Checking^[[0m cfb-mode v0.8.2
prepare	Reconcile surviving predecessor source PR	2026-09-06T23:20:49.5737011Z ^[[1m^[[92m    Checking^[[0m cast5 v0.11.1
prepare	Reconcile surviving predecessor source PR	2026-09-06T23:20:49.5857305Z ^[[1m^[[92m    Checking^[[0m k256 v0.13.4
prepare	Reconcile surviving predecessor source PR	2026-09-06T23:20:49.8167154Z ^[[1m^[[92m    Checking^[[0m p521 v0.13.3
prepare	Reconcile surviving predecessor source PR	2026-09-06T23:20:49.9717572Z ^[[1m^[[92m    Checking^[[0m dsa v0.6.3
prepare	Reconcile surviving predecessor source PR	2026-09-06T23:20:50.0237135Z ^[[1m^[[92m    Checking^[[0m x25519-dalek v2.0.1
prepare	Reconcile surviving predecessor source PR	2026-09-06T23:20:50.0907520Z ^[[1m^[[92m    Checking^[[0m md-5 v0.10.6
prepare	Reconcile surviving predecessor source PR	2026-09-06T23:20:50.1290877Z ^[[1m^[[92m    Checking^[[0m ripemd v0.1.3
prepare	Reconcile surviving predecessor source PR	2026-09-06T23:20:50.1657215Z ^[[1m^[[92m    Checking^[[0m block-padding v0.3.3
prepare	Reconcile surviving predecessor source PR	2026-09-06T23:20:50.2243428Z ^[[1m^[[92m    Checking^[[0m buffer-redux v1.1.0
prepare	Reconcile surviving predecessor source PR	2026-09-06T23:20:50.3597366Z ^[[1m^[[92m    Checking^[[0m replace_with v0.1.8
prepare	Reconcile surviving predecessor source PR	2026-09-06T23:20:50.4017632Z ^[[1m^[[92m    Checking^[[0m uselesskey-webhook v0.10.0 (/home/runner/work/uselesskey/uselesskey/crates/uselesskey-webhook)
prepare	Reconcile surviving predecessor source PR	2026-09-06T23:20:50.5177067Z ^[[1m^[[92m    Checking^[[0m ssh-encoding v0.2.0
prepare	Reconcile surviving predecessor source PR	2026-09-06T23:20:50.6476672Z ^[[1m^[[92m    Checking^[[0m ssh-cipher v0.2.0
prepare	Reconcile surviving predecessor source PR	2026-09-06T23:20:50.8967216Z ^[[1m^[[92m   Compiling^[[0m regex-syntax v0.8.11
prepare	Reconcile surviving predecessor source PR	2026-09-06T23:20:51.0067149Z ^[[1m^[[92m    Checking^[[0m pgp v0.19.0
prepare	Reconcile surviving predecessor source PR	2026-09-06T23:20:53.0890540Z ^[[1m^[[92m    Checking^[[0m ssh-key v0.6.7
prepare	Reconcile surviving predecessor source PR	2026-09-06T23:20:53.8144535Z ^[[1m^[[92m   Compiling^[[0m clap_derive v4.6.1
prepare	Reconcile surviving predecessor source PR	2026-09-06T23:20:54.9410823Z ^[[1m^[[92m    Checking^[[0m uselesskey-pgp v0.10.0 (/home/runner/work/uselesskey/uselesskey/crates/uselesskey-pgp)
prepare	Reconcile surviving predecessor source PR	2026-09-06T23:20:55.4097964Z ^[[1m^[[92m    Checking^[[0m uselesskey-ssh v0.10.0 (/home/runner/work/uselesskey/uselesskey/crates/uselesskey-ssh)
prepare	Reconcile surviving predecessor source PR	2026-09-06T23:20:55.4558221Z ^[[1m^[[92m    Checking^[[0m uselesskey-entropy v0.10.0 (/home/runner/work/uselesskey/uselesskey/crates/uselesskey-entropy)
prepare	Reconcile surviving predecessor source PR	2026-09-06T23:20:55.5267280Z ^[[1m^[[92m   Compiling^[[0m rstest_macros v0.26.1
prepare	Reconcile surviving predecessor source PR	2026-09-06T23:20:55.5377469Z ^[[1m^[[92m    Checking^[[0m uselesskey v0.10.0 (/home/runner/work/uselesskey/uselesskey/crates/uselesskey)
prepare	Reconcile surviving predecessor source PR	2026-09-06T23:20:55.5917181Z ^[[1m^[[92m    Checking^[[0m terminal_size v0.4.4
prepare	Reconcile surviving predecessor source PR	2026-09-06T23:20:55.6452150Z ^[[1m^[[92m   Compiling^[[0m glob v0.3.3
prepare	Reconcile surviving predecessor source PR	2026-09-06T23:20:55.6831424Z ^[[1m^[[92m   Compiling^[[0m relative-path v1.9.3
prepare	Reconcile surviving predecessor source PR	2026-09-06T23:20:55.8979557Z ^[[1m^[[92m    Checking^[[0m clap_builder v4.6.0
prepare	Reconcile surviving predecessor source PR	2026-09-06T23:20:55.9121556Z ^[[1m^[[92m    Checking^[[0m futures-timer v3.0.3
prepare	Reconcile surviving predecessor source PR	2026-09-06T23:20:56.0547132Z ^[[1m^[[92m    Checking^[[0m either v1.15.0
prepare	Reconcile surviving predecessor source PR	2026-09-06T23:20:56.1927295Z ^[[1m^[[92m    Checking^[[0m same-file v1.0.6
prepare	Reconcile surviving predecessor source PR	2026-09-06T23:20:56.2567543Z ^[[1m^[[92m    Checking^[[0m walkdir v2.5.0
prepare	Reconcile surviving predecessor source PR	2026-09-06T23:20:56.3907235Z ^[[1m^[[92m    Checking^[[0m half v2.7.1
prepare	Reconcile surviving predecessor source PR	2026-09-06T23:20:56.6264188Z ^[[1m^[[92m    Checking^[[0m ciborium-io v0.2.2
prepare	Reconcile surviving predecessor source PR	2026-09-06T23:20:56.6603345Z ^[[1m^[[92m    Checking^[[0m ciborium-ll v0.2.2
prepare	Reconcile surviving predecessor source PR	2026-09-06T23:20:56.7776615Z ^[[1m^[[92m    Checking^[[0m ciborium v0.2.2
prepare	Reconcile surviving predecessor source PR	2026-09-06T23:20:57.2187173Z ^[[1m^[[92m   Compiling^[[0m alloca v0.4.0
prepare	Reconcile surviving predecessor source PR	2026-09-06T23:20:57.4324456Z ^[[1m^[[92m    Checking^[[0m clap v4.6.1
prepare	Reconcile surviving predecessor source PR	2026-09-06T23:20:57.4545498Z ^[[1m^[[92m    Checking^[[0m itertools v0.13.0
prepare	Reconcile surviving predecessor source PR	2026-09-06T23:20:57.5036767Z ^[[1m^[[92m    Checking^[[0m cast v0.3.0
prepare	Reconcile surviving predecessor source PR	2026-09-06T23:20:57.6467089Z ^[[1m^[[92m    Checking^[[0m tinytemplate v1.2.1
prepare	Reconcile surviving predecessor source PR	2026-09-06T23:20:57.8607349Z ^[[1m^[[92m    Checking^[[0m page_size v0.6.0
prepare	Reconcile surviving predecessor source PR	2026-09-06T23:20:57.9043345Z ^[[1m^[[92m    Checking^[[0m anes v0.1.6
prepare	Reconcile surviving predecessor source PR	2026-09-06T23:20:58.0399709Z ^[[1m^[[92m    Checking^[[0m oorandom v11.1.5
prepare	Reconcile surviving predecessor source PR	2026-09-06T23:20:58.0901732Z ^[[1m^[[92m    Checking^[[0m uselesskey-ring v0.10.0 (/home/runner/work/uselesskey/uselesskey/crates/uselesskey-ring)
prepare	Reconcile surviving predecessor source PR	2026-09-06T23:20:58.1477360Z ^[[1m^[[92m    Checking^[[0m uselesskey-rustcrypto v0.10.0 (/home/runner/work/uselesskey/uselesskey/crates/uselesskey-rustcrypto)
prepare	Reconcile surviving predecessor source PR	2026-09-06T23:20:58.2437897Z ^[[1m^[[92m   Compiling^[[0m tokio-macros v2.7.0
prepare	Reconcile surviving predecessor source PR	2026-09-06T23:20:58.4947104Z ^[[1m^[[92m    Checking^[[0m criterion-plot v0.8.2
prepare	Reconcile surviving predecessor source PR	2026-09-06T23:20:58.7397494Z ^[[1m^[[92m    Checking^[[0m criterion v0.8.2
prepare	Reconcile surviving predecessor source PR	2026-09-06T23:20:58.7566414Z ^[[1m^[[92m    Checking^[[0m mio v1.2.0
prepare	Reconcile surviving predecessor source PR	2026-09-06T23:20:58.7664475Z ^[[1m^[[92m    Checking^[[0m rstest v0.26.1
prepare	Reconcile surviving predecessor source PR	2026-09-06T23:20:58.8313790Z ^[[1m^[[92m    Checking^[[0m socket2 v0.6.3
prepare	Reconcile surviving predecessor source PR	2026-09-06T23:20:59.0736259Z ^[[1m^[[92m    Checking^[[0m http v1.5.0
prepare	Reconcile surviving predecessor source PR	2026-09-06T23:20:59.1418631Z ^[[1m^[[92m    Checking^[[0m tokio v1.52.3
prepare	Reconcile surviving predecessor source PR	2026-09-06T23:20:59.7239363Z ^[[1m^[[92m   Compiling^[[0m tracing-attributes v0.1.31
prepare	Reconcile surviving predecessor source PR	2026-09-06T23:20:59.8648660Z ^[[1m^[[92m    Checking^[[0m tracing-core v0.1.36
prepare	Reconcile surviving predecessor source PR	2026-09-06T23:21:00.8032646Z ^[[1m^[[92m    Checking^[[0m tracing v0.1.44
prepare	Reconcile surviving predecessor source PR	2026-09-06T23:21:00.8996886Z ^[[1m^[[92m    Checking^[[0m http-body v1.0.1
prepare	Reconcile surviving predecessor source PR	2026-09-06T23:21:01.1397636Z ^[[1m^[[92m    Checking^[[0m serde_spanned v1.1.0
prepare	Reconcile surviving predecessor source PR	2026-09-06T23:21:01.1946715Z ^[[1m^[[92m    Checking^[[0m toml v1.1.0+spec-1.1.0
prepare	Reconcile surviving predecessor source PR	2026-09-06T23:21:01.3115690Z ^[[1m^[[92m    Checking^[[0m percent-encoding v2.3.2
prepare	Reconcile surviving predecessor source PR	2026-09-06T23:21:01.4008716Z ^[[1m^[[92m    Checking^[[0m tower-service v0.3.3
prepare	Reconcile surviving predecessor source PR	2026-09-06T23:21:01.4427749Z ^[[1m^[[92m   Compiling^[[0m httparse v1.10.1
prepare	Reconcile surviving predecessor source PR	2026-09-06T23:21:01.6685657Z ^[[1m^[[92m    Checking^[[0m atomic-waker v1.1.2
prepare	Reconcile surviving predecessor source PR	2026-09-06T23:21:01.6987144Z ^[[1m^[[92m    Checking^[[0m try-lock v0.2.5
prepare	Reconcile surviving predecessor source PR	2026-09-06T23:21:01.7287064Z ^[[1m^[[92m    Checking^[[0m want v0.3.1
prepare	Reconcile surviving predecessor source PR	2026-09-06T23:21:01.9566985Z ^[[1m^[[92m    Checking^[[0m pin-utils v0.1.0
prepare	Reconcile surviving predecessor source PR	2026-09-06T23:21:01.9646872Z ^[[1m^[[92m    Checking^[[0m httpdate v1.0.3
prepare	Reconcile surviving predecessor source PR	2026-09-06T23:21:01.9869935Z ^[[1m^[[92m    Checking^[[0m sync_wrapper v1.0.2
prepare	Reconcile surviving predecessor source PR	2026-09-06T23:21:02.0397110Z ^[[1m^[[92m    Checking^[[0m ipnet v2.12.0
prepare	Reconcile surviving predecessor source PR	2026-09-06T23:21:02.0742569Z ^[[1m^[[92m    Checking^[[0m tower-layer v0.3.3
prepare	Reconcile surviving predecessor source PR	2026-09-06T23:21:02.1877317Z ^[[1m^[[92m    Checking^[[0m http-body-util v0.1.3
prepare	Reconcile surviving predecessor source PR	2026-09-06T23:21:02.2417643Z ^[[1m^[[92m   Compiling^[[0m uselesskey-aws-lc-rs v0.10.0 (/home/runner/work/uselesskey/uselesskey/crates/uselesskey-aws-lc-rs)
prepare	Reconcile surviving predecessor source PR	2026-09-06T23:21:02.3537504Z ^[[1m^[[92m   Compiling^[[0m zmij v1.0.21
prepare	Reconcile surviving predecessor source PR	2026-09-06T23:21:02.3738793Z ^[[1m^[[92m   Compiling^[[0m typenum v1.19.0
prepare	Reconcile surviving predecessor source PR	2026-09-06T23:21:02.3793188Z ^[[1m^[[92m   Compiling^[[0m target-triple v1.0.0
prepare	Reconcile surviving predecessor source PR	2026-09-06T23:21:02.5572618Z ^[[1m^[[92m    Checking^[[0m tokio-util v0.7.18
prepare	Reconcile surviving predecessor source PR	2026-09-06T23:21:02.8877387Z ^[[1m^[[92m   Compiling^[[0m itoa v1.0.18
prepare	Reconcile surviving predecessor source PR	2026-09-06T23:21:02.9056840Z ^[[1m^[[92m    Checking^[[0m h2 v0.4.16
prepare	Reconcile surviving predecessor source PR	2026-09-06T23:21:03.0117282Z ^[[1m^[[92m    Checking^[[0m tower v0.5.3
prepare	Reconcile surviving predecessor source PR	2026-09-06T23:21:03.7863906Z ^[[1m^[[92m   Compiling^[[0m pin-project-internal v1.1.11
prepare	Reconcile surviving predecessor source PR	2026-09-06T23:21:04.2559886Z ^[[1m^[[92m    Checking^[[0m termcolor v1.4.1
prepare	Reconcile surviving predecessor source PR	2026-09-06T23:21:04.7490582Z ^[[1m^[[92m    Checking^[[0m pin-project v1.1.11
prepare	Reconcile surviving predecessor source PR	2026-09-06T23:21:04.7977195Z ^[[1m^[[92m    Checking^[[0m trybuild v1.0.120
prepare	Reconcile surviving predecessor source PR	2026-09-06T23:21:05.0177439Z ^[[1m^[[92m    Checking^[[0m hyper v1.8.1
prepare	Reconcile surviving predecessor source PR	2026-09-06T23:21:05.3370047Z ^[[1m^[[92m    Checking^[[0m tokio-stream v0.1.18
prepare	Reconcile surviving predecessor source PR	2026-09-06T23:21:05.4407298Z ^[[1m^[[92m   Compiling^[[0m rand_core v0.10.1
prepare	Reconcile surviving predecessor source PR	2026-09-06T23:21:05.5566500Z ^[[1m^[[92m   Compiling^[[0m num-traits v0.2.19
prepare	Reconcile surviving predecessor source PR	2026-09-06T23:21:05.6010755Z ^[[1m^[[92m   Compiling^[[0m libm v0.2.16
prepare	Reconcile surviving predecessor source PR	2026-09-06T23:21:05.9438354Z ^[[1m^[[92m    Checking^[[0m hyper-util v0.1.20
prepare	Reconcile surviving predecessor source PR	2026-09-06T23:21:06.7174199Z ^[[1m^[[92m    Checking^[[0m bstr v1.12.1
prepare	Reconcile surviving predecessor source PR	2026-09-06T23:21:06.9639731Z ^[[1m^[[92m    Checking^[[0m hyper-timeout v0.5.2
prepare	Reconcile surviving predecessor source PR	2026-09-06T23:21:07.0927574Z ^[[1m^[[92m   Compiling^[[0m zerofrom-derive v0.1.6
prepare	Reconcile surviving predecessor source PR	2026-09-06T23:21:07.1312933Z ^[[1m^[[92m   Compiling^[[0m const-oid v0.10.2
prepare	Reconcile surviving predecessor source PR	2026-09-06T23:21:07.9587876Z ^[[1m^[[92m   Compiling^[[0m yoke-derive v0.8.1
prepare	Reconcile surviving predecessor source PR	2026-09-06T23:21:08.1619648Z ^[[1m^[[92m    Checking^[[0m zerofrom v0.1.6
prepare	Reconcile surviving predecessor source PR	2026-09-06T23:21:08.2307234Z ^[[1m^[[92m    Checking^[[0m stable_deref_trait v1.2.1
prepare	Reconcile surviving predecessor source PR	2026-09-06T23:21:08.2600268Z ^[[1m^[[92m   Compiling^[[0m const-oid v0.9.6
prepare	Reconcile surviving predecessor source PR	2026-09-06T23:21:08.6802145Z ^[[1m^[[92m    Checking^[[0m yoke v0.8.1
prepare	Reconcile surviving predecessor source PR	2026-09-06T23:21:08.7927129Z ^[[1m^[[92m   Compiling^[[0m getrandom v0.2.17
prepare	Reconcile surviving predecessor source PR	2026-09-06T23:21:08.8924079Z ^[[1m^[[92m   Compiling^[[0m cpufeatures v0.3.0
prepare	Reconcile surviving predecessor source PR	2026-09-06T23:21:08.9192200Z ^[[1m^[[92m   Compiling^[[0m rand_core v0.6.4
prepare	Reconcile surviving predecessor source PR	2026-09-06T23:21:09.4940613Z ^[[1m^[[92m   Compiling^[[0m zerovec-derive v0.11.2
prepare	Reconcile surviving predecessor source PR	2026-09-06T23:21:09.5123632Z ^[[1m^[[92m   Compiling^[[0m getrandom v0.4.2
prepare	Reconcile surviving predecessor source PR	2026-09-06T23:21:10.3102408Z ^[[1m^[[92m    Checking^[[0m zerovec v0.11.5
prepare	Reconcile surviving predecessor source PR	2026-09-06T23:21:11.0260579Z ^[[1m^[[92m   Compiling^[[0m crossbeam-utils v0.8.21
prepare	Reconcile surviving predecessor source PR	2026-09-06T23:21:11.0316107Z ^[[1m^[[92m   Compiling^[[0m constant_time_eq v0.4.2
prepare	Reconcile surviving predecessor source PR	2026-09-06T23:21:11.1208238Z ^[[1m^[[92m   Compiling^[[0m scopeguard v1.2.0
prepare	Reconcile surviving predecessor source PR	2026-09-06T23:21:11.1527250Z ^[[1m^[[92m   Compiling^[[0m once_cell v1.21.4
prepare	Reconcile surviving predecessor source PR	2026-09-06T23:21:11.2944139Z ^[[1m^[[92m   Compiling^[[0m bitflags v2.11.0
prepare	Reconcile surviving predecessor source PR	2026-09-06T23:21:11.4465212Z ^[[1m^[[92m   Compiling^[[0m linux-raw-sys v0.12.1
prepare	Reconcile surviving predecessor source PR	2026-09-06T23:21:11.6327375Z ^[[1m^[[92m   Compiling^[[0m arrayref v0.3.9
prepare	Reconcile surviving predecessor source PR	2026-09-06T23:21:11.6558121Z ^[[1m^[[92m   Compiling^[[0m uselesskey-interop-tests v0.0.0 (/home/runner/work/uselesskey/uselesskey/crates/uselesskey-interop-tests)
prepare	Reconcile surviving predecessor source PR	2026-09-06T23:21:11.6747213Z ^[[1m^[[92m   Compiling^[[0m arrayvec v0.7.6
prepare	Reconcile surviving predecessor source PR	2026-09-06T23:21:11.7538305Z ^[[1m^[[92m   Compiling^[[0m cmov v0.5.2
prepare	Reconcile surviving predecessor source PR	2026-09-06T23:21:11.9057105Z ^[[1m^[[92m   Compiling^[[0m ctutils v0.4.0
prepare	Reconcile surviving predecessor source PR	2026-09-06T23:21:12.1297326Z ^[[1m^[[92m   Compiling^[[0m lock_api v0.4.14
prepare	Reconcile surviving predecessor source PR	2026-09-06T23:21:12.7657757Z ^[[1m^[[92m   Compiling^[[0m num-integer v0.1.46
prepare	Reconcile surviving predecessor source PR	2026-09-06T23:21:12.9288262Z ^[[1m^[[92m   Compiling^[[0m spin v0.9.8
prepare	Reconcile surviving predecessor source PR	2026-09-06T23:21:12.9719692Z ^[[1m^[[92m   Compiling^[[0m base64 v0.22.1
prepare	Reconcile surviving predecessor source PR	2026-09-06T23:21:13.0517286Z ^[[1m^[[92m   Compiling^[[0m fastrand v2.3.0
prepare	Reconcile surviving predecessor source PR	2026-09-06T23:21:13.2053033Z ^[[1m^[[92m   Compiling^[[0m utf8parse v0.2.2
prepare	Reconcile surviving predecessor source PR	2026-09-06T23:21:13.2106901Z ^[[1m^[[92m   Compiling^[[0m hashbrown v0.14.5
prepare	Reconcile surviving predecessor source PR	2026-09-06T23:21:13.2557224Z ^[[1m^[[92m   Compiling^[[0m cpubits v0.1.0
prepare	Reconcile surviving predecessor source PR	2026-09-06T23:21:13.3997508Z ^[[1m^[[92m   Compiling^[[0m anstyle-parse v1.0.0
prepare	Reconcile surviving predecessor source PR	2026-09-06T23:21:13.8395014Z ^[[1m^[[92m   Compiling^[[0m num-iter v0.1.45
prepare	Reconcile surviving predecessor source PR	2026-09-06T23:21:13.9016975Z ^[[1m^[[92m   Compiling^[[0m lazy_static v1.5.0
prepare	Reconcile surviving predecessor source PR	2026-09-06T23:21:14.2152098Z ^[[1m^[[92m   Compiling^[[0m rand v0.10.1
prepare	Reconcile surviving predecessor source PR	2026-09-06T23:21:14.6527519Z ^[[1m^[[92m   Compiling^[[0m spin v0.12.3
prepare	Reconcile surviving predecessor source PR	2026-09-06T23:21:14.7067375Z ^[[1m^[[92m   Compiling^[[0m anstyle v1.0.14
prepare	Reconcile surviving predecessor source PR	2026-09-06T23:21:14.7907169Z ^[[1m^[[92m   Compiling^[[0m is_terminal_polyfill v1.70.2
prepare	Reconcile surviving predecessor source PR	2026-09-06T23:21:14.8347508Z ^[[1m^[[92m   Compiling^[[0m colorchoice v1.0.5
prepare	Reconcile surviving predecessor source PR	2026-09-06T23:21:14.8653021Z ^[[1m^[[92m   Compiling^[[0m crossbeam-epoch v0.9.20
prepare	Reconcile surviving predecessor source PR	2026-09-06T23:21:14.8804823Z ^[[1m^[[92m   Compiling^[[0m anstyle-query v1.1.5
prepare	Reconcile surviving predecessor source PR	2026-09-06T23:21:14.9124334Z ^[[1m^[[92m   Compiling^[[0m anstream v1.0.0
prepare	Reconcile surviving predecessor source PR	2026-09-06T23:21:16.5105315Z ^[[1m^[[92m    Checking^[[0m tinystr v0.8.2
prepare	Reconcile surviving predecessor source PR	2026-09-06T23:21:16.6417860Z ^[[1m^[[92m    Checking^[[0m uselesskey-cli v0.10.0 (/home/runner/work/uselesskey/uselesskey/crates/uselesskey-cli)
prepare	Reconcile surviving predecessor source PR	2026-09-06T23:21:17.1527003Z ^[[1m^[[92m   Compiling^[[0m sealed v0.6.0
prepare	Reconcile surviving predecessor source PR	2026-09-06T23:21:17.2277425Z ^[[1m^[[92m    Checking^[[0m mime v0.3.17
prepare	Reconcile surviving predecessor source PR	2026-09-06T23:21:17.3177487Z ^[[1m^[[92m   Compiling^[[0m subtle v2.6.1
prepare	Reconcile surviving predecessor source PR	2026-09-06T23:21:17.4027132Z ^[[1m^[[92m    Checking^[[0m writeable v0.6.2
prepare	Reconcile surviving predecessor source PR	2026-09-06T23:21:17.4058514Z ^[[1m^[[92m    Checking^[[0m litemap v0.8.1
prepare	Reconcile surviving predecessor source PR	2026-09-06T23:21:17.4060028Z ^[[1m^[[92m   Compiling^[[0m clap_lex v1.1.0
prepare	Reconcile surviving predecessor source PR	2026-09-06T23:21:17.5077360Z ^[[1m^[[92m    Checking^[[0m axum-core v0.5.6
prepare	Reconcile surviving predecessor source PR	2026-09-06T23:21:17.5327599Z ^[[1m^[[92m    Checking^[[0m icu_locale_core v2.1.1
prepare	Reconcile surviving predecessor source PR	2026-09-06T23:21:18.2617372Z ^[[1m^[[92m   Compiling^[[0m synthez-core v0.4.0
prepare	Reconcile surviving predecessor source PR	2026-09-06T23:21:19.7770069Z ^[[1m^[[92m    Checking^[[0m potential_utf v0.1.4
prepare	Reconcile surviving predecessor source PR	2026-09-06T23:21:19.8543650Z ^[[1m^[[92m    Checking^[[0m zerotrie v0.2.3
prepare	Reconcile surviving predecessor source PR	2026-09-06T23:21:19.9787096Z ^[[1m^[[92m   Compiling^[[0m anyhow v1.0.103
prepare	Reconcile surviving predecessor source PR	2026-09-06T23:21:20.1117187Z ^[[1m^[[92m    Checking^[[0m serde_path_to_error v0.1.20
prepare	Reconcile surviving predecessor source PR	2026-09-06T23:21:20.3757255Z ^[[1m^[[92m    Checking^[[0m matchit v0.8.4
prepare	Reconcile surviving predecessor source PR	2026-09-06T23:21:20.7117183Z ^[[1m^[[92m   Compiling^[[0m bytecount v0.6.9
prepare	Reconcile surviving predecessor source PR	2026-09-06T23:21:20.7757550Z ^[[1m^[[92m   Compiling^[[0m peg-runtime v0.6.3
prepare	Reconcile surviving predecessor source PR	2026-09-06T23:21:20.7970764Z ^[[1m^[[92m   Compiling^[[0m icu_normalizer_data v2.1.1
prepare	Reconcile surviving predecessor source PR	2026-09-06T23:21:20.8986469Z ^[[1m^[[92m   Compiling^[[0m icu_properties_data v2.1.2
prepare	Reconcile surviving predecessor source PR	2026-09-06T23:21:20.9827343Z ^[[1m^[[92m   Compiling^[[0m toml_writer v1.1.0+spec-1.1.0
prepare	Reconcile surviving predecessor source PR	2026-09-06T23:21:21.0087198Z ^[[1m^[[92m   Compiling^[[0m peg-macros v0.6.3
prepare	Reconcile surviving predecessor source PR	2026-09-06T23:21:22.0729343Z ^[[1m^[[92m    Checking^[[0m axum v0.8.8
prepare	Reconcile surviving predecessor source PR	2026-09-06T23:21:22.5027243Z ^[[1m^[[92m    Checking^[[0m icu_provider v2.1.1
prepare	Reconcile surviving predecessor source PR	2026-09-06T23:21:22.9767561Z ^[[1m^[[92m    Checking^[[0m icu_collections v2.1.1
prepare	Reconcile surviving predecessor source PR	2026-09-06T23:21:23.0878732Z ^[[1m^[[92m   Compiling^[[0m nom_locate v5.0.0
prepare	Reconcile surviving predecessor source PR	2026-09-06T23:21:23.3150307Z ^[[1m^[[92m    Checking^[[0m crossbeam-deque v0.8.6
prepare	Reconcile surviving predecessor source PR	2026-09-06T23:21:23.4677316Z ^[[1m^[[92m   Compiling^[[0m synthez-codegen v0.4.0
prepare	Reconcile surviving predecessor source PR	2026-09-06T23:21:23.6867179Z ^[[1m^[[92m    Checking^[[0m globset v0.4.18
prepare	Reconcile surviving predecessor source PR	2026-09-06T23:21:23.8676461Z ^[[1m^[[92m   Compiling^[[0m gherkin v0.16.0
prepare	Reconcile surviving predecessor source PR	2026-09-06T23:21:24.1516055Z ^[[1m^[[92m   Compiling^[[0m typed-builder-macro v0.23.2
prepare	Reconcile surviving predecessor source PR	2026-09-06T23:21:24.4347178Z ^[[1m^[[92m   Compiling^[[0m ref-cast v1.0.25
prepare	Reconcile surviving predecessor source PR	2026-09-06T23:21:24.8764838Z ^[[1m^[[92m    Checking^[[0m unicode-linebreak v0.1.5
prepare	Reconcile surviving predecessor source PR	2026-09-06T23:21:25.2764020Z ^[[1m^[[92m    Checking^[[0m smawk v0.3.2
prepare	Reconcile surviving predecessor source PR	2026-09-06T23:21:25.3763127Z ^[[1m^[[92m    Checking^[[0m textwrap v0.16.2
prepare	Reconcile surviving predecessor source PR	2026-09-06T23:21:25.6059285Z ^[[1m^[[92m    Checking^[[0m predicates v3.1.4
prepare	Reconcile surviving predecessor source PR	2026-09-06T23:21:25.6296498Z ^[[1m^[[92m    Checking^[[0m peg v0.6.3
prepare	Reconcile surviving predecessor source PR	2026-09-06T23:21:25.7767334Z ^[[1m^[[92m   Compiling^[[0m cucumber-expressions v0.5.0
prepare	Reconcile surviving predecessor source PR	2026-09-06T23:21:25.9058031Z ^[[1m^[[92m    Checking^[[0m typed-builder v0.23.2
prepare	Reconcile surviving predecessor source PR	2026-09-06T23:21:25.9369428Z ^[[1m^[[92m    Checking^[[0m ignore v0.4.25
prepare	Reconcile surviving predecessor source PR	2026-09-06T23:21:25.9426936Z ^[[1m^[[92m   Compiling^[[0m synthez v0.4.0
prepare	Reconcile surviving predecessor source PR	2026-09-06T23:21:26.5187174Z ^[[1m^[[92m   Compiling^[[0m itertools v0.14.0
prepare	Reconcile surviving predecessor source PR	2026-09-06T23:21:26.5627283Z ^[[1m^[[92m    Checking^[[0m futures-executor v0.3.32
prepare	Reconcile surviving predecessor source PR	2026-09-06T23:21:26.6447682Z ^[[1m^[[92m   Compiling^[[0m ref-cast-impl v1.0.25
prepare	Reconcile surviving predecessor source PR	2026-09-06T23:21:26.9987989Z ^[[1m^[[92m    Checking^[[0m uselesskey-feature-grid v0.10.0 (/home/runner/work/uselesskey/uselesskey/crates/uselesskey-feature-grid)
prepare	Reconcile surviving predecessor source PR	2026-09-06T23:21:27.0437332Z ^[[1m^[[92m   Compiling^[[0m inflections v1.1.1
prepare	Reconcile surviving predecessor source PR	2026-09-06T23:21:27.1003560Z ^[[1m^[[92m    Checking^[[0m futures v0.3.32
prepare	Reconcile surviving predecessor source PR	2026-09-06T23:21:27.1394110Z ^[[1m^[[92m    Checking^[[0m icu_properties v2.1.2
prepare	Reconcile surviving predecessor source PR	2026-09-06T23:21:27.2387213Z ^[[1m^[[92m    Checking^[[0m icu_normalizer v2.1.1
prepare	Reconcile surviving predecessor source PR	2026-09-06T23:21:27.5617341Z ^[[1m^[[92m    Checking^[[0m globwalk v0.9.1
prepare	Reconcile surviving predecessor source PR	2026-09-06T23:21:27.6817198Z ^[[1m^[[92m    Checking^[[0m assert_cmd v2.2.2
prepare	Reconcile surviving predecessor source PR	2026-09-06T23:21:27.9607201Z ^[[1m^[[92m   Compiling^[[0m cucumber-codegen v0.23.0
prepare	Reconcile surviving predecessor source PR	2026-09-06T23:21:28.6527182Z ^[[1m^[[92m   Compiling^[[0m smart-default v0.7.1
prepare	Reconcile surviving predecessor source PR	2026-09-06T23:21:28.9657702Z ^[[1m^[[92m   Compiling^[[0m uselesskey-bdd-steps v0.10.0 (/home/runner/work/uselesskey/uselesskey/crates/uselesskey-bdd-steps)
prepare	Reconcile surviving predecessor source PR	2026-09-06T23:21:28.9717341Z ^[[1m^[[92m    Checking^[[0m inventory v0.3.23
prepare	Reconcile surviving predecessor source PR	2026-09-06T23:21:29.0177329Z ^[[1m^[[92m    Checking^[[0m linked-hash-map v0.5.6
prepare	Reconcile surviving predecessor source PR	2026-09-06T23:21:29.0997114Z ^[[1m^[[92m    Checking^[[0m humantime v2.3.0
prepare	Reconcile surviving predecessor source PR	2026-09-06T23:21:29.1260196Z ^[[1m^[[92m    Checking^[[0m idna_adapter v1.2.1
prepare	Reconcile surviving predecessor source PR	2026-09-06T23:21:29.1932145Z ^[[1m^[[92m    Checking^[[0m form_urlencoded v1.2.2
prepare	Reconcile surviving predecessor source PR	2026-09-06T23:21:29.2737073Z ^[[1m^[[92m    Checking^[[0m utf8_iter v1.0.4
prepare	Reconcile surviving predecessor source PR	2026-09-06T23:21:29.3027525Z ^[[1m^[[92m    Checking^[[0m webpki-roots v1.0.6
prepare	Reconcile surviving predecessor source PR	2026-09-06T23:21:29.3428618Z ^[[1m^[[92m    Checking^[[0m idna v1.1.0
prepare	Reconcile surviving predecessor source PR	2026-09-06T23:21:29.3737170Z ^[[1m^[[92m    Checking^[[0m ryu v1.0.23
prepare	Reconcile surviving predecessor source PR	2026-09-06T23:21:29.4777340Z ^[[1m^[[92m    Checking^[[0m iri-string v0.7.12
prepare	Reconcile surviving predecessor source PR	2026-09-06T23:21:29.5957180Z ^[[1m^[[92m    Checking^[[0m url v2.5.8
prepare	Reconcile surviving predecessor source PR	2026-09-06T23:21:29.8710228Z ^[[1m^[[92m    Checking^[[0m cucumber v0.23.0
prepare	Reconcile surviving predecessor source PR	2026-09-06T23:21:30.1327526Z ^[[1m^[[92m    Checking^[[0m serde_urlencoded v0.7.1
prepare	Reconcile surviving predecessor source PR	2026-09-06T23:21:30.2958243Z ^[[1m^[[92m    Checking^[[0m uselesskey-test-grid v0.10.0 (/home/runner/work/uselesskey/uselesskey/crates/uselesskey-test-grid)
prepare	Reconcile surviving predecessor source PR	2026-09-06T23:21:30.3327862Z ^[[1m^[[92m    Checking^[[0m uselesskey-webauthn v0.10.0 (/home/runner/work/uselesskey/uselesskey/crates/uselesskey-webauthn)
prepare	Reconcile surviving predecessor source PR	2026-09-06T23:21:30.4698191Z ^[[1m^[[92m    Checking^[[0m uselesskey-pkcs11-mock v0.10.0 (/home/runner/work/uselesskey/uselesskey/crates/uselesskey-pkcs11-mock)
prepare	Reconcile surviving predecessor source PR	2026-09-06T23:21:30.5947246Z ^[[1m^[[92m    Checking^[[0m portable-atomic v1.13.1
prepare	Reconcile surviving predecessor source PR	2026-09-06T23:21:30.8744204Z ^[[1m^[[92m    Checking^[[0m tower-http v0.6.8
prepare	Reconcile surviving predecessor source PR	2026-09-06T23:21:31.0237917Z ^[[1m^[[92m   Compiling^[[0m materialize-buildrs-example v0.0.0 (/home/runner/work/uselesskey/uselesskey/crates/materialize-buildrs-example)
prepare	Reconcile surviving predecessor source PR	2026-09-06T23:21:31.1154513Z ^[[1m^[[92m   Compiling^[[0m materialize-shape-buildrs-example v0.0.0 (/home/runner/work/uselesskey/uselesskey/crates/materialize-shape-buildrs-example)
prepare	Reconcile surviving predecessor source PR	2026-09-06T23:21:31.1817430Z ^[[1m^[[92m    Checking^[[0m uselesskey-axum v0.10.0 (/home/runner/work/uselesskey/uselesskey/crates/uselesskey-axum)
prepare	Reconcile surviving predecessor source PR	2026-09-06T23:21:31.2487633Z ^[[1m^[[92m    Checking^[[0m unit-prefix v0.5.2
prepare	Reconcile surviving predecessor source PR	2026-09-06T23:21:31.3467680Z ^[[1m^[[92m    Checking^[[0m iana-time-zone v0.1.65
prepare	Reconcile surviving predecessor source PR	2026-09-06T23:21:31.3717683Z ^[[1m^[[92m    Checking^[[0m indicatif v0.18.4
prepare	Reconcile surviving predecessor source PR	2026-09-06T23:21:31.4377345Z ^[[1m^[[92m    Checking^[[0m chrono v0.4.45
prepare	Reconcile surviving predecessor source PR	2026-09-06T23:21:31.8086089Z ^[[1m^[[92m    Checking^[[0m owo-colors v4.3.0
prepare	Reconcile surviving predecessor source PR	2026-09-06T23:21:32.3237234Z ^[[1m^[[92m    Checking^[[0m uselesskey-bench v0.0.0 (/home/runner/work/uselesskey/uselesskey/crates/uselesskey-bench)
prepare	Reconcile surviving predecessor source PR	2026-09-06T23:21:32.5167950Z ^[[1m^[[92m    Checking^[[0m uselesskey-test-server v0.10.0 (/home/runner/work/uselesskey/uselesskey/crates/uselesskey-test-server)
prepare	Reconcile surviving predecessor source PR	2026-09-06T23:21:32.7244392Z ^[[1m^[[92m    Checking^[[0m xtask v0.0.0 (/home/runner/work/uselesskey/uselesskey/xtask)
prepare	Reconcile surviving predecessor source PR	2026-09-06T23:21:49.3872392Z ^[[1m^[[92m    Checking^[[0m uselesskey-test-support v0.10.0 (/home/runner/work/uselesskey/uselesskey/crates/uselesskey-test-support)
prepare	Reconcile surviving predecessor source PR	2026-09-06T23:21:58.8706937Z ^[[1m^[[33mwarning^[[0m: uselesskey-aws-lc-rs@0.10.0: NASM not found - aws-lc-rs tests gated on has_nasm will be skipped
prepare	Reconcile surviving predecessor source PR	2026-09-06T23:21:59.8679924Z ^[[1m^[[92m    Checking^[[0m rustls-webpki v0.103.13
prepare	Reconcile surviving predecessor source PR	2026-09-06T23:22:02.6510133Z ^[[1m^[[92m    Checking^[[0m uselesskey-rustls v0.10.0 (/home/runner/work/uselesskey/uselesskey/crates/uselesskey-rustls)
prepare	Reconcile surviving predecessor source PR	2026-09-06T23:22:02.6511587Z ^[[1m^[[92m    Checking^[[0m tokio-rustls v0.26.4
prepare	Reconcile surviving predecessor source PR	2026-09-06T23:22:02.8187870Z ^[[1m^[[92m    Checking^[[0m tonic v0.14.6
prepare	Reconcile surviving predecessor source PR	2026-09-06T23:22:02.8264593Z ^[[1m^[[92m    Checking^[[0m hyper-rustls v0.27.7
prepare	Reconcile surviving predecessor source PR	2026-09-06T23:22:02.9631868Z ^[[1m^[[92m    Checking^[[0m reqwest v0.12.28
prepare	Reconcile surviving predecessor source PR	2026-09-06T23:22:04.0897744Z ^[[1m^[[92m    Checking^[[0m uselesskey-integration-tests v0.0.0 (/home/runner/work/uselesskey/uselesskey/tests)
prepare	Reconcile surviving predecessor source PR	2026-09-06T23:22:04.2507705Z ^[[1m^[[92m    Checking^[[0m uselesskey-tonic v0.10.0 (/home/runner/work/uselesskey/uselesskey/crates/uselesskey-tonic)
prepare	Reconcile surviving predecessor source PR	2026-09-06T23:22:11.0153559Z ^[[1m^[[92m    Checking^[[0m uselesskey-bdd v0.0.0 (/home/runner/work/uselesskey/uselesskey/crates/uselesskey-bdd)
prepare	Reconcile surviving predecessor source PR	2026-09-06T23:22:11.1063675Z ^[[1m^[[92m    Finished^[[0m `dev` profile [optimized + debuginfo] target(s) in 1m 56s
prepare	Reconcile surviving predecessor source PR	2026-09-06T23:22:11.1952825Z ==> clippy [ok, 116.8s]
prepare	Reconcile surviving predecessor source PR	2026-09-06T23:22:11.1953394Z ==> test:uselesskey-cli
prepare	Reconcile surviving predecessor source PR	2026-09-06T23:22:11.1954158Z ^[[1m^[[30;104m RUN ^[[0m^[[0m ^[[1m"cargo" "test" "-p" "uselesskey-cli" "--all-features"^[[0m
prepare	Reconcile surviving predecessor source PR	2026-09-06T23:22:11.4032187Z ^[[1m^[[92m   Compiling^[[0m ring v0.17.14
prepare	Reconcile surviving predecessor source PR	2026-09-06T23:22:15.5973795Z ^[[1m^[[92m   Compiling^[[0m rcgen v0.14.8
prepare	Reconcile surviving predecessor source PR	2026-09-06T23:22:16.1927778Z ^[[1m^[[92m   Compiling^[[0m uselesskey-x509 v0.10.0 (/home/runner/work/uselesskey/uselesskey/crates/uselesskey-x509)
prepare	Reconcile surviving predecessor source PR	2026-09-06T23:22:18.5576212Z ^[[1m^[[92m   Compiling^[[0m uselesskey-cli v0.10.0 (/home/runner/work/uselesskey/uselesskey/crates/uselesskey-cli)
prepare	Reconcile surviving predecessor source PR	2026-09-06T23:22:35.3003981Z ^[[1m^[[92m    Finished^[[0m `test` profile [optimized + debuginfo] target(s) in 24.09s
prepare	Reconcile surviving predecessor source PR	2026-09-06T23:22:35.3151762Z ^[[1m^[[92m     Running^[[0m unittests src/lib.rs (target/debug/deps/uselesskey_cli-cf2be3278e26c61e)
prepare	Reconcile surviving predecessor source PR	2026-09-06T23:22:35.3166295Z 
prepare	Reconcile surviving predecessor source PR	2026-09-06T23:22:35.3166701Z running 3 tests
prepare	Reconcile surviving predecessor source PR	2026-09-06T23:22:35.3177284Z test tests::dotenv_escapes_special_characters ... ok
prepare	Reconcile surviving predecessor source PR	2026-09-06T23:22:35.3178018Z ^[[1m^[[92m     Running^[[0m unittests src/main.rs (target/debug/deps/uselesskey-d93754b852ab2fd9)
prepare	Reconcile surviving predecessor source PR	2026-09-06T23:22:35.3178627Z test tests::materialize_manifest_accepts_singular_fixture_and_dot_kinds ... ok
prepare	Reconcile surviving predecessor source PR	2026-09-06T23:22:35.3179378Z test tests::ssh_public_key_shape_stays_shape_only ... ok
prepare	Reconcile surviving predecessor source PR	2026-09-06T23:22:35.3179784Z 
prepare	Reconcile surviving predecessor source PR	2026-09-06T23:22:35.3180030Z test result: ok. 3 passed; 0 failed; 0 ignored; 0 measured; 0 filtered out; finished in 0.00s
prepare	Reconcile surviving predecessor source PR	2026-09-06T23:22:35.3180370Z 
prepare	Reconcile surviving predecessor source PR	2026-09-06T23:22:35.3185216Z 
prepare	Reconcile surviving predecessor source PR	2026-09-06T23:22:35.3185421Z running 27 tests
prepare	Reconcile surviving predecessor source PR	2026-09-06T23:22:35.3191226Z test inspect_bundle_tests::negative_failure_class_pins_scanner_safe_token_guard ... ok
prepare	Reconcile surviving predecessor source PR	2026-09-06T23:22:35.3192378Z test inspect_bundle_tests::negative_failure_class_pins_tls_taxonomy_classes ... ok
prepare	Reconcile surviving predecessor source PR	2026-09-06T23:22:35.3193440Z test bundle_input_arg_tests::inspect_bundle_accepts_positional_path_and_aliases ... ok
prepare	Reconcile surviving predecessor source PR	2026-09-06T23:22:35.3194239Z test inspect_bundle_tests::private_key_material_requires_private_key_format_and_non_scanner_safe_artifact ... ok
prepare	Reconcile surviving predecessor source PR	2026-09-06T23:22:35.3194930Z test bundle_input_arg_tests::audit_bundle_accepts_path_aliases_with_ci_policy_flags ... ok
prepare	Reconcile surviving predecessor source PR	2026-09-06T23:22:35.3196832Z test bundle_input_arg_tests::verify_bundle_accepts_positional_path_and_aliases ... ok
prepare	Reconcile surviving predecessor source PR	2026-09-06T23:22:35.3197961Z test inspect_bundle_tests::runtime_public_jwk_outputs_are_scanner_safe ... ok
prepare	Reconcile surviving predecessor source PR	2026-09-06T23:22:35.3198931Z test inspect_bundle_tests::summary_scalar_renderers_are_stable ... ok
prepare	Reconcile surviving predecessor source PR	2026-09-06T23:22:35.3200052Z test inspect_bundle_tests::symmetric_secret_material_requires_hmac_and_non_scanner_safe_artifact ... ok
prepare	Reconcile surviving predecessor source PR	2026-09-06T23:22:35.3201370Z test profile_discovery_tests::webhook_profile_explain_mentions_negative_classes_and_limits ... ok
prepare	Reconcile surviving predecessor source PR	2026-09-06T23:22:35.3202546Z test profile_discovery_tests::profile_list_includes_contract_pack_boundaries ... ok
prepare	Reconcile surviving predecessor source PR	2026-09-06T23:22:35.3203542Z test tests::audit_bundle_policy_strict_rejects_missing_files ... ok
prepare	Reconcile surviving predecessor source PR	2026-09-06T23:22:35.3204415Z test tests::audit_bundle_policy_rejects_expected_profile_mismatch ... ok
prepare	Reconcile surviving predecessor source PR	2026-09-06T23:22:35.3205317Z test tests::audit_bundle_policy_strict_rejects_non_pass_check ... ok
prepare	Reconcile surviving predecessor source PR	2026-09-06T23:22:35.3206380Z test tests::audit_bundle_policy_strict_rejects_non_pass_status ... ok
prepare	Reconcile surviving predecessor source PR	2026-09-06T23:22:35.3207269Z test tests::audit_bundle_policy_strict_rejects_unexpected_files ... ok
prepare	Reconcile surviving predecessor source PR	2026-09-06T23:22:35.3208164Z test tests::bundle_audit_failure_diagnostics_are_class_specific ... ok
prepare	Reconcile surviving predecessor source PR	2026-09-06T23:22:35.3208996Z test tests::bundle_audit_markdown_escapes_bundle_metadata ... ok
prepare	Reconcile surviving predecessor source PR	2026-09-06T23:22:35.3209620Z test tests::bundle_manifest_path_context_is_display_safe ... ok
prepare	Reconcile surviving predecessor source PR	2026-09-06T23:22:35.3210100Z test tests::bundle_relative_path_safety_rejects_absolute_and_parent_paths ... ok
prepare	Reconcile surviving predecessor source PR	2026-09-06T23:22:35.3210607Z test tests::bundle_relative_path_safety_rejects_control_characters ... ok
prepare	Reconcile surviving predecessor source PR	2026-09-06T23:22:35.3211079Z test tests::bundle_relative_path_safety_rejects_empty_components ... ok
prepare	Reconcile surviving predecessor source PR	2026-09-06T23:22:35.3211541Z test tests::artifact_material_classifiers_follow_scanner_posture ... ok
prepare	Reconcile surviving predecessor source PR	2026-09-06T23:22:35.3212043Z test tests::bundle_relative_path_safety_rejects_windows_drive_prefixes ... ok
prepare	Reconcile surviving predecessor source PR	2026-09-06T23:22:35.3212565Z test tests::default_output_hint_safety_requires_relative_target_paths ... ok
prepare	Reconcile surviving predecessor source PR	2026-09-06T23:22:35.3213014Z test tests::helper_formatters_cover_all_branches ... ok
prepare	Reconcile surviving predecessor source PR	2026-09-06T23:22:35.3214518Z test tests::audit_bundle_policy_accepts_matching_profile_and_strict_pass ... ok
prepare	Reconcile surviving predecessor source PR	2026-09-06T23:22:35.3215147Z 
prepare	Reconcile surviving predecessor source PR	2026-09-06T23:22:35.3215596Z test result: ok. 27 passed; 0 failed; 0 ignored; 0 measured; 0 filtered out; finished in 0.00s
prepare	Reconcile surviving predecessor source PR	2026-09-06T23:22:35.3216503Z 
prepare	Reconcile surviving predecessor source PR	2026-09-06T23:22:35.3217868Z ^[[1m^[[92m     Running^[[0m tests/cli.rs (target/debug/deps/cli-877865b4965beb48)
prepare	Reconcile surviving predecessor source PR	2026-09-06T23:22:35.3228607Z 
prepare	Reconcile surviving predecessor source PR	2026-09-06T23:22:35.3228872Z running 67 tests
prepare	Reconcile surviving predecessor source PR	2026-09-06T23:22:35.3267546Z test audit_bundle_ci_build_failure_writes_metadata_only_receipts_when_out_is_set ... ok
prepare	Reconcile surviving predecessor source PR	2026-09-06T23:22:35.3271461Z test audit_bundle_ci_failure_json_reports_missing_manifest ... ok
prepare	Reconcile surviving predecessor source PR	2026-09-06T23:22:35.3297119Z test audit_bundle_ci_fails_on_expected_profile_mismatch ... ok
prepare	Reconcile surviving predecessor source PR	2026-09-06T23:22:35.3348063Z test audit_bundle_ci_accepts_strict_policy_and_expected_profile ... ok
prepare	Reconcile surviving predecessor source PR	2026-09-06T23:22:35.3357185Z test audit_bundle_ci_failure_writes_metadata_only_receipts_when_out_is_set ... ok
prepare	Reconcile surviving predecessor source PR	2026-09-06T23:22:35.3390710Z test audit_bundle_ci_outputs_failure_json_and_exit_1 ... ok
prepare	Reconcile surviving predecessor source PR	2026-09-06T23:22:35.3392495Z test audit_bundle_ci_outputs_json_on_success ... ok
prepare	Reconcile surviving predecessor source PR	2026-09-06T23:22:35.3427306Z test audit_bundle_ci_reports_invalid_receipt_class ... ok
prepare	Reconcile surviving predecessor source PR	2026-09-06T23:22:35.3468948Z test audit_bundle_ci_reports_missing_receipt_class ... ok
prepare	Reconcile surviving predecessor source PR	2026-09-06T23:22:35.3470038Z test audit_bundle_ci_reports_missing_artifact_class ... ok
prepare	Reconcile surviving predecessor source PR	2026-09-06T23:22:35.3499662Z test audit_bundle_ci_reports_runtime_material_mismatch_class ... ok
prepare	Reconcile surviving predecessor source PR	2026-09-06T23:22:35.3530657Z test audit_bundle_ci_reports_scanner_safe_mismatch_class ... ok
prepare	Reconcile surviving predecessor source PR	2026-09-06T23:22:35.3536614Z test audit_bundle_ci_reports_unexpected_artifact_class ... ok
prepare	Reconcile surviving predecessor source PR	2026-09-06T23:22:35.3566733Z test audit_bundle_ci_writes_metadata_only_receipts_when_out_is_set ... ok
prepare	Reconcile surviving predecessor source PR	2026-09-06T23:22:35.3946959Z test audit_bundle_golden_markdown_preserves_metadata_only_posture ... ok
prepare	Reconcile surviving predecessor source PR	2026-09-06T23:22:35.3976571Z test audit_bundle_golden_json_preserves_schema_and_boundaries ... ok
prepare	Reconcile surviving predecessor source PR	2026-09-06T23:22:35.3997007Z test audit_bundle_help_explains_ci_receipts_and_boundaries ... ok
prepare	Reconcile surviving predecessor source PR	2026-09-06T23:22:35.4036723Z test audit_bundle_json_reports_artifact_runtime_material_flags ... ok
prepare	Reconcile surviving predecessor source PR	2026-09-06T23:22:35.4082895Z test audit_bundle_path_escape_diagnostic_escapes_control_characters ... ok
prepare	Reconcile surviving predecessor source PR	2026-09-06T23:22:36.6152822Z test audit_bundle_fails_on_unexpected_bundle_file ... ok
prepare	Reconcile surviving predecessor source PR	2026-09-06T23:22:36.6275076Z test audit_bundle_reports_path_escape_class ... ok
prepare	Reconcile surviving predecessor source PR	2026-09-06T23:22:36.6276450Z test audit_bundle_ci_failure_json_reports_unsupported_profile ... ok
prepare	Reconcile surviving predecessor source PR	2026-09-06T23:22:36.6386804Z test audit_bundle_reports_runtime_material_mismatch_class ... ok
prepare	Reconcile surviving predecessor source PR	2026-09-06T23:22:36.6446491Z test audit_bundle_summary_outputs_compact_terminal_report ... ok
prepare	Reconcile surviving predecessor source PR	2026-09-06T23:22:36.6517885Z test audit_bundle_summary_rejects_ci_mode ... ok
prepare	Reconcile surviving predecessor source PR	2026-09-06T23:22:36.6626710Z test audit_bundle_summary_with_out_writes_receipts_and_mentions_output_dir ... ok
prepare	Reconcile surviving predecessor source PR	2026-09-06T23:22:36.6656316Z test audit_bundle_writes_metadata_only_reviewer_receipts ... ok
prepare	Reconcile surviving predecessor source PR	2026-09-06T23:22:36.6716315Z test bad_format_for_kind_exits_nonzero ... ok
prepare	Reconcile surviving predecessor source PR	2026-09-06T23:22:36.6746302Z test bundle_explain_has_copyable_webhook_paths_without_writing_bundle ... ok
prepare	Reconcile surviving predecessor source PR	2026-09-06T23:22:36.6776251Z test bundle_help_shows_installed_generate_verify_inspect_audit_loop ... ok
prepare	Reconcile surviving predecessor source PR	2026-09-06T23:22:37.2127755Z test bundle_profile_oidc_writes_contract_pack ... ok
prepare	Reconcile surviving predecessor source PR	2026-09-06T23:22:37.8866055Z test audit_bundle_json_stdout_reports_scanner_safe_bundle ... ok
prepare	Reconcile surviving predecessor source PR	2026-09-06T23:22:37.8956513Z test audit_bundle_reports_unsupported_profile_class ... ok
prepare	Reconcile surviving predecessor source PR	2026-09-06T23:22:38.1378404Z test bundle_profile_runtime_jwk_marks_public_key_artifacts_scanner_safe ... ok
prepare	Reconcile surviving predecessor source PR	2026-09-06T23:22:38.8178267Z test bundle_profile_runtime_jwks_marks_public_key_artifacts_scanner_safe ... ok
prepare	Reconcile surviving predecessor source PR	2026-09-06T23:22:38.8206487Z test bundle_profile_runtime_preserves_requested_material_format ... ok
prepare	Reconcile surviving predecessor source PR	2026-09-06T23:22:38.8236290Z test bundle_read_commands_reject_duplicate_bundle_dir_inputs ... ok
prepare	Reconcile surviving predecessor source PR	2026-09-06T23:22:39.3956626Z test bundle_profile_scanner_safe_is_the_default_path ... ok
prepare	Reconcile surviving predecessor source PR	2026-09-06T23:22:40.0906741Z test bundle_verify_and_inspect_reject_path_escape_class ... ok
prepare	Reconcile surviving predecessor source PR	2026-09-06T23:22:40.0916344Z test doctor_help_stays_installed_user_scoped ... ok
prepare	Reconcile surviving predecessor source PR	2026-09-06T23:22:40.0956343Z test doctor_json_reports_known_profiles_and_boundaries ... ok
prepare	Reconcile surviving predecessor source PR	2026-09-06T23:22:40.0986186Z test doctor_text_reports_installed_cli_checks_only ... ok
prepare	Reconcile surviving predecessor source PR	2026-09-06T23:22:40.7007841Z test bundle_writes_manifest_schema ... ok
prepare	Reconcile surviving predecessor source PR	2026-09-06T23:22:40.8966537Z test generate_jwk_outputs_json ... ok
prepare	Reconcile surviving predecessor source PR	2026-09-06T23:22:41.2866549Z test generate_rsa_pem_is_deterministic ... ok
prepare	Reconcile surviving predecessor source PR	2026-09-06T23:22:41.9888411Z test audit_bundle_receipts_do_not_copy_runtime_payloads ... ok
prepare	Reconcile surviving predecessor source PR	2026-09-06T23:22:43.2226671Z test inspect_bundle_fails_when_bundle_drift_is_detected ... ok
prepare	Reconcile surviving predecessor source PR	2026-09-06T23:22:43.8707559Z test export_k8s_and_vault_payloads_from_scanner_safe_bundle ... ok
prepare	Reconcile surviving predecessor source PR	2026-09-06T23:22:43.8744260Z test inspect_detects_jwk_json ... ok
prepare	Reconcile surviving predecessor source PR	2026-09-06T23:22:43.8764188Z test inspect_detects_jwks_json ... ok
prepare	Reconcile surviving predecessor source PR	2026-09-06T23:22:43.8784392Z test inspect_leaves_non_key_json_unknown ... ok
prepare	Reconcile surviving predecessor source PR	2026-09-06T23:22:43.8807646Z test inspect_reads_stdin_writes_json ... ok
prepare	Reconcile surviving predecessor source PR	2026-09-06T23:22:43.8827519Z test materialize_can_emit_include_bytes_module ... ok
prepare	Reconcile surviving predecessor source PR	2026-09-06T23:22:43.8894462Z test materialize_check_fails_on_mismatch ... ok
prepare	Reconcile surviving predecessor source PR	2026-09-06T23:22:43.8906227Z test materialize_writes_deterministic_fixtures ... ok
prepare	Reconcile surviving predecessor source PR	2026-09-06T23:22:43.8916328Z test profile_command_summary_has_copyable_webhook_paths ... ok
prepare	Reconcile surviving predecessor source PR	2026-09-06T23:22:43.8946315Z test profiles_command_lists_copyable_contract_pack_paths ... ok
prepare	Reconcile surviving predecessor source PR	2026-09-06T23:22:43.8966321Z test top_level_help_routes_installed_users_to_self_check_and_audit ... ok
prepare	Reconcile surviving predecessor source PR	2026-09-06T23:22:44.5081928Z test inspect_bundle_reports_runtime_material_without_printing_payloads ... ok
prepare	Reconcile surviving predecessor source PR	2026-09-06T23:22:45.5586870Z test verify_bundle_accepts_legacy_manifest_without_profile_metadata ... ok
prepare	Reconcile surviving predecessor source PR	2026-09-06T23:22:45.7396850Z test inspect_bundle_summarizes_verified_scanner_safe_receipts ... ok
prepare	Reconcile surviving predecessor source PR	2026-09-06T23:22:46.3838124Z test bundle_read_commands_accept_positional_bundle_dir_and_keep_flag_forms ... ok
prepare	Reconcile surviving predecessor source PR	2026-09-06T23:22:46.8698332Z test verify_bundle_accepts_generated_bundle_and_detects_mismatch ... ok
prepare	Reconcile surviving predecessor source PR	2026-09-06T23:22:48.1346888Z test verify_bundle_rejects_manifest_metadata_drift ... ok
prepare	Reconcile surviving predecessor source PR	2026-09-06T23:22:48.2530163Z test verify_bundle_rejects_missing_receipt_metadata_on_current_manifest ... ok
prepare	Reconcile surviving predecessor source PR	2026-09-06T23:22:48.5378740Z test verify_bundle_rejects_receipt_drift ... ok
prepare	Reconcile surviving predecessor source PR	2026-09-06T23:22:48.8442387Z test verify_bundle_rejects_receipt_metadata_drift ... ok
prepare	Reconcile surviving predecessor source PR	2026-09-06T23:22:48.8442728Z 
prepare	Reconcile surviving predecessor source PR	2026-09-06T23:22:48.8443007Z test result: ok. 67 passed; 0 failed; 0 ignored; 0 measured; 0 filtered out; finished in 13.52s
prepare	Reconcile surviving predecessor source PR	2026-09-06T23:22:48.8443388Z 
prepare	Reconcile surviving predecessor source PR	2026-09-06T23:22:48.8449290Z ^[[1m^[[92m     Running^[[0m tests/export_targets.rs (target/debug/deps/export_targets-73c737c782518829)
prepare	Reconcile surviving predecessor source PR	2026-09-06T23:22:48.8461097Z 
prepare	Reconcile surviving predecessor source PR	2026-09-06T23:22:48.8461275Z running 4 tests
prepare	Reconcile surviving predecessor source PR	2026-09-06T23:22:48.8465255Z test golden_manifest_json ... ok
prepare	Reconcile surviving predecessor source PR	2026-09-06T23:22:48.8465663Z test golden_renderer_outputs_match_expected_files ... ok
prepare	Reconcile surviving predecessor source PR	2026-09-06T23:22:48.8468625Z test manifest_write_json_round_trip ... ok
prepare	Reconcile surviving predecessor source PR	2026-09-06T23:22:48.8471129Z test local_file_target_round_trip ... ok
prepare	Reconcile surviving predecessor source PR	2026-09-06T23:22:48.8471506Z 
prepare	Reconcile surviving predecessor source PR	2026-09-06T23:22:48.8472911Z test result: ok. 4 passed; 0 failed; 0 ignored; 0 measured; 0 filtered out; finished in 0.00s
prepare	Reconcile surviving predecessor source PR	2026-09-06T23:22:48.8473549Z 
prepare	Reconcile surviving predecessor source PR	2026-09-06T23:22:48.8476488Z ^[[1m^[[92m     Running^[[0m tests/materialize_kinds.rs (target/debug/deps/materialize_kinds-6bd835eba9d484f3)
prepare	Reconcile surviving predecessor source PR	2026-09-06T23:22:48.8487997Z 
prepare	Reconcile surviving predecessor source PR	2026-09-06T23:22:48.8488353Z running 11 tests
prepare	Reconcile surviving predecessor source PR	2026-09-06T23:22:48.8494579Z test emit_include_bytes_module_with_empty_manifest_errors ... ok
prepare	Reconcile surviving predecessor source PR	2026-09-06T23:22:48.8495549Z test emit_include_bytes_module_rejects_duplicate_const_names ... ok
prepare	Reconcile surviving predecessor source PR	2026-09-06T23:22:48.8500896Z test emit_include_bytes_module_prefixes_underscore_for_digit_leading_id ... ok
prepare	Reconcile surviving predecessor source PR	2026-09-06T23:22:48.8501823Z test entropy_bytes_kind_uses_default_length_when_unset ... ok
prepare	Reconcile surviving predecessor source PR	2026-09-06T23:22:48.8502623Z test materialize_to_dir_with_empty_manifest_errors ... ok
prepare	Reconcile surviving predecessor source PR	2026-09-06T23:22:48.8503346Z test pem_block_shape_empty_label_falls_back_to_secret ... ok
prepare	Reconcile surviving predecessor source PR	2026-09-06T23:22:48.8504232Z test ssh_public_key_shape_with_only_disallowed_label_falls_back_to_fixture ... ok
prepare	Reconcile surviving predecessor source PR	2026-09-06T23:22:48.8505099Z test pem_block_shape_emits_block_with_normalized_label ... ok
prepare	Reconcile surviving predecessor source PR	2026-09-06T23:22:48.8506159Z test pem_block_shape_label_with_only_special_chars_falls_back_to_secret ... ok
prepare	Reconcile surviving predecessor source PR	2026-09-06T23:22:48.8507436Z ^[[1m^[[92m     Running^[[0m tests/tls_profile.rs (target/debug/deps/tls_profile-a99c52a159319770)
prepare	Reconcile surviving predecessor source PR	2026-09-06T23:22:48.8508329Z test token_api_key_kind_emits_non_empty_token_value ... ok
prepare	Reconcile surviving predecessor source PR	2026-09-06T23:22:48.8509018Z test token_api_key_is_deterministic_across_runs ... ok
prepare	Reconcile surviving predecessor source PR	2026-09-06T23:22:48.8509326Z 
prepare	Reconcile surviving predecessor source PR	2026-09-06T23:22:48.8509582Z test result: ok. 11 passed; 0 failed; 0 ignored; 0 measured; 0 filtered out; finished in 0.00s
prepare	Reconcile surviving predecessor source PR	2026-09-06T23:22:48.8509938Z 
prepare	Reconcile surviving predecessor source PR	2026-09-06T23:22:48.8516638Z 
prepare	Reconcile surviving predecessor source PR	2026-09-06T23:22:48.8516790Z running 5 tests
prepare	Reconcile surviving predecessor source PR	2026-09-06T23:22:50.4668985Z test tls_bundle_certificate_fixtures_parse_as_pem_certificates ... ok
prepare	Reconcile surviving predecessor source PR	2026-09-06T23:22:50.4686739Z test tls_bundle_emits_expected_layout ... ok
prepare	Reconcile surviving predecessor source PR	2026-09-06T23:22:52.0762360Z test tls_evidence_markdown_lists_all_fixtures_with_failure_classes ... ok
prepare	Reconcile surviving predecessor source PR	2026-09-06T23:22:52.0795917Z test tls_bundle_is_deterministic_across_runs ... ok
prepare	Reconcile surviving predecessor source PR	2026-09-06T23:22:52.1431097Z test tls_bundle_round_trips_through_verify_bundle ... ok
prepare	Reconcile surviving predecessor source PR	2026-09-06T23:22:52.1431613Z 
prepare	Reconcile surviving predecessor source PR	2026-09-06T23:22:52.1432074Z test result: ok. 5 passed; 0 failed; 0 ignored; 0 measured; 0 filtered out; finished in 3.29s
prepare	Reconcile surviving predecessor source PR	2026-09-06T23:22:52.1432665Z 
prepare	Reconcile surviving predecessor source PR	2026-09-06T23:22:52.1435219Z ^[[1m^[[92m     Running^[[0m tests/webhook_profile.rs (target/debug/deps/webhook_profile-f5ec182e6070cd72)
prepare	Reconcile surviving predecessor source PR	2026-09-06T23:22:52.1447147Z 
prepare	Reconcile surviving predecessor source PR	2026-09-06T23:22:52.1447367Z running 4 tests
prepare	Reconcile surviving predecessor source PR	2026-09-06T23:22:52.1494230Z test webhook_evidence_markdown_lists_all_rejection_classes ... ok
prepare	Reconcile surviving predecessor source PR	2026-09-06T23:22:52.1495015Z test webhook_bundle_emits_expected_layout ... ok
prepare	Reconcile surviving predecessor source PR	2026-09-06T23:22:52.1497705Z test webhook_request_fixtures_record_stable_rejection_classes ... ok
prepare	Reconcile surviving predecessor source PR	2026-09-06T23:22:52.1537396Z test webhook_bundle_is_deterministic_and_verifiable ... ok
prepare	Reconcile surviving predecessor source PR	2026-09-06T23:22:52.1537955Z 
prepare	Reconcile surviving predecessor source PR	2026-09-06T23:22:52.1538380Z test result: ok. 4 passed; 0 failed; 0 ignored; 0 measured; 0 filtered out; finished in 0.01s
prepare	Reconcile surviving predecessor source PR	2026-09-06T23:22:52.1539057Z 
prepare	Reconcile surviving predecessor source PR	2026-09-06T23:22:52.1540549Z ^[[1m^[[92m   Doc-tests^[[0m uselesskey_cli
prepare	Reconcile surviving predecessor source PR	2026-09-06T23:22:52.2146514Z 
prepare	Reconcile surviving predecessor source PR	2026-09-06T23:22:52.2147172Z running 0 tests
prepare	Reconcile surviving predecessor source PR	2026-09-06T23:22:52.2147384Z 
prepare	Reconcile surviving predecessor source PR	2026-09-06T23:22:52.2147675Z test result: ok. 0 passed; 0 failed; 0 ignored; 0 measured; 0 filtered out; finished in 0.00s
prepare	Reconcile surviving predecessor source PR	2026-09-06T23:22:52.2148039Z 
prepare	Reconcile surviving predecessor source PR	2026-09-06T23:22:52.2259474Z ==> test:uselesskey-cli [ok, 41.0s]
prepare	Reconcile surviving predecessor source PR	2026-09-06T23:22:52.2260124Z ==> feature-matrix [skipped]
prepare	Reconcile surviving predecessor source PR	2026-09-06T23:22:52.2260505Z ==> dep-guard [skipped]
prepare	Reconcile surviving predecessor source PR	2026-09-06T23:22:52.2260746Z ==> bdd
prepare	Reconcile surviving predecessor source PR	2026-09-06T23:22:52.2261545Z ^[[1m^[[30;104m RUN ^[[0m^[[0m ^[[1m"cargo" "test" "-p" "uselesskey-bdd" "--test" "bdd" "--no-default-features" "--features" "uk-all" "--release"^[[0m
prepare	Reconcile surviving predecessor source PR	2026-09-06T23:22:52.5118028Z ^[[1m^[[92m   Compiling^[[0m proc-macro2 v1.0.106
prepare	Reconcile surviving predecessor source PR	2026-09-06T23:22:52.5120387Z ^[[1m^[[92m   Compiling^[[0m unicode-ident v1.0.24
prepare	Reconcile surviving predecessor source PR	2026-09-06T23:22:52.5121328Z ^[[1m^[[92m   Compiling^[[0m quote v1.0.45
prepare	Reconcile surviving predecessor source PR	2026-09-06T23:22:52.5122178Z ^[[1m^[[92m   Compiling^[[0m libc v0.2.183
prepare	Reconcile surviving predecessor source PR	2026-09-06T23:22:52.5709423Z ^[[1m^[[92m   Compiling^[[0m cfg-if v1.0.4
prepare	Reconcile surviving predecessor source PR	2026-09-06T23:22:52.6077680Z ^[[1m^[[92m   Compiling^[[0m typenum v1.19.0
prepare	Reconcile surviving predecessor source PR	2026-09-06T23:22:52.6437597Z ^[[1m^[[92m   Compiling^[[0m subtle v2.6.1
prepare	Reconcile surviving predecessor source PR	2026-09-06T23:22:52.7497397Z ^[[1m^[[92m   Compiling^[[0m version_check v0.9.5
prepare	Reconcile surviving predecessor source PR	2026-09-06T23:22:52.9627383Z ^[[1m^[[92m   Compiling^[[0m generic-array v0.14.7
prepare	Reconcile surviving predecessor source PR	2026-09-06T23:22:53.0644477Z ^[[1m^[[92m   Compiling^[[0m memchr v2.8.0
prepare	Reconcile surviving predecessor source PR	2026-09-06T23:22:53.5517083Z ^[[1m^[[92m   Compiling^[[0m syn v2.0.117
prepare	Reconcile surviving predecessor source PR	2026-09-06T23:22:53.6393612Z ^[[1m^[[92m   Compiling^[[0m getrandom v0.2.17
prepare	Reconcile surviving predecessor source PR	2026-09-06T23:22:53.6447088Z ^[[1m^[[92m   Compiling^[[0m const-oid v0.9.6
prepare	Reconcile surviving predecessor source PR	2026-09-06T23:22:53.8067163Z ^[[1m^[[92m   Compiling^[[0m rand_core v0.6.4
prepare	Reconcile surviving predecessor source PR	2026-09-06T23:22:53.8635172Z ^[[1m^[[92m   Compiling^[[0m base64ct v1.8.3
prepare	Reconcile surviving predecessor source PR	2026-09-06T23:22:54.1627226Z ^[[1m^[[92m   Compiling^[[0m find-msvc-tools v0.1.9
prepare	Reconcile surviving predecessor source PR	2026-09-06T23:22:54.3208125Z ^[[1m^[[92m   Compiling^[[0m shlex v1.3.0
prepare	Reconcile surviving predecessor source PR	2026-09-06T23:22:54.3547140Z ^[[1m^[[92m   Compiling^[[0m rand_core v0.10.1
prepare	Reconcile surviving predecessor source PR	2026-09-06T23:22:54.4417036Z ^[[1m^[[92m   Compiling^[[0m autocfg v1.5.0
prepare	Reconcile surviving predecessor source PR	2026-09-06T23:22:54.4637218Z ^[[1m^[[92m   Compiling^[[0m serde_core v1.0.228
prepare	Reconcile surviving predecessor source PR	2026-09-06T23:22:54.6257651Z ^[[1m^[[92m   Compiling^[[0m libm v0.2.16
prepare	Reconcile surviving predecessor source PR	2026-09-06T23:22:54.7527437Z ^[[1m^[[92m   Compiling^[[0m num-traits v0.2.19
prepare	Reconcile surviving predecessor source PR	2026-09-06T23:22:54.8140166Z ^[[1m^[[92m   Compiling^[[0m getrandom v0.4.2
prepare	Reconcile surviving predecessor source PR	2026-09-06T23:22:54.8997603Z ^[[1m^[[92m   Compiling^[[0m jobserver v0.1.34
prepare	Reconcile surviving predecessor source PR	2026-09-06T23:22:55.2077165Z ^[[1m^[[92m   Compiling^[[0m cc v1.2.58
prepare	Reconcile surviving predecessor source PR	2026-09-06T23:22:56.6987024Z ^[[1m^[[92m   Compiling^[[0m zmij v1.0.21
prepare	Reconcile surviving predecessor source PR	2026-09-06T23:22:57.3247114Z ^[[1m^[[92m   Compiling^[[0m cpufeatures v0.2.17
prepare	Reconcile surviving predecessor source PR	2026-09-06T23:22:57.3597255Z ^[[1m^[[92m   Compiling^[[0m itoa v1.0.18
prepare	Reconcile surviving predecessor source PR	2026-09-06T23:22:57.5467265Z ^[[1m^[[92m   Compiling^[[0m pem-rfc7468 v0.7.0
prepare	Reconcile surviving predecessor source PR	2026-09-06T23:22:57.5907642Z ^[[1m^[[92m   Compiling^[[0m serde v1.0.228
prepare	Reconcile surviving predecessor source PR	2026-09-06T23:22:57.7634393Z ^[[1m^[[92m   Compiling^[[0m thiserror v2.0.18
prepare	Reconcile surviving predecessor source PR	2026-09-06T23:22:57.7737165Z ^[[1m^[[92m   Compiling^[[0m once_cell v1.21.4
prepare	Reconcile surviving predecessor source PR	2026-09-06T23:22:57.9447590Z ^[[1m^[[92m   Compiling^[[0m smallvec v1.15.1
prepare	Reconcile surviving predecessor source PR	2026-09-06T23:22:57.9507409Z ^[[1m^[[92m   Compiling^[[0m zerocopy v0.8.48
prepare	Reconcile surviving predecessor source PR	2026-09-06T23:22:58.1697121Z ^[[1m^[[92m   Compiling^[[0m serde_json v1.0.151
prepare	Reconcile surviving predecessor source PR	2026-09-06T23:22:58.3107212Z ^[[1m^[[92m   Compiling^[[0m const-oid v0.10.2
prepare	Reconcile surviving predecessor source PR	2026-09-06T23:22:58.5186394Z ^[[1m^[[92m   Compiling^[[0m zeroize_derive v1.4.3
prepare	Reconcile surviving predecessor source PR	2026-09-06T23:22:58.5524153Z ^[[1m^[[92m   Compiling^[[0m serde_derive v1.0.228
prepare	Reconcile surviving predecessor source PR	2026-09-06T23:22:58.5727945Z ^[[1m^[[92m   Compiling^[[0m thiserror-impl v2.0.18
prepare	Reconcile surviving predecessor source PR	2026-09-06T23:22:58.9277043Z ^[[1m^[[92m   Compiling^[[0m zeroize v1.8.2
prepare	Reconcile surviving predecessor source PR	2026-09-06T23:22:59.7117112Z ^[[1m^[[92m   Compiling^[[0m crypto-common v0.1.7
prepare	Reconcile surviving predecessor source PR	2026-09-06T23:22:59.7587242Z ^[[1m^[[92m   Compiling^[[0m block-buffer v0.10.4
prepare	Reconcile surviving predecessor source PR	2026-09-06T23:22:59.7847352Z ^[[1m^[[92m   Compiling^[[0m der v0.7.10
prepare	Reconcile surviving predecessor source PR	2026-09-06T23:22:59.8492611Z ^[[1m^[[92m   Compiling^[[0m digest v0.10.7
prepare	Reconcile surviving predecessor source PR	2026-09-06T23:23:00.0497680Z ^[[1m^[[92m   Compiling^[[0m hybrid-array v0.4.9
prepare	Reconcile surviving predecessor source PR	2026-09-06T23:23:00.6448628Z ^[[1m^[[92m   Compiling^[[0m cmov v0.5.2
prepare	Reconcile surviving predecessor source PR	2026-09-06T23:23:00.8357268Z ^[[1m^[[92m   Compiling^[[0m ctutils v0.4.0
prepare	Reconcile surviving predecessor source PR	2026-09-06T23:23:01.0427873Z ^[[1m^[[92m   Compiling^[[0m spki v0.7.3
prepare	Reconcile surviving predecessor source PR	2026-09-06T23:23:01.2577530Z ^[[1m^[[92m   Compiling^[[0m pkcs8 v0.10.2
prepare	Reconcile surviving predecessor source PR	2026-09-06T23:23:02.3327794Z ^[[1m^[[92m   Compiling^[[0m ppv-lite86 v0.2.21
prepare	Reconcile surviving predecessor source PR	2026-09-06T23:23:02.3885074Z ^[[1m^[[92m   Compiling^[[0m crossbeam-utils v0.8.21
prepare	Reconcile surviving predecessor source PR	2026-09-06T23:23:02.5537463Z ^[[1m^[[92m   Compiling^[[0m signature v2.2.0
prepare	Reconcile surviving predecessor source PR	2026-09-06T23:23:02.6517436Z ^[[1m^[[92m   Compiling^[[0m bitflags v2.11.0
prepare	Reconcile surviving predecessor source PR	2026-09-06T23:23:02.6727299Z ^[[1m^[[92m   Compiling^[[0m rustix v1.1.4
prepare	Reconcile surviving predecessor source PR	2026-09-06T23:23:03.0087132Z ^[[1m^[[92m   Compiling^[[0m sha2 v0.10.9
prepare	Reconcile surviving predecessor source PR	2026-09-06T23:23:03.1249778Z ^[[1m^[[92m   Compiling^[[0m linux-raw-sys v0.12.1
prepare	Reconcile surviving predecessor source PR	2026-09-06T23:23:03.4587174Z ^[[1m^[[92m   Compiling^[[0m cpufeatures v0.3.0
prepare	Reconcile surviving predecessor source PR	2026-09-06T23:23:03.4947574Z ^[[1m^[[92m   Compiling^[[0m base64 v0.22.1
prepare	Reconcile surviving predecessor source PR	2026-09-06T23:23:03.9766898Z ^[[1m^[[92m   Compiling^[[0m crypto-common v0.2.1
prepare	Reconcile surviving predecessor source PR	2026-09-06T23:23:04.8161753Z ^[[1m^[[92m   Compiling^[[0m block-buffer v0.12.0
prepare	Reconcile surviving predecessor source PR	2026-09-06T23:23:04.9277535Z ^[[1m^[[92m   Compiling^[[0m num-integer v0.1.46
prepare	Reconcile surviving predecessor source PR	2026-09-06T23:23:05.1967181Z ^[[1m^[[92m   Compiling^[[0m digest v0.11.2
prepare	Reconcile surviving predecessor source PR	2026-09-06T23:23:05.3587240Z ^[[1m^[[92m   Compiling^[[0m inout v0.1.4
prepare	Reconcile surviving predecessor source PR	2026-09-06T23:23:05.4287025Z ^[[1m^[[92m   Compiling^[[0m blake3 v1.8.5
prepare	Reconcile surviving predecessor source PR	2026-09-06T23:23:05.4336960Z ^[[1m^[[92m   Compiling^[[0m pem-rfc7468 v1.0.0
prepare	Reconcile surviving predecessor source PR	2026-09-06T23:23:05.4528887Z ^[[1m^[[92m   Compiling^[[0m bytes v1.11.1
prepare	Reconcile surviving predecessor source PR	2026-09-06T23:23:05.6127578Z ^[[1m^[[92m   Compiling^[[0m parking_lot_core v0.9.12
prepare	Reconcile surviving predecessor source PR	2026-09-06T23:23:06.1045201Z ^[[1m^[[92m   Compiling^[[0m der v0.8.0
prepare	Reconcile surviving predecessor source PR	2026-09-06T23:23:06.2987325Z ^[[1m^[[92m   Compiling^[[0m cipher v0.4.4
prepare	Reconcile surviving predecessor source PR	2026-09-06T23:23:06.4684655Z ^[[1m^[[92m   Compiling^[[0m constant_time_eq v0.4.2
prepare	Reconcile surviving predecessor source PR	2026-09-06T23:23:06.4937547Z ^[[1m^[[92m   Compiling^[[0m scopeguard v1.2.0
prepare	Reconcile surviving predecessor source PR	2026-09-06T23:23:06.5397638Z ^[[1m^[[92m   Compiling^[[0m arrayvec v0.7.6
prepare	Reconcile surviving predecessor source PR	2026-09-06T23:23:06.5927514Z ^[[1m^[[92m   Compiling^[[0m arrayref v0.3.9
prepare	Reconcile surviving predecessor source PR	2026-09-06T23:23:06.6307080Z ^[[1m^[[92m   Compiling^[[0m lock_api v0.4.14
prepare	Reconcile surviving predecessor source PR	2026-09-06T23:23:07.0797538Z ^[[1m^[[92m   Compiling^[[0m fastrand v2.3.0
prepare	Reconcile surviving predecessor source PR	2026-09-06T23:23:07.1766927Z ^[[1m^[[92m   Compiling^[[0m hashbrown v0.14.5
prepare	Reconcile surviving predecessor source PR	2026-09-06T23:23:07.2917152Z ^[[1m^[[92m   Compiling^[[0m spin v0.9.8
prepare	Reconcile surviving predecessor source PR	2026-09-06T23:23:07.3621308Z ^[[1m^[[92m   Compiling^[[0m radium v0.7.0
prepare	Reconcile surviving predecessor source PR	2026-09-06T23:23:07.4737170Z ^[[1m^[[92m   Compiling^[[0m cpubits v0.1.0
prepare	Reconcile surviving predecessor source PR	2026-09-06T23:23:07.5037303Z ^[[1m^[[92m   Compiling^[[0m crypto-bigint v0.7.3
prepare	Reconcile surviving predecessor source PR	2026-09-06T23:23:07.6636987Z ^[[1m^[[92m   Compiling^[[0m lazy_static v1.5.0
prepare	Reconcile surviving predecessor source PR	2026-09-06T23:23:07.7097532Z ^[[1m^[[92m   Compiling^[[0m spki v0.8.0-rc.4
prepare	Reconcile surviving predecessor source PR	2026-09-06T23:23:07.8637348Z ^[[1m^[[92m   Compiling^[[0m dashmap v6.2.1
prepare	Reconcile surviving predecessor source PR	2026-09-06T23:23:07.9367272Z ^[[1m^[[92m   Compiling^[[0m tempfile v3.27.0
prepare	Reconcile surviving predecessor source PR	2026-09-06T23:23:08.4187160Z ^[[1m^[[92m   Compiling^[[0m rand_chacha v0.3.1
prepare	Reconcile surviving predecessor source PR	2026-09-06T23:23:08.9017075Z ^[[1m^[[92m   Compiling^[[0m rand_chacha v0.10.0
prepare	Reconcile surviving predecessor source PR	2026-09-06T23:23:09.0777695Z ^[[1m^[[92m   Compiling^[[0m rand v0.10.1
prepare	Reconcile surviving predecessor source PR	2026-09-06T23:23:09.4487166Z ^[[1m^[[92m   Compiling^[[0m spin v0.12.3
prepare	Reconcile surviving predecessor source PR	2026-09-06T23:23:09.4949136Z ^[[1m^[[92m   Compiling^[[0m tap v1.0.1
prepare	Reconcile surviving predecessor source PR	2026-09-06T23:23:09.5083371Z ^[[1m^[[92m   Compiling^[[0m num-bigint-dig v0.8.6
prepare	Reconcile surviving predecessor source PR	2026-09-06T23:23:09.5559937Z ^[[1m^[[92m   Compiling^[[0m wyz v0.5.1
prepare	Reconcile surviving predecessor source PR	2026-09-06T23:23:09.5919936Z ^[[1m^[[92m   Compiling^[[0m rand v0.8.5
prepare	Reconcile surviving predecessor source PR	2026-09-06T23:23:09.6827620Z ^[[1m^[[92m   Compiling^[[0m uselesskey-core v0.10.0 (/home/runner/work/uselesskey/uselesskey/crates/uselesskey-core)
prepare	Reconcile surviving predecessor source PR	2026-09-06T23:23:09.9237605Z ^[[1m^[[92m   Compiling^[[0m num-iter v0.1.45
prepare	Reconcile surviving predecessor source PR	2026-09-06T23:23:09.9847543Z ^[[1m^[[92m   Compiling^[[0m hmac v0.12.1
prepare	Reconcile surviving predecessor source PR	2026-09-06T23:23:10.0847637Z ^[[1m^[[92m   Compiling^[[0m semver v1.0.27
prepare	Reconcile surviving predecessor source PR	2026-09-06T23:23:10.3297308Z ^[[1m^[[92m   Compiling^[[0m funty v2.0.0
prepare	Reconcile surviving predecessor source PR	2026-09-06T23:23:10.3988479Z ^[[1m^[[92m   Compiling^[[0m base16ct v0.2.0
prepare	Reconcile surviving predecessor source PR	2026-09-06T23:23:10.5627291Z ^[[1m^[[92m   Compiling^[[0m pin-project-lite v0.2.17
prepare	Reconcile surviving predecessor source PR	2026-09-06T23:23:11.2527557Z ^[[1m^[[92m   Compiling^[[0m bitvec v1.0.1
prepare	Reconcile surviving predecessor source PR	2026-09-06T23:23:11.3957099Z ^[[1m^[[92m   Compiling^[[0m rustc_version v0.4.1
prepare	Reconcile surviving predecessor source PR	2026-09-06T23:23:11.6007210Z ^[[1m^[[92m   Compiling^[[0m pkcs8 v0.11.0-rc.11
prepare	Reconcile surviving predecessor source PR	2026-09-06T23:23:11.7527119Z ^[[1m^[[92m   Compiling^[[0m curve25519-dalek v4.1.3
prepare	Reconcile surviving predecessor source PR	2026-09-06T23:23:11.8687262Z ^[[1m^[[92m   Compiling^[[0m serdect v0.2.0
prepare	Reconcile surviving predecessor source PR	2026-09-06T23:23:11.9857250Z ^[[1m^[[92m   Compiling^[[0m pkcs1 v0.7.5
prepare	Reconcile surviving predecessor source PR	2026-09-06T23:23:13.5607155Z ^[[1m^[[92m   Compiling^[[0m ff v0.13.1
prepare	Reconcile surviving predecessor source PR	2026-09-06T23:23:13.6587244Z ^[[1m^[[92m   Compiling^[[0m time-core v0.1.9
prepare	Reconcile surviving predecessor source PR	2026-09-06T23:23:13.8087711Z ^[[1m^[[92m   Compiling^[[0m futures-core v0.3.32
prepare	Reconcile surviving predecessor source PR	2026-09-06T23:23:13.8457738Z ^[[1m^[[92m   Compiling^[[0m num-conv v0.2.2
prepare	Reconcile surviving predecessor source PR	2026-09-06T23:23:13.8917488Z ^[[1m^[[92m   Compiling^[[0m group v0.13.0
prepare	Reconcile surviving predecessor source PR	2026-09-06T23:23:13.9587104Z ^[[1m^[[92m   Compiling^[[0m time-macros v0.2.32
prepare	Reconcile surviving predecessor source PR	2026-09-06T23:23:14.0257037Z ^[[1m^[[92m   Compiling^[[0m rsa v0.9.10
prepare	Reconcile surviving predecessor source PR	2026-09-06T23:23:15.2347230Z ^[[1m^[[92m   Compiling^[[0m sec1 v0.7.3
prepare	Reconcile surviving predecessor source PR	2026-09-06T23:23:16.1837261Z ^[[1m^[[92m   Compiling^[[0m hkdf v0.12.4
prepare	Reconcile surviving predecessor source PR	2026-09-06T23:23:16.2764260Z ^[[1m^[[92m   Compiling^[[0m signature v3.0.0
prepare	Reconcile surviving predecessor source PR	2026-09-06T23:23:16.3367017Z ^[[1m^[[92m   Compiling^[[0m sha2 v0.11.0
prepare	Reconcile surviving predecessor source PR	2026-09-06T23:23:16.3757617Z ^[[1m^[[92m   Compiling^[[0m crypto-bigint v0.5.5
prepare	Reconcile surviving predecessor source PR	2026-09-06T23:23:17.0547337Z ^[[1m^[[92m   Compiling^[[0m curve25519-dalek-derive v0.1.1
prepare	Reconcile surviving predecessor source PR	2026-09-06T23:23:17.0877364Z ^[[1m^[[92m   Compiling^[[0m ring v0.17.14
prepare	Reconcile surviving predecessor source PR	2026-09-06T23:23:17.4617337Z ^[[1m^[[92m   Compiling^[[0m deranged v0.5.8
prepare	Reconcile surviving predecessor source PR	2026-09-06T23:23:17.7027332Z ^[[1m^[[92m   Compiling^[[0m powerfmt v0.2.0
prepare	Reconcile surviving predecessor source PR	2026-09-06T23:23:17.9007602Z ^[[1m^[[92m   Compiling^[[0m elliptic-curve v0.13.8
prepare	Reconcile surviving predecessor source PR	2026-09-06T23:23:18.7047193Z ^[[1m^[[92m   Compiling^[[0m time v0.3.55
prepare	Reconcile surviving predecessor source PR	2026-09-06T23:23:18.9797068Z ^[[1m^[[92m   Compiling^[[0m rustcrypto-ff v0.14.0-rc.0
prepare	Reconcile surviving predecessor source PR	2026-09-06T23:23:19.0797463Z ^[[1m^[[92m   Compiling^[[0m futures-sink v0.3.32
prepare	Reconcile surviving predecessor source PR	2026-09-06T23:23:19.1307483Z ^[[1m^[[92m   Compiling^[[0m rfc6979 v0.4.0
prepare	Reconcile surviving predecessor source PR	2026-09-06T23:23:19.2027543Z ^[[1m^[[92m   Compiling^[[0m uselesskey-jwk v0.10.0 (/home/runner/work/uselesskey/uselesskey/crates/uselesskey-jwk)
prepare	Reconcile surviving predecessor source PR	2026-09-06T23:23:20.9391938Z ^[[1m^[[92m   Compiling^[[0m ed25519 v2.2.3
prepare	Reconcile surviving predecessor source PR	2026-09-06T23:23:21.8647139Z ^[[1m^[[92m   Compiling^[[0m base16ct v1.0.0
prepare	Reconcile surviving predecessor source PR	2026-09-06T23:23:22.0837471Z ^[[1m^[[92m   Compiling^[[0m log v0.4.29
prepare	Reconcile surviving predecessor source PR	2026-09-06T23:23:22.2497178Z ^[[1m^[[92m   Compiling^[[0m sec1 v0.8.0
prepare	Reconcile surviving predecessor source PR	2026-09-06T23:23:22.2847255Z ^[[1m^[[92m   Compiling^[[0m ed25519-dalek v2.2.0
prepare	Reconcile surviving predecessor source PR	2026-09-06T23:23:22.5987463Z ^[[1m^[[92m   Compiling^[[0m rustcrypto-group v0.14.0-rc.0
prepare	Reconcile surviving predecessor source PR	2026-09-06T23:23:22.7228307Z ^[[1m^[[92m   Compiling^[[0m hmac v0.13.0
prepare	Reconcile surviving predecessor source PR	2026-09-06T23:23:22.7677067Z ^[[1m^[[92m   Compiling^[[0m tokio-macros v2.7.0
prepare	Reconcile surviving predecessor source PR	2026-09-06T23:23:22.8457567Z ^[[1m^[[92m   Compiling^[[0m socket2 v0.6.3
prepare	Reconcile surviving predecessor source PR	2026-09-06T23:23:23.0657103Z ^[[1m^[[92m   Compiling^[[0m mio v1.2.0
prepare	Reconcile surviving predecessor source PR	2026-09-06T23:23:23.2807266Z ^[[1m^[[92m   Compiling^[[0m untrusted v0.9.0
prepare	Reconcile surviving predecessor source PR	2026-09-06T23:23:23.3507257Z ^[[1m^[[92m   Compiling^[[0m heck v0.5.0
prepare	Reconcile surviving predecessor source PR	2026-09-06T23:23:23.5021662Z ^[[1m^[[92m   Compiling^[[0m slab v0.4.12
prepare	Reconcile surviving predecessor source PR	2026-09-06T23:23:23.6254000Z ^[[1m^[[92m   Compiling^[[0m unicode-segmentation v1.13.2
prepare	Reconcile surviving predecessor source PR	2026-09-06T23:23:23.6671703Z ^[[1m^[[92m   Compiling^[[0m tokio v1.52.3
prepare	Reconcile surviving predecessor source PR	2026-09-06T23:23:23.7617160Z ^[[1m^[[92m   Compiling^[[0m elliptic-curve v0.14.0-rc.29
prepare	Reconcile surviving predecessor source PR	2026-09-06T23:23:23.9744966Z ^[[1m^[[92m   Compiling^[[0m convert_case v0.10.0
prepare	Reconcile surviving predecessor source PR	2026-09-06T23:23:24.1102815Z ^[[1m^[[92m   Compiling^[[0m ecdsa v0.16.9
prepare	Reconcile surviving predecessor source PR	2026-09-06T23:23:24.1729996Z ^[[1m^[[92m   Compiling^[[0m futures-channel v0.3.32
prepare	Reconcile surviving predecessor source PR	2026-09-06T23:23:24.3637897Z ^[[1m^[[92m   Compiling^[[0m crypto-primes v0.7.0
prepare	Reconcile surviving predecessor source PR	2026-09-06T23:23:24.6787174Z ^[[1m^[[92m   Compiling^[[0m pkcs1 v0.8.0-rc.4
prepare	Reconcile surviving predecessor source PR	2026-09-06T23:23:25.6450082Z ^[[1m^[[92m   Compiling^[[0m aho-corasick v1.1.4
prepare	Reconcile surviving predecessor source PR	2026-09-06T23:23:26.0973356Z ^[[1m^[[92m   Compiling^[[0m regex-syntax v0.8.11
prepare	Reconcile surviving predecessor source PR	2026-09-06T23:23:31.8140926Z ^[[1m^[[92m   Compiling^[[0m unicode-xid v0.2.6
prepare	Reconcile surviving predecessor source PR	2026-09-06T23:23:31.8737119Z ^[[1m^[[92m   Compiling^[[0m minimal-lexical v0.2.1
prepare	Reconcile surviving predecessor source PR	2026-09-06T23:23:32.1419747Z ^[[1m^[[92m   Compiling^[[0m nom v7.1.3
prepare	Reconcile surviving predecessor source PR	2026-09-06T23:23:33.7667100Z ^[[1m^[[92m   Compiling^[[0m derive_more-impl v2.1.1
prepare	Reconcile surviving predecessor source PR	2026-09-06T23:23:34.2817110Z ^[[1m^[[92m   Compiling^[[0m regex-automata v0.4.18
prepare	Reconcile surviving predecessor source PR	2026-09-06T23:23:34.4352420Z ^[[1m^[[92m   Compiling^[[0m rsa v0.10.0-rc.17
prepare	Reconcile surviving predecessor source PR	2026-09-06T23:23:36.3457564Z ^[[1m^[[92m   Compiling^[[0m rfc6979 v0.5.0-rc.5
prepare	Reconcile surviving predecessor source PR	2026-09-06T23:23:36.4407238Z ^[[1m^[[92m   Compiling^[[0m primeorder v0.13.6
prepare	Reconcile surviving predecessor source PR	2026-09-06T23:23:36.6897222Z ^[[1m^[[92m   Compiling^[[0m num-bigint v0.4.6
prepare	Reconcile surviving predecessor source PR	2026-09-06T23:23:37.4977225Z ^[[1m^[[92m   Compiling^[[0m rustls-pki-types v1.14.1
prepare	Reconcile surviving predecessor source PR	2026-09-06T23:23:38.4347399Z ^[[1m^[[92m   Compiling^[[0m futures-macro v0.3.32
prepare	Reconcile surviving predecessor source PR	2026-09-06T23:23:39.0787028Z ^[[1m^[[92m   Compiling^[[0m synstructure v0.13.2
prepare	Reconcile surviving predecessor source PR	2026-09-06T23:23:39.6147573Z ^[[1m^[[92m   Compiling^[[0m ident_case v1.0.1
prepare	Reconcile surviving predecessor source PR	2026-09-06T23:23:39.6681303Z ^[[1m^[[92m   Compiling^[[0m futures-io v0.3.32
prepare	Reconcile surviving predecessor source PR	2026-09-06T23:23:39.7167189Z ^[[1m^[[92m   Compiling^[[0m strsim v0.11.1
prepare	Reconcile surviving predecessor source PR	2026-09-06T23:23:39.7917329Z ^[[1m^[[92m   Compiling^[[0m futures-task v0.3.32
prepare	Reconcile surviving predecessor source PR	2026-09-06T23:23:39.9037752Z ^[[1m^[[92m   Compiling^[[0m fnv v1.0.7
prepare	Reconcile surviving predecessor source PR	2026-09-06T23:23:39.9412755Z ^[[1m^[[92m   Compiling^[[0m darling_core v0.20.11
prepare	Reconcile surviving predecessor source PR	2026-09-06T23:23:39.9595561Z ^[[1m^[[92m   Compiling^[[0m futures-util v0.3.32
prepare	Reconcile surviving predecessor source PR	2026-09-06T23:23:41.1357480Z ^[[1m^[[92m   Compiling^[[0m asn1-rs-derive v0.6.0
prepare	Reconcile surviving predecessor source PR	2026-09-06T23:23:41.7387298Z ^[[1m^[[92m   Compiling^[[0m ecdsa v0.17.0-rc.16
prepare	Reconcile surviving predecessor source PR	2026-09-06T23:23:42.3804616Z ^[[1m^[[92m   Compiling^[[0m uselesskey-rsa v0.10.0 (/home/runner/work/uselesskey/uselesskey/crates/uselesskey-rsa)
prepare	Reconcile surviving predecessor source PR	2026-09-06T23:23:42.4917824Z ^[[1m^[[92m   Compiling^[[0m rusticata-macros v4.1.0
prepare	Reconcile surviving predecessor source PR	2026-09-06T23:23:42.6787361Z ^[[1m^[[92m   Compiling^[[0m primeorder v0.14.0-rc.8
prepare	Reconcile surviving predecessor source PR	2026-09-06T23:23:43.0227796Z ^[[1m^[[92m   Compiling^[[0m primefield v0.14.0-rc.8
prepare	Reconcile surviving predecessor source PR	2026-09-06T23:23:43.1077366Z ^[[1m^[[92m   Compiling^[[0m http v1.5.0
prepare	Reconcile surviving predecessor source PR	2026-09-06T23:23:43.1928872Z ^[[1m^[[92m   Compiling^[[0m tracing-attributes v0.1.31
prepare	Reconcile surviving predecessor source PR	2026-09-06T23:23:44.1907198Z ^[[1m^[[92m   Compiling^[[0m asn1-rs-impl v0.2.0
prepare	Reconcile surviving predecessor source PR	2026-09-06T23:23:44.3167196Z ^[[1m^[[92m   Compiling^[[0m displaydoc v0.2.5
prepare	Reconcile surviving predecessor source PR	2026-09-06T23:23:44.4037527Z ^[[1m^[[92m   Compiling^[[0m tracing-core v0.1.36
prepare	Reconcile surviving predecessor source PR	2026-09-06T23:23:44.8397350Z ^[[1m^[[92m   Compiling^[[0m cmake v0.1.58
prepare	Reconcile surviving predecessor source PR	2026-09-06T23:23:45.1557673Z ^[[1m^[[92m   Compiling^[[0m dunce v1.0.5
prepare	Reconcile surviving predecessor source PR	2026-09-06T23:23:45.2777561Z ^[[1m^[[92m   Compiling^[[0m equivalent v1.0.2
prepare	Reconcile surviving predecessor source PR	2026-09-06T23:23:45.3186966Z ^[[1m^[[92m   Compiling^[[0m winnow v1.0.1
prepare	Reconcile surviving predecessor source PR	2026-09-06T23:23:45.3467636Z ^[[1m^[[92m   Compiling^[[0m fs_extra v1.3.0
prepare	Reconcile surviving predecessor source PR	2026-09-06T23:23:45.4987150Z ^[[1m^[[92m   Compiling^[[0m hashbrown v0.16.1
prepare	Reconcile surviving predecessor source PR	2026-09-06T23:23:46.1210118Z ^[[1m^[[92m   Compiling^[[0m indexmap v2.13.0
prepare	Reconcile surviving predecessor source PR	2026-09-06T23:23:46.5025190Z ^[[1m^[[92m   Compiling^[[0m toml_parser v1.1.0+spec-1.1.0
prepare	Reconcile surviving predecessor source PR	2026-09-06T23:23:46.7827463Z ^[[1m^[[92m   Compiling^[[0m aws-lc-sys v0.41.0
prepare	Reconcile surviving predecessor source PR	2026-09-06T23:23:47.0647168Z ^[[1m^[[92m   Compiling^[[0m asn1-rs v0.7.1
prepare	Reconcile surviving predecessor source PR	2026-09-06T23:23:47.1147297Z ^[[1m^[[92m   Compiling^[[0m tracing v0.1.44
prepare	Reconcile surviving predecessor source PR	2026-09-06T23:23:47.4287042Z ^[[1m^[[92m   Compiling^[[0m darling_macro v0.20.11
prepare	Reconcile surviving predecessor source PR	2026-09-06T23:23:47.6137619Z ^[[1m^[[92m   Compiling^[[0m tokio-util v0.7.18
prepare	Reconcile surviving predecessor source PR	2026-09-06T23:23:47.6467275Z ^[[1m^[[92m   Compiling^[[0m pem v3.0.6
prepare	Reconcile surviving predecessor source PR	2026-09-06T23:23:47.9987615Z ^[[1m^[[92m   Compiling^[[0m toml_datetime v1.1.0+spec-1.1.0
prepare	Reconcile surviving predecessor source PR	2026-09-06T23:23:48.1727262Z ^[[1m^[[92m   Compiling^[[0m oid-registry v0.8.1
prepare	Reconcile surviving predecessor source PR	2026-09-06T23:23:48.3506958Z ^[[1m^[[92m   Compiling^[[0m httparse v1.10.1
prepare	Reconcile surviving predecessor source PR	2026-09-06T23:23:48.3756536Z ^[[1m^[[92m   Compiling^[[0m fiat-crypto v0.3.0
prepare	Reconcile surviving predecessor source PR	2026-09-06T23:23:48.5817270Z ^[[1m^[[92m   Compiling^[[0m toml_edit v0.25.8+spec-1.1.0
prepare	Reconcile surviving predecessor source PR	2026-09-06T23:23:48.7827053Z ^[[1m^[[92m   Compiling^[[0m darling v0.20.11
prepare	Reconcile surviving predecessor source PR	2026-09-06T23:23:50.6350863Z ^[[1m^[[92m   Compiling^[[0m http-body v1.0.1
prepare	Reconcile surviving predecessor source PR	2026-09-06T23:23:50.7138659Z ^[[1m^[[92m   Compiling^[[0m p256 v0.14.0-rc.8
prepare	Reconcile surviving predecessor source PR	2026-09-06T23:23:51.5164052Z ^[[1m^[[92m   Compiling^[[0m p256 v0.13.2
prepare	Reconcile surviving predecessor source PR	2026-09-06T23:23:52.4758497Z ^[[1m^[[92m   Compiling^[[0m p384 v0.13.1
prepare	Reconcile surviving predecessor source PR	2026-09-06T23:23:53.5113536Z ^[[1m^[[92m   Compiling^[[0m ctr v0.9.2
prepare	Reconcile surviving predecessor source PR	2026-09-06T23:23:53.6291497Z ^[[1m^[[92m   Compiling^[[0m aead v0.5.2
prepare	Reconcile surviving predecessor source PR	2026-09-06T23:23:53.7299036Z ^[[1m^[[92m   Compiling^[[0m universal-hash v0.5.1
prepare	Reconcile surviving predecessor source PR	2026-09-06T23:23:53.8478316Z ^[[1m^[[92m   Compiling^[[0m nom v8.0.0
prepare	Reconcile surviving predecessor source PR	2026-09-06T23:23:54.7586929Z ^[[1m^[[92m   Compiling^[[0m crossbeam-epoch v0.9.20
prepare	Reconcile surviving predecessor source PR	2026-09-06T23:23:54.8925643Z ^[[1m^[[92m   Compiling^[[0m opaque-debug v0.3.1
prepare	Reconcile surviving predecessor source PR	2026-09-06T23:23:55.0947533Z ^[[1m^[[92m   Compiling^[[0m atomic-waker v1.1.2
prepare	Reconcile surviving predecessor source PR	2026-09-06T23:23:55.1446298Z ^[[1m^[[92m   Compiling^[[0m try-lock v0.2.5
prepare	Reconcile surviving predecessor source PR	2026-09-06T23:23:55.1881267Z ^[[1m^[[92m   Compiling^[[0m rustversion v1.0.22
prepare	Reconcile surviving predecessor source PR	2026-09-06T23:23:55.3617088Z ^[[1m^[[92m   Compiling^[[0m rustls v0.23.43
prepare	Reconcile surviving predecessor source PR	2026-09-06T23:23:55.4556981Z ^[[1m^[[92m   Compiling^[[0m want v0.3.1
prepare	Reconcile surviving predecessor source PR	2026-09-06T23:23:55.5474461Z ^[[1m^[[92m   Compiling^[[0m h2 v0.4.16
prepare	Reconcile surviving predecessor source PR	2026-09-06T23:23:56.8049116Z ^[[1m^[[92m   Compiling^[[0m polyval v0.6.2
prepare	Reconcile surviving predecessor source PR	2026-09-06T23:23:57.1917223Z ^[[1m^[[92m   Compiling^[[0m proc-macro-crate v3.5.0
prepare	Reconcile surviving predecessor source PR	2026-09-06T23:23:57.5801367Z ^[[1m^[[92m   Compiling^[[0m derive_builder_core v0.20.2
prepare	Reconcile surviving predecessor source PR	2026-09-06T23:23:59.4337045Z ^[[1m^[[92m   Compiling^[[0m der-parser v10.0.0
prepare	Reconcile surviving predecessor source PR	2026-09-06T23:24:00.7452105Z ^[[1m^[[92m   Compiling^[[0m rustls-webpki v0.103.13
prepare	Reconcile surviving predecessor source PR	2026-09-06T23:24:01.9837625Z ^[[1m^[[92m   Compiling^[[0m derive_more v2.1.1
prepare	Reconcile surviving predecessor source PR	2026-09-06T23:24:02.1036958Z ^[[1m^[[92m   Compiling^[[0m regex v1.13.1
prepare	Reconcile surviving predecessor source PR	2026-09-06T23:24:02.7857073Z ^[[1m^[[92m   Compiling^[[0m p384 v0.14.0-rc.8
prepare	Reconcile surviving predecessor source PR	2026-09-06T23:24:03.3068057Z ^[[1m^[[92m   Compiling^[[0m uselesskey-ed25519 v0.10.0 (/home/runner/work/uselesskey/uselesskey/crates/uselesskey-ed25519)
prepare	Reconcile surviving predecessor source PR	2026-09-06T23:24:03.7494494Z ^[[1m^[[92m   Compiling^[[0m yasna v0.6.0
prepare	Reconcile surviving predecessor source PR	2026-09-06T23:24:05.1050772Z ^[[1m^[[92m   Compiling^[[0m aes v0.8.4
prepare	Reconcile surviving predecessor source PR	2026-09-06T23:24:05.2257480Z ^[[1m^[[92m   Compiling^[[0m dbl v0.3.2
prepare	Reconcile surviving predecessor source PR	2026-09-06T23:24:05.2927399Z ^[[1m^[[92m   Compiling^[[0m sealed v0.6.0
prepare	Reconcile surviving predecessor source PR	2026-09-06T23:24:05.5189846Z ^[[1m^[[92m   Compiling^[[0m pin-utils v0.1.0
prepare	Reconcile surviving predecessor source PR	2026-09-06T23:24:05.5491779Z ^[[1m^[[92m   Compiling^[[0m tower-service v0.3.3
prepare	Reconcile surviving predecessor source PR	2026-09-06T23:24:05.5927163Z ^[[1m^[[92m   Compiling^[[0m byteorder v1.5.0
prepare	Reconcile surviving predecessor source PR	2026-09-06T23:24:05.7570386Z ^[[1m^[[92m   Compiling^[[0m keccak v0.1.6
prepare	Reconcile surviving predecessor source PR	2026-09-06T23:24:06.1864336Z ^[[1m^[[92m   Compiling^[[0m crc24 v0.1.6
prepare	Reconcile surviving predecessor source PR	2026-09-06T23:24:06.3067677Z ^[[1m^[[92m   Compiling^[[0m uselesskey-ecdsa v0.10.0 (/home/runner/work/uselesskey/uselesskey/crates/uselesskey-ecdsa)
prepare	Reconcile surviving predecessor source PR	2026-09-06T23:24:06.6101172Z ^[[1m^[[92m   Compiling^[[0m httpdate v1.0.3
prepare	Reconcile surviving predecessor source PR	2026-09-06T23:24:06.9306437Z ^[[1m^[[92m   Compiling^[[0m utf8parse v0.2.2
prepare	Reconcile surviving predecessor source PR	2026-09-06T23:24:06.9807201Z ^[[1m^[[92m   Compiling^[[0m aws-lc-rs v1.17.0
prepare	Reconcile surviving predecessor source PR	2026-09-06T23:24:07.1057440Z ^[[1m^[[92m   Compiling^[[0m data-encoding v2.10.0
prepare	Reconcile surviving predecessor source PR	2026-09-06T23:24:11.1057685Z ^[[1m^[[92m   Compiling^[[0m x509-parser v0.18.1
prepare	Reconcile surviving predecessor source PR	2026-09-06T23:24:11.2413996Z ^[[1m^[[92m   Compiling^[[0m anstyle-parse v1.0.0
prepare	Reconcile surviving predecessor source PR	2026-09-06T23:24:11.3827166Z ^[[1m^[[92m   Compiling^[[0m hyper v1.8.1
prepare	Reconcile surviving predecessor source PR	2026-09-06T23:24:14.0936825Z ^[[1m^[[92m   Compiling^[[0m sha3 v0.10.8
prepare	Reconcile surviving predecessor source PR	2026-09-06T23:24:14.4915613Z ^[[1m^[[92m   Compiling^[[0m synthez-core v0.4.0
prepare	Reconcile surviving predecessor source PR	2026-09-06T23:24:15.1782930Z ^[[1m^[[92m   Compiling^[[0m cmac v0.7.2
prepare	Reconcile surviving predecessor source PR	2026-09-06T23:24:15.2443548Z ^[[1m^[[92m   Compiling^[[0m rcgen v0.14.8
prepare	Reconcile surviving predecessor source PR	2026-09-06T23:24:18.8917102Z ^[[1m^[[92m   Compiling^[[0m derive_builder_macro v0.20.2
prepare	Reconcile surviving predecessor source PR	2026-09-06T23:24:18.9869163Z ^[[1m^[[92m   Compiling^[[0m num_enum_derive v0.7.6
prepare	Reconcile surviving predecessor source PR	2026-09-06T23:24:19.0311796Z ^[[1m^[[92m   Compiling^[[0m bitfields-impl v1.0.3
prepare	Reconcile surviving predecessor source PR	2026-09-06T23:24:20.0154108Z ^[[1m^[[92m   Compiling^[[0m ghash v0.5.1
prepare	Reconcile surviving predecessor source PR	2026-09-06T23:24:20.5097598Z ^[[1m^[[92m   Compiling^[[0m snafu-derive v0.8.9
prepare	Reconcile surviving predecessor source PR	2026-09-06T23:24:22.1288467Z ^[[1m^[[92m   Compiling^[[0m serdect v0.3.0
prepare	Reconcile surviving predecessor source PR	2026-09-06T23:24:22.2127620Z ^[[1m^[[92m   Compiling^[[0m ssh-encoding v0.2.0
prepare	Reconcile surviving predecessor source PR	2026-09-06T23:24:22.6954395Z ^[[1m^[[92m   Compiling^[[0m blake2 v0.10.6
prepare	Reconcile surviving predecessor source PR	2026-09-06T23:24:23.1206800Z ^[[1m^[[92m   Compiling^[[0m sha1 v0.10.6
prepare	Reconcile surviving predecessor source PR	2026-09-06T23:24:23.4483883Z ^[[1m^[[92m   Compiling^[[0m pin-project-internal v1.1.11
prepare	Reconcile surviving predecessor source PR	2026-09-06T23:24:23.4486893Z ^[[1m^[[92m   Compiling^[[0m password-hash v0.5.0
prepare	Reconcile surviving predecessor source PR	2026-09-06T23:24:24.3667182Z ^[[1m^[[92m   Compiling^[[0m bstr v1.12.1
prepare	Reconcile surviving predecessor source PR	2026-09-06T23:24:24.4317292Z ^[[1m^[[92m   Compiling^[[0m colorchoice v1.0.5
prepare	Reconcile surviving predecessor source PR	2026-09-06T23:24:24.4867253Z ^[[1m^[[92m   Compiling^[[0m is_terminal_polyfill v1.70.2
prepare	Reconcile surviving predecessor source PR	2026-09-06T23:24:24.5287333Z ^[[1m^[[92m   Compiling^[[0m unicode-width v0.2.2
prepare	Reconcile surviving predecessor source PR	2026-09-06T23:24:24.7407646Z ^[[1m^[[92m   Compiling^[[0m same-file v1.0.6
prepare	Reconcile surviving predecessor source PR	2026-09-06T23:24:24.8447659Z ^[[1m^[[92m   Compiling^[[0m peg-runtime v0.6.3
prepare	Reconcile surviving predecessor source PR	2026-09-06T23:24:25.0257344Z ^[[1m^[[92m   Compiling^[[0m either v1.15.0
prepare	Reconcile surviving predecessor source PR	2026-09-06T23:24:25.0327250Z ^[[1m^[[92m   Compiling^[[0m hex v0.4.3
prepare	Reconcile surviving predecessor source PR	2026-09-06T23:24:25.1476965Z ^[[1m^[[92m   Compiling^[[0m zlib-rs v0.6.3
prepare	Reconcile surviving predecessor source PR	2026-09-06T23:24:25.2460772Z ^[[1m^[[92m   Compiling^[[0m anstyle v1.0.14
prepare	Reconcile surviving predecessor source PR	2026-09-06T23:24:25.4455127Z ^[[1m^[[92m   Compiling^[[0m bytecount v0.6.9
prepare	Reconcile surviving predecessor source PR	2026-09-06T23:24:25.5037130Z ^[[1m^[[92m   Compiling^[[0m anstyle-query v1.1.5
prepare	Reconcile surviving predecessor source PR	2026-09-06T23:24:25.5497168Z ^[[1m^[[92m   Compiling^[[0m anstream v1.0.0
prepare	Reconcile surviving predecessor source PR	2026-09-06T23:24:26.0227455Z ^[[1m^[[92m   Compiling^[[0m nom_locate v5.0.0
prepare	Reconcile surviving predecessor source PR	2026-09-06T23:24:26.0997420Z ^[[1m^[[92m   Compiling^[[0m peg-macros v0.6.3
prepare	Reconcile surviving predecessor source PR	2026-09-06T23:24:27.0434112Z ^[[1m^[[92m   Compiling^[[0m walkdir v2.5.0
prepare	Reconcile surviving predecessor source PR	2026-09-06T23:24:27.8287202Z ^[[1m^[[92m   Compiling^[[0m globset v0.4.18
prepare	Reconcile surviving predecessor source PR	2026-09-06T23:24:30.7847123Z ^[[1m^[[92m   Compiling^[[0m flate2 v1.1.9
prepare	Reconcile surviving predecessor source PR	2026-09-06T23:24:31.3227197Z ^[[1m^[[92m   Compiling^[[0m pin-project v1.1.11
prepare	Reconcile surviving predecessor source PR	2026-09-06T23:24:31.3632568Z ^[[1m^[[92m   Compiling^[[0m argon2 v0.5.3
prepare	Reconcile surviving predecessor source PR	2026-09-06T23:24:31.5367266Z ^[[1m^[[92m   Compiling^[[0m sha1-checked v0.10.0
prepare	Reconcile surviving predecessor source PR	2026-09-06T23:24:32.4007325Z ^[[1m^[[92m   Compiling^[[0m ssh-cipher v0.2.0
prepare	Reconcile surviving predecessor source PR	2026-09-06T23:24:32.4907145Z ^[[1m^[[92m   Compiling^[[0m cx448 v0.1.1
prepare	Reconcile surviving predecessor source PR	2026-09-06T23:24:32.5511495Z ^[[1m^[[92m   Compiling^[[0m snafu v0.8.9
prepare	Reconcile surviving predecessor source PR	2026-09-06T23:24:33.0107162Z ^[[1m^[[92m   Compiling^[[0m gherkin v0.16.0
prepare	Reconcile surviving predecessor source PR	2026-09-06T23:24:33.3261579Z ^[[1m^[[92m   Compiling^[[0m num_enum v0.7.6
prepare	Reconcile surviving predecessor source PR	2026-09-06T23:24:33.3837153Z ^[[1m^[[92m   Compiling^[[0m aes-gcm v0.10.3
prepare	Reconcile surviving predecessor source PR	2026-09-06T23:24:33.5117153Z ^[[1m^[[92m   Compiling^[[0m bitfields v1.0.3
prepare	Reconcile surviving predecessor source PR	2026-09-06T23:24:33.5483603Z ^[[1m^[[92m   Compiling^[[0m crossbeam-deque v0.8.6
prepare	Reconcile surviving predecessor source PR	2026-09-06T23:24:33.7197663Z ^[[1m^[[92m   Compiling^[[0m derive_builder v0.20.2
prepare	Reconcile surviving predecessor source PR	2026-09-06T23:24:33.7777534Z ^[[1m^[[92m   Compiling^[[0m uselesskey-x509 v0.10.0 (/home/runner/work/uselesskey/uselesskey/crates/uselesskey-x509)
prepare	Reconcile surviving predecessor source PR	2026-09-06T23:24:37.6617122Z ^[[1m^[[92m   Compiling^[[0m eax v0.5.0
prepare	Reconcile surviving predecessor source PR	2026-09-06T23:24:37.8695222Z ^[[1m^[[92m   Compiling^[[0m synthez-codegen v0.4.0
prepare	Reconcile surviving predecessor source PR	2026-09-06T23:24:38.0420924Z ^[[1m^[[92m   Compiling^[[0m hyper-util v0.1.20
prepare	Reconcile surviving predecessor source PR	2026-09-06T23:24:38.4297309Z ^[[1m^[[92m   Compiling^[[0m camellia v0.1.0
prepare	Reconcile surviving predecessor source PR	2026-09-06T23:24:38.6297223Z ^[[1m^[[92m   Compiling^[[0m blowfish v0.9.1
prepare	Reconcile surviving predecessor source PR	2026-09-06T23:24:38.7217200Z ^[[1m^[[92m   Compiling^[[0m aes-kw v0.2.1
prepare	Reconcile surviving predecessor source PR	2026-09-06T23:24:38.8777150Z ^[[1m^[[92m   Compiling^[[0m ocb3 v0.1.0
prepare	Reconcile surviving predecessor source PR	2026-09-06T23:24:39.0924757Z ^[[1m^[[92m   Compiling^[[0m p521 v0.13.3
prepare	Reconcile surviving predecessor source PR	2026-09-06T23:24:39.1327976Z ^[[1m^[[92m   Compiling^[[0m k256 v0.13.4
prepare	Reconcile surviving predecessor source PR	2026-09-06T23:24:40.5377562Z ^[[1m^[[92m   Compiling^[[0m x25519-dalek v2.0.1
prepare	Reconcile surviving predecessor source PR	2026-09-06T23:24:40.6247685Z ^[[1m^[[92m   Compiling^[[0m uselesskey-hmac v0.10.0 (/home/runner/work/uselesskey/uselesskey/crates/uselesskey-hmac)
prepare	Reconcile surviving predecessor source PR	2026-09-06T23:24:41.0207041Z ^[[1m^[[92m   Compiling^[[0m dsa v0.6.3
prepare	Reconcile surviving predecessor source PR	2026-09-06T23:24:42.8466944Z ^[[1m^[[92m   Compiling^[[0m des v0.8.1
prepare	Reconcile surviving predecessor source PR	2026-09-06T23:24:43.0247224Z ^[[1m^[[92m   Compiling^[[0m cast5 v0.11.1
prepare	Reconcile surviving predecessor source PR	2026-09-06T23:24:43.4537167Z ^[[1m^[[92m   Compiling^[[0m cfb-mode v0.8.2
prepare	Reconcile surviving predecessor source PR	2026-09-06T23:24:43.5657091Z ^[[1m^[[92m   Compiling^[[0m twofish v0.7.1
prepare	Reconcile surviving predecessor source PR	2026-09-06T23:24:43.6007153Z ^[[1m^[[92m   Compiling^[[0m idea v0.5.1
prepare	Reconcile surviving predecessor source PR	2026-09-06T23:24:43.7380563Z ^[[1m^[[92m   Compiling^[[0m terminal_size v0.4.4
prepare	Reconcile surviving predecessor source PR	2026-09-06T23:24:43.7903088Z ^[[1m^[[92m   Compiling^[[0m md-5 v0.10.6
prepare	Reconcile surviving predecessor source PR	2026-09-06T23:24:43.8187176Z ^[[1m^[[92m   Compiling^[[0m ripemd v0.1.3
prepare	Reconcile surviving predecessor source PR	2026-09-06T23:24:43.8897479Z ^[[1m^[[92m   Compiling^[[0m block-padding v0.3.3
prepare	Reconcile surviving predecessor source PR	2026-09-06T23:24:43.9677650Z ^[[1m^[[92m   Compiling^[[0m typed-builder-macro v0.23.2
prepare	Reconcile surviving predecessor source PR	2026-09-06T23:24:44.4287207Z ^[[1m^[[92m   Compiling^[[0m buffer-redux v1.1.0
prepare	Reconcile surviving predecessor source PR	2026-09-06T23:24:44.6665459Z ^[[1m^[[92m   Compiling^[[0m smawk v0.3.2
prepare	Reconcile surviving predecessor source PR	2026-09-06T23:24:44.7677401Z ^[[1m^[[92m   Compiling^[[0m anyhow v1.0.103
prepare	Reconcile surviving predecessor source PR	2026-09-06T23:24:45.0677380Z ^[[1m^[[92m   Compiling^[[0m tower-layer v0.3.3
prepare	Reconcile surviving predecessor source PR	2026-09-06T23:24:45.4257797Z ^[[1m^[[92m   Compiling^[[0m clap_lex v1.1.0
prepare	Reconcile surviving predecessor source PR	2026-09-06T23:24:45.5247381Z ^[[1m^[[92m   Compiling^[[0m replace_with v0.1.8
prepare	Reconcile surviving predecessor source PR	2026-09-06T23:24:45.5777676Z ^[[1m^[[92m   Compiling^[[0m unicode-linebreak v0.1.5
prepare	Reconcile surviving predecessor source PR	2026-09-06T23:24:45.7217198Z ^[[1m^[[92m   Compiling^[[0m ref-cast v1.0.25
prepare	Reconcile surviving predecessor source PR	2026-09-06T23:24:45.7806988Z ^[[1m^[[92m   Compiling^[[0m sync_wrapper v1.0.2
prepare	Reconcile surviving predecessor source PR	2026-09-06T23:24:45.8247606Z ^[[1m^[[92m   Compiling^[[0m tower v0.5.3
prepare	Reconcile surviving predecessor source PR	2026-09-06T23:24:45.8947190Z ^[[1m^[[92m   Compiling^[[0m textwrap v0.16.2
prepare	Reconcile surviving predecessor source PR	2026-09-06T23:24:46.3637422Z ^[[1m^[[92m   Compiling^[[0m clap_builder v4.6.0
prepare	Reconcile surviving predecessor source PR	2026-09-06T23:24:46.7728678Z ^[[1m^[[92m   Compiling^[[0m pgp v0.19.0
prepare	Reconcile surviving predecessor source PR	2026-09-06T23:24:47.8490109Z ^[[1m^[[92m   Compiling^[[0m typed-builder v0.23.2
prepare	Reconcile surviving predecessor source PR	2026-09-06T23:24:47.8857116Z ^[[1m^[[92m   Compiling^[[0m peg v0.6.3
prepare	Reconcile surviving predecessor source PR	2026-09-06T23:24:47.9737177Z ^[[1m^[[92m   Compiling^[[0m hyper-timeout v0.5.2
prepare	Reconcile surviving predecessor source PR	2026-09-06T23:24:48.1247806Z ^[[1m^[[92m   Compiling^[[0m cucumber-expressions v0.5.0
prepare	Reconcile surviving predecessor source PR	2026-09-06T23:24:48.8926144Z ^[[1m^[[92m   Compiling^[[0m synthez v0.4.0
prepare	Reconcile surviving predecessor source PR	2026-09-06T23:24:48.9327194Z ^[[1m^[[92m   Compiling^[[0m ignore v0.4.25
prepare	Reconcile surviving predecessor source PR	2026-09-06T23:24:55.3596609Z ^[[1m^[[92m   Compiling^[[0m ssh-key v0.6.7
prepare	Reconcile surviving predecessor source PR	2026-09-06T23:24:58.9239240Z ^[[1m^[[92m   Compiling^[[0m itertools v0.14.0
prepare	Reconcile surviving predecessor source PR	2026-09-06T23:25:00.2628939Z ^[[1m^[[92m   Compiling^[[0m tokio-rustls v0.26.4
prepare	Reconcile surviving predecessor source PR	2026-09-06T23:25:00.4727652Z ^[[1m^[[92m   Compiling^[[0m http-body-util v0.1.3
prepare	Reconcile surviving predecessor source PR	2026-09-06T23:25:00.6747248Z ^[[1m^[[92m   Compiling^[[0m futures-executor v0.3.32
prepare	Reconcile surviving predecessor source PR	2026-09-06T23:25:01.0930549Z ^[[1m^[[92m   Compiling^[[0m simple_asn1 v0.6.4
prepare	Reconcile surviving predecessor source PR	2026-09-06T23:25:02.7384282Z ^[[1m^[[92m   Compiling^[[0m tokio-stream v0.1.18
prepare	Reconcile surviving predecessor source PR	2026-09-06T23:25:03.0338038Z ^[[1m^[[92m   Compiling^[[0m clap_derive v4.6.1
prepare	Reconcile surviving predecessor source PR	2026-09-06T23:25:04.5152469Z ^[[1m^[[92m   Compiling^[[0m ref-cast-impl v1.0.25
prepare	Reconcile surviving predecessor source PR	2026-09-06T23:25:04.5244162Z ^[[1m^[[92m   Compiling^[[0m untrusted v0.7.1
prepare	Reconcile surviving predecessor source PR	2026-09-06T23:25:04.5907212Z ^[[1m^[[92m   Compiling^[[0m percent-encoding v2.3.2
prepare	Reconcile surviving predecessor source PR	2026-09-06T23:25:04.7927620Z ^[[1m^[[92m   Compiling^[[0m inflections v1.1.1
prepare	Reconcile surviving predecessor source PR	2026-09-06T23:25:04.8688180Z ^[[1m^[[92m   Compiling^[[0m uselesskey-aws-lc-rs v0.10.0 (/home/runner/work/uselesskey/uselesskey/crates/uselesskey-aws-lc-rs)
prepare	Reconcile surviving predecessor source PR	2026-09-06T23:25:04.9767483Z ^[[1m^[[92m   Compiling^[[0m cucumber-codegen v0.23.0
prepare	Reconcile surviving predecessor source PR	2026-09-06T23:25:05.0022254Z ^[[1m^[[92m   Compiling^[[0m tonic v0.14.6
prepare	Reconcile surviving predecessor source PR	2026-09-06T23:25:05.7661636Z ^[[1m^[[92m   Compiling^[[0m clap v4.6.1
prepare	Reconcile surviving predecessor source PR	2026-09-06T23:25:05.7925342Z ^[[1m^[[92m   Compiling^[[0m jsonwebtoken v10.4.0
prepare	Reconcile surviving predecessor source PR	2026-09-06T23:25:15.2297062Z ^[[1m^[[92m   Compiling^[[0m futures v0.3.32
prepare	Reconcile surviving predecessor source PR	2026-09-06T23:25:15.2678538Z ^[[1m^[[92m   Compiling^[[0m uselesskey-ssh v0.10.0 (/home/runner/work/uselesskey/uselesskey/crates/uselesskey-ssh)
prepare	Reconcile surviving predecessor source PR	2026-09-06T23:25:18.1138894Z ^[[1m^[[92m   Compiling^[[0m uselesskey-pgp v0.10.0 (/home/runner/work/uselesskey/uselesskey/crates/uselesskey-pgp)
prepare	Reconcile surviving predecessor source PR	2026-09-06T23:25:19.4086020Z ^[[1m^[[92m   Compiling^[[0m globwalk v0.9.1
prepare	Reconcile surviving predecessor source PR	2026-09-06T23:25:24.0837792Z ^[[1m^[[92m   Compiling^[[0m uselesskey-webhook v0.10.0 (/home/runner/work/uselesskey/uselesskey/crates/uselesskey-webhook)
prepare	Reconcile surviving predecessor source PR	2026-09-06T23:25:24.8466950Z ^[[1m^[[92m   Compiling^[[0m console v0.16.3
prepare	Reconcile surviving predecessor source PR	2026-09-06T23:25:25.2958890Z ^[[1m^[[92m   Compiling^[[0m uselesskey-token v0.10.0 (/home/runner/work/uselesskey/uselesskey/crates/uselesskey-token)
prepare	Reconcile surviving predecessor source PR	2026-09-06T23:25:26.1155129Z ^[[1m^[[92m   Compiling^[[0m uselesskey-entropy v0.10.0 (/home/runner/work/uselesskey/uselesskey/crates/uselesskey-entropy)
prepare	Reconcile surviving predecessor source PR	2026-09-06T23:25:26.3397603Z ^[[1m^[[92m   Compiling^[[0m smart-default v0.7.1
prepare	Reconcile surviving predecessor source PR	2026-09-06T23:25:26.5733073Z ^[[1m^[[92m   Compiling^[[0m linked-hash-map v0.5.6
prepare	Reconcile surviving predecessor source PR	2026-09-06T23:25:26.7267669Z ^[[1m^[[92m   Compiling^[[0m humantime v2.3.0
prepare	Reconcile surviving predecessor source PR	2026-09-06T23:25:27.1137324Z ^[[1m^[[92m   Compiling^[[0m inventory v0.3.23
prepare	Reconcile surviving predecessor source PR	2026-09-06T23:25:27.1612247Z ^[[1m^[[92m   Compiling^[[0m uselesskey-bdd-steps v0.10.0 (/home/runner/work/uselesskey/uselesskey/crates/uselesskey-bdd-steps)
prepare	Reconcile surviving predecessor source PR	2026-09-06T23:25:27.2687289Z ^[[1m^[[92m   Compiling^[[0m cucumber v0.23.0
prepare	Reconcile surviving predecessor source PR	2026-09-06T23:25:27.2957976Z ^[[1m^[[92m   Compiling^[[0m uselesskey v0.10.0 (/home/runner/work/uselesskey/uselesskey/crates/uselesskey)
prepare	Reconcile surviving predecessor source PR	2026-09-06T23:25:27.3637731Z ^[[1m^[[92m   Compiling^[[0m uselesskey-jsonwebtoken v0.10.0 (/home/runner/work/uselesskey/uselesskey/crates/uselesskey-jsonwebtoken)
prepare	Reconcile surviving predecessor source PR	2026-09-06T23:25:27.4600679Z ^[[1m^[[92m   Compiling^[[0m uselesskey-tonic v0.10.0 (/home/runner/work/uselesskey/uselesskey/crates/uselesskey-tonic)
prepare	Reconcile surviving predecessor source PR	2026-09-06T23:25:27.5292411Z ^[[1m^[[92m   Compiling^[[0m uselesskey-rustcrypto v0.10.0 (/home/runner/work/uselesskey/uselesskey/crates/uselesskey-rustcrypto)
prepare	Reconcile surviving predecessor source PR	2026-09-06T23:25:29.6102283Z ^[[1m^[[92m   Compiling^[[0m uselesskey-rustls v0.10.0 (/home/runner/work/uselesskey/uselesskey/crates/uselesskey-rustls)
prepare	Reconcile surviving predecessor source PR	2026-09-06T23:25:30.3767855Z ^[[1m^[[92m   Compiling^[[0m uselesskey-ring v0.10.0 (/home/runner/work/uselesskey/uselesskey/crates/uselesskey-ring)
prepare	Reconcile surviving predecessor source PR	2026-09-06T23:25:30.4488098Z ^[[1m^[[92m   Compiling^[[0m uselesskey-feature-grid v0.10.0 (/home/runner/work/uselesskey/uselesskey/crates/uselesskey-feature-grid)
prepare	Reconcile surviving predecessor source PR	2026-09-06T23:25:30.5079047Z ^[[1m^[[92m   Compiling^[[0m uselesskey-test-grid v0.10.0 (/home/runner/work/uselesskey/uselesskey/crates/uselesskey-test-grid)
prepare	Reconcile surviving predecessor source PR	2026-09-06T23:25:35.8468183Z ^[[1m^[[33mwarning^[[0m: uselesskey-aws-lc-rs@0.10.0: NASM not found - aws-lc-rs tests gated on has_nasm will be skipped
prepare	Reconcile surviving predecessor source PR	2026-09-06T23:25:42.6052025Z ^[[1m^[[92m   Compiling^[[0m uselesskey-bdd v0.0.0 (/home/runner/work/uselesskey/uselesskey/crates/uselesskey-bdd)
prepare	Reconcile surviving predecessor source PR	2026-09-06T23:26:06.6373073Z ^[[1m^[[92m    Finished^[[0m `release` profile [optimized] target(s) in 3m 14s
prepare	Reconcile surviving predecessor source PR	2026-09-06T23:26:06.6576033Z ^[[1m^[[92m     Running^[[0m tests/bdd.rs (target/release/deps/bdd-7bc6181d546eba7a)
prepare	Reconcile surviving predecessor source PR	2026-09-06T23:26:06.6951303Z Feature: Adapter interop expansion
prepare	Reconcile surviving predecessor source PR	2026-09-06T23:26:06.6952115Z   Scenario: same RSA key signs JWT and aws-lc-rs message
prepare	Reconcile surviving predecessor source PR	2026-09-06T23:26:07.7172694Z    ✔  Given a deterministic factory seeded with "interop-aws-rsa"
prepare	Reconcile surviving predecessor source PR	2026-09-06T23:26:20.8261856Z    ✔  When I generate an RSA key for label "aws-jwt-rsa"
prepare	Reconcile surviving predecessor source PR	2026-09-06T23:26:22.3623016Z    ✔  And I sign a JWT with the RSA key
prepare	Reconcile surviving predecessor source PR	2026-09-06T23:26:22.3652669Z    ✔  Then the JWT should be valid
prepare	Reconcile surviving predecessor source PR	2026-09-06T23:26:25.6517156Z    ✔  And the JWT header should have alg "RS256"
prepare	Reconcile surviving predecessor source PR	2026-09-06T23:26:30.2772703Z    ✔  When I sign a message with the aws-lc-rs RSA key
prepare	Reconcile surviving predecessor source PR	2026-09-06T23:26:32.7205048Z    ✔  Then the aws-lc-rs RSA signature should verify
prepare	Reconcile surviving predecessor source PR	2026-09-06T23:26:33.3009661Z   Scenario: same ECDSA key signs JWT and aws-lc-rs message
prepare	Reconcile surviving predecessor source PR	2026-09-06T23:26:33.3010688Z    ✔  Given a deterministic factory seeded with "interop-aws-ecdsa"
prepare	Reconcile surviving predecessor source PR	2026-09-06T23:26:33.3011490Z    ✔  When I generate an ECDSA ES256 key for label "aws-jwt-ecdsa"
prepare	Reconcile surviving predecessor source PR	2026-09-06T23:26:33.3012190Z    ✔  And I sign a JWT with the ECDSA key
prepare	Reconcile surviving predecessor source PR	2026-09-06T23:26:33.3012732Z    ✔  Then the JWT should be valid
prepare	Reconcile surviving predecessor source PR	2026-09-06T23:26:33.3013249Z    ✔  And the JWT header should have alg "ES256"
prepare	Reconcile surviving predecessor source PR	2026-09-06T23:26:33.3013873Z    ✔  When I sign a message with the aws-lc-rs ECDSA P-256 key
prepare	Reconcile surviving predecessor source PR	2026-09-06T23:26:33.3014519Z    ✔  Then the aws-lc-rs ECDSA P-256 signature should verify
prepare	Reconcile surviving predecessor source PR	2026-09-06T23:26:33.3015078Z   Scenario: same Ed25519 key signs JWT and aws-lc-rs message
prepare	Reconcile surviving predecessor source PR	2026-09-06T23:26:33.3016178Z    ✔  Given a deterministic factory seeded with "interop-aws-ed25519"
prepare	Reconcile surviving predecessor source PR	2026-09-06T23:26:33.3016987Z    ✔  When I generate an Ed25519 key for label "aws-jwt-ed25519"
prepare	Reconcile surviving predecessor source PR	2026-09-06T23:26:33.3017547Z    ✔  And I sign a JWT with the Ed25519 key
prepare	Reconcile surviving predecessor source PR	2026-09-06T23:26:33.3018069Z    ✔  Then the JWT should be valid
prepare	Reconcile surviving predecessor source PR	2026-09-06T23:26:33.3019047Z    ✔  And the JWT header should have alg "EdDSA"
prepare	Reconcile surviving predecessor source PR	2026-09-06T23:26:33.3020063Z    ✔  When I sign a message with the aws-lc-rs Ed25519 key
prepare	Reconcile surviving predecessor source PR	2026-09-06T23:26:33.3020774Z    ✔  Then the aws-lc-rs Ed25519 signature should verify
prepare	Reconcile surviving predecessor source PR	2026-09-06T23:26:33.3021394Z   Scenario: same RSA key works in both RustCrypto and ring
prepare	Reconcile surviving predecessor source PR	2026-09-06T23:26:33.3027238Z    ✔  Given a deterministic factory seeded with "interop-rc-ring-rsa"
prepare	Reconcile surviving predecessor source PR	2026-09-06T23:26:33.3028118Z    ✔  When I generate an RSA key for label "cross-lib-rsa"
prepare	Reconcile surviving predecessor source PR	2026-09-06T23:26:33.3028838Z    ✔  And I sign a message with the RustCrypto RSA key
prepare	Reconcile surviving predecessor source PR	2026-09-06T23:26:33.3029444Z    ✔  Then the RustCrypto RSA signature should verify
prepare	Reconcile surviving predecessor source PR	2026-09-06T23:26:33.3029990Z    ✔  When I sign a message with the ring RSA key
prepare	Reconcile surviving predecessor source PR	2026-09-06T23:26:33.3030579Z    ✔  Then the ring RSA signature should verify
prepare	Reconcile surviving predecessor source PR	2026-09-06T23:26:33.3031179Z   Scenario: same ECDSA P-256 key works in both RustCrypto and ring
prepare	Reconcile surviving predecessor source PR	2026-09-06T23:26:33.3032087Z    ✔  Given a deterministic factory seeded with "interop-rc-ring-p256"
prepare	Reconcile surviving predecessor source PR	2026-09-06T23:26:33.3032965Z    ✔  When I generate an ECDSA ES256 key for label "cross-lib-p256"
prepare	Reconcile surviving predecessor source PR	2026-09-06T23:26:33.3033768Z    ✔  And I sign a message with the RustCrypto P-256 key
prepare	Reconcile surviving predecessor source PR	2026-09-06T23:26:33.3034373Z    ✔  Then the RustCrypto P-256 signature should verify
prepare	Reconcile surviving predecessor source PR	2026-09-06T23:26:33.3035026Z    ✔  When I sign a message with the ring ECDSA P-256 key
prepare	Reconcile surviving predecessor source PR	2026-09-06T23:26:33.3036003Z    ✔  Then the ring ECDSA P-256 signature should verify
prepare	Reconcile surviving predecessor source PR	2026-09-06T23:26:33.3036609Z   Scenario: same Ed25519 key works in both RustCrypto and ring
prepare	Reconcile surviving predecessor source PR	2026-09-06T23:26:33.3037489Z    ✔  Given a deterministic factory seeded with "interop-rc-ring-ed25519"
prepare	Reconcile surviving predecessor source PR	2026-09-06T23:26:33.3038373Z    ✔  When I generate an Ed25519 key for label "cross-lib-ed25519"
prepare	Reconcile surviving predecessor source PR	2026-09-06T23:26:33.3039126Z    ✔  And I sign a message with the RustCrypto Ed25519 key
prepare	Reconcile surviving predecessor source PR	2026-09-06T23:26:33.3039825Z    ✔  Then the RustCrypto Ed25519 signature should verify
prepare	Reconcile surviving predecessor source PR	2026-09-06T23:26:33.3040490Z    ✔  When I sign a message with the ring Ed25519 key
prepare	Reconcile surviving predecessor source PR	2026-09-06T23:26:33.3041148Z    ✔  Then the ring Ed25519 signature should verify
prepare	Reconcile surviving predecessor source PR	2026-09-06T23:26:33.3041806Z   Scenario: same ECDSA P-384 key works in both RustCrypto and ring
prepare	Reconcile surviving predecessor source PR	2026-09-06T23:26:33.3042706Z    ✔  Given a deterministic factory seeded with "interop-rc-ring-p384"
prepare	Reconcile surviving predecessor source PR	2026-09-06T23:26:33.3043559Z    ✔  When I generate an ECDSA ES384 key for label "cross-lib-p384"
prepare	Reconcile surviving predecessor source PR	2026-09-06T23:26:33.3044306Z    ✔  And I sign a message with the RustCrypto P-384 key
prepare	Reconcile surviving predecessor source PR	2026-09-06T23:26:33.3044982Z    ✔  Then the RustCrypto P-384 signature should verify
prepare	Reconcile surviving predecessor source PR	2026-09-06T23:26:33.3045655Z    ✔  When I sign a message with the ring ECDSA P-384 key
prepare	Reconcile surviving predecessor source PR	2026-09-06T23:26:33.3046609Z    ✔  Then the ring ECDSA P-384 signature should verify
prepare	Reconcile surviving predecessor source PR	2026-09-06T23:26:33.3047254Z   Scenario: same ECDSA P-384 key works in both aws-lc-rs and ring
prepare	Reconcile surviving predecessor source PR	2026-09-06T23:26:33.3048109Z    ✔  Given a deterministic factory seeded with "interop-aws-ring-p384"
prepare	Reconcile surviving predecessor source PR	2026-09-06T23:26:33.3048945Z    ✔  When I generate an ECDSA ES384 key for label "aws-ring-p384"
prepare	Reconcile surviving predecessor source PR	2026-09-06T23:26:33.3049713Z    ✔  And I sign a message with the aws-lc-rs ECDSA P-384 key
prepare	Reconcile surviving predecessor source PR	2026-09-06T23:26:33.3050429Z    ✔  Then the aws-lc-rs ECDSA P-384 signature should verify
prepare	Reconcile surviving predecessor source PR	2026-09-06T23:26:33.3051130Z    ✔  When I sign a message with the ring ECDSA P-384 key
prepare	Reconcile surviving predecessor source PR	2026-09-06T23:26:33.3051786Z    ✔  Then the ring ECDSA P-384 signature should verify
prepare	Reconcile surviving predecessor source PR	2026-09-06T23:26:33.3052452Z   Scenario: X.509 chain works for rustls and JWT uses the underlying key
prepare	Reconcile surviving predecessor source PR	2026-09-06T23:26:33.3053312Z    ✔  Given a deterministic factory seeded with "interop-rustls-jwt"
prepare	Reconcile surviving predecessor source PR	2026-09-06T23:26:33.3054337Z    ✔  When I generate a certificate chain for domain "jwt.example.com" with label "rustls-jwt"
prepare	Reconcile surviving predecessor source PR	2026-09-06T23:26:33.3055240Z    ✔  And I build a rustls ServerConfig from the chain
prepare	Reconcile surviving predecessor source PR	2026-09-06T23:26:33.3056148Z    ✔  Then the rustls ServerConfig should be valid
prepare	Reconcile surviving predecessor source PR	2026-09-06T23:26:33.3056655Z Feature: aws-lc-rs adapter
prepare	Reconcile surviving predecessor source PR	2026-09-06T23:26:33.3057178Z   Scenario: aws-lc-rs RSA key conversion and sign/verify round-trip
prepare	Reconcile surviving predecessor source PR	2026-09-06T23:26:33.3058276Z    ✔  Given a deterministic factory seeded with "aws-lc-rsa-test"
prepare	Reconcile surviving predecessor source PR	2026-09-06T23:26:33.3058996Z    ✔  When I generate an RSA key for label "aws-lc-rsa"
prepare	Reconcile surviving predecessor source PR	2026-09-06T23:26:33.3059802Z    ✔  And I sign a message with the aws-lc-rs RSA key
prepare	Reconcile surviving predecessor source PR	2026-09-06T23:26:33.3060428Z    ✔  Then the aws-lc-rs RSA signature should verify
prepare	Reconcile surviving predecessor source PR	2026-09-06T23:26:33.3060955Z   Scenario: aws-lc-rs RSA wrong-key rejection
prepare	Reconcile surviving predecessor source PR	2026-09-06T23:26:33.3061649Z    ✔  Given a deterministic factory seeded with "aws-lc-rsa-wrong"
prepare	Reconcile surviving predecessor source PR	2026-09-06T23:26:33.3062417Z    ✔  When I generate an RSA key for label "aws-lc-rsa-signer"
prepare	Reconcile surviving predecessor source PR	2026-09-06T23:26:33.3063107Z    ✔  And I sign a message with the aws-lc-rs RSA key
prepare	Reconcile surviving predecessor source PR	2026-09-06T23:26:33.3063807Z    ✔  And I generate another RSA key for label "aws-lc-rsa-wrong"
prepare	Reconcile surviving predecessor source PR	2026-09-06T23:26:33.3064642Z    ✔  Then the aws-lc-rs RSA signature should not verify with the other key
prepare	Reconcile surviving predecessor source PR	2026-09-06T23:26:33.3065450Z   Scenario: aws-lc-rs ECDSA P-256 key conversion and sign/verify round-trip
prepare	Reconcile surviving predecessor source PR	2026-09-06T23:26:33.3066660Z    ✔  Given a deterministic factory seeded with "aws-lc-p256-test"
prepare	Reconcile surviving predecessor source PR	2026-09-06T23:26:33.3067515Z    ✔  When I generate an ECDSA ES256 key for label "aws-lc-p256"
prepare	Reconcile surviving predecessor source PR	2026-09-06T23:26:33.3068265Z    ✔  And I sign a message with the aws-lc-rs ECDSA P-256 key
prepare	Reconcile surviving predecessor source PR	2026-09-06T23:26:33.3068976Z    ✔  Then the aws-lc-rs ECDSA P-256 signature should verify
prepare	Reconcile surviving predecessor source PR	2026-09-06T23:26:33.3069696Z   Scenario: aws-lc-rs ECDSA P-384 key conversion and sign/verify round-trip
prepare	Reconcile surviving predecessor source PR	2026-09-06T23:26:33.3070552Z    ✔  Given a deterministic factory seeded with "aws-lc-p384-test"
prepare	Reconcile surviving predecessor source PR	2026-09-06T23:26:33.3071321Z    ✔  When I generate an ECDSA ES384 key for label "aws-lc-p384"
prepare	Reconcile surviving predecessor source PR	2026-09-06T23:26:33.3072046Z    ✔  And I sign a message with the aws-lc-rs ECDSA P-384 key
prepare	Reconcile surviving predecessor source PR	2026-09-06T23:26:33.3072753Z    ✔  Then the aws-lc-rs ECDSA P-384 signature should verify
prepare	Reconcile surviving predecessor source PR	2026-09-06T23:26:33.3073448Z   Scenario: aws-lc-rs Ed25519 key conversion and sign/verify round-trip
prepare	Reconcile surviving predecessor source PR	2026-09-06T23:26:33.3074306Z    ✔  Given a deterministic factory seeded with "aws-lc-ed25519-test"
prepare	Reconcile surviving predecessor source PR	2026-09-06T23:26:33.3075108Z    ✔  When I generate an Ed25519 key for label "aws-lc-ed25519"
prepare	Reconcile surviving predecessor source PR	2026-09-06T23:26:33.3076012Z    ✔  And I sign a message with the aws-lc-rs Ed25519 key
prepare	Reconcile surviving predecessor source PR	2026-09-06T23:26:33.3076720Z    ✔  Then the aws-lc-rs Ed25519 signature should verify
prepare	Reconcile surviving predecessor source PR	2026-09-06T23:26:33.3077281Z   Scenario: aws-lc-rs Ed25519 wrong-key rejection
prepare	Reconcile surviving predecessor source PR	2026-09-06T23:26:33.3078022Z    ✔  Given a deterministic factory seeded with "aws-lc-ed25519-wrong"
prepare	Reconcile surviving predecessor source PR	2026-09-06T23:26:33.3078860Z    ✔  When I generate an Ed25519 key for label "aws-lc-ed25519-signer"
prepare	Reconcile surviving predecessor source PR	2026-09-06T23:26:33.3079593Z    ✔  And I sign a message with the aws-lc-rs Ed25519 key
prepare	Reconcile surviving predecessor source PR	2026-09-06T23:26:33.3080368Z    ✔  And I generate another Ed25519 key for label "aws-lc-ed25519-wrong"
prepare	Reconcile surviving predecessor source PR	2026-09-06T23:26:33.3081275Z    ✔  Then the aws-lc-rs Ed25519 signature should not verify with the other key
prepare	Reconcile surviving predecessor source PR	2026-09-06T23:26:33.3081987Z   Scenario: aws-lc-rs ECDSA P-256 wrong-key rejection
prepare	Reconcile surviving predecessor source PR	2026-09-06T23:26:33.3082730Z    ✔  Given a deterministic factory seeded with "aws-lc-p256-wrong"
prepare	Reconcile surviving predecessor source PR	2026-09-06T23:26:33.3083574Z    ✔  When I generate an ECDSA ES256 key for label "aws-lc-p256-signer"
prepare	Reconcile surviving predecessor source PR	2026-09-06T23:26:33.3084350Z    ✔  And I sign a message with the aws-lc-rs ECDSA P-256 key
prepare	Reconcile surviving predecessor source PR	2026-09-06T23:26:33.3085168Z    ✔  And I generate another ECDSA ES256 key for label "aws-lc-p256-wrong"
prepare	Reconcile surviving predecessor source PR	2026-09-06T23:26:33.3086409Z    ✔  Then the aws-lc-rs ECDSA P-256 signature should not verify with the other key
prepare	Reconcile surviving predecessor source PR	2026-09-06T23:26:33.3087154Z   Scenario: aws-lc-rs ECDSA P-384 wrong-key rejection
prepare	Reconcile surviving predecessor source PR	2026-09-06T23:26:33.3087888Z    ✔  Given a deterministic factory seeded with "aws-lc-p384-wrong"
prepare	Reconcile surviving predecessor source PR	2026-09-06T23:26:33.3088713Z    ✔  When I generate an ECDSA ES384 key for label "aws-lc-p384-signer"
prepare	Reconcile surviving predecessor source PR	2026-09-06T23:26:33.3089486Z    ✔  And I sign a message with the aws-lc-rs ECDSA P-384 key
prepare	Reconcile surviving predecessor source PR	2026-09-06T23:26:33.3090285Z    ✔  And I generate another ECDSA ES384 key for label "aws-lc-p384-wrong"
prepare	Reconcile surviving predecessor source PR	2026-09-06T23:26:33.3091225Z    ✔  Then the aws-lc-rs ECDSA P-384 signature should not verify with the other key
prepare	Reconcile surviving predecessor source PR	2026-09-06T23:26:33.3091889Z Feature: Cache behavior
prepare	Reconcile surviving predecessor source PR	2026-09-06T23:26:33.3092587Z   Scenario: RSA cache hit returns identical key material
prepare	Reconcile surviving predecessor source PR	2026-09-06T23:26:33.3093326Z    ✔  Given a deterministic factory seeded with "cache-hit-rsa"
prepare	Reconcile surviving predecessor source PR	2026-09-06T23:26:33.3094197Z    ✔  When I generate an RSA key for label "cached-rsa"
prepare	Reconcile surviving predecessor source PR	2026-09-06T23:26:33.3094878Z    ✔  And I generate an RSA key for label "cached-rsa" again
prepare	Reconcile surviving predecessor source PR	2026-09-06T23:26:33.3095519Z    ✔  Then the PKCS8 PEM should be identical
prepare	Reconcile surviving predecessor source PR	2026-09-06T23:26:33.3096267Z   Scenario: ECDSA cache hit returns identical key material
prepare	Reconcile surviving predecessor source PR	2026-09-06T23:26:33.3097055Z    ✔  Given a deterministic factory seeded with "cache-hit-ecdsa"
prepare	Reconcile surviving predecessor source PR	2026-09-06T23:26:33.3097831Z    ✔  When I generate an ECDSA ES256 key for label "cached-ecdsa"
prepare	Reconcile surviving predecessor source PR	2026-09-06T23:26:33.3098624Z    ✔  And I generate an ECDSA ES256 key for label "cached-ecdsa" again
prepare	Reconcile surviving predecessor source PR	2026-09-06T23:26:33.3099346Z    ✔  Then the ECDSA PKCS8 PEM should be identical
prepare	Reconcile surviving predecessor source PR	2026-09-06T23:26:33.3099917Z   Scenario: different labels are cache-isolated for RSA
prepare	Reconcile surviving predecessor source PR	2026-09-06T23:26:33.3100691Z    ✔  Given a deterministic factory seeded with "cache-miss-label-rsa"
prepare	Reconcile surviving predecessor source PR	2026-09-06T23:26:33.3101467Z    ✔  When I generate an RSA key for label "label-alpha"
prepare	Reconcile surviving predecessor source PR	2026-09-06T23:26:33.3102159Z    ✔  And I generate another RSA key for label "label-beta"
prepare	Reconcile surviving predecessor source PR	2026-09-06T23:26:33.3102806Z    ✔  Then the keys should have different moduli
prepare	Reconcile surviving predecessor source PR	2026-09-06T23:26:33.3103391Z   Scenario: different labels are cache-isolated for ECDSA
prepare	Reconcile surviving predecessor source PR	2026-09-06T23:26:33.3104203Z    ✔  Given a deterministic factory seeded with "cache-miss-label-ecdsa"
prepare	Reconcile surviving predecessor source PR	2026-09-06T23:26:33.3105028Z    ✔  When I generate an ECDSA ES256 key for label "label-alpha"
prepare	Reconcile surviving predecessor source PR	2026-09-06T23:26:33.3105983Z    ✔  And I generate another ECDSA ES256 key for label "label-beta"
prepare	Reconcile surviving predecessor source PR	2026-09-06T23:26:33.3106742Z    ✔  Then the ECDSA keys should have different public keys
prepare	Reconcile surviving predecessor source PR	2026-09-06T23:26:33.3107434Z   Scenario: same label different HMAC specs produce different secrets
prepare	Reconcile surviving predecessor source PR	2026-09-06T23:26:33.3108300Z    ✔  Given a deterministic factory seeded with "cache-miss-spec-hmac"
prepare	Reconcile surviving predecessor source PR	2026-09-06T23:26:33.3109123Z    ✔  When I generate an HMAC HS256 secret for label "shared-hmac"
prepare	Reconcile surviving predecessor source PR	2026-09-06T23:26:33.3109945Z    ✔  And I generate another HMAC HS384 secret for label "shared-hmac"
prepare	Reconcile surviving predecessor source PR	2026-09-06T23:26:33.3110659Z    ✔  Then the HMAC secrets should be different
prepare	Reconcile surviving predecessor source PR	2026-09-06T23:26:33.3111291Z   Scenario: cache clear followed by re-derive gives identical RSA key
prepare	Reconcile surviving predecessor source PR	2026-09-06T23:26:33.3112115Z    ✔  Given a deterministic factory seeded with "cache-clear-rsa"
prepare	Reconcile surviving predecessor source PR	2026-09-06T23:26:33.3112827Z    ✔  When I generate an RSA key for label "clear-test"
prepare	Reconcile surviving predecessor source PR	2026-09-06T23:26:33.3113408Z    ✔  And I clear the factory cache
prepare	Reconcile surviving predecessor source PR	2026-09-06T23:26:33.3114005Z    ✔  And I generate an RSA key for label "clear-test" again
prepare	Reconcile surviving predecessor source PR	2026-09-06T23:26:33.3114632Z    ✔  Then the PKCS8 PEM should be identical
prepare	Reconcile surviving predecessor source PR	2026-09-06T23:26:33.3115268Z   Scenario: cache clear followed by re-derive gives identical HMAC secret
prepare	Reconcile surviving predecessor source PR	2026-09-06T23:26:33.3116341Z    ✔  Given a deterministic factory seeded with "cache-clear-hmac"
prepare	Reconcile surviving predecessor source PR	2026-09-06T23:26:33.3117128Z    ✔  When I generate an HMAC HS256 secret for label "clear-hmac"
prepare	Reconcile surviving predecessor source PR	2026-09-06T23:26:33.3117770Z    ✔  And I clear the factory cache
prepare	Reconcile surviving predecessor source PR	2026-09-06T23:26:33.3118417Z    ✔  And I generate an HMAC HS256 secret for label "clear-hmac" again
prepare	Reconcile surviving predecessor source PR	2026-09-06T23:26:33.3119130Z    ✔  Then the HMAC secrets should be identical
prepare	Reconcile surviving predecessor source PR	2026-09-06T23:26:33.3119745Z   Scenario: cache clear followed by re-derive gives identical token
prepare	Reconcile surviving predecessor source PR	2026-09-06T23:26:33.3120567Z    ✔  Given a deterministic factory seeded with "cache-clear-token"
prepare	Reconcile surviving predecessor source PR	2026-09-06T23:26:33.3121338Z    ✔  When I generate an API key token for label "clear-token"
prepare	Reconcile surviving predecessor source PR	2026-09-06T23:26:33.3121947Z    ✔  And I clear the factory cache
prepare	Reconcile surviving predecessor source PR	2026-09-06T23:26:33.3122576Z    ✔  And I generate an API key token for label "clear-token" again
prepare	Reconcile surviving predecessor source PR	2026-09-06T23:26:33.3123247Z    ✔  Then the token values should be identical
prepare	Reconcile surviving predecessor source PR	2026-09-06T23:26:33.3123921Z   Scenario: new factory instance gets cache miss but same deterministic value
prepare	Reconcile surviving predecessor source PR	2026-09-06T23:26:33.3124815Z    ✔  Given a deterministic factory seeded with "cache-new-factory"
prepare	Reconcile surviving predecessor source PR	2026-09-06T23:26:33.3125579Z    ✔  When I generate an RSA key for label "new-factory-test"
prepare	Reconcile surviving predecessor source PR	2026-09-06T23:26:33.3126811Z    ✔  And I switch to a deterministic factory seeded with "cache-new-factory"
prepare	Reconcile surviving predecessor source PR	2026-09-06T23:26:33.3127844Z    ✔  And I generate an RSA key for label "new-factory-test" again
prepare	Reconcile surviving predecessor source PR	2026-09-06T23:26:33.3128512Z    ✔  Then the PKCS8 PEM should be identical
prepare	Reconcile surviving predecessor source PR	2026-09-06T23:26:33.3129043Z   Scenario: random factory caches within session
prepare	Reconcile surviving predecessor source PR	2026-09-06T23:26:33.3129605Z    ✔  Given a random factory
prepare	Reconcile surviving predecessor source PR	2026-09-06T23:26:33.3130166Z    ✔  When I generate an RSA key for label "random-cached"
prepare	Reconcile surviving predecessor source PR	2026-09-06T23:26:33.3130890Z    ✔  And I generate an RSA key for label "random-cached" again
prepare	Reconcile surviving predecessor source PR	2026-09-06T23:26:33.3131543Z    ✔  Then the PKCS8 PEM should be identical
prepare	Reconcile surviving predecessor source PR	2026-09-06T23:26:33.3132122Z   Scenario: random factory cache clear produces different key
prepare	Reconcile surviving predecessor source PR	2026-09-06T23:26:33.3132735Z    ✔  Given a random factory
prepare	Reconcile surviving predecessor source PR	2026-09-06T23:26:33.3133279Z    ✔  When I generate an RSA key for label "random-clear"
prepare	Reconcile surviving predecessor source PR	2026-09-06T23:26:33.3133863Z    ✔  And I clear the factory cache
prepare	Reconcile surviving predecessor source PR	2026-09-06T23:26:33.3134493Z    ✔  And I generate an RSA key for label "random-clear" again
prepare	Reconcile surviving predecessor source PR	2026-09-06T23:26:33.3146378Z    ✔  Then the PKCS8 PEM should differ
prepare	Reconcile surviving predecessor source PR	2026-09-06T23:26:33.3147001Z   Scenario: Ed25519 cache hit returns identical key material
prepare	Reconcile surviving predecessor source PR	2026-09-06T23:26:33.3147822Z    ✔  Given a deterministic factory seeded with "cache-hit-ed25519"
prepare	Reconcile surviving predecessor source PR	2026-09-06T23:26:33.3148624Z    ✔  When I generate an Ed25519 key for label "cached-ed25519"
prepare	Reconcile surviving predecessor source PR	2026-09-06T23:26:33.3149405Z    ✔  And I generate an Ed25519 key for label "cached-ed25519" again
prepare	Reconcile surviving predecessor source PR	2026-09-06T23:26:33.3150127Z    ✔  Then the Ed25519 PKCS8 PEM should be identical
prepare	Reconcile surviving predecessor source PR	2026-09-06T23:26:33.3150751Z   Scenario: different labels are cache-isolated for Ed25519
prepare	Reconcile surviving predecessor source PR	2026-09-06T23:26:33.3151605Z    ✔  Given a deterministic factory seeded with "cache-miss-label-ed25519"
prepare	Reconcile surviving predecessor source PR	2026-09-06T23:26:33.3152439Z    ✔  When I generate an Ed25519 key for label "label-alpha"
prepare	Reconcile surviving predecessor source PR	2026-09-06T23:26:33.3153165Z    ✔  And I generate another Ed25519 key for label "label-beta"
prepare	Reconcile surviving predecessor source PR	2026-09-06T23:26:33.3153898Z    ✔  Then the Ed25519 keys should have different public keys
prepare	Reconcile surviving predecessor source PR	2026-09-06T23:26:33.3154630Z   Scenario: cache clear followed by re-derive gives identical ECDSA key
prepare	Reconcile surviving predecessor source PR	2026-09-06T23:26:33.3155502Z    ✔  Given a deterministic factory seeded with "cache-clear-ecdsa"
prepare	Reconcile surviving predecessor source PR	2026-09-06T23:26:33.3156488Z    ✔  When I generate an ECDSA ES256 key for label "clear-ecdsa"
prepare	Reconcile surviving predecessor source PR	2026-09-06T23:26:33.3157115Z    ✔  And I clear the factory cache
prepare	Reconcile surviving predecessor source PR	2026-09-06T23:26:33.3157765Z    ✔  And I generate an ECDSA ES256 key for label "clear-ecdsa" again
prepare	Reconcile surviving predecessor source PR	2026-09-06T23:26:33.3158489Z    ✔  Then the ECDSA PKCS8 PEM should be identical
prepare	Reconcile surviving predecessor source PR	2026-09-06T23:26:33.3159166Z   Scenario: cache clear followed by re-derive gives identical Ed25519 key
prepare	Reconcile surviving predecessor source PR	2026-09-06T23:26:33.3160051Z    ✔  Given a deterministic factory seeded with "cache-clear-ed25519"
prepare	Reconcile surviving predecessor source PR	2026-09-06T23:26:33.3160847Z    ✔  When I generate an Ed25519 key for label "clear-ed25519"
prepare	Reconcile surviving predecessor source PR	2026-09-06T23:26:33.3161466Z    ✔  And I clear the factory cache
prepare	Reconcile surviving predecessor source PR	2026-09-06T23:26:33.3162091Z    ✔  And I generate an Ed25519 key for label "clear-ed25519" again
prepare	Reconcile surviving predecessor source PR	2026-09-06T23:26:33.3162804Z    ✔  Then the Ed25519 PKCS8 PEM should be identical
prepare	Reconcile surviving predecessor source PR	2026-09-06T23:26:33.3163489Z   Scenario: generating one key type does not invalidate another in cache
prepare	Reconcile surviving predecessor source PR	2026-09-06T23:26:33.3164454Z    ✔  Given a deterministic factory seeded with "cache-cross-type-isolation"
prepare	Reconcile surviving predecessor source PR	2026-09-06T23:26:33.3165277Z    ✔  When I generate an RSA key for label "rsa-stable"
prepare	Reconcile surviving predecessor source PR	2026-09-06T23:26:33.3166176Z    ✔  And I generate an ECDSA ES256 key for label "ecdsa-stable"
prepare	Reconcile surviving predecessor source PR	2026-09-06T23:26:33.3166912Z    ✔  And I generate an Ed25519 key for label "ed25519-stable"
prepare	Reconcile surviving predecessor source PR	2026-09-06T23:26:33.3167665Z    ✔  And I generate an RSA key for label "rsa-stable" again
prepare	Reconcile surviving predecessor source PR	2026-09-06T23:26:33.3168296Z    ✔  Then the PKCS8 PEM should be identical
prepare	Reconcile surviving predecessor source PR	2026-09-06T23:26:33.3168941Z   Scenario: cache clear followed by re-derive gives identical bearer token
prepare	Reconcile surviving predecessor source PR	2026-09-06T23:26:33.3169826Z    ✔  Given a deterministic factory seeded with "cache-clear-bearer"
prepare	Reconcile surviving predecessor source PR	2026-09-06T23:26:33.3170604Z    ✔  When I generate a bearer token for label "clear-bearer"
prepare	Reconcile surviving predecessor source PR	2026-09-06T23:26:33.3171487Z    ✔  And I clear the factory cache
prepare	Reconcile surviving predecessor source PR	2026-09-06T23:26:33.3172125Z    ✔  And I generate a bearer token for label "clear-bearer" again
prepare	Reconcile surviving predecessor source PR	2026-09-06T23:26:33.3172978Z    ✔  Then the token values should be identical
prepare	Reconcile surviving predecessor source PR	2026-09-06T23:26:33.3173638Z   Scenario: cache clear followed by re-derive gives identical OAuth token
prepare	Reconcile surviving predecessor source PR	2026-09-06T23:26:33.3174505Z    ✔  Given a deterministic factory seeded with "cache-clear-oauth"
prepare	Reconcile surviving predecessor source PR	2026-09-06T23:26:33.3175305Z    ✔  When I generate an OAuth access token for label "clear-oauth"
prepare	Reconcile surviving predecessor source PR	2026-09-06T23:26:33.3176219Z    ✔  And I clear the factory cache
prepare	Reconcile surviving predecessor source PR	2026-09-06T23:26:33.3176894Z    ✔  And I generate an OAuth access token for label "clear-oauth" again
prepare	Reconcile surviving predecessor source PR	2026-09-06T23:26:33.3177619Z    ✔  Then the token values should be identical
prepare	Reconcile surviving predecessor source PR	2026-09-06T23:26:33.3178116Z Feature: X.509 certificate chain fixtures
prepare	Reconcile surviving predecessor source PR	2026-09-06T23:26:33.3178660Z   Scenario: deterministic certificate chains are stable
prepare	Reconcile surviving predecessor source PR	2026-09-06T23:26:33.3179781Z    ✔  Given a deterministic factory seeded with "0x0000000000000000000000000000000000000000000000000000000000000042"
prepare	Reconcile surviving predecessor source PR	2026-09-06T23:26:33.3181129Z    ✔  When I generate a certificate chain for domain "test.example.com" with label "chain-server"
prepare	Reconcile surviving predecessor source PR	2026-09-06T23:26:33.3182400Z    ✔  And I generate a certificate chain for domain "test.example.com" with label "chain-server" again
prepare	Reconcile surviving predecessor source PR	2026-09-06T23:26:33.3183361Z    ✔  Then the leaf certificate PEM should be identical
prepare	Reconcile surviving predecessor source PR	2026-09-06T23:26:33.3184069Z    ✔  And the intermediate certificate PEM should be identical
prepare	Reconcile surviving predecessor source PR	2026-09-06T23:26:33.3184765Z    ✔  And the root certificate PEM should be identical
prepare	Reconcile surviving predecessor source PR	2026-09-06T23:26:33.3185396Z   Scenario: certificate chain derivation survives cache clear
prepare	Reconcile surviving predecessor source PR	2026-09-06T23:26:33.3186389Z    ✔  Given a deterministic factory seeded with "chain-seed-alpha"
prepare	Reconcile surviving predecessor source PR	2026-09-06T23:26:33.3187397Z    ✔  When I generate a certificate chain for domain "api.example.com" with label "first-chain"
prepare	Reconcile surviving predecessor source PR	2026-09-06T23:26:33.3188230Z    ✔  And I clear the factory cache
prepare	Reconcile surviving predecessor source PR	2026-09-06T23:26:33.3189102Z    ✔  And I generate a certificate chain for domain "api.example.com" with label "first-chain" again
prepare	Reconcile surviving predecessor source PR	2026-09-06T23:26:33.3190054Z    ✔  Then the leaf certificate PEM should be identical
prepare	Reconcile surviving predecessor source PR	2026-09-06T23:26:33.3190720Z   Scenario: different labels produce different certificate chains
prepare	Reconcile surviving predecessor source PR	2026-09-06T23:26:33.3192011Z    ✔  Given a deterministic factory seeded with "0xdeadbeefdeadbeefdeadbeefdeadbeefdeadbeefdeadbeefdeadbeefdeadbeef"
prepare	Reconcile surviving predecessor source PR	2026-09-06T23:26:33.3193446Z    ✔  When I generate a certificate chain for domain "test.example.com" with label "chain-a"
prepare	Reconcile surviving predecessor source PR	2026-09-06T23:26:33.3194621Z    ✔  And I generate another certificate chain for domain "test.example.com" with label "chain-b"
prepare	Reconcile surviving predecessor source PR	2026-09-06T23:26:33.3195565Z    ✔  Then the leaf certificates should have different DER
prepare	Reconcile surviving predecessor source PR	2026-09-06T23:26:33.3196415Z    ✔  And the root certificates should have different DER
prepare	Reconcile surviving predecessor source PR	2026-09-06T23:26:33.3197034Z   Scenario: certificate chain contains three certificates
prepare	Reconcile surviving predecessor source PR	2026-09-06T23:26:33.3197789Z    ✔  Given a deterministic factory seeded with "structure-test"
prepare	Reconcile surviving predecessor source PR	2026-09-06T23:26:33.3198776Z    ✔  When I generate a certificate chain for domain "test.example.com" with label "three-tier"
prepare	Reconcile surviving predecessor source PR	2026-09-06T23:26:33.3199747Z    ✔  Then the certificate chain should have a leaf certificate
prepare	Reconcile surviving predecessor source PR	2026-09-06T23:26:33.3200576Z    ✔  And the certificate chain should have an intermediate certificate
prepare	Reconcile surviving predecessor source PR	2026-09-06T23:26:33.3201380Z    ✔  And the certificate chain should have a root certificate
prepare	Reconcile surviving predecessor source PR	2026-09-06T23:26:33.3202062Z   Scenario: certificate chain PEM contains leaf and intermediate
prepare	Reconcile surviving predecessor source PR	2026-09-06T23:26:33.3202819Z    ✔  Given a deterministic factory seeded with "pem-test"
prepare	Reconcile surviving predecessor source PR	2026-09-06T23:26:33.3203765Z    ✔  When I generate a certificate chain for domain "test.example.com" with label "pem-check"
prepare	Reconcile surviving predecessor source PR	2026-09-06T23:26:33.3204821Z    ✔  Then the chain PEM should contain 2 "-----BEGIN CERTIFICATE-----" markers
prepare	Reconcile surviving predecessor source PR	2026-09-06T23:26:33.3205546Z   Scenario: certificate chain components are different
prepare	Reconcile surviving predecessor source PR	2026-09-06T23:26:33.3206451Z    ✔  Given a deterministic factory seeded with "different-test"
prepare	Reconcile surviving predecessor source PR	2026-09-06T23:26:33.3207449Z    ✔  When I generate a certificate chain for domain "test.example.com" with label "diff-check"
prepare	Reconcile surviving predecessor source PR	2026-09-06T23:26:33.3208783Z    ✔  Then the leaf certificate DER should differ from the intermediate certificate DER
prepare	Reconcile surviving predecessor source PR	2026-09-06T23:26:33.3210032Z    ✔  And the intermediate certificate DER should differ from the root certificate DER
prepare	Reconcile surviving predecessor source PR	2026-09-06T23:26:33.3210820Z   Scenario: certificate chain has correct common names
prepare	Reconcile surviving predecessor source PR	2026-09-06T23:26:33.3211536Z    ✔  Given a deterministic factory seeded with "cn-chain-test"
prepare	Reconcile surviving predecessor source PR	2026-09-06T23:26:33.3212535Z    ✔  When I generate a certificate chain for domain "myservice.example.com" with label "cn-check"
prepare	Reconcile surviving predecessor source PR	2026-09-06T23:26:33.3213638Z    ✔  Then the leaf certificate should have common name "myservice.example.com"
prepare	Reconcile surviving predecessor source PR	2026-09-06T23:26:33.3214512Z    ✔  And the intermediate certificate should have a common name
prepare	Reconcile surviving predecessor source PR	2026-09-06T23:26:33.3215226Z    ✔  And the root certificate should have a common name
prepare	Reconcile surviving predecessor source PR	2026-09-06T23:26:33.3216012Z   Scenario: certificate chain supports multiple SANs
prepare	Reconcile surviving predecessor source PR	2026-09-06T23:26:33.3216748Z    ✔  Given a deterministic factory seeded with "san-chain-test"
prepare	Reconcile surviving predecessor source PR	2026-09-06T23:26:33.3217740Z    ✔  When I generate a certificate chain for domain "test.example.com" with label "san-check"
prepare	Reconcile surviving predecessor source PR	2026-09-06T23:26:33.3218657Z    ✔  And I add SAN "localhost" to the certificate chain
prepare	Reconcile surviving predecessor source PR	2026-09-06T23:26:33.3219301Z    ✔  And I add SAN "127.0.0.1" to the certificate chain
prepare	Reconcile surviving predecessor source PR	2026-09-06T23:26:33.3220038Z    ✔  Then the leaf certificate should contain SAN "test.example.com"
prepare	Reconcile surviving predecessor source PR	2026-09-06T23:26:33.3220812Z    ✔  And the leaf certificate should contain SAN "localhost"
prepare	Reconcile surviving predecessor source PR	2026-09-06T23:26:33.3221524Z    ✔  And the leaf certificate should contain SAN "127.0.0.1"
prepare	Reconcile surviving predecessor source PR	2026-09-06T23:26:33.4734958Z   Scenario: certificate chain has matching private key
prepare	Reconcile surviving predecessor source PR	2026-09-06T23:26:33.4736229Z    ✔  Given a deterministic factory seeded with "key-match-test"
prepare	Reconcile surviving predecessor source PR	2026-09-06T23:26:33.4737218Z    ✔  When I generate a certificate chain for domain "test.example.com" with label "key-check"
prepare	Reconcile surviving predecessor source PR	2026-09-06T23:26:33.4738147Z    ✔  Then the leaf private key should be a valid PKCS#8 key
prepare	Reconcile surviving predecessor source PR	2026-09-06T23:26:33.4738915Z    ✔  And the leaf private key should match the leaf certificate
prepare	Reconcile surviving predecessor source PR	2026-09-06T23:26:33.4739753Z   Scenario: certificate chain writes to tempfiles
prepare	Reconcile surviving predecessor source PR	2026-09-06T23:26:33.4740620Z    ✔  Given a deterministic factory seeded with "tempfile-chain-test"
prepare	Reconcile surviving predecessor source PR	2026-09-06T23:26:33.4741657Z    ✔  When I generate a certificate chain for domain "test.example.com" with label "temp-chain"
prepare	Reconcile surviving predecessor source PR	2026-09-06T23:26:33.4742575Z    ✔  And I write the leaf certificate PEM to a tempfile
prepare	Reconcile surviving predecessor source PR	2026-09-06T23:26:33.4743267Z    ✔  And I write the leaf private key PEM to a tempfile
prepare	Reconcile surviving predecessor source PR	2026-09-06T23:26:33.4743937Z    ✔  Then the leaf certificate tempfile should exist
prepare	Reconcile surviving predecessor source PR	2026-09-06T23:26:33.4744592Z    ✔  And the leaf private key tempfile should exist
prepare	Reconcile surviving predecessor source PR	2026-09-06T23:26:33.4745273Z   Scenario: certificate chain writes chain, full chain, and root tempfiles
prepare	Reconcile surviving predecessor source PR	2026-09-06T23:26:33.4746435Z    ✔  Given a deterministic factory seeded with "tempfile-chain-extra-test"
prepare	Reconcile surviving predecessor source PR	2026-09-06T23:26:33.4747626Z    ✔  When I generate a certificate chain for domain "test.example.com" with label "temp-chain-extra"
prepare	Reconcile surviving predecessor source PR	2026-09-06T23:26:33.4748598Z    ✔  And I write the chain PEM to a tempfile
prepare	Reconcile surviving predecessor source PR	2026-09-06T23:26:33.4749222Z    ✔  And I write the full chain PEM to a tempfile
prepare	Reconcile surviving predecessor source PR	2026-09-06T23:26:33.4749880Z    ✔  And I write the root certificate PEM to a tempfile
prepare	Reconcile surviving predecessor source PR	2026-09-06T23:26:33.4750618Z    ✔  Then the chain tempfile path should end with ".chain.pem"
prepare	Reconcile surviving predecessor source PR	2026-09-06T23:26:33.4751443Z    ✔  And the full chain tempfile path should end with ".fullchain.pem"
prepare	Reconcile surviving predecessor source PR	2026-09-06T23:26:33.4752495Z    ✔  And the root certificate tempfile path should end with ".root.crt.pem"
prepare	Reconcile surviving predecessor source PR	2026-09-06T23:26:33.7854185Z    ✔  And reading the chain tempfile should match the chain PEM
prepare	Reconcile surviving predecessor source PR	2026-09-06T23:26:33.7980395Z    ✔  And reading the full chain tempfile should match the full chain PEM
prepare	Reconcile surviving predecessor source PR	2026-09-06T23:26:35.2065562Z    ✔  And reading the root certificate tempfile should match the root certificate PEM
prepare	Reconcile surviving predecessor source PR	2026-09-06T23:26:43.0291480Z   Scenario: expired intermediate CA chain variant
prepare	Reconcile surviving predecessor source PR	2026-09-06T23:26:43.0292893Z    ✔  Given a deterministic factory seeded with "expired-intermediate-test"
prepare	Reconcile surviving predecessor source PR	2026-09-06T23:26:43.0294441Z    ✔  When I generate a certificate chain for domain "test.example.com" with label "exp-int-check"
prepare	Reconcile surviving predecessor source PR	2026-09-06T23:26:43.0295537Z    ✔  And I get the expired intermediate variant of the certificate chain
prepare	Reconcile surviving predecessor source PR	2026-09-06T23:26:43.0296928Z    ✔  Then the expired intermediate certificate should have not_after in the past
prepare	Reconcile surviving predecessor source PR	2026-09-06T23:26:43.0297539Z   Scenario: unknown CA chain variant
prepare	Reconcile surviving predecessor source PR	2026-09-06T23:26:43.0298091Z    ✔  Given a deterministic factory seeded with "unknown-ca-test"
prepare	Reconcile surviving predecessor source PR	2026-09-06T23:26:43.0298944Z    ✔  When I generate a certificate chain for domain "test.example.com" with label "unknown-check"
prepare	Reconcile surviving predecessor source PR	2026-09-06T23:26:43.0299823Z    ✔  And I get the unknown CA variant of the certificate chain
prepare	Reconcile surviving predecessor source PR	2026-09-06T23:26:43.0300356Z    ✔  Then the chain root should differ from the original root
prepare	Reconcile surviving predecessor source PR	2026-09-06T23:26:43.0300793Z   Scenario: revoked chain writes CRL tempfiles
prepare	Reconcile surviving predecessor source PR	2026-09-06T23:26:43.0301322Z    ✔  Given a deterministic factory seeded with "crl-tempfile-test"
prepare	Reconcile surviving predecessor source PR	2026-09-06T23:26:43.0302112Z    ✔  When I generate a certificate chain for domain "test.example.com" with label "revoked-crl-files"
prepare	Reconcile surviving predecessor source PR	2026-09-06T23:26:43.0302847Z    ✔  And I get the revoked leaf variant of the certificate chain
prepare	Reconcile surviving predecessor source PR	2026-09-06T23:26:43.0303366Z    ✔  And I write the revoked chain CRL PEM to a tempfile
prepare	Reconcile surviving predecessor source PR	2026-09-06T23:26:43.0303847Z    ✔  And I write the revoked chain CRL DER to a tempfile
prepare	Reconcile surviving predecessor source PR	2026-09-06T23:26:43.0304359Z    ✔  Then the CRL PEM tempfile path should end with ".crl.pem"
prepare	Reconcile surviving predecessor source PR	2026-09-06T23:26:43.0304895Z    ✔  And the CRL DER tempfile path should end with ".crl.der"
prepare	Reconcile surviving predecessor source PR	2026-09-06T23:26:43.0305427Z    ✔  And the CRL PEM tempfile should contain "BEGIN X509 CRL"
prepare	Reconcile surviving predecessor source PR	2026-09-06T23:26:43.0306080Z    ✔  And the CRL DER tempfile should be parseable as a CRL
prepare	Reconcile surviving predecessor source PR	2026-09-06T23:26:45.1703881Z Feature: Core factory determinism and cache behavior
prepare	Reconcile surviving predecessor source PR	2026-09-06T23:26:45.1705174Z   Scenario: deterministic cache values are stable
prepare	Reconcile surviving predecessor source PR	2026-09-06T23:26:45.1706965Z    ✔  Given a deterministic factory seeded with "core-factory-seed-1"
prepare	Reconcile surviving predecessor source PR	2026-09-06T23:26:45.1708699Z    ✔  When I request a core-factory u64 value for domain "core-factory", label "label-a", spec "factory-spec", variant "default"
prepare	Reconcile surviving predecessor source PR	2026-09-06T23:26:45.1710665Z    ✔  And I request a core-factory u64 value for domain "core-factory", label "label-a", spec "factory-spec", variant "default"
prepare	Reconcile surviving predecessor source PR	2026-09-06T23:26:45.1711437Z    ✔  Then the first and second core-factory values should match
prepare	Reconcile surviving predecessor source PR	2026-09-06T23:26:45.1711909Z   Scenario: clearing the cache preserves deterministic values
prepare	Reconcile surviving predecessor source PR	2026-09-06T23:26:45.1712471Z    ✔  Given a deterministic factory seeded with "core-factory-seed-2"
prepare	Reconcile surviving predecessor source PR	2026-09-06T23:26:45.1713316Z    ✔  When I request a core-factory u64 value for domain "core-factory", label "label-b", spec "factory-spec", variant "default"
prepare	Reconcile surviving predecessor source PR	2026-09-06T23:26:45.1714252Z    ✔  And I clear the factory cache
prepare	Reconcile surviving predecessor source PR	2026-09-06T23:26:45.1714951Z    ✔  And I request a core-factory u64 value for domain "core-factory", label "label-b", spec "factory-spec", variant "default"
prepare	Reconcile surviving predecessor source PR	2026-09-06T23:26:45.1715925Z    ✔  Then the first and second core-factory values should match
prepare	Reconcile surviving predecessor source PR	2026-09-06T23:26:45.1716432Z   Scenario: random mode keeps stable cache values within a process
prepare	Reconcile surviving predecessor source PR	2026-09-06T23:26:45.1716892Z    ✔  Given a random factory
prepare	Reconcile surviving predecessor source PR	2026-09-06T23:26:45.1717574Z    ✔  When I request a core-factory u64 value for domain "core-factory", label "label-c", spec "factory-spec", variant "default"
prepare	Reconcile surviving predecessor source PR	2026-09-06T23:26:45.1718610Z    ✔  And I request a core-factory u64 value for domain "core-factory", label "label-c", spec "factory-spec", variant "default"
prepare	Reconcile surviving predecessor source PR	2026-09-06T23:26:45.1719356Z    ✔  Then the first and second core-factory values should match
prepare	Reconcile surviving predecessor source PR	2026-09-06T23:26:45.1719770Z   Scenario: mismatched value types are rejected
prepare	Reconcile surviving predecessor source PR	2026-09-06T23:26:45.1720133Z    ✔  Given a random factory
prepare	Reconcile surviving predecessor source PR	2026-09-06T23:26:45.1720829Z    ✔  When I request a core-factory u32 value for domain "core-factory", label "label-type", spec "factory-spec", variant "default"
prepare	Reconcile surviving predecessor source PR	2026-09-06T23:26:45.1721863Z    ✔  And I request a mismatched core-factory value for domain "core-factory", label "label-type", spec "factory-spec", variant "default"
prepare	Reconcile surviving predecessor source PR	2026-09-06T23:26:45.1722920Z    ✔  Then a core-factory type mismatch should panic
prepare	Reconcile surviving predecessor source PR	2026-09-06T23:26:45.1723384Z Feature: Core ID derivation primitives
prepare	Reconcile surviving predecessor source PR	2026-09-06T23:26:45.1723757Z   Scenario: deterministic derivation is stable for identical inputs
prepare	Reconcile surviving predecessor source PR	2026-09-06T23:26:45.1724246Z    ✔> Given a core-id master seed "uselesskey-core-id-example"
prepare	Reconcile surviving predecessor source PR	2026-09-06T23:26:45.1724923Z    ✔  When I derive a core-id seed with domain "uselesskey:rsa:keypair", label "entity", spec "fixture-spec", variant "v1"
prepare	Reconcile surviving predecessor source PR	2026-09-06T23:26:45.1725968Z    ✔  When I derive a core-id seed with domain "uselesskey:rsa:keypair", label "entity", spec "fixture-spec", variant "v1"
prepare	Reconcile surviving predecessor source PR	2026-09-06T23:26:45.1726671Z    ✔  Then the first and second derived core-id seeds should be identical
prepare	Reconcile surviving predecessor source PR	2026-09-06T23:26:45.1727079Z   Scenario: domain and variant changes alter output
prepare	Reconcile surviving predecessor source PR	2026-09-06T23:26:45.1727497Z    ✔> Given a core-id master seed "uselesskey-core-id-example"
prepare	Reconcile surviving predecessor source PR	2026-09-06T23:26:45.1728164Z    ✔  When I derive a core-id seed with domain "uselesskey:rsa:keypair", label "entity", spec "fixture-spec", variant "v1"
prepare	Reconcile surviving predecessor source PR	2026-09-06T23:26:45.1729004Z    ✔  And I derive a core-id seed with domain "uselesskey:rsa:keypair", label "entity", spec "fixture-spec", variant "v2"
prepare	Reconcile surviving predecessor source PR	2026-09-06T23:26:45.1729658Z    ✔  Then the first and second derived core-id seeds should be different
prepare	Reconcile surviving predecessor source PR	2026-09-06T23:26:45.1730034Z   Scenario: seed debug output is redacted
prepare	Reconcile surviving predecessor source PR	2026-09-06T23:26:45.1730416Z    ✔> Given a core-id master seed "uselesskey-core-id-example"
prepare	Reconcile surviving predecessor source PR	2026-09-06T23:26:45.1730879Z    ✔  Then the core-id master seed should be redacted in debug output
prepare	Reconcile surviving predecessor source PR	2026-09-06T23:26:45.1731282Z   Scenario: hash helper is deterministic for stable input
prepare	Reconcile surviving predecessor source PR	2026-09-06T23:26:45.1731708Z    ✔> Given a core-id master seed "uselesskey-core-id-example"
prepare	Reconcile surviving predecessor source PR	2026-09-06T23:26:45.1732210Z    ✔  Then core-id hash32 should be deterministic for input "fixture-core-hash"
prepare	Reconcile surviving predecessor source PR	2026-09-06T23:26:45.1732687Z   Scenario: length-prefixed hashing keeps boundaries unambiguous
prepare	Reconcile surviving predecessor source PR	2026-09-06T23:26:45.1733147Z    ✔> Given a core-id master seed "uselesskey-core-id-example"
prepare	Reconcile surviving predecessor source PR	2026-09-06T23:26:45.1733636Z    ✔  Then core-id length-prefixed hashing should distinguish split boundaries
prepare	Reconcile surviving predecessor source PR	2026-09-06T23:26:45.1734049Z Feature: Core keypair material primitives
prepare	Reconcile surviving predecessor source PR	2026-09-06T23:26:45.1734351Z   Scenario: deterministic corruption is stable
prepare	Reconcile surviving predecessor source PR	2026-09-06T23:26:45.1734746Z    ✔> Given I have a sample PKCS8/SPKI fixture for core-keypair
prepare	Reconcile surviving predecessor source PR	2026-09-06T23:26:45.1735302Z    ✔  When I deterministically core-keypair corrupt PKCS8 PEM with variant "core-keypair-v1"
prepare	Reconcile surviving predecessor source PR	2026-09-06T23:26:45.1736113Z    ✔  And I deterministically core-keypair corrupt PKCS8 PEM with variant "core-keypair-v1" again
prepare	Reconcile surviving predecessor source PR	2026-09-06T23:26:45.1736682Z    ✔  Then the deterministic text artifacts should be identical
prepare	Reconcile surviving predecessor source PR	2026-09-06T23:26:45.1737164Z    ✔  And the core-keypair deterministic PEM should differ from the original
prepare	Reconcile surviving predecessor source PR	2026-09-06T23:26:45.1737574Z   Scenario: DER truncation respects requested length
prepare	Reconcile surviving predecessor source PR	2026-09-06T23:26:45.1737983Z    ✔> Given I have a sample PKCS8/SPKI fixture for core-keypair
prepare	Reconcile surviving predecessor source PR	2026-09-06T23:26:45.1738434Z    ✔  When I truncate the core-keypair PKCS8 DER to 3 bytes
prepare	Reconcile surviving predecessor source PR	2026-09-06T23:26:45.1738828Z    ✔  Then the truncated DER should have length 3
prepare	Reconcile surviving predecessor source PR	2026-09-06T23:26:45.1739185Z   Scenario: key IDs and tempfile outputs are stable and usable
prepare	Reconcile surviving predecessor source PR	2026-09-06T23:26:45.1739617Z    ✔> Given I have a sample PKCS8/SPKI fixture for core-keypair
prepare	Reconcile surviving predecessor source PR	2026-09-06T23:26:45.1739983Z    ✔  When I derive a core-keypair kid
prepare	Reconcile surviving predecessor source PR	2026-09-06T23:26:45.1740291Z    ✔  And I derive a core-keypair kid
prepare	Reconcile surviving predecessor source PR	2026-09-06T23:26:45.1740645Z    ✔  And I write core-keypair PEM artifacts to tempfiles
prepare	Reconcile surviving predecessor source PR	2026-09-06T23:26:45.1741076Z    ✔  Then the first and second core-keypair kids should be identical
prepare	Reconcile surviving predecessor source PR	2026-09-06T23:26:45.1741603Z    ✔  And the core-keypair private and public tempfiles should contain PEM headers
prepare	Reconcile surviving predecessor source PR	2026-09-06T23:26:45.1742016Z Feature: Core kid derivation primitives
prepare	Reconcile surviving predecessor source PR	2026-09-06T23:26:45.1742367Z   Scenario: derived core-kid is deterministic for identical bytes
prepare	Reconcile surviving predecessor source PR	2026-09-06T23:26:45.1742820Z    ✔  When I derive a core-kid from bytes "fixture-public-key"
prepare	Reconcile surviving predecessor source PR	2026-09-06T23:26:45.1743414Z    ✔  And I derive a core-kid from bytes "fixture-public-key"
prepare	Reconcile surviving predecessor source PR	2026-09-06T23:26:45.1743974Z    ✔  Then the first and second derived core-kids should be identical
prepare	Reconcile surviving predecessor source PR	2026-09-06T23:26:45.1744364Z   Scenario: derived core-kid changes when bytes change
prepare	Reconcile surviving predecessor source PR	2026-09-06T23:26:45.1744782Z    ✔  When I derive a core-kid from bytes "fixture-public-key-a"
prepare	Reconcile surviving predecessor source PR	2026-09-06T23:26:45.1745217Z    ✔  And I derive a core-kid from bytes "fixture-public-key-b"
prepare	Reconcile surviving predecessor source PR	2026-09-06T23:26:45.1745659Z    ✔  Then the first and second derived core-kids should be different
prepare	Reconcile surviving predecessor source PR	2026-09-06T23:26:45.1746278Z   Scenario: derived core-kid supports explicit prefix sizing
prepare	Reconcile surviving predecessor source PR	2026-09-06T23:26:45.1746775Z    ✔  When I derive a core-kid with prefix 8 from bytes "fixture-public-key"
prepare	Reconcile surviving predecessor source PR	2026-09-06T23:26:45.1747232Z    ✔  Then the derived core-kid should decode to 8 bytes
prepare	Reconcile surviving predecessor source PR	2026-09-06T23:26:45.1747555Z Feature: Core negative fixture primitives
prepare	Reconcile surviving predecessor source PR	2026-09-06T23:26:45.1747928Z   Scenario: PEM can be deterministically corrupted and will fail parsing
prepare	Reconcile surviving predecessor source PR	2026-09-06T23:26:45.1748404Z    ✔  Given I have a sample PEM fixture for core-negative
prepare	Reconcile surviving predecessor source PR	2026-09-06T23:26:45.1748886Z    ✔  When I core-negatively corrupt the sample PEM with variant "core-id-v1"
prepare	Reconcile surviving predecessor source PR	2026-09-06T23:26:45.1749384Z    ✔  Then the deterministic RSA PEM artifact should fail to parse
prepare	Reconcile surviving predecessor source PR	2026-09-06T23:26:45.1749753Z   Scenario: deterministic PEM corruption is stable
prepare	Reconcile surviving predecessor source PR	2026-09-06T23:26:45.1750133Z    ✔  Given I have a sample PEM fixture for core-negative
prepare	Reconcile surviving predecessor source PR	2026-09-06T23:26:45.1750593Z    ✔  When I core-negatively corrupt the sample PEM with variant "core-id-v1"
prepare	Reconcile surviving predecessor source PR	2026-09-06T23:26:45.1751142Z    ✔  And I core-negatively corrupt the sample PEM with variant "core-id-v1" again
prepare	Reconcile surviving predecessor source PR	2026-09-06T23:26:45.1751641Z    ✔  Then the deterministic text artifacts should be identical
prepare	Reconcile surviving predecessor source PR	2026-09-06T23:26:45.1752020Z   Scenario: DER corruption and truncation are malformed
prepare	Reconcile surviving predecessor source PR	2026-09-06T23:26:45.1752404Z    ✔  Given I have a sample DER fixture for core-negative
prepare	Reconcile surviving predecessor source PR	2026-09-06T23:26:45.1752801Z    ✔  When I core-negatively truncate a DER sample to 3 bytes
prepare	Reconcile surviving predecessor source PR	2026-09-06T23:26:45.1753194Z    ✔  Then the truncated DER should have length 3
prepare	Reconcile surviving predecessor source PR	2026-09-06T23:26:45.1753553Z    ✔  And the truncated DER should fail to parse
prepare	Reconcile surviving predecessor source PR	2026-09-06T23:26:45.1753854Z Feature: Core seed parsing primitives
prepare	Reconcile surviving predecessor source PR	2026-09-06T23:26:45.1754168Z   Scenario: hex seed with prefix parses to expected bytes
prepare	Reconcile surviving predecessor source PR	2026-09-06T23:26:45.1754728Z    ✔  Given a core-seed raw value "0x0000000000000000000000000000000000000000000000000000000000000001"
prepare	Reconcile surviving predecessor source PR	2026-09-06T23:26:45.1755233Z    ✔  Then the core-seed parse should succeed
prepare	Reconcile surviving predecessor source PR	2026-09-06T23:26:45.1755566Z    ✔  And the core-seed last byte should be 1
prepare	Reconcile surviving predecessor source PR	2026-09-06T23:26:45.1756005Z   Scenario: invalid 64-char hex reports a parse error
prepare	Reconcile surviving predecessor source PR	2026-09-06T23:26:45.1756545Z    ✔  Given a core-seed raw value "gg00000000000000000000000000000000000000000000000000000000000000"
prepare	Reconcile surviving predecessor source PR	2026-09-06T23:26:45.1757035Z    ✔  Then the core-seed parse should fail
prepare	Reconcile surviving predecessor source PR	2026-09-06T23:26:45.1757413Z    ✔  And the core-seed error should contain "invalid hex char"
prepare	Reconcile surviving predecessor source PR	2026-09-06T23:26:45.1757777Z   Scenario: debug output redacts seed material
prepare	Reconcile surviving predecessor source PR	2026-09-06T23:26:45.1758152Z    ✔  Given a core-seed raw value "seed-redaction-check"
prepare	Reconcile surviving predecessor source PR	2026-09-06T23:26:45.1758519Z    ✔  Then the core-seed parse should succeed
prepare	Reconcile surviving predecessor source PR	2026-09-06T23:26:45.1758871Z    ✔  And the core-seed debug output should be redacted
prepare	Reconcile surviving predecessor source PR	2026-09-06T23:26:45.1759182Z Feature: Core token shape primitives
prepare	Reconcile surviving predecessor source PR	2026-09-06T23:26:45.1759492Z   Scenario: API key shape generation is deterministic
prepare	Reconcile surviving predecessor source PR	2026-09-06T23:26:45.1759972Z    ✔  When I generate a core token-shape API key with seed "core-token-shape-001"
prepare	Reconcile surviving predecessor source PR	2026-09-06T23:26:45.1760529Z    ✔  And I generate a core token-shape API key with seed "core-token-shape-001"
prepare	Reconcile surviving predecessor source PR	2026-09-06T23:26:45.1761061Z    ✔  Then the first and second core token-shape values should be identical
prepare	Reconcile surviving predecessor source PR	2026-09-06T23:26:45.1761478Z   Scenario: API key shape has expected prefix and length
prepare	Reconcile surviving predecessor source PR	2026-09-06T23:26:45.1761977Z    ✔  When I generate a core token-shape API key with seed "core-token-shape-prefix"
prepare	Reconcile surviving predecessor source PR	2026-09-06T23:26:45.1762660Z    ✔  Then the first core token-shape value should start with "uk_test_"
prepare	Reconcile surviving predecessor source PR	2026-09-06T23:26:45.1763150Z    ✔  And the first core token-shape value should have length 40
prepare	Reconcile surviving predecessor source PR	2026-09-06T23:26:45.1763669Z   Scenario: token-shape kinds use expected authorization schemes
prepare	Reconcile surviving predecessor source PR	2026-09-06T23:26:45.1764200Z    ✔  Then the core-token-shape authorization scheme for API key should be "ApiKey"
prepare	Reconcile surviving predecessor source PR	2026-09-06T23:26:45.1764843Z    ✔  And the core-token-shape authorization scheme for bearer token should be "Bearer"
prepare	Reconcile surviving predecessor source PR	2026-09-06T23:26:45.1765493Z    ✔  And the core-token-shape authorization scheme for OAuth access token should be "Bearer"
prepare	Reconcile surviving predecessor source PR	2026-09-06T23:26:45.1766206Z   Scenario: bearer and OAuth token-shape formats are different
prepare	Reconcile surviving predecessor source PR	2026-09-06T23:26:45.1766753Z    ✔  When I generate a core token-shape bearer token with seed "core-token-shape-kinds"
prepare	Reconcile surviving predecessor source PR	2026-09-06T23:26:45.1767473Z    ✔  And I generate a core token-shape OAuth access token with seed "core-token-shape-kinds" and subject "tenant-a"
prepare	Reconcile surviving predecessor source PR	2026-09-06T23:26:45.1768133Z    ✔  Then the first and second core token-shape values should be different
prepare	Reconcile surviving predecessor source PR	2026-09-06T23:26:45.1768568Z   Scenario: bearer token-shape is base64url encoded bytes
prepare	Reconcile surviving predecessor source PR	2026-09-06T23:26:45.1769093Z    ✔  When I generate a core token-shape bearer token with seed "core-token-shape-bearer"
prepare	Reconcile surviving predecessor source PR	2026-09-06T23:26:45.1769633Z    ✔  Then the first core token-shape value should be valid base64url
prepare	Reconcile surviving predecessor source PR	2026-09-06T23:26:45.1770019Z   Scenario: OAuth token-shape has JWT-style segments
prepare	Reconcile surviving predecessor source PR	2026-09-06T23:26:45.1770648Z    ✔  When I generate a core token-shape OAuth access token with seed "core-token-shape-oauth" and subject "oauth-subject"
prepare	Reconcile surviving predecessor source PR	2026-09-06T23:26:45.1771361Z    ✔  Then the first core token-shape value should have three dot-separated segments
prepare	Reconcile surviving predecessor source PR	2026-09-06T23:26:45.1771769Z Feature: Cross-adapter fixture sharing
prepare	Reconcile surviving predecessor source PR	2026-09-06T23:26:45.1772072Z   Scenario: same RSA key signs JWT and ring message
prepare	Reconcile surviving predecessor source PR	2026-09-06T23:26:45.1772498Z    ✔  Given a deterministic factory seeded with "cross-adapter-rsa"
prepare	Reconcile surviving predecessor source PR	2026-09-06T23:26:45.1772920Z    ✔  When I generate an RSA key for label "cross-rsa"
prepare	Reconcile surviving predecessor source PR	2026-09-06T23:26:45.1773267Z    ✔  And I sign a JWT with the RSA key
prepare	Reconcile surviving predecessor source PR	2026-09-06T23:26:45.1773566Z    ✔  Then the JWT should be valid
prepare	Reconcile surviving predecessor source PR	2026-09-06T23:26:45.2927875Z    ✔  And the JWT header should have alg "RS256"
prepare	Reconcile surviving predecessor source PR	2026-09-06T23:26:53.0737233Z    ✔  When I sign a message with the ring RSA key
prepare	Reconcile surviving predecessor source PR	2026-09-06T23:26:54.1004400Z    ✔  Then the ring RSA signature should verify
prepare	Reconcile surviving predecessor source PR	2026-09-06T23:26:55.8696643Z   Scenario: same ECDSA key signs JWT and RustCrypto message
prepare	Reconcile surviving predecessor source PR	2026-09-06T23:26:55.8698042Z    ✔  Given a deterministic factory seeded with "cross-adapter-ecdsa"
prepare	Reconcile surviving predecessor source PR	2026-09-06T23:26:55.8698979Z    ✔  When I generate an ECDSA ES256 key for label "cross-ecdsa"
prepare	Reconcile surviving predecessor source PR	2026-09-06T23:26:55.8699662Z    ✔  And I sign a JWT with the ECDSA key
prepare	Reconcile surviving predecessor source PR	2026-09-06T23:26:55.8700210Z    ✔  Then the JWT should be valid
prepare	Reconcile surviving predecessor source PR	2026-09-06T23:26:55.8700770Z    ✔  And the JWT header should have alg "ES256"
prepare	Reconcile surviving predecessor source PR	2026-09-06T23:26:55.8701450Z    ✔  When I sign a message with the RustCrypto P-256 key
prepare	Reconcile surviving predecessor source PR	2026-09-06T23:26:55.8702148Z    ✔  Then the RustCrypto P-256 signature should verify
prepare	Reconcile surviving predecessor source PR	2026-09-06T23:26:55.8722637Z   Scenario: same Ed25519 key signs JWT and ring message
prepare	Reconcile surviving predecessor source PR	2026-09-06T23:26:55.8723587Z    ✔  Given a deterministic factory seeded with "cross-adapter-ed25519"
prepare	Reconcile surviving predecessor source PR	2026-09-06T23:26:55.8724489Z    ✔  When I generate an Ed25519 key for label "cross-ed25519"
prepare	Reconcile surviving predecessor source PR	2026-09-06T23:26:55.8725138Z    ✔  And I sign a JWT with the Ed25519 key
prepare	Reconcile surviving predecessor source PR	2026-09-06T23:26:55.8725662Z    ✔  Then the JWT should be valid
prepare	Reconcile surviving predecessor source PR	2026-09-06T23:26:55.8726396Z    ✔  And the JWT header should have alg "EdDSA"
prepare	Reconcile surviving predecessor source PR	2026-09-06T23:26:55.8727030Z    ✔  When I sign a message with the ring Ed25519 key
prepare	Reconcile surviving predecessor source PR	2026-09-06T23:26:55.8727732Z    ✔  Then the ring Ed25519 signature should verify
prepare	Reconcile surviving predecessor source PR	2026-09-06T23:26:55.8728348Z   Scenario: same HMAC key signs JWT and RustCrypto HMAC tag
prepare	Reconcile surviving predecessor source PR	2026-09-06T23:26:55.8729172Z    ✔  Given a deterministic factory seeded with "cross-adapter-hmac"
prepare	Reconcile surviving predecessor source PR	2026-09-06T23:26:55.8730006Z    ✔  When I generate an HMAC HS256 secret for label "cross-hmac"
prepare	Reconcile surviving predecessor source PR	2026-09-06T23:26:55.8730661Z    ✔  And I sign a JWT with the HMAC key
prepare	Reconcile surviving predecessor source PR	2026-09-06T23:26:55.8731787Z    ✔  Then the JWT should be valid
prepare	Reconcile surviving predecessor source PR	2026-09-06T23:26:55.8732315Z    ✔  And the JWT header should have alg "HS256"
prepare	Reconcile surviving predecessor source PR	2026-09-06T23:26:55.8733220Z    ✔  When I compute a RustCrypto HMAC-SHA256 tag
prepare	Reconcile surviving predecessor source PR	2026-09-06T23:26:55.8733914Z    ✔  Then the RustCrypto HMAC-SHA256 tag should verify
prepare	Reconcile surviving predecessor source PR	2026-09-06T23:26:55.8734620Z   Scenario: same X.509 chain works for rustls server and client config
prepare	Reconcile surviving predecessor source PR	2026-09-06T23:26:55.8735535Z    ✔  Given a deterministic factory seeded with "cross-adapter-rustls"
prepare	Reconcile surviving predecessor source PR	2026-09-06T23:26:55.8736812Z    ✔  When I generate a certificate chain for domain "example.com" with label "cross-rustls"
prepare	Reconcile surviving predecessor source PR	2026-09-06T23:26:55.8737727Z    ✔  And I build a rustls ServerConfig from the chain
prepare	Reconcile surviving predecessor source PR	2026-09-06T23:26:55.8738382Z    ✔  Then the rustls ServerConfig should be valid
prepare	Reconcile surviving predecessor source PR	2026-09-06T23:26:55.8739028Z    ✔  When I build a rustls ClientConfig from the chain
prepare	Reconcile surviving predecessor source PR	2026-09-06T23:26:55.8739657Z    ✔  Then the rustls ClientConfig should be valid
prepare	Reconcile surviving predecessor source PR	2026-09-06T23:26:55.8740369Z   Scenario: deterministic RSA key produces same JWT across factory instances
prepare	Reconcile surviving predecessor source PR	2026-09-06T23:26:55.8741316Z    ✔  Given a deterministic factory seeded with "cross-adapter-det-rsa"
prepare	Reconcile surviving predecessor source PR	2026-09-06T23:26:55.8742108Z    ✔  When I generate an RSA key for label "det-cross-rsa"
prepare	Reconcile surviving predecessor source PR	2026-09-06T23:26:55.8742674Z    ✔  And I sign a JWT with the RSA key
prepare	Reconcile surviving predecessor source PR	2026-09-06T23:26:55.8743112Z    ✔  And I record the JWT token
prepare	Reconcile surviving predecessor source PR	2026-09-06T23:26:55.8743731Z    ✔  And I switch to a deterministic factory seeded with "cross-adapter-det-rsa"
prepare	Reconcile surviving predecessor source PR	2026-09-06T23:26:55.8744515Z    ✔  And I generate an RSA key for label "det-cross-rsa"
prepare	Reconcile surviving predecessor source PR	2026-09-06T23:26:55.8745079Z    ✔  And I sign a JWT with the RSA key
prepare	Reconcile surviving predecessor source PR	2026-09-06T23:26:55.8745690Z    ✔  Then the JWT token should be identical to the recorded one
prepare	Reconcile surviving predecessor source PR	2026-09-06T23:26:57.8188057Z Feature: Cross-key validation failures
prepare	Reconcile surviving predecessor source PR	2026-09-06T23:26:57.8188791Z   Scenario: RSA key has different JWK kty than ECDSA key
prepare	Reconcile surviving predecessor source PR	2026-09-06T23:26:57.8189618Z    ✔  Given a deterministic factory seeded with "cross-rsa-ecdsa-test"
prepare	Reconcile surviving predecessor source PR	2026-09-06T23:26:57.8190285Z    ✔  When I generate an RSA key for label "cross-rsa" with spec RS256
prepare	Reconcile surviving predecessor source PR	2026-09-06T23:26:57.8190910Z    ✔  And I generate an ECDSA ES256 key for label "cross-ecdsa"
prepare	Reconcile surviving predecessor source PR	2026-09-06T23:26:57.8191404Z    ✔  Then the RSA JWK should have kty "RSA"
prepare	Reconcile surviving predecessor source PR	2026-09-06T23:26:57.8191809Z    ✔  And the ECDSA JWK should have kty "EC"
prepare	Reconcile surviving predecessor source PR	2026-09-06T23:26:57.8192269Z    ✔  And the RSA JWK kty should differ from the ECDSA JWK kty
prepare	Reconcile surviving predecessor source PR	2026-09-06T23:26:57.8193056Z   Scenario: ECDSA key has different curve than expected
prepare	Reconcile surviving predecessor source PR	2026-09-06T23:26:57.8193990Z    ✔  Given a deterministic factory seeded with "cross-curve-test"
prepare	Reconcile surviving predecessor source PR	2026-09-06T23:26:57.8195010Z    ✔  When I generate an ECDSA ES256 key for label "p256-key"
prepare	Reconcile surviving predecessor source PR	2026-09-06T23:26:57.8196278Z    ✔  And I generate an ECDSA ES384 key for label "p384-key"
prepare	Reconcile surviving predecessor source PR	2026-09-06T23:26:57.8197160Z    ✔  Then the ES256 JWK should have crv "P-256"
prepare	Reconcile surviving predecessor source PR	2026-09-06T23:26:57.8197928Z    ✔  And the ES384 JWK should have crv "P-384"
prepare	Reconcile surviving predecessor source PR	2026-09-06T23:26:57.8198484Z    ✔  And the ES256 crv should differ from the ES384 crv
prepare	Reconcile surviving predecessor source PR	2026-09-06T23:26:57.8198940Z   Scenario: different key types have different kids
prepare	Reconcile surviving predecessor source PR	2026-09-06T23:26:57.8199468Z    ✔  Given a deterministic factory seeded with "cross-kid-test"
prepare	Reconcile surviving predecessor source PR	2026-09-06T23:26:57.8200113Z    ✔  When I generate an RSA key for label "kid-rsa" with spec RS256
prepare	Reconcile surviving predecessor source PR	2026-09-06T23:26:57.8200614Z    ✔  And I generate an ECDSA ES256 key for label "kid-ecdsa"
prepare	Reconcile surviving predecessor source PR	2026-09-06T23:26:57.8201078Z    ✔  And I generate an Ed25519 key for label "kid-ed25519"
prepare	Reconcile surviving predecessor source PR	2026-09-06T23:26:57.8201560Z    ✔  And I generate an HMAC HS256 secret for label "kid-hmac"
prepare	Reconcile surviving predecessor source PR	2026-09-06T23:26:57.8201971Z    ✔  Then each key should have a unique kid
prepare	Reconcile surviving predecessor source PR	2026-09-06T23:26:57.8202337Z   Scenario: RSA key with RS256 spec has correct alg in JWK
prepare	Reconcile surviving predecessor source PR	2026-09-06T23:26:57.8202819Z    ✔  Given a deterministic factory seeded with "cross-alg-test"
prepare	Reconcile surviving predecessor source PR	2026-09-06T23:26:57.8203344Z    ✔  When I generate an RSA key for label "alg-rsa256" with spec RS256
prepare	Reconcile surviving predecessor source PR	2026-09-06T23:26:57.8203882Z    ✔  And I generate an RSA key for label "alg-rsa384" with spec RS384
prepare	Reconcile surviving predecessor source PR	2026-09-06T23:26:57.8204341Z    ✔  Then the RS256 JWK should have alg "RS256"
prepare	Reconcile surviving predecessor source PR	2026-09-06T23:26:57.8205072Z    ✔  And the RS384 JWK should have alg "RS384"
prepare	Reconcile surviving predecessor source PR	2026-09-06T23:26:57.8205479Z    ✔  And the RS256 alg should differ from the RS384 alg
prepare	Reconcile surviving predecessor source PR	2026-09-06T23:26:57.8206356Z   Scenario: HMAC key with HS256 spec has correct alg in JWK
prepare	Reconcile surviving predecessor source PR	2026-09-06T23:26:57.8206890Z    ✔  Given a deterministic factory seeded with "cross-hmac-alg-test"
prepare	Reconcile surviving predecessor source PR	2026-09-06T23:26:57.8207401Z    ✔  When I generate an HMAC HS256 secret for label "hmac256"
prepare	Reconcile surviving predecessor source PR	2026-09-06T23:26:57.8207865Z    ✔  And I generate an HMAC HS384 secret for label "hmac384"
prepare	Reconcile surviving predecessor source PR	2026-09-06T23:26:57.8208319Z    ✔  And I generate an HMAC HS512 secret for label "hmac512"
prepare	Reconcile surviving predecessor source PR	2026-09-06T23:26:57.8208733Z    ✔  Then the HS256 JWK should have alg "HS256"
prepare	Reconcile surviving predecessor source PR	2026-09-06T23:26:57.8209112Z    ✔  And the HS384 JWK should have alg "HS384"
prepare	Reconcile surviving predecessor source PR	2026-09-06T23:26:57.8209483Z    ✔  And the HS512 JWK should have alg "HS512"
prepare	Reconcile surviving predecessor source PR	2026-09-06T23:26:57.8209889Z   Scenario: different RSA key sizes produce different JWK n values
prepare	Reconcile surviving predecessor source PR	2026-09-06T23:26:57.8210431Z    ✔  Given a deterministic factory seeded with "cross-rsa-size-test"
prepare	Reconcile surviving predecessor source PR	2026-09-06T23:26:57.8210971Z    ✔  When I generate an RSA key for label "rsa-2048" with spec 2048
prepare	Reconcile surviving predecessor source PR	2026-09-06T23:26:57.8211428Z    ✔  And I generate an RSA key for label "rsa-3072" with spec 3072
prepare	Reconcile surviving predecessor source PR	2026-09-06T23:26:57.8211864Z    ✔  And I generate an RSA key for label "rsa-4096" with spec 4096
prepare	Reconcile surviving predecessor source PR	2026-09-06T23:26:57.8212358Z    ✔  Then the RSA 2048 n value should have different length than RSA 4096 n value
prepare	Reconcile surviving predecessor source PR	2026-09-06T23:26:57.8212809Z   Scenario: generating one key type does not affect another
prepare	Reconcile surviving predecessor source PR	2026-09-06T23:26:57.8213268Z    ✔  Given a deterministic factory seeded with "cross-isolation-test"
prepare	Reconcile surviving predecessor source PR	2026-09-06T23:26:57.8213764Z    ✔  When I generate an RSA key for label "isolation-rsa" with spec RS256
prepare	Reconcile surviving predecessor source PR	2026-09-06T23:26:57.8214240Z    ✔  And I generate an ECDSA ES256 key for label "isolation-ecdsa"
prepare	Reconcile surviving predecessor source PR	2026-09-06T23:26:57.8214684Z    ✔  And I generate an Ed25519 key for label "isolation-ed25519"
prepare	Reconcile surviving predecessor source PR	2026-09-06T23:26:57.8215055Z    ✔  And I clear the factory cache
prepare	Reconcile surviving predecessor source PR	2026-09-06T23:26:57.8215398Z    ✔  And I generate the same keys again in reverse order
prepare	Reconcile surviving predecessor source PR	2026-09-06T23:26:57.8216035Z    ✔  Then each regenerated key should be identical to the original
prepare	Reconcile surviving predecessor source PR	2026-09-06T23:26:57.8216412Z   Scenario: JWKS can contain mixed key types
prepare	Reconcile surviving predecessor source PR	2026-09-06T23:26:57.8216850Z    ✔  Given a deterministic factory seeded with "cross-jwks-mixed-test"
prepare	Reconcile surviving predecessor source PR	2026-09-06T23:26:57.8217349Z    ✔  When I generate an RSA key for label "mixed-rsa" with spec RS256
prepare	Reconcile surviving predecessor source PR	2026-09-06T23:26:57.8217815Z    ✔  And I generate an ECDSA ES256 key for label "mixed-ecdsa"
prepare	Reconcile surviving predecessor source PR	2026-09-06T23:26:57.8218244Z    ✔  And I generate an Ed25519 key for label "mixed-ed25519"
prepare	Reconcile surviving predecessor source PR	2026-09-06T23:26:57.8218627Z    ✔  And I build a JWKS containing all three keys
prepare	Reconcile surviving predecessor source PR	2026-09-06T23:26:57.8219008Z    ✔  Then the JWKS should contain a key with alg "RS256"
prepare	Reconcile surviving predecessor source PR	2026-09-06T23:26:57.8219403Z    ✔  And the JWKS should contain a key with alg "ES256"
prepare	Reconcile surviving predecessor source PR	2026-09-06T23:26:57.8219787Z    ✔  And the JWKS should contain a key with alg "EdDSA"
prepare	Reconcile surviving predecessor source PR	2026-09-06T23:26:57.8220197Z   Scenario: same label across RSA and ECDSA produces different kid values
prepare	Reconcile surviving predecessor source PR	2026-09-06T23:26:57.8220732Z    ✔  Given a deterministic factory seeded with "same-label-cross-test"
prepare	Reconcile surviving predecessor source PR	2026-09-06T23:26:57.8221251Z    ✔  When I generate an RSA key for label "shared-label" with spec RS256
prepare	Reconcile surviving predecessor source PR	2026-09-06T23:26:57.8221721Z    ✔  And I generate an ECDSA ES256 key for label "shared-label"
prepare	Reconcile surviving predecessor source PR	2026-09-06T23:26:57.8222161Z    ✔  Then the RSA JWK kty should differ from the ECDSA JWK kty
prepare	Reconcile surviving predecessor source PR	2026-09-06T23:26:57.8222557Z   Scenario: same label across all key types produces unique kids
prepare	Reconcile surviving predecessor source PR	2026-09-06T23:26:57.8223033Z    ✔  Given a deterministic factory seeded with "same-label-all-types"
prepare	Reconcile surviving predecessor source PR	2026-09-06T23:26:57.8223544Z    ✔  When I generate an RSA key for label "identical-label" with spec RS256
prepare	Reconcile surviving predecessor source PR	2026-09-06T23:26:57.8224066Z    ✔  And I generate an ECDSA ES256 key for label "identical-label"
prepare	Reconcile surviving predecessor source PR	2026-09-06T23:26:57.8224510Z    ✔  And I generate an Ed25519 key for label "identical-label"
prepare	Reconcile surviving predecessor source PR	2026-09-06T23:26:57.8224953Z    ✔  And I generate an HMAC HS256 secret for label "identical-label"
prepare	Reconcile surviving predecessor source PR	2026-09-06T23:26:57.8225504Z    ✔  Then each key should have a unique kid
prepare	Reconcile surviving predecessor source PR	2026-09-06T23:26:57.8226096Z   Scenario: RSA and ECDSA mismatch variants both produce distinct public keys
prepare	Reconcile surviving predecessor source PR	2026-09-06T23:26:57.8226767Z    ✔  Given a deterministic factory seeded with "cross-mismatch-test"
prepare	Reconcile surviving predecessor source PR	2026-09-06T23:26:57.8227267Z    ✔  When I generate an RSA key for label "cross-mismatch" with spec RS256
prepare	Reconcile surviving predecessor source PR	2026-09-06T23:26:57.8227747Z    ✔  And I generate an ECDSA ES256 key for label "cross-mismatch"
prepare	Reconcile surviving predecessor source PR	2026-09-06T23:26:57.8228171Z    ✔  Then a mismatched SPKI DER should parse and differ
prepare	Reconcile surviving predecessor source PR	2026-09-06T23:26:57.8228592Z    ✔  And an ECDSA mismatched SPKI DER should parse and differ
prepare	Reconcile surviving predecessor source PR	2026-09-06T23:26:57.8228982Z   Scenario: JWKS can contain all four key types including HMAC
prepare	Reconcile surviving predecessor source PR	2026-09-06T23:26:57.8229443Z    ✔  Given a deterministic factory seeded with "cross-jwks-all-four"
prepare	Reconcile surviving predecessor source PR	2026-09-06T23:26:57.8229912Z    ✔  When I generate an RSA key for label "all-rsa" with spec RS256
prepare	Reconcile surviving predecessor source PR	2026-09-06T23:26:57.8230354Z    ✔  And I generate an ECDSA ES256 key for label "all-ecdsa"
prepare	Reconcile surviving predecessor source PR	2026-09-06T23:26:57.8230774Z    ✔  And I generate an Ed25519 key for label "all-ed25519"
prepare	Reconcile surviving predecessor source PR	2026-09-06T23:26:57.8231185Z    ✔  And I generate an HMAC HS256 secret for label "all-hmac"
prepare	Reconcile surviving predecessor source PR	2026-09-06T23:26:57.8231567Z    ✔  And I build a JWKS containing all keys
prepare	Reconcile surviving predecessor source PR	2026-09-06T23:26:57.8231891Z    ✔  Then the JWKS should contain 4 keys
prepare	Reconcile surviving predecessor source PR	2026-09-06T23:26:57.8232240Z    ✔  And the JWKS should contain a key with kty "RSA"
prepare	Reconcile surviving predecessor source PR	2026-09-06T23:26:57.8232619Z    ✔  And the JWKS should contain a key with kty "EC"
prepare	Reconcile surviving predecessor source PR	2026-09-06T23:26:59.4377626Z    ✔  And the JWKS should contain a key with kty "OKP"
prepare	Reconcile surviving predecessor source PR	2026-09-06T23:27:02.8852382Z   Scenario: Ed25519 mismatch variant produces distinct public key
prepare	Reconcile surviving predecessor source PR	2026-09-06T23:27:02.8853590Z    ✔  Given a deterministic factory seeded with "cross-ed25519-mismatch"
prepare	Reconcile surviving predecessor source PR	2026-09-06T23:27:02.8854589Z    ✔  When I generate an RSA key for label "rsa-for-mismatch" with spec RS256
prepare	Reconcile surviving predecessor source PR	2026-09-06T23:27:02.8855467Z    ✔  And I generate an Ed25519 key for label "ed25519-for-mismatch"
prepare	Reconcile surviving predecessor source PR	2026-09-06T23:27:02.8856510Z    ✔  Then a mismatched SPKI DER should parse and differ
prepare	Reconcile surviving predecessor source PR	2026-09-06T23:27:02.8857201Z    ✔  And an Ed25519 mismatched SPKI DER should parse and differ
prepare	Reconcile surviving predecessor source PR	2026-09-06T23:27:02.8857910Z   Scenario: all key types produce valid DER formats from same factory
prepare	Reconcile surviving predecessor source PR	2026-09-06T23:27:02.8858771Z    ✔  Given a deterministic factory seeded with "cross-format-validity"
prepare	Reconcile surviving predecessor source PR	2026-09-06T23:27:02.8859655Z    ✔  When I generate an RSA key for label "format-rsa" with spec RS256
prepare	Reconcile surviving predecessor source PR	2026-09-06T23:27:02.8860460Z    ✔  And I generate an ECDSA ES256 key for label "format-ecdsa"
prepare	Reconcile surviving predecessor source PR	2026-09-06T23:27:02.8861213Z    ✔  And I generate an Ed25519 key for label "format-ed25519"
prepare	Reconcile surviving predecessor source PR	2026-09-06T23:27:02.8861857Z    ✔  Then the PKCS8 DER should be parseable
prepare	Reconcile surviving predecessor source PR	2026-09-06T23:27:02.8862441Z    ✔  And the ECDSA PKCS8 DER should be parseable
prepare	Reconcile surviving predecessor source PR	2026-09-06T23:27:02.8863055Z    ✔  And the Ed25519 PKCS8 DER should be parseable
prepare	Reconcile surviving predecessor source PR	2026-09-06T23:27:03.5152704Z Feature: Determinism edge cases
prepare	Reconcile surviving predecessor source PR	2026-09-06T23:27:03.5153485Z   Scenario: same seed and label across RSA and Ed25519 produce different kids
prepare	Reconcile surviving predecessor source PR	2026-09-06T23:27:03.5154917Z    ✔  Given a deterministic factory seeded with "det-edge-type-diff"
prepare	Reconcile surviving predecessor source PR	2026-09-06T23:27:03.5156119Z    ✔  When I generate an RSA key for label "shared" with spec RS256
prepare	Reconcile surviving predecessor source PR	2026-09-06T23:27:03.5156940Z    ✔  And I generate an ECDSA ES256 key for label "shared"
prepare	Reconcile surviving predecessor source PR	2026-09-06T23:27:03.5157651Z    ✔  And I generate an Ed25519 key for label "shared"
prepare	Reconcile surviving predecessor source PR	2026-09-06T23:27:03.5158369Z    ✔  And I generate an HMAC HS256 secret for label "shared"
prepare	Reconcile surviving predecessor source PR	2026-09-06T23:27:03.5159049Z    ✔  Then each key should have a unique kid
prepare	Reconcile surviving predecessor source PR	2026-09-06T23:27:03.5159704Z   Scenario: same seed different labels produce different Ed25519 keys
prepare	Reconcile surviving predecessor source PR	2026-09-06T23:27:03.5160592Z    ✔  Given a deterministic factory seeded with "det-edge-label-ed"
prepare	Reconcile surviving predecessor source PR	2026-09-06T23:27:03.5161343Z    ✔  When I generate an Ed25519 key for label "label-alpha"
prepare	Reconcile surviving predecessor source PR	2026-09-06T23:27:03.5162021Z    ✔  And I generate another Ed25519 key for label "label-beta"
prepare	Reconcile surviving predecessor source PR	2026-09-06T23:27:03.5162684Z    ✔  Then the Ed25519 keys should have different public keys
prepare	Reconcile surviving predecessor source PR	2026-09-06T23:27:03.5163815Z   Scenario: same seed different labels produce different HMAC secrets
prepare	Reconcile surviving predecessor source PR	2026-09-06T23:27:03.5164674Z    ✔  Given a deterministic factory seeded with "det-edge-label-hmac"
prepare	Reconcile surviving predecessor source PR	2026-09-06T23:27:03.5165673Z    ✔  When I generate an HMAC HS256 secret for label "label-alpha"
prepare	Reconcile surviving predecessor source PR	2026-09-06T23:27:03.5166722Z    ✔  And I generate another HMAC HS256 secret for label "label-beta"
prepare	Reconcile surviving predecessor source PR	2026-09-06T23:27:03.5167425Z    ✔  Then the HMAC secrets should be different
prepare	Reconcile surviving predecessor source PR	2026-09-06T23:27:03.5168025Z   Scenario: interleaved key generation preserves determinism
prepare	Reconcile surviving predecessor source PR	2026-09-06T23:27:03.5168819Z    ✔  Given a deterministic factory seeded with "det-edge-interleave"
prepare	Reconcile surviving predecessor source PR	2026-09-06T23:27:03.5169661Z    ✔  When I generate an RSA key for label "rsa-first" with spec RS256
prepare	Reconcile surviving predecessor source PR	2026-09-06T23:27:03.5170432Z    ✔  And I generate an ECDSA ES256 key for label "ecdsa-first"
prepare	Reconcile surviving predecessor source PR	2026-09-06T23:27:03.5171157Z    ✔  And I generate an HMAC HS256 secret for label "hmac-first"
prepare	Reconcile surviving predecessor source PR	2026-09-06T23:27:03.5171843Z    ✔  And I generate an Ed25519 key for label "ed-first"
prepare	Reconcile surviving predecessor source PR	2026-09-06T23:27:03.5172504Z    ✔  And I clear the factory cache
prepare	Reconcile surviving predecessor source PR	2026-09-06T23:27:03.5173099Z    ✔  And I generate an Ed25519 key for label "ed-first" again
prepare	Reconcile surviving predecessor source PR	2026-09-06T23:27:03.5173773Z    ✔  Then the Ed25519 PKCS8 PEM should be identical
prepare	Reconcile surviving predecessor source PR	2026-09-06T23:27:03.5174400Z   Scenario: interleaved generation does not perturb token values
prepare	Reconcile surviving predecessor source PR	2026-09-06T23:27:03.5175277Z    ✔  Given a deterministic factory seeded with "det-edge-token-interleave"
prepare	Reconcile surviving predecessor source PR	2026-09-06T23:27:03.5176292Z    ✔  When I generate an API key token for label "token-first"
prepare	Reconcile surviving predecessor source PR	2026-09-06T23:27:03.5176998Z    ✔  And I generate an RSA key for label "interleave-rsa"
prepare	Reconcile surviving predecessor source PR	2026-09-06T23:27:03.5177738Z    ✔  And I generate an ECDSA ES256 key for label "interleave-ecdsa"
prepare	Reconcile surviving predecessor source PR	2026-09-06T23:27:03.5178385Z    ✔  And I clear the factory cache
prepare	Reconcile surviving predecessor source PR	2026-09-06T23:27:03.5179012Z    ✔  And I generate an API key token for label "token-first" again
prepare	Reconcile surviving predecessor source PR	2026-09-06T23:27:03.5179712Z    ✔  Then the token values should be identical
prepare	Reconcile surviving predecessor source PR	2026-09-06T23:27:03.5180317Z   Scenario: different variants produce different corrupted PEMs
prepare	Reconcile surviving predecessor source PR	2026-09-06T23:27:03.5181195Z    ✔  Given a deterministic factory seeded with "det-edge-variant-diff"
prepare	Reconcile surviving predecessor source PR	2026-09-06T23:27:03.5181978Z    ✔  When I generate an RSA key for label "variant-test"
prepare	Reconcile surviving predecessor source PR	2026-09-06T23:27:03.5182807Z    ✔  And I deterministically corrupt the RSA PKCS8 PEM with variant "alpha"
prepare	Reconcile surviving predecessor source PR	2026-09-06T23:27:03.5183797Z    ✔  And I deterministically corrupt the RSA PKCS8 PEM with variant "beta" again
prepare	Reconcile surviving predecessor source PR	2026-09-06T23:27:03.5184637Z    ✔  Then the deterministic text artifacts should differ
prepare	Reconcile surviving predecessor source PR	2026-09-06T23:27:03.5185375Z   Scenario: same domain different labels produce different X.509 certificates
prepare	Reconcile surviving predecessor source PR	2026-09-06T23:27:03.5186470Z    ✔  Given a deterministic factory seeded with "det-edge-x509-labels"
prepare	Reconcile surviving predecessor source PR	2026-09-06T23:27:03.5187472Z    ✔  When I generate an X.509 certificate for domain "shared.example.com" with label "cert-a"
prepare	Reconcile surviving predecessor source PR	2026-09-06T23:27:03.5188649Z    ✔  And I generate another X.509 certificate for domain "shared.example.com" with label "cert-b"
prepare	Reconcile surviving predecessor source PR	2026-09-06T23:27:03.5189587Z    ✔  Then the X.509 certificates should have different DER
prepare	Reconcile surviving predecessor source PR	2026-09-06T23:27:03.5190309Z   Scenario: same label across API key and bearer produces different values
prepare	Reconcile surviving predecessor source PR	2026-09-06T23:27:03.5191233Z    ✔  Given a deterministic factory seeded with "det-edge-token-types-ab"
prepare	Reconcile surviving predecessor source PR	2026-09-06T23:27:03.5192047Z    ✔  When I generate an API key token for label "same-label"
prepare	Reconcile surviving predecessor source PR	2026-09-06T23:27:03.5192778Z    ✔  And I generate another bearer token for label "same-label"
prepare	Reconcile surviving predecessor source PR	2026-09-06T23:27:03.5193438Z    ✔  Then the token values should be different
prepare	Reconcile surviving predecessor source PR	2026-09-06T23:27:03.5194077Z   Scenario: same label across bearer and OAuth produces different values
prepare	Reconcile surviving predecessor source PR	2026-09-06T23:27:03.5194967Z    ✔  Given a deterministic factory seeded with "det-edge-token-types-bo"
prepare	Reconcile surviving predecessor source PR	2026-09-06T23:27:03.5195927Z    ✔  When I generate a bearer token for label "same-label"
prepare	Reconcile surviving predecessor source PR	2026-09-06T23:27:03.5196704Z    ✔  And I generate another OAuth access token for label "same-label"
prepare	Reconcile surviving predecessor source PR	2026-09-06T23:27:03.5197400Z    ✔  Then the token values should be different
prepare	Reconcile surviving predecessor source PR	2026-09-06T23:27:03.5198091Z   Scenario: recreating factory with same seed yields identical X.509 certificate
prepare	Reconcile surviving predecessor source PR	2026-09-06T23:27:03.5199245Z    ✔  Given a deterministic factory seeded with "det-edge-x509-recreate"
prepare	Reconcile surviving predecessor source PR	2026-09-06T23:27:03.5200438Z    ✔  When I generate an X.509 certificate for domain "test.example.com" with label "stable-cert"
prepare	Reconcile surviving predecessor source PR	2026-09-06T23:27:03.5201512Z    ✔  And I switch to a deterministic factory seeded with "det-edge-x509-recreate"
prepare	Reconcile surviving predecessor source PR	2026-09-06T23:27:03.5202638Z    ✔  And I generate an X.509 certificate for domain "test.example.com" with label "stable-cert" again
prepare	Reconcile surviving predecessor source PR	2026-09-06T23:27:03.5203581Z    ✔  Then the X.509 certificate PEM should be identical
prepare	Reconcile surviving predecessor source PR	2026-09-06T23:27:03.5204229Z   Scenario: HMAC determinism survives interleaved key generation
prepare	Reconcile surviving predecessor source PR	2026-09-06T23:27:03.5205089Z    ✔  Given a deterministic factory seeded with "det-edge-hmac-interleave"
prepare	Reconcile surviving predecessor source PR	2026-09-06T23:27:03.5206144Z    ✔  When I generate an HMAC HS256 secret for label "hmac-first"
prepare	Reconcile surviving predecessor source PR	2026-09-06T23:27:03.5206884Z    ✔  And I generate an RSA key for label "interleave-rsa"
prepare	Reconcile surviving predecessor source PR	2026-09-06T23:27:03.5207629Z    ✔  And I generate an Ed25519 key for label "interleave-ed25519"
prepare	Reconcile surviving predecessor source PR	2026-09-06T23:27:03.5208252Z    ✔  And I clear the factory cache
prepare	Reconcile surviving predecessor source PR	2026-09-06T23:27:03.5208913Z    ✔  And I generate an HMAC HS256 secret for label "hmac-first" again
prepare	Reconcile surviving predecessor source PR	2026-09-06T23:27:03.5209605Z    ✔  Then the HMAC secrets should be identical
prepare	Reconcile surviving predecessor source PR	2026-09-06T23:27:03.5210292Z   Scenario: ECDSA determinism survives interleaved generation with other types
prepare	Reconcile surviving predecessor source PR	2026-09-06T23:27:03.5211255Z    ✔  Given a deterministic factory seeded with "det-edge-ecdsa-interleave"
prepare	Reconcile surviving predecessor source PR	2026-09-06T23:27:03.5212090Z    ✔  When I generate an ECDSA ES256 key for label "ecdsa-first"
prepare	Reconcile surviving predecessor source PR	2026-09-06T23:27:03.5212798Z    ✔  And I generate an RSA key for label "interleave-rsa"
prepare	Reconcile surviving predecessor source PR	2026-09-06T23:27:03.5213542Z    ✔  And I generate an HMAC HS256 secret for label "interleave-hmac"
prepare	Reconcile surviving predecessor source PR	2026-09-06T23:27:03.5214326Z    ✔  And I generate an Ed25519 key for label "interleave-ed25519"
prepare	Reconcile surviving predecessor source PR	2026-09-06T23:27:03.5214946Z    ✔  And I clear the factory cache
prepare	Reconcile surviving predecessor source PR	2026-09-06T23:27:03.5215580Z    ✔  And I generate an ECDSA ES256 key for label "ecdsa-first" again
prepare	Reconcile surviving predecessor source PR	2026-09-06T23:27:03.5216470Z    ✔  Then the ECDSA PKCS8 PEM should be identical
prepare	Reconcile surviving predecessor source PR	2026-09-06T23:27:03.5217067Z   Scenario: different seeds produce different HMAC secrets
prepare	Reconcile surviving predecessor source PR	2026-09-06T23:27:03.5217851Z    ✔  Given a deterministic factory seeded with "det-edge-hmac-seed-a"
prepare	Reconcile surviving predecessor source PR	2026-09-06T23:27:03.5218631Z    ✔  When I generate an HMAC HS256 secret for label "service"
prepare	Reconcile surviving predecessor source PR	2026-09-06T23:27:03.5219468Z    ✔  And I switch to a deterministic factory seeded with "det-edge-hmac-seed-b"
prepare	Reconcile surviving predecessor source PR	2026-09-06T23:27:03.5220325Z    ✔  And I generate another HMAC HS256 secret for label "service"
prepare	Reconcile surviving predecessor source PR	2026-09-06T23:27:03.5220982Z    ✔  Then the HMAC secrets should be different
prepare	Reconcile surviving predecessor source PR	2026-09-06T23:27:03.5221573Z   Scenario: generating tokens does not perturb RSA determinism
prepare	Reconcile surviving predecessor source PR	2026-09-06T23:27:03.5222425Z    ✔  Given a deterministic factory seeded with "det-edge-token-no-perturb"
prepare	Reconcile surviving predecessor source PR	2026-09-06T23:27:03.5223263Z    ✔  When I generate an RSA key for label "rsa-anchor"
prepare	Reconcile surviving predecessor source PR	2026-09-06T23:27:03.5223942Z    ✔  And I generate an API key token for label "token-noise"
prepare	Reconcile surviving predecessor source PR	2026-09-06T23:27:03.5224846Z    ✔  And I generate a bearer token for label "bearer-noise"
prepare	Reconcile surviving predecessor source PR	2026-09-06T23:27:03.5225591Z    ✔  And I clear the factory cache
prepare	Reconcile surviving predecessor source PR	2026-09-06T23:27:03.5226354Z    ✔  And I generate an RSA key for label "rsa-anchor" again
prepare	Reconcile surviving predecessor source PR	2026-09-06T23:27:03.5226975Z    ✔  Then the PKCS8 PEM should be identical
prepare	Reconcile surviving predecessor source PR	2026-09-06T23:27:03.5227426Z Feature: ECDSA fixtures
prepare	Reconcile surviving predecessor source PR	2026-09-06T23:27:03.5227838Z   Scenario: deterministic ES256 fixtures are stable
prepare	Reconcile surviving predecessor source PR	2026-09-06T23:27:03.5228902Z    ✔  Given a deterministic factory seeded with "0x0000000000000000000000000000000000000000000000000000000000000042"
prepare	Reconcile surviving predecessor source PR	2026-09-06T23:27:03.5229930Z    ✔  When I generate an ECDSA ES256 key for label "signer"
prepare	Reconcile surviving predecessor source PR	2026-09-06T23:27:03.5230638Z    ✔  And I generate an ECDSA ES256 key for label "signer" again
prepare	Reconcile surviving predecessor source PR	2026-09-06T23:27:03.5231303Z    ✔  Then the ECDSA PKCS8 PEM should be identical
prepare	Reconcile surviving predecessor source PR	2026-09-06T23:27:03.5231912Z   Scenario: deterministic ECDSA derivation survives cache clear
prepare	Reconcile surviving predecessor source PR	2026-09-06T23:27:03.5232731Z    ✔  Given a deterministic factory seeded with "ecdsa-seed-alpha"
prepare	Reconcile surviving predecessor source PR	2026-09-06T23:27:03.5233459Z    ✔  When I generate an ECDSA ES256 key for label "first"
prepare	Reconcile surviving predecessor source PR	2026-09-06T23:27:03.5234049Z    ✔  And I clear the factory cache
prepare	Reconcile surviving predecessor source PR	2026-09-06T23:27:03.5234641Z    ✔  And I generate an ECDSA ES256 key for label "first" again
prepare	Reconcile surviving predecessor source PR	2026-09-06T23:27:03.5235291Z    ✔  Then the ECDSA PKCS8 PEM should be identical
prepare	Reconcile surviving predecessor source PR	2026-09-06T23:27:03.5236059Z   Scenario: different labels produce different ECDSA keys
prepare	Reconcile surviving predecessor source PR	2026-09-06T23:27:03.5237305Z    ✔  Given a deterministic factory seeded with "0xdeadbeefdeadbeefdeadbeefdeadbeefdeadbeefdeadbeefdeadbeefdeadbeef"
prepare	Reconcile surviving predecessor source PR	2026-09-06T23:27:03.5238460Z    ✔  When I generate an ECDSA ES256 key for label "alice"
prepare	Reconcile surviving predecessor source PR	2026-09-06T23:27:03.5239141Z    ✔  And I generate another ECDSA ES256 key for label "bob"
prepare	Reconcile surviving predecessor source PR	2026-09-06T23:27:03.5239840Z    ✔  Then the ECDSA keys should have different public keys
prepare	Reconcile surviving predecessor source PR	2026-09-06T23:27:03.5240459Z   Scenario: different seeds produce different ECDSA keys
prepare	Reconcile surviving predecessor source PR	2026-09-06T23:27:03.5241147Z    ✔  Given a deterministic factory seeded with "seed-one"
prepare	Reconcile surviving predecessor source PR	2026-09-06T23:27:03.5241847Z    ✔  When I generate an ECDSA ES256 key for label "service"
prepare	Reconcile surviving predecessor source PR	2026-09-06T23:27:03.5242603Z    ✔  And I switch to a deterministic factory seeded with "seed-two"
prepare	Reconcile surviving predecessor source PR	2026-09-06T23:27:03.5243368Z    ✔  And I generate another ECDSA ES256 key for label "service"
prepare	Reconcile surviving predecessor source PR	2026-09-06T23:27:03.5244075Z    ✔  Then the ECDSA keys should have different public keys
prepare	Reconcile surviving predecessor source PR	2026-09-06T23:27:03.5244737Z   Scenario: random factory produces different ECDSA keys each time
prepare	Reconcile surviving predecessor source PR	2026-09-06T23:27:03.5245383Z    ✔  Given a random factory
prepare	Reconcile surviving predecessor source PR	2026-09-06T23:27:03.5246112Z    ✔  When I generate an ECDSA ES256 key for label "ephemeral"
prepare	Reconcile surviving predecessor source PR	2026-09-06T23:27:03.5246715Z    ✔  And I clear the factory cache
prepare	Reconcile surviving predecessor source PR	2026-09-06T23:27:03.5247334Z    ✔  And I generate an ECDSA ES256 key for label "ephemeral" again
prepare	Reconcile surviving predecessor source PR	2026-09-06T23:27:03.5248062Z    ✔  Then the ECDSA keys should have different public keys
prepare	Reconcile surviving predecessor source PR	2026-09-06T23:27:03.5248681Z   Scenario: random factory caches ECDSA within same session
prepare	Reconcile surviving predecessor source PR	2026-09-06T23:27:03.5249278Z    ✔  Given a random factory
prepare	Reconcile surviving predecessor source PR	2026-09-06T23:27:03.5249812Z    ✔  When I generate an ECDSA ES256 key for label "cached"
prepare	Reconcile surviving predecessor source PR	2026-09-06T23:27:03.5250523Z    ✔  And I generate an ECDSA ES256 key for label "cached" again
prepare	Reconcile surviving predecessor source PR	2026-09-06T23:27:03.5251184Z    ✔  Then the ECDSA PKCS8 PEM should be identical
prepare	Reconcile surviving predecessor source PR	2026-09-06T23:27:03.5251728Z   Scenario: deterministic ES384 fixtures are stable
prepare	Reconcile surviving predecessor source PR	2026-09-06T23:27:03.5252401Z    ✔  Given a deterministic factory seeded with "es384-seed"
prepare	Reconcile surviving predecessor source PR	2026-09-06T23:27:03.5253118Z    ✔  When I generate an ECDSA ES384 key for label "p384-signer"
prepare	Reconcile surviving predecessor source PR	2026-09-06T23:27:03.5253879Z    ✔  And I generate an ECDSA ES384 key for label "p384-signer" again
prepare	Reconcile surviving predecessor source PR	2026-09-06T23:27:03.5254572Z    ✔  Then the ECDSA PKCS8 PEM should be identical
prepare	Reconcile surviving predecessor source PR	2026-09-06T23:27:03.5255174Z   Scenario: ES256 and ES384 produce different keys for same label
prepare	Reconcile surviving predecessor source PR	2026-09-06T23:27:03.5256085Z    ✔  Given a deterministic factory seeded with "curve-test"
prepare	Reconcile surviving predecessor source PR	2026-09-06T23:27:03.5256830Z    ✔  When I generate an ECDSA ES256 key for label "shared-label"
prepare	Reconcile surviving predecessor source PR	2026-09-06T23:27:03.5257820Z    ✔  And I generate another ECDSA ES384 key for label "shared-label"
prepare	Reconcile surviving predecessor source PR	2026-09-06T23:27:03.5258588Z    ✔  Then the ECDSA keys should have different public keys
prepare	Reconcile surviving predecessor source PR	2026-09-06T23:27:03.5259321Z   Scenario: ECDSA PKCS8 DER private key is valid
prepare	Reconcile surviving predecessor source PR	2026-09-06T23:27:03.5259995Z    ✔  Given a deterministic factory seeded with "format-test"
prepare	Reconcile surviving predecessor source PR	2026-09-06T23:27:03.5260714Z    ✔  When I generate an ECDSA ES256 key for label "der-test"
prepare	Reconcile surviving predecessor source PR	2026-09-06T23:27:03.5261359Z    ✔  Then the ECDSA PKCS8 DER should be parseable
prepare	Reconcile surviving predecessor source PR	2026-09-06T23:27:03.5261887Z   Scenario: ECDSA SPKI PEM public key is valid
prepare	Reconcile surviving predecessor source PR	2026-09-06T23:27:03.5262543Z    ✔  Given a deterministic factory seeded with "format-test"
prepare	Reconcile surviving predecessor source PR	2026-09-06T23:27:03.5263258Z    ✔  When I generate an ECDSA ES256 key for label "spki-test"
prepare	Reconcile surviving predecessor source PR	2026-09-06T23:27:03.5263910Z    ✔  Then the ECDSA SPKI PEM should be parseable
prepare	Reconcile surviving predecessor source PR	2026-09-06T23:27:03.5264430Z   Scenario: ECDSA SPKI DER public key is valid
prepare	Reconcile surviving predecessor source PR	2026-09-06T23:27:03.5265081Z    ✔  Given a deterministic factory seeded with "format-test"
prepare	Reconcile surviving predecessor source PR	2026-09-06T23:27:03.5266018Z    ✔  When I generate an ECDSA ES256 key for label "spki-der-test"
prepare	Reconcile surviving predecessor source PR	2026-09-06T23:27:03.5266701Z    ✔  Then the ECDSA SPKI DER should be parseable
prepare	Reconcile surviving predecessor source PR	2026-09-06T23:27:03.5267252Z   Scenario: mismatched ECDSA public key is different
prepare	Reconcile surviving predecessor source PR	2026-09-06T23:27:03.5267803Z    ✔  Given a random factory
prepare	Reconcile surviving predecessor source PR	2026-09-06T23:27:03.5268340Z    ✔  When I generate an ECDSA ES256 key for label "signer"
prepare	Reconcile surviving predecessor source PR	2026-09-06T23:27:03.5269046Z    ✔  Then an ECDSA mismatched SPKI DER should parse and differ
prepare	Reconcile surviving predecessor source PR	2026-09-06T23:27:03.5269639Z   Scenario: mismatched ECDSA key is deterministic
prepare	Reconcile surviving predecessor source PR	2026-09-06T23:27:03.5270325Z    ✔  Given a deterministic factory seeded with "mismatch-test"
prepare	Reconcile surviving predecessor source PR	2026-09-06T23:27:03.5271032Z    ✔  When I generate an ECDSA ES256 key for label "victim"
prepare	Reconcile surviving predecessor source PR	2026-09-06T23:27:03.5271650Z    ✔  And I get the mismatched ECDSA public key
prepare	Reconcile surviving predecessor source PR	2026-09-06T23:27:03.5272255Z    ✔  And I get the mismatched ECDSA public key again
prepare	Reconcile surviving predecessor source PR	2026-09-06T23:27:03.5272898Z    ✔  Then the mismatched ECDSA keys should be identical
prepare	Reconcile surviving predecessor source PR	2026-09-06T23:27:03.5273465Z   Scenario: ECDSA corrupted PEM with BadHeader
prepare	Reconcile surviving predecessor source PR	2026-09-06T23:27:03.5274131Z    ✔  Given a deterministic factory seeded with "corrupt-test"
prepare	Reconcile surviving predecessor source PR	2026-09-06T23:27:03.5274871Z    ✔  When I generate an ECDSA ES256 key for label "corrupted"
prepare	Reconcile surviving predecessor source PR	2026-09-06T23:27:03.5275544Z    ✔  And I corrupt the ECDSA PKCS8 PEM with BadHeader
prepare	Reconcile surviving predecessor source PR	2026-09-06T23:27:03.5276540Z    ✔  Then the corrupted ECDSA PEM should contain "-----BEGIN CORRUPTED KEY-----"
prepare	Reconcile surviving predecessor source PR	2026-09-06T23:27:03.5277240Z   Scenario: ECDSA truncated DER fails to parse
prepare	Reconcile surviving predecessor source PR	2026-09-06T23:27:03.5277922Z    ✔  Given a deterministic factory seeded with "truncate-test"
prepare	Reconcile surviving predecessor source PR	2026-09-06T23:27:03.5278660Z    ✔  When I generate an ECDSA ES256 key for label "truncated"
prepare	Reconcile surviving predecessor source PR	2026-09-06T23:27:03.5279315Z    ✔  And I truncate the ECDSA PKCS8 DER to 10 bytes
prepare	Reconcile surviving predecessor source PR	2026-09-06T23:27:03.5279954Z    ✔  Then the truncated ECDSA DER should have length 10
prepare	Reconcile surviving predecessor source PR	2026-09-06T23:27:03.5280598Z    ✔  And the truncated ECDSA DER should fail to parse
prepare	Reconcile surviving predecessor source PR	2026-09-06T23:27:03.5281263Z   Scenario: deterministic ECDSA PEM corruption with variant is stable
prepare	Reconcile surviving predecessor source PR	2026-09-06T23:27:03.5282163Z    ✔  Given a deterministic factory seeded with "ecdsa-det-corrupt-pem"
prepare	Reconcile surviving predecessor source PR	2026-09-06T23:27:03.5283007Z    ✔  When I generate an ECDSA ES256 key for label "ecdsa-det-pem"
prepare	Reconcile surviving predecessor source PR	2026-09-06T23:27:03.5283854Z    ✔  And I deterministically corrupt the ECDSA PKCS8 PEM with variant "v1"
prepare	Reconcile surviving predecessor source PR	2026-09-06T23:27:03.5284810Z    ✔  And I deterministically corrupt the ECDSA PKCS8 PEM with variant "v1" again
prepare	Reconcile surviving predecessor source PR	2026-09-06T23:27:03.5285672Z    ✔  Then the deterministic text artifacts should be identical
prepare	Reconcile surviving predecessor source PR	2026-09-06T23:27:03.5286617Z    ✔  And the deterministic ECDSA PEM artifact should fail to parse
prepare	Reconcile surviving predecessor source PR	2026-09-06T23:27:03.5287356Z   Scenario: deterministic ECDSA DER corruption with variant is stable
prepare	Reconcile surviving predecessor source PR	2026-09-06T23:27:03.5288220Z    ✔  Given a deterministic factory seeded with "ecdsa-det-corrupt-der"
prepare	Reconcile surviving predecessor source PR	2026-09-06T23:27:03.5289031Z    ✔  When I generate an ECDSA ES256 key for label "ecdsa-det-der"
prepare	Reconcile surviving predecessor source PR	2026-09-06T23:27:03.5289873Z    ✔  And I deterministically corrupt the ECDSA PKCS8 DER with variant "v1"
prepare	Reconcile surviving predecessor source PR	2026-09-06T23:27:03.5291023Z    ✔  And I deterministically corrupt the ECDSA PKCS8 DER with variant "v1" again
prepare	Reconcile surviving predecessor source PR	2026-09-06T23:27:03.5292059Z    ✔  Then the deterministic binary artifacts should be identical
prepare	Reconcile surviving predecessor source PR	2026-09-06T23:27:03.5292849Z    ✔  And the deterministic ECDSA DER artifact should fail to parse
prepare	Reconcile surviving predecessor source PR	2026-09-06T23:27:04.2902041Z   Scenario: ES256 public JWK has correct format
prepare	Reconcile surviving predecessor source PR	2026-09-06T23:27:04.2903026Z    ✔  Given a deterministic factory seeded with "jwk-test"
prepare	Reconcile surviving predecessor source PR	2026-09-06T23:27:04.2903776Z    ✔  When I generate an ECDSA ES256 key for label "jwt-signer"
prepare	Reconcile surviving predecessor source PR	2026-09-06T23:27:04.2904426Z    ✔  Then the ECDSA public JWK should have kty "EC"
prepare	Reconcile surviving predecessor source PR	2026-09-06T23:27:04.2905016Z    ✔  And the ECDSA public JWK should have crv "P-256"
prepare	Reconcile surviving predecessor source PR	2026-09-06T23:27:04.2905685Z    ✔  And the ECDSA public JWK should have alg "ES256"
prepare	Reconcile surviving predecessor source PR	2026-09-06T23:27:04.2906700Z    ✔  And the ECDSA public JWK should have use "sig"
prepare	Reconcile surviving predecessor source PR	2026-09-06T23:27:04.3648497Z    ✔  And the ECDSA public JWK should have a kid
prepare	Reconcile surviving predecessor source PR	2026-09-06T23:27:06.2844047Z    ✔  And the ECDSA public JWK should have x and y parameters
prepare	Reconcile surviving predecessor source PR	2026-09-06T23:27:06.8593327Z   Scenario: ES256 private JWK has correct format
prepare	Reconcile surviving predecessor source PR	2026-09-06T23:27:06.8594420Z    ✔  Given a deterministic factory seeded with "jwk-test"
prepare	Reconcile surviving predecessor source PR	2026-09-06T23:27:06.8595244Z    ✔  When I generate an ECDSA ES256 key for label "jwt-signer"
prepare	Reconcile surviving predecessor source PR	2026-09-06T23:27:06.8596295Z    ✔  Then the ECDSA private JWK should have d parameter
prepare	Reconcile surviving predecessor source PR	2026-09-06T23:27:06.8596906Z   Scenario: ECDSA JWKS has valid structure
prepare	Reconcile surviving predecessor source PR	2026-09-06T23:27:06.8597580Z    ✔  Given a deterministic factory seeded with "jwks-test"
prepare	Reconcile surviving predecessor source PR	2026-09-06T23:27:06.8598325Z    ✔  When I generate an ECDSA ES256 key for label "auth-service"
prepare	Reconcile surviving predecessor source PR	2026-09-06T23:27:06.8599038Z    ✔  Then the ECDSA JWKS should have a keys array
prepare	Reconcile surviving predecessor source PR	2026-09-06T23:27:06.8599670Z    ✔  And the ECDSA JWKS keys array should contain one key
prepare	Reconcile surviving predecessor source PR	2026-09-06T23:27:06.8610065Z   Scenario: ECDSA kid is deterministic
prepare	Reconcile surviving predecessor source PR	2026-09-06T23:27:06.8610800Z    ✔  Given a deterministic factory seeded with "kid-test"
prepare	Reconcile surviving predecessor source PR	2026-09-06T23:27:06.8611556Z    ✔  When I generate an ECDSA ES256 key for label "issuer"
prepare	Reconcile surviving predecessor source PR	2026-09-06T23:27:06.8612214Z    ✔  And I capture the ECDSA kid
prepare	Reconcile surviving predecessor source PR	2026-09-06T23:27:06.8612736Z    ✔  And I clear the factory cache
prepare	Reconcile surviving predecessor source PR	2026-09-06T23:27:06.8613420Z    ✔  And I generate an ECDSA ES256 key for label "issuer" again
prepare	Reconcile surviving predecessor source PR	2026-09-06T23:27:06.8614107Z    ✔  And I capture the ECDSA kid again
prepare	Reconcile surviving predecessor source PR	2026-09-06T23:27:06.8614701Z    ✔  Then the ECDSA kids should be identical
prepare	Reconcile surviving predecessor source PR	2026-09-06T23:27:06.8615224Z   Scenario: ES384 public JWK has correct format
prepare	Reconcile surviving predecessor source PR	2026-09-06T23:27:06.8616145Z    ✔  Given a deterministic factory seeded with "jwk-es384-test"
prepare	Reconcile surviving predecessor source PR	2026-09-06T23:27:06.8616958Z    ✔  When I generate an ECDSA ES384 key for label "jwt-signer-384"
prepare	Reconcile surviving predecessor source PR	2026-09-06T23:27:06.8617673Z    ✔  Then the ECDSA public JWK should have kty "EC"
prepare	Reconcile surviving predecessor source PR	2026-09-06T23:27:06.8618315Z    ✔  And the ECDSA public JWK should have crv "P-384"
prepare	Reconcile surviving predecessor source PR	2026-09-06T23:27:06.8618959Z    ✔  And the ECDSA public JWK should have alg "ES384"
prepare	Reconcile surviving predecessor source PR	2026-09-06T23:27:06.8619605Z    ✔  And the ECDSA public JWK should have use "sig"
prepare	Reconcile surviving predecessor source PR	2026-09-06T23:27:06.8620234Z   Scenario: ES256 and ES384 produce valid but distinct keys
prepare	Reconcile surviving predecessor source PR	2026-09-06T23:27:06.8621113Z    ✔  Given a deterministic factory seeded with "ecdsa-size-diff-test"
prepare	Reconcile surviving predecessor source PR	2026-09-06T23:27:06.8621944Z    ✔  When I generate an ECDSA ES256 key for label "p256-size"
prepare	Reconcile surviving predecessor source PR	2026-09-06T23:27:06.8622702Z    ✔  And I generate another ECDSA ES384 key for label "p384-size"
prepare	Reconcile surviving predecessor source PR	2026-09-06T23:27:06.8623444Z    ✔  Then the ECDSA keys should have different public keys
prepare	Reconcile surviving predecessor source PR	2026-09-06T23:27:06.8624104Z    ✔  And the ECDSA PKCS8 DER should be parseable
prepare	Reconcile surviving predecessor source PR	2026-09-06T23:27:06.8624748Z   Scenario: ES384 private JWK export includes curve and key material
prepare	Reconcile surviving predecessor source PR	2026-09-06T23:27:06.8625597Z    ✔  Given a deterministic factory seeded with "es384-jwk-full-test"
prepare	Reconcile surviving predecessor source PR	2026-09-06T23:27:06.8626603Z    ✔  When I generate an ECDSA ES384 key for label "p384-full-jwk"
prepare	Reconcile surviving predecessor source PR	2026-09-06T23:27:06.8627309Z    ✔  Then the ECDSA public JWK should have kty "EC"
prepare	Reconcile surviving predecessor source PR	2026-09-06T23:27:06.8627959Z    ✔  And the ECDSA public JWK should have crv "P-384"
prepare	Reconcile surviving predecessor source PR	2026-09-06T23:27:06.8628648Z    ✔  And the ECDSA public JWK should have x and y parameters
prepare	Reconcile surviving predecessor source PR	2026-09-06T23:27:06.8629771Z    ✔  And the ECDSA private JWK should have d parameter
prepare	Reconcile surviving predecessor source PR	2026-09-06T23:27:06.8630469Z Feature: Ed25519 fixtures
prepare	Reconcile surviving predecessor source PR	2026-09-06T23:27:06.8630911Z   Scenario: deterministic Ed25519 fixtures are stable
prepare	Reconcile surviving predecessor source PR	2026-09-06T23:27:06.8632021Z    ✔  Given a deterministic factory seeded with "0x0000000000000000000000000000000000000000000000000000000000000042"
prepare	Reconcile surviving predecessor source PR	2026-09-06T23:27:06.8633047Z    ✔  When I generate an Ed25519 key for label "signer"
prepare	Reconcile surviving predecessor source PR	2026-09-06T23:27:06.8633717Z    ✔  And I generate an Ed25519 key for label "signer" again
prepare	Reconcile surviving predecessor source PR	2026-09-06T23:27:06.8634383Z    ✔  Then the Ed25519 PKCS8 PEM should be identical
prepare	Reconcile surviving predecessor source PR	2026-09-06T23:27:06.8635016Z   Scenario: deterministic Ed25519 derivation survives cache clear
prepare	Reconcile surviving predecessor source PR	2026-09-06T23:27:06.8636049Z    ✔  Given a deterministic factory seeded with "ed25519-seed-alpha"
prepare	Reconcile surviving predecessor source PR	2026-09-06T23:27:06.8636806Z    ✔  When I generate an Ed25519 key for label "first"
prepare	Reconcile surviving predecessor source PR	2026-09-06T23:27:06.8637377Z    ✔  And I clear the factory cache
prepare	Reconcile surviving predecessor source PR	2026-09-06T23:27:06.8637980Z    ✔  And I generate an Ed25519 key for label "first" again
prepare	Reconcile surviving predecessor source PR	2026-09-06T23:27:06.8638630Z    ✔  Then the Ed25519 PKCS8 PEM should be identical
prepare	Reconcile surviving predecessor source PR	2026-09-06T23:27:06.8639237Z   Scenario: different labels produce different Ed25519 keys
prepare	Reconcile surviving predecessor source PR	2026-09-06T23:27:06.8640528Z    ✔  Given a deterministic factory seeded with "0xdeadbeefdeadbeefdeadbeefdeadbeefdeadbeefdeadbeefdeadbeefdeadbeef"
prepare	Reconcile surviving predecessor source PR	2026-09-06T23:27:06.8641690Z    ✔  When I generate an Ed25519 key for label "alice"
prepare	Reconcile surviving predecessor source PR	2026-09-06T23:27:06.8642334Z    ✔  And I generate another Ed25519 key for label "bob"
prepare	Reconcile surviving predecessor source PR	2026-09-06T23:27:06.8643023Z    ✔  Then the Ed25519 keys should have different public keys
prepare	Reconcile surviving predecessor source PR	2026-09-06T23:27:06.8643663Z   Scenario: different seeds produce different Ed25519 keys
prepare	Reconcile surviving predecessor source PR	2026-09-06T23:27:06.8644384Z    ✔  Given a deterministic factory seeded with "seed-one"
prepare	Reconcile surviving predecessor source PR	2026-09-06T23:27:06.8645054Z    ✔  When I generate an Ed25519 key for label "service"
prepare	Reconcile surviving predecessor source PR	2026-09-06T23:27:06.8645934Z    ✔  And I switch to a deterministic factory seeded with "seed-two"
prepare	Reconcile surviving predecessor source PR	2026-09-06T23:27:06.8646728Z    ✔  And I generate another Ed25519 key for label "service"
prepare	Reconcile surviving predecessor source PR	2026-09-06T23:27:06.8647453Z    ✔  Then the Ed25519 keys should have different public keys
prepare	Reconcile surviving predecessor source PR	2026-09-06T23:27:06.8648159Z   Scenario: random factory produces different Ed25519 keys each time
prepare	Reconcile surviving predecessor source PR	2026-09-06T23:27:06.8648820Z    ✔  Given a random factory
prepare	Reconcile surviving predecessor source PR	2026-09-06T23:27:06.8649369Z    ✔  When I generate an Ed25519 key for label "ephemeral"
prepare	Reconcile surviving predecessor source PR	2026-09-06T23:27:06.8649955Z    ✔  And I clear the factory cache
prepare	Reconcile surviving predecessor source PR	2026-09-06T23:27:06.8650563Z    ✔  And I generate an Ed25519 key for label "ephemeral" again
prepare	Reconcile surviving predecessor source PR	2026-09-06T23:27:06.8651290Z    ✔  Then the Ed25519 keys should have different public keys
prepare	Reconcile surviving predecessor source PR	2026-09-06T23:27:06.8651937Z   Scenario: random factory caches Ed25519 within same session
prepare	Reconcile surviving predecessor source PR	2026-09-06T23:27:06.8652537Z    ✔  Given a random factory
prepare	Reconcile surviving predecessor source PR	2026-09-06T23:27:06.8653083Z    ✔  When I generate an Ed25519 key for label "cached"
prepare	Reconcile surviving predecessor source PR	2026-09-06T23:27:06.8653750Z    ✔  And I generate an Ed25519 key for label "cached" again
prepare	Reconcile surviving predecessor source PR	2026-09-06T23:27:06.8654423Z    ✔  Then the Ed25519 PKCS8 PEM should be identical
prepare	Reconcile surviving predecessor source PR	2026-09-06T23:27:06.8654966Z   Scenario: Ed25519 PKCS8 DER private key is valid
prepare	Reconcile surviving predecessor source PR	2026-09-06T23:27:06.8655662Z    ✔  Given a deterministic factory seeded with "format-test"
prepare	Reconcile surviving predecessor source PR	2026-09-06T23:27:06.8656529Z    ✔  When I generate an Ed25519 key for label "der-test"
prepare	Reconcile surviving predecessor source PR	2026-09-06T23:27:06.8657167Z    ✔  Then the Ed25519 PKCS8 DER should be parseable
prepare	Reconcile surviving predecessor source PR	2026-09-06T23:27:06.8657710Z   Scenario: Ed25519 SPKI PEM public key is valid
prepare	Reconcile surviving predecessor source PR	2026-09-06T23:27:06.8658400Z    ✔  Given a deterministic factory seeded with "format-test"
prepare	Reconcile surviving predecessor source PR	2026-09-06T23:27:06.8659022Z    ✔  When I generate an Ed25519 key for label "spki-test"
prepare	Reconcile surviving predecessor source PR	2026-09-06T23:27:06.8659583Z    ✔  Then the Ed25519 SPKI PEM should be parseable
prepare	Reconcile surviving predecessor source PR	2026-09-06T23:27:06.8660087Z   Scenario: Ed25519 SPKI DER public key is valid
prepare	Reconcile surviving predecessor source PR	2026-09-06T23:27:06.8660676Z    ✔  Given a deterministic factory seeded with "format-test"
prepare	Reconcile surviving predecessor source PR	2026-09-06T23:27:06.8661367Z    ✔  When I generate an Ed25519 key for label "spki-der-test"
prepare	Reconcile surviving predecessor source PR	2026-09-06T23:27:06.8662231Z    ✔  Then the Ed25519 SPKI DER should be parseable
prepare	Reconcile surviving predecessor source PR	2026-09-06T23:27:06.8662766Z   Scenario: mismatched Ed25519 public key is different
prepare	Reconcile surviving predecessor source PR	2026-09-06T23:27:06.8663562Z    ✔  Given a random factory
prepare	Reconcile surviving predecessor source PR	2026-09-06T23:27:06.8664057Z    ✔  When I generate an Ed25519 key for label "signer"
prepare	Reconcile surviving predecessor source PR	2026-09-06T23:27:06.8664759Z    ✔  Then an Ed25519 mismatched SPKI DER should parse and differ
prepare	Reconcile surviving predecessor source PR	2026-09-06T23:27:06.8665355Z   Scenario: mismatched Ed25519 key is deterministic
prepare	Reconcile surviving predecessor source PR	2026-09-06T23:27:06.8666251Z    ✔  Given a deterministic factory seeded with "mismatch-test"
prepare	Reconcile surviving predecessor source PR	2026-09-06T23:27:06.8666942Z    ✔  When I generate an Ed25519 key for label "victim"
prepare	Reconcile surviving predecessor source PR	2026-09-06T23:27:06.8667565Z    ✔  And I get the mismatched Ed25519 public key
prepare	Reconcile surviving predecessor source PR	2026-09-06T23:27:06.8668169Z    ✔  And I get the mismatched Ed25519 public key again
prepare	Reconcile surviving predecessor source PR	2026-09-06T23:27:06.8668828Z    ✔  Then the mismatched Ed25519 keys should be identical
prepare	Reconcile surviving predecessor source PR	2026-09-06T23:27:07.0098701Z   Scenario: Ed25519 corrupted PEM with BadHeader
prepare	Reconcile surviving predecessor source PR	2026-09-06T23:27:07.0099597Z    ✔  Given a deterministic factory seeded with "corrupt-test"
prepare	Reconcile surviving predecessor source PR	2026-09-06T23:27:07.0100263Z    ✔  When I generate an Ed25519 key for label "corrupted"
prepare	Reconcile surviving predecessor source PR	2026-09-06T23:27:07.0100846Z    ✔  And I corrupt the Ed25519 PKCS8 PEM with BadHeader
prepare	Reconcile surviving predecessor source PR	2026-09-06T23:27:07.0101561Z    ✔  Then the corrupted Ed25519 PEM should contain "-----BEGIN CORRUPTED KEY-----"
prepare	Reconcile surviving predecessor source PR	2026-09-06T23:27:07.0102171Z   Scenario: Ed25519 truncated DER fails to parse
prepare	Reconcile surviving predecessor source PR	2026-09-06T23:27:07.0102745Z    ✔  Given a deterministic factory seeded with "truncate-test"
prepare	Reconcile surviving predecessor source PR	2026-09-06T23:27:07.0103339Z    ✔  When I generate an Ed25519 key for label "truncated"
prepare	Reconcile surviving predecessor source PR	2026-09-06T23:27:07.0103879Z    ✔  And I truncate the Ed25519 PKCS8 DER to 10 bytes
prepare	Reconcile surviving predecessor source PR	2026-09-06T23:27:07.0104340Z    ✔  Then the truncated Ed25519 DER should have length 10
prepare	Reconcile surviving predecessor source PR	2026-09-06T23:27:07.0104782Z    ✔  And the truncated Ed25519 DER should fail to parse
prepare	Reconcile surviving predecessor source PR	2026-09-06T23:27:07.0105244Z   Scenario: deterministic Ed25519 PEM corruption with variant is stable
prepare	Reconcile surviving predecessor source PR	2026-09-06T23:27:07.0106216Z    ✔  Given a deterministic factory seeded with "ed25519-det-corrupt-pem"
prepare	Reconcile surviving predecessor source PR	2026-09-06T23:27:07.0106897Z    ✔  When I generate an Ed25519 key for label "ed25519-det-pem"
prepare	Reconcile surviving predecessor source PR	2026-09-06T23:27:07.0107490Z    ✔  And I deterministically corrupt the Ed25519 PKCS8 PEM with variant "v1"
prepare	Reconcile surviving predecessor source PR	2026-09-06T23:27:07.0108135Z    ✔  And I deterministically corrupt the Ed25519 PKCS8 PEM with variant "v1" again
prepare	Reconcile surviving predecessor source PR	2026-09-06T23:27:07.0108719Z    ✔  Then the deterministic text artifacts should be identical
prepare	Reconcile surviving predecessor source PR	2026-09-06T23:27:07.1514671Z    ✔  And the deterministic Ed25519 PEM artifact should fail to parse
prepare	Reconcile surviving predecessor source PR	2026-09-06T23:27:08.7189175Z   Scenario: deterministic Ed25519 DER corruption with variant is stable
prepare	Reconcile surviving predecessor source PR	2026-09-06T23:27:08.7190402Z    ✔  Given a deterministic factory seeded with "ed25519-det-corrupt-der"
prepare	Reconcile surviving predecessor source PR	2026-09-06T23:27:08.7191270Z    ✔  When I generate an Ed25519 key for label "ed25519-det-der"
prepare	Reconcile surviving predecessor source PR	2026-09-06T23:27:08.7192149Z    ✔  And I deterministically corrupt the Ed25519 PKCS8 DER with variant "v1"
prepare	Reconcile surviving predecessor source PR	2026-09-06T23:27:08.7193166Z    ✔  And I deterministically corrupt the Ed25519 PKCS8 DER with variant "v1" again
prepare	Reconcile surviving predecessor source PR	2026-09-06T23:27:08.7194123Z    ✔  Then the deterministic binary artifacts should be identical
prepare	Reconcile surviving predecessor source PR	2026-09-06T23:27:08.7194967Z    ✔  And the deterministic Ed25519 DER artifact should fail to parse
prepare	Reconcile surviving predecessor source PR	2026-09-06T23:27:09.0029235Z   Scenario: Ed25519 public JWK has correct format
prepare	Reconcile surviving predecessor source PR	2026-09-06T23:27:09.0030231Z    ✔  Given a deterministic factory seeded with "jwk-test"
prepare	Reconcile surviving predecessor source PR	2026-09-06T23:27:09.0030977Z    ✔  When I generate an Ed25519 key for label "jwt-signer"
prepare	Reconcile surviving predecessor source PR	2026-09-06T23:27:09.0031681Z    ✔  Then the Ed25519 public JWK should have kty "OKP"
prepare	Reconcile surviving predecessor source PR	2026-09-06T23:27:09.0032364Z    ✔  And the Ed25519 public JWK should have crv "Ed25519"
prepare	Reconcile surviving predecessor source PR	2026-09-06T23:27:09.0033041Z    ✔  And the Ed25519 public JWK should have alg "EdDSA"
prepare	Reconcile surviving predecessor source PR	2026-09-06T23:27:09.0033688Z    ✔  And the Ed25519 public JWK should have use "sig"
prepare	Reconcile surviving predecessor source PR	2026-09-06T23:27:09.2873727Z    ✔  And the Ed25519 public JWK should have a kid
prepare	Reconcile surviving predecessor source PR	2026-09-06T23:27:11.9759898Z    ✔  And the Ed25519 public JWK should have x parameter
prepare	Reconcile surviving predecessor source PR	2026-09-06T23:27:12.3127991Z   Scenario: Ed25519 private JWK has correct format
prepare	Reconcile surviving predecessor source PR	2026-09-06T23:27:12.3129293Z    ✔  Given a deterministic factory seeded with "jwk-test"
prepare	Reconcile surviving predecessor source PR	2026-09-06T23:27:12.3130158Z    ✔  When I generate an Ed25519 key for label "jwt-signer"
prepare	Reconcile surviving predecessor source PR	2026-09-06T23:27:12.3130767Z    ✔  Then the Ed25519 private JWK should have d parameter
prepare	Reconcile surviving predecessor source PR	2026-09-06T23:27:12.3131247Z   Scenario: Ed25519 JWKS has valid structure
prepare	Reconcile surviving predecessor source PR	2026-09-06T23:27:12.3131834Z    ✔  Given a deterministic factory seeded with "jwks-test"
prepare	Reconcile surviving predecessor source PR	2026-09-06T23:27:12.3132590Z    ✔  When I generate an Ed25519 key for label "auth-service"
prepare	Reconcile surviving predecessor source PR	2026-09-06T23:27:12.3133279Z    ✔  Then the Ed25519 JWKS should have a keys array
prepare	Reconcile surviving predecessor source PR	2026-09-06T23:27:12.3133961Z    ✔  And the Ed25519 JWKS keys array should contain one key
prepare	Reconcile surviving predecessor source PR	2026-09-06T23:27:12.3134529Z   Scenario: Ed25519 kid is deterministic
prepare	Reconcile surviving predecessor source PR	2026-09-06T23:27:12.3135161Z    ✔  Given a deterministic factory seeded with "kid-test"
prepare	Reconcile surviving predecessor source PR	2026-09-06T23:27:12.3136102Z    ✔  When I generate an Ed25519 key for label "issuer"
prepare	Reconcile surviving predecessor source PR	2026-09-06T23:27:12.3136700Z    ✔  And I capture the Ed25519 kid
prepare	Reconcile surviving predecessor source PR	2026-09-06T23:27:12.3137211Z    ✔  And I clear the factory cache
prepare	Reconcile surviving predecessor source PR	2026-09-06T23:27:12.3137811Z    ✔  And I generate an Ed25519 key for label "issuer" again
prepare	Reconcile surviving predecessor source PR	2026-09-06T23:27:12.3138470Z    ✔  And I capture the Ed25519 kid again
prepare	Reconcile surviving predecessor source PR	2026-09-06T23:27:12.3139031Z    ✔  Then the Ed25519 kids should be identical
prepare	Reconcile surviving predecessor source PR	2026-09-06T23:27:12.3139671Z   Scenario: Ed25519 produces parseable keys in all export formats
prepare	Reconcile surviving predecessor source PR	2026-09-06T23:27:12.3140580Z    ✔  Given a deterministic factory seeded with "ed25519-all-formats-test"
prepare	Reconcile surviving predecessor source PR	2026-09-06T23:27:12.3141373Z    ✔  When I generate an Ed25519 key for label "all-formats"
prepare	Reconcile surviving predecessor source PR	2026-09-06T23:27:12.3142059Z    ✔  Then the Ed25519 PKCS8 DER should be parseable
prepare	Reconcile surviving predecessor source PR	2026-09-06T23:27:12.3142690Z    ✔  And the Ed25519 SPKI PEM should be parseable
prepare	Reconcile surviving predecessor source PR	2026-09-06T23:27:12.3143311Z    ✔  And the Ed25519 SPKI DER should be parseable
prepare	Reconcile surviving predecessor source PR	2026-09-06T23:27:12.3144029Z   Scenario: Ed25519 JWK export has OKP type with Ed25519 curve and key material
prepare	Reconcile surviving predecessor source PR	2026-09-06T23:27:12.3145035Z    ✔  Given a deterministic factory seeded with "ed25519-jwk-complete-test"
prepare	Reconcile surviving predecessor source PR	2026-09-06T23:27:12.3146089Z    ✔  When I generate an Ed25519 key for label "complete-jwk"
prepare	Reconcile surviving predecessor source PR	2026-09-06T23:27:12.3146852Z    ✔  Then the Ed25519 public JWK should have kty "OKP"
prepare	Reconcile surviving predecessor source PR	2026-09-06T23:27:12.3147545Z    ✔  And the Ed25519 public JWK should have crv "Ed25519"
prepare	Reconcile surviving predecessor source PR	2026-09-06T23:27:12.3148236Z    ✔  And the Ed25519 public JWK should have x parameter
prepare	Reconcile surviving predecessor source PR	2026-09-06T23:27:12.3148913Z    ✔  And the Ed25519 private JWK should have d parameter
prepare	Reconcile surviving predecessor source PR	2026-09-06T23:27:12.3149563Z    ✔  And the Ed25519 public JWK should have a kid
prepare	Reconcile surviving predecessor source PR	2026-09-06T23:27:12.3154027Z Feature: Edge cases and error handling
prepare	Reconcile surviving predecessor source PR	2026-09-06T23:27:12.3154582Z   Scenario: empty label generates valid key
prepare	Reconcile surviving predecessor source PR	2026-09-06T23:27:12.3155353Z    ✔  Given a deterministic factory seeded with "empty-label-test"
prepare	Reconcile surviving predecessor source PR	2026-09-06T23:27:12.3156528Z    ✔  When I generate an RSA key for label "" with spec RS256
prepare	Reconcile surviving predecessor source PR	2026-09-06T23:27:12.3157245Z    ✔  Then the PKCS8 PEM should be parseable
prepare	Reconcile surviving predecessor source PR	2026-09-06T23:27:12.3157882Z   Scenario: label with special characters generates valid key
prepare	Reconcile surviving predecessor source PR	2026-09-06T23:27:12.3158768Z    ✔  Given a deterministic factory seeded with "special-chars-test"
prepare	Reconcile surviving predecessor source PR	2026-09-06T23:27:12.3159747Z    ✔  When I generate an RSA key for label "test-label_123!@#$%" with spec RS256
prepare	Reconcile surviving predecessor source PR	2026-09-06T23:27:12.3160538Z    ✔  Then the PKCS8 PEM should be parseable
prepare	Reconcile surviving predecessor source PR	2026-09-06T23:27:12.3161093Z   Scenario: very long label generates valid key
prepare	Reconcile surviving predecessor source PR	2026-09-06T23:27:12.3161859Z    ✔  Given a deterministic factory seeded with "long-label-test"
prepare	Reconcile surviving predecessor source PR	2026-09-06T23:27:12.3163011Z    ✔  When I generate an RSA key for label "this-is-a-very-long-label-that-exceeds-normal-lengths" with spec RS256
prepare	Reconcile surviving predecessor source PR	2026-09-06T23:27:12.3163986Z    ✔  Then the PKCS8 PEM should be parseable
prepare	Reconcile surviving predecessor source PR	2026-09-06T23:27:12.3164510Z   Scenario: factory cache isolates different labels
prepare	Reconcile surviving predecessor source PR	2026-09-06T23:27:12.3165258Z    ✔  Given a deterministic factory seeded with "cache-isolation-test"
prepare	Reconcile surviving predecessor source PR	2026-09-06T23:27:12.3167542Z    ✔  When I generate an RSA key for label "label-a" with spec RS256
prepare	Reconcile surviving predecessor source PR	2026-09-06T23:27:12.3168379Z    ✔  And I generate an RSA key for label "label-b" with spec RS256
prepare	Reconcile surviving predecessor source PR	2026-09-06T23:27:12.3169331Z    ✔  And I clear the factory cache
prepare	Reconcile surviving predecessor source PR	2026-09-06T23:27:12.3169846Z    ✔  And I generate the same keys again
prepare	Reconcile surviving predecessor source PR	2026-09-06T23:27:12.3170701Z    ✔  Then each regenerated key should be identical to the original
prepare	Reconcile surviving predecessor source PR	2026-09-06T23:27:12.3171424Z   Scenario: deterministic order independence across key types
prepare	Reconcile surviving predecessor source PR	2026-09-06T23:27:12.3172237Z    ✔  Given a deterministic factory seeded with "order-indep-test"
prepare	Reconcile surviving predecessor source PR	2026-09-06T23:27:12.3173022Z    ✔  When I generate an RSA key for label "rsa" with spec RS256
prepare	Reconcile surviving predecessor source PR	2026-09-06T23:27:12.3173733Z    ✔  And I generate an ECDSA ES256 key for label "ecdsa"
prepare	Reconcile surviving predecessor source PR	2026-09-06T23:27:12.3174390Z    ✔  And I generate an Ed25519 key for label "ed25519"
prepare	Reconcile surviving predecessor source PR	2026-09-06T23:27:12.3174953Z    ✔  And I clear the factory cache
prepare	Reconcile surviving predecessor source PR	2026-09-06T23:27:12.3175495Z    ✔  And I generate the same keys in reverse order
prepare	Reconcile surviving predecessor source PR	2026-09-06T23:27:12.3176522Z    ✔  Then each regenerated key should be identical to the original
prepare	Reconcile surviving predecessor source PR	2026-09-06T23:27:12.3177174Z   Scenario: truncating DER to 0 bytes returns empty
prepare	Reconcile surviving predecessor source PR	2026-09-06T23:27:12.3177944Z    ✔  Given a deterministic factory seeded with "truncate-zero-test"
prepare	Reconcile surviving predecessor source PR	2026-09-06T23:27:12.3178873Z    ✔  When I generate an RSA key for label "truncate-zero" with spec RS256
prepare	Reconcile surviving predecessor source PR	2026-09-06T23:27:12.3179605Z    ✔  And I truncate the PKCS8 DER to 0 bytes
prepare	Reconcile surviving predecessor source PR	2026-09-06T23:27:12.3180189Z    ✔  Then the truncated DER should have length 0
prepare	Reconcile surviving predecessor source PR	2026-09-06T23:27:12.3180769Z   Scenario: truncating DER beyond length returns original
prepare	Reconcile surviving predecessor source PR	2026-09-06T23:27:12.3181564Z    ✔  Given a deterministic factory seeded with "truncate-beyond-test"
prepare	Reconcile surviving predecessor source PR	2026-09-06T23:27:12.3182463Z    ✔  When I generate an RSA key for label "truncate-beyond" with spec RS256
prepare	Reconcile surviving predecessor source PR	2026-09-06T23:27:12.3183208Z    ✔  And I truncate the PKCS8 DER to 99999 bytes
prepare	Reconcile surviving predecessor source PR	2026-09-06T23:27:12.3183827Z    ✔  Then the truncated DER should equal the original
prepare	Reconcile surviving predecessor source PR	2026-09-06T23:27:12.3184358Z   Scenario: kid is unique across key types
prepare	Reconcile surviving predecessor source PR	2026-09-06T23:27:12.3185036Z    ✔  Given a deterministic factory seeded with "kid-unique-test"
prepare	Reconcile surviving predecessor source PR	2026-09-06T23:27:12.3186058Z    ✔  When I generate an RSA key for label "kid-rsa" with spec RS256
prepare	Reconcile surviving predecessor source PR	2026-09-06T23:27:12.3186845Z    ✔  And I generate an ECDSA ES256 key for label "kid-ecdsa"
prepare	Reconcile surviving predecessor source PR	2026-09-06T23:27:12.3187582Z    ✔  And I generate an Ed25519 key for label "kid-ed25519"
prepare	Reconcile surviving predecessor source PR	2026-09-06T23:27:12.3188302Z    ✔  And I generate an HMAC HS256 secret for label "kid-hmac"
prepare	Reconcile surviving predecessor source PR	2026-09-06T23:27:12.3188939Z    ✔  Then each key should have a unique kid
prepare	Reconcile surviving predecessor source PR	2026-09-06T23:27:12.3189534Z   Scenario: label with unicode characters generates valid RSA key
prepare	Reconcile surviving predecessor source PR	2026-09-06T23:27:12.3190363Z    ✔  Given a deterministic factory seeded with "unicode-label-test"
prepare	Reconcile surviving predecessor source PR	2026-09-06T23:27:12.3191188Z    ✔  When I generate an RSA key for label "日本語テスト" with spec RS256
prepare	Reconcile surviving predecessor source PR	2026-09-06T23:27:12.3191856Z    ✔  Then the PKCS8 PEM should be parseable
prepare	Reconcile surviving predecessor source PR	2026-09-06T23:27:12.3192464Z   Scenario: label with unicode characters generates valid ECDSA key
prepare	Reconcile surviving predecessor source PR	2026-09-06T23:27:12.3193298Z    ✔  Given a deterministic factory seeded with "unicode-ecdsa-test"
prepare	Reconcile surviving predecessor source PR	2026-09-06T23:27:12.3196352Z    ✔  When I generate an ECDSA ES256 key for label "émoji-🔑"
prepare	Reconcile surviving predecessor source PR	2026-09-06T23:27:12.3197146Z    ✔  Then the ECDSA PKCS8 DER should be parseable
prepare	Reconcile surviving predecessor source PR	2026-09-06T23:27:12.3197743Z   Scenario: label with whitespace generates valid key
prepare	Reconcile surviving predecessor source PR	2026-09-06T23:27:12.3198540Z    ✔  Given a deterministic factory seeded with "whitespace-label-test"
prepare	Reconcile surviving predecessor source PR	2026-09-06T23:27:12.3199423Z    ✔  When I generate an RSA key for label "  spaces  " with spec RS256
prepare	Reconcile surviving predecessor source PR	2026-09-06T23:27:12.3200118Z    ✔  Then the PKCS8 PEM should be parseable
prepare	Reconcile surviving predecessor source PR	2026-09-06T23:27:12.3200641Z   Scenario: label with newlines generates valid key
prepare	Reconcile surviving predecessor source PR	2026-09-06T23:27:12.3201405Z    ✔  Given a deterministic factory seeded with "newline-label-test"
prepare	Reconcile surviving predecessor source PR	2026-09-06T23:27:12.3202191Z    ✔  When I generate an Ed25519 key for label "line1\nline2"
prepare	Reconcile surviving predecessor source PR	2026-09-06T23:27:12.3202860Z    ✔  Then the Ed25519 PKCS8 DER should be parseable
prepare	Reconcile surviving predecessor source PR	2026-09-06T23:27:12.3203528Z   Scenario: recreating factory with same seed yields identical RSA key
prepare	Reconcile surviving predecessor source PR	2026-09-06T23:27:12.3204418Z    ✔  Given a deterministic factory seeded with "recreation-rsa-test"
prepare	Reconcile surviving predecessor source PR	2026-09-06T23:27:12.3205442Z    ✔  When I generate an RSA key for label "stable"
prepare	Reconcile surviving predecessor source PR	2026-09-06T23:27:12.3206459Z    ✔  And I switch to a deterministic factory seeded with "recreation-rsa-test"
prepare	Reconcile surviving predecessor source PR	2026-09-06T23:27:12.3207448Z    ✔  And I generate an RSA key for label "stable" again
prepare	Reconcile surviving predecessor source PR	2026-09-06T23:27:12.3208060Z    ✔  Then the PKCS8 PEM should be identical
prepare	Reconcile surviving predecessor source PR	2026-09-06T23:27:12.3208722Z   Scenario: recreating factory with same seed yields identical ECDSA key
prepare	Reconcile surviving predecessor source PR	2026-09-06T23:27:12.3209636Z    ✔  Given a deterministic factory seeded with "recreation-ecdsa-test"
prepare	Reconcile surviving predecessor source PR	2026-09-06T23:27:12.3210425Z    ✔  When I generate an ECDSA ES256 key for label "stable"
prepare	Reconcile surviving predecessor source PR	2026-09-06T23:27:12.3211272Z    ✔  And I switch to a deterministic factory seeded with "recreation-ecdsa-test"
prepare	Reconcile surviving predecessor source PR	2026-09-06T23:27:12.3212138Z    ✔  And I generate an ECDSA ES256 key for label "stable" again
prepare	Reconcile surviving predecessor source PR	2026-09-06T23:27:12.3212814Z    ✔  Then the ECDSA PKCS8 PEM should be identical
prepare	Reconcile surviving predecessor source PR	2026-09-06T23:27:12.3213494Z   Scenario: recreating factory with same seed yields identical Ed25519 key
prepare	Reconcile surviving predecessor source PR	2026-09-06T23:27:12.3214439Z    ✔  Given a deterministic factory seeded with "recreation-ed25519-test"
prepare	Reconcile surviving predecessor source PR	2026-09-06T23:27:12.3215236Z    ✔  When I generate an Ed25519 key for label "stable"
prepare	Reconcile surviving predecessor source PR	2026-09-06T23:27:12.3216317Z    ✔  And I switch to a deterministic factory seeded with "recreation-ed25519-test"
prepare	Reconcile surviving predecessor source PR	2026-09-06T23:27:12.3217240Z    ✔  And I generate an Ed25519 key for label "stable" again
prepare	Reconcile surviving predecessor source PR	2026-09-06T23:27:12.3217915Z    ✔  Then the Ed25519 PKCS8 PEM should be identical
prepare	Reconcile surviving predecessor source PR	2026-09-06T23:27:12.3218606Z   Scenario: recreating factory with same seed yields identical HMAC secret
prepare	Reconcile surviving predecessor source PR	2026-09-06T23:27:12.3219518Z    ✔  Given a deterministic factory seeded with "recreation-hmac-test"
prepare	Reconcile surviving predecessor source PR	2026-09-06T23:27:12.3220312Z    ✔  When I generate an HMAC HS256 secret for label "stable"
prepare	Reconcile surviving predecessor source PR	2026-09-06T23:27:12.3221162Z    ✔  And I switch to a deterministic factory seeded with "recreation-hmac-test"
prepare	Reconcile surviving predecessor source PR	2026-09-06T23:27:12.3222039Z    ✔  And I generate an HMAC HS256 secret for label "stable" again
prepare	Reconcile surviving predecessor source PR	2026-09-06T23:27:12.3222741Z    ✔  Then the HMAC secrets should be identical
prepare	Reconcile surviving predecessor source PR	2026-09-06T23:27:12.3223375Z   Scenario: label with unicode characters generates valid Ed25519 key
prepare	Reconcile surviving predecessor source PR	2026-09-06T23:27:12.3224247Z    ✔  Given a deterministic factory seeded with "unicode-ed25519-test"
prepare	Reconcile surviving predecessor source PR	2026-09-06T23:27:12.3224998Z    ✔  When I generate an Ed25519 key for label "名前テスト"
prepare	Reconcile surviving predecessor source PR	2026-09-06T23:27:12.3225633Z    ✔  Then the Ed25519 PKCS8 DER should be parseable
prepare	Reconcile surviving predecessor source PR	2026-09-06T23:27:12.3226473Z   Scenario: label with unicode characters generates valid HMAC secret
prepare	Reconcile surviving predecessor source PR	2026-09-06T23:27:12.3227330Z    ✔  Given a deterministic factory seeded with "unicode-hmac-test"
prepare	Reconcile surviving predecessor source PR	2026-09-06T23:27:12.3228182Z    ✔  When I generate an HMAC HS256 secret for label "clé-secrète-🔐"
prepare	Reconcile surviving predecessor source PR	2026-09-06T23:27:12.3228920Z    ✔  Then the HMAC secret bytes should have length 32
prepare	Reconcile surviving predecessor source PR	2026-09-06T23:27:12.3229494Z   Scenario: very long label generates valid ECDSA key
prepare	Reconcile surviving predecessor source PR	2026-09-06T23:27:12.3230272Z    ✔  Given a deterministic factory seeded with "long-label-ecdsa-test"
prepare	Reconcile surviving predecessor source PR	2026-09-06T23:27:12.3231526Z    ✔  When I generate an ECDSA ES256 key for label "this-is-a-very-long-label-that-exceeds-normal-lengths-for-ecdsa"
prepare	Reconcile surviving predecessor source PR	2026-09-06T23:27:12.3232614Z    ✔  Then the ECDSA PKCS8 DER should be parseable
prepare	Reconcile surviving predecessor source PR	2026-09-06T23:27:12.3233199Z   Scenario: very long label generates valid Ed25519 key
prepare	Reconcile surviving predecessor source PR	2026-09-06T23:27:12.3233996Z    ✔  Given a deterministic factory seeded with "long-label-ed25519-test"
prepare	Reconcile surviving predecessor source PR	2026-09-06T23:27:12.3235250Z    ✔  When I generate an Ed25519 key for label "this-is-a-very-long-label-that-exceeds-normal-lengths-for-ed25519"
prepare	Reconcile surviving predecessor source PR	2026-09-06T23:27:12.3236541Z    ✔  Then the Ed25519 PKCS8 DER should be parseable
prepare	Reconcile surviving predecessor source PR	2026-09-06T23:27:12.3237117Z   Scenario: very long label generates valid HMAC secret
prepare	Reconcile surviving predecessor source PR	2026-09-06T23:27:12.3237893Z    ✔  Given a deterministic factory seeded with "long-label-hmac-test"
prepare	Reconcile surviving predecessor source PR	2026-09-06T23:27:12.3239149Z    ✔  When I generate an HMAC HS256 secret for label "this-is-a-very-long-label-that-exceeds-normal-lengths-for-hmac"
prepare	Reconcile surviving predecessor source PR	2026-09-06T23:27:12.3240241Z    ✔  Then the HMAC secret bytes should have length 32
prepare	Reconcile surviving predecessor source PR	2026-09-06T23:27:12.3241042Z   Scenario: truncating ECDSA DER to 0 bytes returns empty
prepare	Reconcile surviving predecessor source PR	2026-09-06T23:27:12.3241836Z    ✔  Given a deterministic factory seeded with "truncate-zero-ecdsa"
prepare	Reconcile surviving predecessor source PR	2026-09-06T23:27:12.3242816Z    ✔  When I generate an ECDSA ES256 key for label "truncate-zero"
prepare	Reconcile surviving predecessor source PR	2026-09-06T23:27:12.3243513Z    ✔  And I truncate the ECDSA PKCS8 DER to 0 bytes
prepare	Reconcile surviving predecessor source PR	2026-09-06T23:27:12.3244154Z    ✔  Then the truncated ECDSA DER should have length 0
prepare	Reconcile surviving predecessor source PR	2026-09-06T23:27:12.3244761Z   Scenario: truncating Ed25519 DER to 0 bytes returns empty
prepare	Reconcile surviving predecessor source PR	2026-09-06T23:27:12.3245576Z    ✔  Given a deterministic factory seeded with "truncate-zero-ed25519"
prepare	Reconcile surviving predecessor source PR	2026-09-06T23:27:12.3246583Z    ✔  When I generate an Ed25519 key for label "truncate-zero"
prepare	Reconcile surviving predecessor source PR	2026-09-06T23:27:12.3247270Z    ✔  And I truncate the Ed25519 PKCS8 DER to 0 bytes
prepare	Reconcile surviving predecessor source PR	2026-09-06T23:27:12.3247923Z    ✔  Then the truncated Ed25519 DER should have length 0
prepare	Reconcile surviving predecessor source PR	2026-09-06T23:27:12.3248595Z   Scenario: label with special characters generates valid ECDSA key
prepare	Reconcile surviving predecessor source PR	2026-09-06T23:27:12.3249448Z    ✔  Given a deterministic factory seeded with "special-chars-ecdsa"
prepare	Reconcile surviving predecessor source PR	2026-09-06T23:27:12.3250324Z    ✔  When I generate an ECDSA ES256 key for label "test-label_123!@#$%"
prepare	Reconcile surviving predecessor source PR	2026-09-06T23:27:12.3251075Z    ✔  Then the ECDSA PKCS8 DER should be parseable
prepare	Reconcile surviving predecessor source PR	2026-09-06T23:27:12.3251576Z Feature: Expanded BDD coverage
prepare	Reconcile surviving predecessor source PR	2026-09-06T23:27:12.3252072Z   Scenario: recreating factory yields identical RS384 key
prepare	Reconcile surviving predecessor source PR	2026-09-06T23:27:12.3252908Z    ✔  Given a deterministic factory seeded with "det-expand-rs384-recreate"
prepare	Reconcile surviving predecessor source PR	2026-09-06T23:27:12.3253824Z    ✔  When I generate an RSA key for label "rs384-stable" with spec RS384
prepare	Reconcile surviving predecessor source PR	2026-09-06T23:27:12.3254781Z    ✔  And I switch to a deterministic factory seeded with "det-expand-rs384-recreate"
prepare	Reconcile surviving predecessor source PR	2026-09-06T23:27:12.3255958Z    ✔  And I generate an RSA key for label "rs384-stable" with spec RS384 again
prepare	Reconcile surviving predecessor source PR	2026-09-06T23:27:12.3256713Z    ✔  Then the PKCS8 PEM should be identical
prepare	Reconcile surviving predecessor source PR	2026-09-06T23:27:12.3257277Z   Scenario: recreating factory yields identical RS512 key
prepare	Reconcile surviving predecessor source PR	2026-09-06T23:27:12.3258113Z    ✔  Given a deterministic factory seeded with "det-expand-rs512-recreate"
prepare	Reconcile surviving predecessor source PR	2026-09-06T23:27:12.3259038Z    ✔  When I generate an RSA key for label "rs512-stable" with spec RS512
prepare	Reconcile surviving predecessor source PR	2026-09-06T23:27:12.3260005Z    ✔  And I switch to a deterministic factory seeded with "det-expand-rs512-recreate"
prepare	Reconcile surviving predecessor source PR	2026-09-06T23:27:12.3260979Z    ✔  And I generate an RSA key for label "rs512-stable" with spec RS512 again
prepare	Reconcile surviving predecessor source PR	2026-09-06T23:27:12.3261703Z    ✔  Then the PKCS8 PEM should be identical
prepare	Reconcile surviving predecessor source PR	2026-09-06T23:27:12.3262290Z   Scenario: recreating factory yields identical ECDSA ES384 key
prepare	Reconcile surviving predecessor source PR	2026-09-06T23:27:12.3263164Z    ✔  Given a deterministic factory seeded with "det-expand-es384-recreate"
prepare	Reconcile surviving predecessor source PR	2026-09-06T23:27:12.3264021Z    ✔  When I generate an ECDSA ES384 key for label "es384-stable"
prepare	Reconcile surviving predecessor source PR	2026-09-06T23:27:12.3264923Z    ✔  And I switch to a deterministic factory seeded with "det-expand-es384-recreate"
prepare	Reconcile surviving predecessor source PR	2026-09-06T23:27:12.3266019Z    ✔  And I generate an ECDSA ES384 key for label "es384-stable" again
prepare	Reconcile surviving predecessor source PR	2026-09-06T23:27:12.3266751Z    ✔  Then the ECDSA PKCS8 PEM should be identical
prepare	Reconcile surviving predecessor source PR	2026-09-06T23:27:12.3267352Z   Scenario: different seeds produce different RS384 keys
prepare	Reconcile surviving predecessor source PR	2026-09-06T23:27:12.3268182Z    ✔  Given a deterministic factory seeded with "det-expand-rs384-seed-a"
prepare	Reconcile surviving predecessor source PR	2026-09-06T23:27:12.3269039Z    ✔  When I generate an RSA key for label "service" with spec RS384
prepare	Reconcile surviving predecessor source PR	2026-09-06T23:27:12.3269950Z    ✔  And I switch to a deterministic factory seeded with "det-expand-rs384-seed-b"
prepare	Reconcile surviving predecessor source PR	2026-09-06T23:27:12.3270886Z    ✔  And I generate another RSA key for label "service" with spec RS384
prepare	Reconcile surviving predecessor source PR	2026-09-06T23:27:12.3271614Z    ✔  Then the keys should have different moduli
prepare	Reconcile surviving predecessor source PR	2026-09-06T23:27:12.3272221Z   Scenario: different seeds produce different ECDSA ES384 keys
prepare	Reconcile surviving predecessor source PR	2026-09-06T23:27:12.3273074Z    ✔  Given a deterministic factory seeded with "det-expand-es384-seed-a"
prepare	Reconcile surviving predecessor source PR	2026-09-06T23:27:12.3273893Z    ✔  When I generate an ECDSA ES384 key for label "service"
prepare	Reconcile surviving predecessor source PR	2026-09-06T23:27:12.3274756Z    ✔  And I switch to a deterministic factory seeded with "det-expand-es384-seed-b"
prepare	Reconcile surviving predecessor source PR	2026-09-06T23:27:12.3276018Z    ✔  And I generate another ECDSA ES384 key for label "service"
prepare	Reconcile surviving predecessor source PR	2026-09-06T23:27:12.3276761Z    ✔  Then the ECDSA keys should have different public keys
prepare	Reconcile surviving predecessor source PR	2026-09-06T23:27:12.3277585Z   Scenario: different seeds produce different Ed25519 keys
prepare	Reconcile surviving predecessor source PR	2026-09-06T23:27:12.3278401Z    ✔  Given a deterministic factory seeded with "det-expand-ed-seed-a"
prepare	Reconcile surviving predecessor source PR	2026-09-06T23:27:12.3279161Z    ✔  When I generate an Ed25519 key for label "service"
prepare	Reconcile surviving predecessor source PR	2026-09-06T23:27:12.3279971Z    ✔  And I switch to a deterministic factory seeded with "det-expand-ed-seed-b"
prepare	Reconcile surviving predecessor source PR	2026-09-06T23:27:12.3280825Z    ✔  And I generate another Ed25519 key for label "service"
prepare	Reconcile surviving predecessor source PR	2026-09-06T23:27:12.3281542Z    ✔  Then the Ed25519 keys should have different public keys
prepare	Reconcile surviving predecessor source PR	2026-09-06T23:27:12.3282167Z   Scenario: HMAC HS384 cache hit returns identical secret
prepare	Reconcile surviving predecessor source PR	2026-09-06T23:27:12.3282973Z    ✔  Given a deterministic factory seeded with "cache-expand-hs384-hit"
prepare	Reconcile surviving predecessor source PR	2026-09-06T23:27:12.3283824Z    ✔  When I generate an HMAC HS384 secret for label "cached-hs384"
prepare	Reconcile surviving predecessor source PR	2026-09-06T23:27:12.3284661Z    ✔  And I generate an HMAC HS384 secret for label "cached-hs384" again
prepare	Reconcile surviving predecessor source PR	2026-09-06T23:27:12.3285367Z    ✔  Then the HMAC secrets should be identical
prepare	Reconcile surviving predecessor source PR	2026-09-06T23:27:12.3286142Z   Scenario: HMAC HS512 cache hit returns identical secret
prepare	Reconcile surviving predecessor source PR	2026-09-06T23:27:12.3286957Z    ✔  Given a deterministic factory seeded with "cache-expand-hs512-hit"
prepare	Reconcile surviving predecessor source PR	2026-09-06T23:27:12.3287803Z    ✔  When I generate an HMAC HS512 secret for label "cached-hs512"
prepare	Reconcile surviving predecessor source PR	2026-09-06T23:27:12.3288616Z    ✔  And I generate an HMAC HS512 secret for label "cached-hs512" again
prepare	Reconcile surviving predecessor source PR	2026-09-06T23:27:12.3289316Z    ✔  Then the HMAC secrets should be identical
prepare	Reconcile surviving predecessor source PR	2026-09-06T23:27:12.3289916Z   Scenario: ECDSA ES384 cache hit returns identical key material
prepare	Reconcile surviving predecessor source PR	2026-09-06T23:27:12.3290770Z    ✔  Given a deterministic factory seeded with "cache-expand-es384-hit"
prepare	Reconcile surviving predecessor source PR	2026-09-06T23:27:12.3291597Z    ✔  When I generate an ECDSA ES384 key for label "cached-es384"
prepare	Reconcile surviving predecessor source PR	2026-09-06T23:27:12.3292389Z    ✔  And I generate an ECDSA ES384 key for label "cached-es384" again
prepare	Reconcile surviving predecessor source PR	2026-09-06T23:27:12.3293117Z    ✔  Then the ECDSA PKCS8 PEM should be identical
prepare	Reconcile surviving predecessor source PR	2026-09-06T23:27:12.3293759Z   Scenario: same label different ECDSA specs produce different keys
prepare	Reconcile surviving predecessor source PR	2026-09-06T23:27:12.3294694Z    ✔  Given a deterministic factory seeded with "cache-expand-ecdsa-spec-miss"
prepare	Reconcile surviving predecessor source PR	2026-09-06T23:27:12.3295574Z    ✔  When I generate an ECDSA ES256 key for label "shared-ecdsa"
prepare	Reconcile surviving predecessor source PR	2026-09-06T23:27:12.3296568Z    ✔  And I generate another ECDSA ES384 key for label "shared-ecdsa"
prepare	Reconcile surviving predecessor source PR	2026-09-06T23:27:12.3297334Z    ✔  Then the ECDSA keys should have different public keys
prepare	Reconcile surviving predecessor source PR	2026-09-06T23:27:12.3298078Z   Scenario: cache clear followed by re-derive gives identical HMAC HS384 secret
prepare	Reconcile surviving predecessor source PR	2026-09-06T23:27:12.3299038Z    ✔  Given a deterministic factory seeded with "cache-expand-hs384-clear"
prepare	Reconcile surviving predecessor source PR	2026-09-06T23:27:12.3299890Z    ✔  When I generate an HMAC HS384 secret for label "clear-hs384"
prepare	Reconcile surviving predecessor source PR	2026-09-06T23:27:12.3300527Z    ✔  And I clear the factory cache
prepare	Reconcile surviving predecessor source PR	2026-09-06T23:27:12.3301190Z    ✔  And I generate an HMAC HS384 secret for label "clear-hs384" again
prepare	Reconcile surviving predecessor source PR	2026-09-06T23:27:12.3301929Z    ✔  Then the HMAC secrets should be identical
prepare	Reconcile surviving predecessor source PR	2026-09-06T23:27:14.7350652Z   Scenario: cache clear followed by re-derive gives identical HMAC HS512 secret
prepare	Reconcile surviving predecessor source PR	2026-09-06T23:27:14.7352040Z    ✔  Given a deterministic factory seeded with "cache-expand-hs512-clear"
prepare	Reconcile surviving predecessor source PR	2026-09-06T23:27:14.7352909Z    ✔  When I generate an HMAC HS512 secret for label "clear-hs512"
prepare	Reconcile surviving predecessor source PR	2026-09-06T23:27:14.7353538Z    ✔  And I clear the factory cache
prepare	Reconcile surviving predecessor source PR	2026-09-06T23:27:14.7354225Z    ✔  And I generate an HMAC HS512 secret for label "clear-hs512" again
prepare	Reconcile surviving predecessor source PR	2026-09-06T23:27:14.7354952Z    ✔  Then the HMAC secrets should be identical
prepare	Reconcile surviving predecessor source PR	2026-09-06T23:27:15.0876513Z   Scenario: random ECDSA cache hit returns identical key
prepare	Reconcile surviving predecessor source PR	2026-09-06T23:27:15.0877652Z    ✔  Given a random factory
prepare	Reconcile surviving predecessor source PR	2026-09-06T23:27:15.0878319Z    ✔  When I generate an ECDSA ES256 key for label "random-ecdsa-cached"
prepare	Reconcile surviving predecessor source PR	2026-09-06T23:27:15.0879227Z    ✔  And I generate an ECDSA ES256 key for label "random-ecdsa-cached" again
prepare	Reconcile surviving predecessor source PR	2026-09-06T23:27:15.0880513Z    ✔  Then the ECDSA PKCS8 PEM should be identical
prepare	Reconcile surviving predecessor source PR	2026-09-06T23:27:15.0881112Z   Scenario: random Ed25519 cache hit returns identical key
prepare	Reconcile surviving predecessor source PR	2026-09-06T23:27:15.0882040Z    ✔  Given a random factory
prepare	Reconcile surviving predecessor source PR	2026-09-06T23:27:15.0882634Z    ✔  When I generate an Ed25519 key for label "random-ed-cached"
prepare	Reconcile surviving predecessor source PR	2026-09-06T23:27:15.0883387Z    ✔  And I generate an Ed25519 key for label "random-ed-cached" again
prepare	Reconcile surviving predecessor source PR	2026-09-06T23:27:15.0884023Z    ✔  Then the Ed25519 PKCS8 PEM should be identical
prepare	Reconcile surviving predecessor source PR	2026-09-06T23:27:15.0884534Z   Scenario: random HMAC cache hit returns identical secret
prepare	Reconcile surviving predecessor source PR	2026-09-06T23:27:15.0885044Z    ✔  Given a random factory
prepare	Reconcile surviving predecessor source PR	2026-09-06T23:27:15.0885591Z    ✔  When I generate an HMAC HS256 secret for label "random-hmac-cached"
prepare	Reconcile surviving predecessor source PR	2026-09-06T23:27:15.0886711Z    ✔  And I generate an HMAC HS256 secret for label "random-hmac-cached" again
prepare	Reconcile surviving predecessor source PR	2026-09-06T23:27:15.0887479Z    ✔  Then the HMAC secrets should be identical
prepare	Reconcile surviving predecessor source PR	2026-09-06T23:27:15.0888075Z   Scenario: random ECDSA cache clear produces different key
prepare	Reconcile surviving predecessor source PR	2026-09-06T23:27:15.0888706Z    ✔  Given a random factory
prepare	Reconcile surviving predecessor source PR	2026-09-06T23:27:15.0889346Z    ✔  When I generate an ECDSA ES256 key for label "random-ecdsa-clear"
prepare	Reconcile surviving predecessor source PR	2026-09-06T23:27:15.0890046Z    ✔  And I clear the factory cache
prepare	Reconcile surviving predecessor source PR	2026-09-06T23:27:15.0890746Z    ✔  And I generate an ECDSA ES256 key for label "random-ecdsa-clear" again
prepare	Reconcile surviving predecessor source PR	2026-09-06T23:27:15.2045372Z    ✔  Then the ECDSA keys should have different public keys
prepare	Reconcile surviving predecessor source PR	2026-09-06T23:27:15.2071773Z   Scenario: random Ed25519 cache clear produces different key
prepare	Reconcile surviving predecessor source PR	2026-09-06T23:27:15.2072455Z    ✔  Given a random factory
prepare	Reconcile surviving predecessor source PR	2026-09-06T23:27:15.2072873Z    ✔  When I generate an Ed25519 key for label "random-ed-clear"
prepare	Reconcile surviving predecessor source PR	2026-09-06T23:27:15.2073575Z    ✔  And I clear the factory cache
prepare	Reconcile surviving predecessor source PR	2026-09-06T23:27:15.2074055Z    ✔  And I generate another Ed25519 key for label "random-ed-clear"
prepare	Reconcile surviving predecessor source PR	2026-09-06T23:27:15.2074567Z    ✔  Then the Ed25519 keys should have different public keys
prepare	Reconcile surviving predecessor source PR	2026-09-06T23:27:15.2074993Z   Scenario: random HMAC cache clear produces different secret
prepare	Reconcile surviving predecessor source PR	2026-09-06T23:27:15.2075431Z    ✔  Given a random factory
prepare	Reconcile surviving predecessor source PR	2026-09-06T23:27:15.2076279Z    ✔  When I generate an HMAC HS256 secret for label "random-hmac-clear"
prepare	Reconcile surviving predecessor source PR	2026-09-06T23:27:15.2076742Z    ✔  And I clear the factory cache
prepare	Reconcile surviving predecessor source PR	2026-09-06T23:27:15.2077183Z    ✔  And I generate another HMAC HS256 secret for label "random-hmac-clear"
prepare	Reconcile surviving predecessor source PR	2026-09-06T23:27:15.2077654Z    ✔  Then the HMAC secrets should be different
prepare	Reconcile surviving predecessor source PR	2026-09-06T23:27:15.2078287Z   Scenario: Ed25519 BadHeader corruption replaces the BEGIN line
prepare	Reconcile surviving predecessor source PR	2026-09-06T23:27:15.2079154Z    ✔  Given a deterministic factory seeded with "neg-expand-ed-badheader"
prepare	Reconcile surviving predecessor source PR	2026-09-06T23:27:15.2080026Z    ✔  When I generate an Ed25519 key for label "header-test"
prepare	Reconcile surviving predecessor source PR	2026-09-06T23:27:15.2080740Z    ✔  And I corrupt the Ed25519 PKCS8 PEM with BadHeader
prepare	Reconcile surviving predecessor source PR	2026-09-06T23:27:15.2081520Z    ✔  Then the corrupted Ed25519 PEM should contain "BEGIN CORRUPTED KEY"
prepare	Reconcile surviving predecessor source PR	2026-09-06T23:27:15.2082283Z    ✔  And the corrupted Ed25519 PEM should fail to parse
prepare	Reconcile surviving predecessor source PR	2026-09-06T23:27:15.2082902Z   Scenario: ECDSA ES256 BadHeader corruption replaces the BEGIN line
prepare	Reconcile surviving predecessor source PR	2026-09-06T23:27:15.2083516Z    ✔  Given a deterministic factory seeded with "neg-expand-ecdsa-badheader"
prepare	Reconcile surviving predecessor source PR	2026-09-06T23:27:15.2084068Z    ✔  When I generate an ECDSA ES256 key for label "header-test"
prepare	Reconcile surviving predecessor source PR	2026-09-06T23:27:15.2084508Z    ✔  And I corrupt the ECDSA PKCS8 PEM with BadHeader
prepare	Reconcile surviving predecessor source PR	2026-09-06T23:27:15.2084988Z    ✔  Then the corrupted ECDSA PEM should contain "BEGIN CORRUPTED KEY"
prepare	Reconcile surviving predecessor source PR	2026-09-06T23:27:15.2085460Z    ✔  And the corrupted ECDSA PEM should fail to parse
prepare	Reconcile surviving predecessor source PR	2026-09-06T23:27:15.2086238Z   Scenario: ECDSA DER truncation to 50 bytes fails parsing
prepare	Reconcile surviving predecessor source PR	2026-09-06T23:27:15.2086797Z    ✔  Given a deterministic factory seeded with "neg-expand-ecdsa-truncate"
prepare	Reconcile surviving predecessor source PR	2026-09-06T23:27:15.2087348Z    ✔  When I generate an ECDSA ES256 key for label "truncate-check"
prepare	Reconcile surviving predecessor source PR	2026-09-06T23:27:15.2087792Z    ✔  And I truncate the ECDSA PKCS8 DER to 50 bytes
prepare	Reconcile surviving predecessor source PR	2026-09-06T23:27:15.2088193Z    ✔  Then the truncated ECDSA DER should have length 50
prepare	Reconcile surviving predecessor source PR	2026-09-06T23:27:15.2088593Z    ✔  And the truncated ECDSA DER should fail to parse
prepare	Reconcile surviving predecessor source PR	2026-09-06T23:27:15.2091992Z   Scenario: Ed25519 DER truncation to 10 bytes fails parsing
prepare	Reconcile surviving predecessor source PR	2026-09-06T23:27:15.2092952Z    ✔  Given a deterministic factory seeded with "neg-expand-ed-truncate"
prepare	Reconcile surviving predecessor source PR	2026-09-06T23:27:15.2094220Z    ✔  When I generate an Ed25519 key for label "truncate-check"
prepare	Reconcile surviving predecessor source PR	2026-09-06T23:27:15.2094986Z    ✔  And I truncate the Ed25519 PKCS8 DER to 10 bytes
prepare	Reconcile surviving predecessor source PR	2026-09-06T23:27:15.2095395Z    ✔  Then the truncated Ed25519 DER should have length 10
prepare	Reconcile surviving predecessor source PR	2026-09-06T23:27:15.2096019Z    ✔  And the truncated Ed25519 DER should fail to parse
prepare	Reconcile surviving predecessor source PR	2026-09-06T23:27:15.2096441Z   Scenario: RSA deterministic PEM and DER corruption variants differ
prepare	Reconcile surviving predecessor source PR	2026-09-06T23:27:15.2097006Z    ✔  Given a deterministic factory seeded with "neg-expand-rsa-variant-diff"
prepare	Reconcile surviving predecessor source PR	2026-09-06T23:27:15.2097496Z    ✔  When I generate an RSA key for label "multi-variant"
prepare	Reconcile surviving predecessor source PR	2026-09-06T23:27:15.2097992Z    ✔  And I deterministically corrupt the RSA PKCS8 PEM with variant "gamma"
prepare	Reconcile surviving predecessor source PR	2026-09-06T23:27:15.2098562Z    ✔  And I deterministically corrupt the RSA PKCS8 PEM with variant "delta" again
prepare	Reconcile surviving predecessor source PR	2026-09-06T23:27:15.2099065Z    ✔  Then the deterministic text artifacts should differ
prepare	Reconcile surviving predecessor source PR	2026-09-06T23:27:15.7747070Z   Scenario: ECDSA deterministic PEM corruption variants differ
prepare	Reconcile surviving predecessor source PR	2026-09-06T23:27:15.7748750Z    ✔  Given a deterministic factory seeded with "neg-expand-ecdsa-variant-diff"
prepare	Reconcile surviving predecessor source PR	2026-09-06T23:27:15.7749764Z    ✔  When I generate an ECDSA ES256 key for label "multi-variant"
prepare	Reconcile surviving predecessor source PR	2026-09-06T23:27:15.7750874Z    ✔  And I deterministically corrupt the ECDSA PKCS8 PEM with variant "gamma"
prepare	Reconcile surviving predecessor source PR	2026-09-06T23:27:15.7751964Z    ✔  And I deterministically corrupt the ECDSA PKCS8 PEM with variant "delta" again
prepare	Reconcile surviving predecessor source PR	2026-09-06T23:27:15.7753044Z    ✔  Then the deterministic text artifacts should differ
prepare	Reconcile surviving predecessor source PR	2026-09-06T23:27:15.7756370Z   Scenario: Ed25519 deterministic PEM corruption variants differ
prepare	Reconcile surviving predecessor source PR	2026-09-06T23:27:15.7757343Z    ✔  Given a deterministic factory seeded with "neg-expand-ed-variant-diff"
prepare	Reconcile surviving predecessor source PR	2026-09-06T23:27:15.7758229Z    ✔  When I generate an Ed25519 key for label "multi-variant"
prepare	Reconcile surviving predecessor source PR	2026-09-06T23:27:15.7759012Z    ✔  And I deterministically corrupt the Ed25519 PKCS8 PEM with variant "gamma"
prepare	Reconcile surviving predecessor source PR	2026-09-06T23:27:15.7759890Z    ✔  And I deterministically corrupt the Ed25519 PKCS8 PEM with variant "delta" again
prepare	Reconcile surviving predecessor source PR	2026-09-06T23:27:15.7760670Z    ✔  Then the deterministic text artifacts should differ
prepare	Reconcile surviving predecessor source PR	2026-09-06T23:27:17.8659888Z   Scenario: generating tokens does not perturb RSA RS384 determinism
prepare	Reconcile surviving predecessor source PR	2026-09-06T23:27:17.8661210Z    ✔  Given a deterministic factory seeded with "token-expand-rs384-isolation"
prepare	Reconcile surviving predecessor source PR	2026-09-06T23:27:17.8661971Z    ✔  When I generate an RSA key for label "rs384-anchor" with spec RS384
prepare	Reconcile surviving predecessor source PR	2026-09-06T23:27:17.8662590Z    ✔  And I generate an API key token for label "noise-api"
prepare	Reconcile surviving predecessor source PR	2026-09-06T23:27:17.8663139Z    ✔  And I generate a bearer token for label "noise-bearer"
prepare	Reconcile surviving predecessor source PR	2026-09-06T23:27:17.8663702Z    ✔  And I generate an OAuth access token for label "noise-oauth"
prepare	Reconcile surviving predecessor source PR	2026-09-06T23:27:19.8490528Z    ✔  And I clear the factory cache
prepare	Reconcile surviving predecessor source PR	2026-09-06T23:27:20.5763464Z    ✔  And I generate an RSA key for label "rs384-anchor" with spec RS384 again
prepare	Reconcile surviving predecessor source PR	2026-09-06T23:27:37.4831203Z    ✔  Then the PKCS8 PEM should be identical
prepare	Reconcile surviving predecessor source PR	2026-09-06T23:27:39.9744820Z   Scenario: generating HMAC HS384 does not perturb token determinism
prepare	Reconcile surviving predecessor source PR	2026-09-06T23:27:39.9746459Z    ✔  Given a deterministic factory seeded with "token-expand-hmac-isolation"
prepare	Reconcile surviving predecessor source PR	2026-09-06T23:27:39.9747404Z    ✔  When I generate an API key token for label "stable-api"
prepare	Reconcile surviving predecessor source PR	2026-09-06T23:27:39.9748153Z    ✔  And I generate an HMAC HS384 secret for label "noise-hs384"
prepare	Reconcile surviving predecessor source PR	2026-09-06T23:27:39.9748909Z    ✔  And I generate an HMAC HS512 secret for label "noise-hs512"
prepare	Reconcile surviving predecessor source PR	2026-09-06T23:27:39.9749516Z    ✔  And I clear the factory cache
prepare	Reconcile surviving predecessor source PR	2026-09-06T23:27:39.9750134Z    ✔  And I generate an API key token for label "stable-api" again
prepare	Reconcile surviving predecessor source PR	2026-09-06T23:27:39.9750775Z    ✔  Then the token values should be identical
prepare	Reconcile surviving predecessor source PR	2026-09-06T23:27:39.9751310Z   Scenario: API key format after mixed key generation
prepare	Reconcile surviving predecessor source PR	2026-09-06T23:27:39.9752112Z    ✔  Given a deterministic factory seeded with "token-expand-mixed-format"
prepare	Reconcile surviving predecessor source PR	2026-09-06T23:27:39.9753476Z    ✔  When I generate an RSA key for label "rsa-noise" with spec RS256
prepare	Reconcile surviving predecessor source PR	2026-09-06T23:27:39.9754326Z    ✔  And I generate an ECDSA ES256 key for label "ecdsa-noise"
prepare	Reconcile surviving predecessor source PR	2026-09-06T23:27:39.9755369Z    ✔  And I generate an Ed25519 key for label "ed-noise"
prepare	Reconcile surviving predecessor source PR	2026-09-06T23:27:39.9756338Z    ✔  And I generate an HMAC HS256 secret for label "hmac-noise"
prepare	Reconcile surviving predecessor source PR	2026-09-06T23:27:39.9757074Z    ✔  And I generate an API key token for label "after-mixed"
prepare	Reconcile surviving predecessor source PR	2026-09-06T23:27:39.9757797Z    ✔  Then the token value should start with "uk_test_"
prepare	Reconcile surviving predecessor source PR	2026-09-06T23:27:39.9758438Z    ✔  And the token value should have length 40
prepare	Reconcile surviving predecessor source PR	2026-09-06T23:27:39.9759044Z   Scenario: bearer token format after mixed key generation
prepare	Reconcile surviving predecessor source PR	2026-09-06T23:27:39.9759907Z    ✔  Given a deterministic factory seeded with "token-expand-bearer-mixed"
prepare	Reconcile surviving predecessor source PR	2026-09-06T23:27:39.9760840Z    ✔  When I generate an RSA key for label "rsa-noise" with spec RS256
prepare	Reconcile surviving predecessor source PR	2026-09-06T23:27:39.9761651Z    ✔  And I generate an ECDSA ES384 key for label "ecdsa-noise"
prepare	Reconcile surviving predecessor source PR	2026-09-06T23:27:39.9762429Z    ✔  And I generate a bearer token for label "after-mixed"
prepare	Reconcile surviving predecessor source PR	2026-09-06T23:27:39.9763113Z    ✔  Then the token value should be valid base64url
prepare	Reconcile surviving predecessor source PR	2026-09-06T23:27:39.9763747Z    ✔  And the token value should have length 43
prepare	Reconcile surviving predecessor source PR	2026-09-06T23:27:39.9764357Z   Scenario: OAuth token format after mixed key generation
prepare	Reconcile surviving predecessor source PR	2026-09-06T23:27:39.9765206Z    ✔  Given a deterministic factory seeded with "token-expand-oauth-mixed"
prepare	Reconcile surviving predecessor source PR	2026-09-06T23:27:39.9766254Z    ✔  When I generate an Ed25519 key for label "ed-noise"
prepare	Reconcile surviving predecessor source PR	2026-09-06T23:27:39.9766980Z    ✔  And I generate an HMAC HS512 secret for label "hmac-noise"
prepare	Reconcile surviving predecessor source PR	2026-09-06T23:27:39.9767765Z    ✔  And I generate an OAuth access token for label "after-mixed"
prepare	Reconcile surviving predecessor source PR	2026-09-06T23:27:39.9768589Z    ✔  Then the token value should have three dot-separated segments
prepare	Reconcile surviving predecessor source PR	2026-09-06T23:27:39.9769367Z    ✔  And the token value header should decode to valid JSON
prepare	Reconcile surviving predecessor source PR	2026-09-06T23:27:39.9770121Z    ✔  And the OAuth payload should contain issuer "uselesskey"
prepare	Reconcile surviving predecessor source PR	2026-09-06T23:27:39.9770886Z    ✔  And the OAuth payload should contain subject "after-mixed"
prepare	Reconcile surviving predecessor source PR	2026-09-06T23:27:41.3906778Z   Scenario: all key types produce valid SPKI PEM from same factory
prepare	Reconcile surviving predecessor source PR	2026-09-06T23:27:41.3907877Z    ✔  Given a deterministic factory seeded with "multi-expand-spki-pem"
prepare	Reconcile surviving predecessor source PR	2026-09-06T23:27:41.3908816Z    ✔  When I generate an RSA key for label "spki-rsa" with spec RS256
prepare	Reconcile surviving predecessor source PR	2026-09-06T23:27:41.3909537Z    ✔  And I generate an ECDSA ES256 key for label "spki-ecdsa"
prepare	Reconcile surviving predecessor source PR	2026-09-06T23:27:41.3910145Z    ✔  And I generate an Ed25519 key for label "spki-ed25519"
prepare	Reconcile surviving predecessor source PR	2026-09-06T23:27:41.3910679Z    ✔  Then the SPKI PEM should be parseable
prepare	Reconcile surviving predecessor source PR	2026-09-06T23:27:41.3911159Z    ✔  And the ECDSA SPKI PEM should be parseable
prepare	Reconcile surviving predecessor source PR	2026-09-06T23:27:41.3911663Z    ✔  And the Ed25519 SPKI PEM should be parseable
prepare	Reconcile surviving predecessor source PR	2026-09-06T23:27:41.3912252Z   Scenario: all key types plus HMAC have unique kids in same factory
prepare	Reconcile surviving predecessor source PR	2026-09-06T23:27:41.3913052Z    ✔  Given a deterministic factory seeded with "multi-expand-unique-kids"
prepare	Reconcile surviving predecessor source PR	2026-09-06T23:27:41.3913949Z    ✔  When I generate an RSA key for label "kid-rsa" with spec RS256
prepare	Reconcile surviving predecessor source PR	2026-09-06T23:27:41.3915186Z    ✔  And I generate an ECDSA ES256 key for label "kid-ecdsa"
prepare	Reconcile surviving predecessor source PR	2026-09-06T23:27:41.3916452Z    ✔  And I generate an Ed25519 key for label "kid-ed25519"
prepare	Reconcile surviving predecessor source PR	2026-09-06T23:27:41.3917167Z    ✔  And I generate an HMAC HS256 secret for label "kid-hmac"
prepare	Reconcile surviving predecessor source PR	2026-09-06T23:27:41.3917809Z    ✔  Then each key should have a unique kid
prepare	Reconcile surviving predecessor source PR	2026-09-06T23:27:41.3918324Z   Scenario: mixed JWKS contains all four kty values
prepare	Reconcile surviving predecessor source PR	2026-09-06T23:27:41.3919090Z    ✔  Given a deterministic factory seeded with "multi-expand-jwks-kty"
prepare	Reconcile surviving predecessor source PR	2026-09-06T23:27:41.3919937Z    ✔  When I generate an RSA key for label "jwks-rsa" with spec RS256
prepare	Reconcile surviving predecessor source PR	2026-09-06T23:27:41.3920698Z    ✔  And I generate an ECDSA ES256 key for label "jwks-ecdsa"
prepare	Reconcile surviving predecessor source PR	2026-09-06T23:27:41.3921403Z    ✔  And I generate an Ed25519 key for label "jwks-ed25519"
prepare	Reconcile surviving predecessor source PR	2026-09-06T23:27:41.3922106Z    ✔  And I generate an HMAC HS256 secret for label "jwks-hmac"
prepare	Reconcile surviving predecessor source PR	2026-09-06T23:27:41.3922733Z    ✔  And I build a JWKS containing all keys
prepare	Reconcile surviving predecessor source PR	2026-09-06T23:27:41.3923295Z    ✔  Then the JWKS should contain 4 keys
prepare	Reconcile surviving predecessor source PR	2026-09-06T23:27:41.3923887Z    ✔  And the JWKS should contain a key with kty "RSA"
prepare	Reconcile surviving predecessor source PR	2026-09-06T23:27:42.5709653Z    ✔  And the JWKS should contain a key with kty "EC"
prepare	Reconcile surviving predecessor source PR	2026-09-06T23:27:43.2153109Z    ✔  And the JWKS should contain a key with kty "OKP"
prepare	Reconcile surviving predecessor source PR	2026-09-06T23:27:43.2189593Z   Scenario: interleaved generation of all types preserves RSA determinism
prepare	Reconcile surviving predecessor source PR	2026-09-06T23:27:43.2190719Z    ✔  Given a deterministic factory seeded with "multi-expand-interleave-rsa"
prepare	Reconcile surviving predecessor source PR	2026-09-06T23:27:43.2191661Z    ✔  When I generate an RSA key for label "rsa-anchor" with spec RS256
prepare	Reconcile surviving predecessor source PR	2026-09-06T23:27:43.2192452Z    ✔  And I generate an ECDSA ES256 key for label "noise-ecdsa"
prepare	Reconcile surviving predecessor source PR	2026-09-06T23:27:43.2193138Z    ✔  And I generate an Ed25519 key for label "noise-ed"
prepare	Reconcile surviving predecessor source PR	2026-09-06T23:27:43.2193893Z    ✔  And I generate an HMAC HS384 secret for label "noise-hmac"
prepare	Reconcile surviving predecessor source PR	2026-09-06T23:27:43.2194643Z    ✔  And I generate an API key token for label "noise-token"
prepare	Reconcile surviving predecessor source PR	2026-09-06T23:27:43.2195241Z    ✔  And I clear the factory cache
prepare	Reconcile surviving predecessor source PR	2026-09-06T23:27:43.2196164Z    ✔  And I generate an RSA key for label "rsa-anchor" again
prepare	Reconcile surviving predecessor source PR	2026-09-06T23:27:43.2196842Z    ✔  Then the PKCS8 PEM should be identical
prepare	Reconcile surviving predecessor source PR	2026-09-06T23:27:43.2197543Z   Scenario: interleaved generation of all types preserves ECDSA ES384 determinism
prepare	Reconcile surviving predecessor source PR	2026-09-06T23:27:43.2198578Z    ✔  Given a deterministic factory seeded with "multi-expand-interleave-es384"
prepare	Reconcile surviving predecessor source PR	2026-09-06T23:27:43.2199413Z    ✔  When I generate an ECDSA ES384 key for label "ecdsa-anchor"
prepare	Reconcile surviving predecessor source PR	2026-09-06T23:27:43.2200175Z    ✔  And I generate an RSA key for label "noise-rsa" with spec RS256
prepare	Reconcile surviving predecessor source PR	2026-09-06T23:27:43.2200907Z    ✔  And I generate an Ed25519 key for label "noise-ed"
prepare	Reconcile surviving predecessor source PR	2026-09-06T23:27:43.2201581Z    ✔  And I generate an HMAC HS512 secret for label "noise-hmac"
prepare	Reconcile surviving predecessor source PR	2026-09-06T23:27:43.2202351Z    ✔  And I generate a bearer token for label "noise-bearer"
prepare	Reconcile surviving predecessor source PR	2026-09-06T23:27:43.2202980Z    ✔  And I clear the factory cache
prepare	Reconcile surviving predecessor source PR	2026-09-06T23:27:43.2203585Z    ✔  And I generate an ECDSA ES384 key for label "ecdsa-anchor" again
prepare	Reconcile surviving predecessor source PR	2026-09-06T23:27:43.2204307Z    ✔  Then the ECDSA PKCS8 PEM should be identical
prepare	Reconcile surviving predecessor source PR	2026-09-06T23:27:43.2204939Z   Scenario: interleaved generation preserves HMAC HS512 determinism
prepare	Reconcile surviving predecessor source PR	2026-09-06T23:27:43.2206079Z    ✔  Given a deterministic factory seeded with "multi-expand-interleave-hs512"
prepare	Reconcile surviving predecessor source PR	2026-09-06T23:27:43.2206985Z    ✔  When I generate an HMAC HS512 secret for label "hmac-anchor"
prepare	Reconcile surviving predecessor source PR	2026-09-06T23:27:43.2207777Z    ✔  And I generate an RSA key for label "noise-rsa" with spec RS256
prepare	Reconcile surviving predecessor source PR	2026-09-06T23:27:43.2208530Z    ✔  And I generate an ECDSA ES256 key for label "noise-ecdsa"
prepare	Reconcile surviving predecessor source PR	2026-09-06T23:27:43.2209215Z    ✔  And I generate an Ed25519 key for label "noise-ed"
prepare	Reconcile surviving predecessor source PR	2026-09-06T23:27:43.2209945Z    ✔  And I generate an OAuth access token for label "noise-oauth"
prepare	Reconcile surviving predecessor source PR	2026-09-06T23:27:43.2210574Z    ✔  And I clear the factory cache
prepare	Reconcile surviving predecessor source PR	2026-09-06T23:27:43.2211212Z    ✔  And I generate an HMAC HS512 secret for label "hmac-anchor" again
prepare	Reconcile surviving predecessor source PR	2026-09-06T23:27:43.2211891Z    ✔  Then the HMAC secrets should be identical
prepare	Reconcile surviving predecessor source PR	2026-09-06T23:27:43.2212877Z   Scenario: all key types produce valid DER and PEM after interleaved generation
prepare	Reconcile surviving predecessor source PR	2026-09-06T23:27:43.2213836Z    ✔  Given a deterministic factory seeded with "multi-expand-all-valid"
prepare	Reconcile surviving predecessor source PR	2026-09-06T23:27:43.2214908Z    ✔  When I generate an RSA key for label "valid-rsa" with spec RS256
prepare	Reconcile surviving predecessor source PR	2026-09-06T23:27:43.2215681Z    ✔  And I generate an ECDSA ES256 key for label "valid-ecdsa"
prepare	Reconcile surviving predecessor source PR	2026-09-06T23:27:43.2216631Z    ✔  And I generate an Ed25519 key for label "valid-ed25519"
prepare	Reconcile surviving predecessor source PR	2026-09-06T23:27:43.2217354Z    ✔  And I generate an HMAC HS256 secret for label "valid-hmac"
prepare	Reconcile surviving predecessor source PR	2026-09-06T23:27:43.2217995Z    ✔  Then the PKCS8 DER should be parseable
prepare	Reconcile surviving predecessor source PR	2026-09-06T23:27:43.2218544Z    ✔  And the SPKI DER should be parseable
prepare	Reconcile surviving predecessor source PR	2026-09-06T23:27:43.2219110Z    ✔  And the ECDSA PKCS8 DER should be parseable
prepare	Reconcile surviving predecessor source PR	2026-09-06T23:27:43.2219699Z    ✔  And the ECDSA SPKI DER should be parseable
prepare	Reconcile surviving predecessor source PR	2026-09-06T23:27:43.2220293Z    ✔  And the Ed25519 PKCS8 DER should be parseable
prepare	Reconcile surviving predecessor source PR	2026-09-06T23:27:43.2220912Z    ✔  And the Ed25519 SPKI DER should be parseable
prepare	Reconcile surviving predecessor source PR	2026-09-06T23:27:43.4082937Z    ✔  And the HMAC secret bytes should have length 32
prepare	Reconcile surviving predecessor source PR	2026-09-06T23:27:45.1336647Z Feature: HMAC fixtures
prepare	Reconcile surviving predecessor source PR	2026-09-06T23:27:45.1337706Z   Scenario: deterministic HMAC secrets are stable
prepare	Reconcile surviving predecessor source PR	2026-09-06T23:27:45.1338889Z    ✔  Given a deterministic factory seeded with "hmac-seed"
prepare	Reconcile surviving predecessor source PR	2026-09-06T23:27:45.1339629Z    ✔  When I generate an HMAC HS256 secret for label "issuer"
prepare	Reconcile surviving predecessor source PR	2026-09-06T23:27:45.1340219Z    ✔  And I generate an HMAC HS256 secret for label "issuer" again
prepare	Reconcile surviving predecessor source PR	2026-09-06T23:27:45.1340751Z    ✔  Then the HMAC secrets should be identical
prepare	Reconcile surviving predecessor source PR	2026-09-06T23:27:45.1341142Z   Scenario: HMAC JWK has required fields
prepare	Reconcile surviving predecessor source PR	2026-09-06T23:27:45.1341619Z    ✔  Given a deterministic factory seeded with "hmac-jwk"
prepare	Reconcile surviving predecessor source PR	2026-09-06T23:27:45.1342182Z    ✔  When I generate an HMAC HS256 secret for label "jwt-signer"
prepare	Reconcile surviving predecessor source PR	2026-09-06T23:27:45.1342684Z    ✔  Then the HMAC JWK should have kty "oct"
prepare	Reconcile surviving predecessor source PR	2026-09-06T23:27:45.1343115Z    ✔  And the HMAC JWK should have alg "HS256"
prepare	Reconcile surviving predecessor source PR	2026-09-06T23:27:45.1343538Z    ✔  And the HMAC JWK should have use "sig"
prepare	Reconcile surviving predecessor source PR	2026-09-06T23:27:45.1343964Z    ✔  And the HMAC JWK should have a kid
prepare	Reconcile surviving predecessor source PR	2026-09-06T23:27:45.1344374Z    ✔  And the HMAC JWK should have k parameter
prepare	Reconcile surviving predecessor source PR	2026-09-06T23:27:45.1344773Z   Scenario: HMAC JWKS has valid structure
prepare	Reconcile surviving predecessor source PR	2026-09-06T23:27:45.1345250Z    ✔  Given a deterministic factory seeded with "hmac-jwks"
prepare	Reconcile surviving predecessor source PR	2026-09-06T23:27:45.1346023Z    ✔  When I generate an HMAC HS256 secret for label "issuer"
prepare	Reconcile surviving predecessor source PR	2026-09-06T23:27:45.1346441Z    ✔  Then the HMAC JWKS should have a keys array
prepare	Reconcile surviving predecessor source PR	2026-09-06T23:27:45.1346831Z    ✔  And the HMAC JWKS keys array should contain one key
prepare	Reconcile surviving predecessor source PR	2026-09-06T23:27:45.1347185Z   Scenario: deterministic HS384 secrets are stable
prepare	Reconcile surviving predecessor source PR	2026-09-06T23:27:45.1347604Z    ✔  Given a deterministic factory seeded with "hs384-seed"
prepare	Reconcile surviving predecessor source PR	2026-09-06T23:27:45.1348062Z    ✔  When I generate an HMAC HS384 secret for label "hs384-issuer"
prepare	Reconcile surviving predecessor source PR	2026-09-06T23:27:45.1348624Z    ✔  And I generate an HMAC HS384 secret for label "hs384-issuer" again
prepare	Reconcile surviving predecessor source PR	2026-09-06T23:27:45.1349062Z    ✔  Then the HMAC secrets should be identical
prepare	Reconcile surviving predecessor source PR	2026-09-06T23:27:45.1349399Z   Scenario: deterministic HS512 secrets are stable
prepare	Reconcile surviving predecessor source PR	2026-09-06T23:27:45.1349808Z    ✔  Given a deterministic factory seeded with "hs512-seed"
prepare	Reconcile surviving predecessor source PR	2026-09-06T23:27:45.1350266Z    ✔  When I generate an HMAC HS512 secret for label "hs512-issuer"
prepare	Reconcile surviving predecessor source PR	2026-09-06T23:27:45.1350750Z    ✔  And I generate an HMAC HS512 secret for label "hs512-issuer" again
prepare	Reconcile surviving predecessor source PR	2026-09-06T23:27:45.1351173Z    ✔  Then the HMAC secrets should be identical
prepare	Reconcile surviving predecessor source PR	2026-09-06T23:27:45.1351569Z   Scenario: HMAC HS256 and HS384 produce different secrets for same label
prepare	Reconcile surviving predecessor source PR	2026-09-06T23:27:45.1352087Z    ✔  Given a deterministic factory seeded with "hmac-variant-test"
prepare	Reconcile surviving predecessor source PR	2026-09-06T23:27:45.1352568Z    ✔  When I generate an HMAC HS256 secret for label "shared-label"
prepare	Reconcile surviving predecessor source PR	2026-09-06T23:27:45.1353067Z    ✔  And I generate another HMAC HS384 secret for label "shared-label"
prepare	Reconcile surviving predecessor source PR	2026-09-06T23:27:45.1353492Z    ✔  Then the HMAC secrets should be different
prepare	Reconcile surviving predecessor source PR	2026-09-06T23:27:45.1353882Z   Scenario: HMAC HS384 and HS512 produce different secrets for same label
prepare	Reconcile surviving predecessor source PR	2026-09-06T23:27:45.1354784Z    ✔  Given a deterministic factory seeded with "hmac-variant-test-2"
prepare	Reconcile surviving predecessor source PR	2026-09-06T23:27:45.1355462Z    ✔  When I generate an HMAC HS384 secret for label "shared-label"
prepare	Reconcile surviving predecessor source PR	2026-09-06T23:27:45.1356130Z    ✔  And I generate another HMAC HS512 secret for label "shared-label"
prepare	Reconcile surviving predecessor source PR	2026-09-06T23:27:45.1356563Z    ✔  Then the HMAC secrets should be different
prepare	Reconcile surviving predecessor source PR	2026-09-06T23:27:45.1356875Z   Scenario: HMAC secret bytes are accessible
prepare	Reconcile surviving predecessor source PR	2026-09-06T23:27:45.1357273Z    ✔  Given a deterministic factory seeded with "hmac-bytes-test"
prepare	Reconcile surviving predecessor source PR	2026-09-06T23:27:45.1357719Z    ✔  When I generate an HMAC HS256 secret for label "hmac-bytes"
prepare	Reconcile surviving predecessor source PR	2026-09-06T23:27:45.1358118Z    ✔  Then the HMAC secret bytes should have length 32
prepare	Reconcile surviving predecessor source PR	2026-09-06T23:27:45.1358459Z   Scenario: HMAC HS384 secret bytes have correct length
prepare	Reconcile surviving predecessor source PR	2026-09-06T23:27:45.1358904Z    ✔  Given a deterministic factory seeded with "hmac-hs384-bytes-test"
prepare	Reconcile surviving predecessor source PR	2026-09-06T23:27:45.1359364Z    ✔  When I generate an HMAC HS384 secret for label "hmac-hs384"
prepare	Reconcile surviving predecessor source PR	2026-09-06T23:27:45.1359774Z    ✔  Then the HMAC secret bytes should have length 48
prepare	Reconcile surviving predecessor source PR	2026-09-06T23:27:45.1360108Z   Scenario: HMAC HS512 secret bytes have correct length
prepare	Reconcile surviving predecessor source PR	2026-09-06T23:27:45.1360551Z    ✔  Given a deterministic factory seeded with "hmac-hs512-bytes-test"
prepare	Reconcile surviving predecessor source PR	2026-09-06T23:27:45.1361009Z    ✔  When I generate an HMAC HS512 secret for label "hmac-hs512"
prepare	Reconcile surviving predecessor source PR	2026-09-06T23:27:45.1361415Z    ✔  Then the HMAC secret bytes should have length 64
prepare	Reconcile surviving predecessor source PR	2026-09-06T23:27:45.1361730Z   Scenario: HMAC HS384 JWK has required fields
prepare	Reconcile surviving predecessor source PR	2026-09-06T23:27:45.1362129Z    ✔  Given a deterministic factory seeded with "hmac-hs384-jwk"
prepare	Reconcile surviving predecessor source PR	2026-09-06T23:27:45.1362579Z    ✔  When I generate an HMAC HS384 secret for label "hs384-signer"
prepare	Reconcile surviving predecessor source PR	2026-09-06T23:27:45.1362962Z    ✔  Then the HMAC JWK should have kty "oct"
prepare	Reconcile surviving predecessor source PR	2026-09-06T23:27:45.1363296Z    ✔  And the HMAC JWK should have alg "HS384"
prepare	Reconcile surviving predecessor source PR	2026-09-06T23:27:45.1363617Z    ✔  And the HMAC JWK should have use "sig"
prepare	Reconcile surviving predecessor source PR	2026-09-06T23:27:45.1363929Z    ✔  And the HMAC JWK should have a kid
prepare	Reconcile surviving predecessor source PR	2026-09-06T23:27:45.1364259Z    ✔  And the HMAC JWK should have k parameter
prepare	Reconcile surviving predecessor source PR	2026-09-06T23:27:45.1364554Z   Scenario: HMAC HS512 JWK has required fields
prepare	Reconcile surviving predecessor source PR	2026-09-06T23:27:45.1364947Z    ✔  Given a deterministic factory seeded with "hmac-hs512-jwk"
prepare	Reconcile surviving predecessor source PR	2026-09-06T23:27:45.1365387Z    ✔  When I generate an HMAC HS512 secret for label "hs512-signer"
prepare	Reconcile surviving predecessor source PR	2026-09-06T23:27:45.1365880Z    ✔  Then the HMAC JWK should have kty "oct"
prepare	Reconcile surviving predecessor source PR	2026-09-06T23:27:45.1366211Z    ✔  And the HMAC JWK should have alg "HS512"
prepare	Reconcile surviving predecessor source PR	2026-09-06T23:27:45.1366524Z    ✔  And the HMAC JWK should have use "sig"
prepare	Reconcile surviving predecessor source PR	2026-09-06T23:27:45.1366830Z    ✔  And the HMAC JWK should have a kid
prepare	Reconcile surviving predecessor source PR	2026-09-06T23:27:45.1367139Z    ✔  And the HMAC JWK should have k parameter
prepare	Reconcile surviving predecessor source PR	2026-09-06T23:27:45.1367408Z Feature: JWK generation
prepare	Reconcile surviving predecessor source PR	2026-09-06T23:27:45.1367647Z   Scenario: public JWK has required fields
prepare	Reconcile surviving predecessor source PR	2026-09-06T23:27:45.1368036Z    ✔> Given a deterministic factory seeded with "jwk-test-seed"
prepare	Reconcile surviving predecessor source PR	2026-09-06T23:27:45.1368450Z    ✔  When I generate an RSA key for label "auth-service"
prepare	Reconcile surviving predecessor source PR	2026-09-06T23:27:45.1368826Z    ✔  Then the public JWK should have kty "RSA"
prepare	Reconcile surviving predecessor source PR	2026-09-06T23:27:45.1369169Z    ✔  And the public JWK should have alg "RS256"
prepare	Reconcile surviving predecessor source PR	2026-09-06T23:27:45.1369513Z    ✔  And the public JWK should have use "sig"
prepare	Reconcile surviving predecessor source PR	2026-09-06T23:27:45.1369843Z    ✔  And the public JWK should have a kid
prepare	Reconcile surviving predecessor source PR	2026-09-06T23:27:45.1370193Z    ✔  And the public JWK should have n and e parameters
prepare	Reconcile surviving predecessor source PR	2026-09-06T23:27:45.1370512Z   Scenario: JWKS wraps the JWK in keys array
prepare	Reconcile surviving predecessor source PR	2026-09-06T23:27:45.1370897Z    ✔> Given a deterministic factory seeded with "jwk-test-seed"
prepare	Reconcile surviving predecessor source PR	2026-09-06T23:27:45.1371349Z    ✔  When I generate an RSA key for label "auth-service"
prepare	Reconcile surviving predecessor source PR	2026-09-06T23:27:45.1371710Z    ✔  Then the JWKS should have a keys array
prepare	Reconcile surviving predecessor source PR	2026-09-06T23:27:45.1372068Z    ✔  And the JWKS keys array should contain one key
prepare	Reconcile surviving predecessor source PR	2026-09-06T23:27:45.1372383Z   Scenario: private JWK has required fields
prepare	Reconcile surviving predecessor source PR	2026-09-06T23:27:45.1372775Z    ✔> Given a deterministic factory seeded with "jwk-test-seed"
prepare	Reconcile surviving predecessor source PR	2026-09-06T23:27:45.1373190Z    ✔  When I generate an RSA key for label "auth-service"
prepare	Reconcile surviving predecessor source PR	2026-09-06T23:27:45.1373769Z    ✔  Then the RSA private JWK should have d p q dp dq qi parameters
prepare	Reconcile surviving predecessor source PR	2026-09-06T23:27:45.1374122Z   Scenario: kid is deterministic
prepare	Reconcile surviving predecessor source PR	2026-09-06T23:27:45.1374602Z    ✔> Given a deterministic factory seeded with "jwk-test-seed"
prepare	Reconcile surviving predecessor source PR	2026-09-06T23:27:45.1375020Z    ✔  When I generate an RSA key for label "stable-kid"
prepare	Reconcile surviving predecessor source PR	2026-09-06T23:27:45.1375357Z    ✔  And I capture the kid
prepare	Reconcile surviving predecessor source PR	2026-09-06T23:27:45.1383476Z    ✔  And I clear the factory cache
prepare	Reconcile surviving predecessor source PR	2026-09-06T23:27:45.1384161Z    ✔  And I generate an RSA key for label "stable-kid"
prepare	Reconcile surviving predecessor source PR	2026-09-06T23:27:45.1384623Z    ✔  And I capture the kid again
prepare	Reconcile surviving predecessor source PR	2026-09-06T23:27:45.1384933Z    ✔  Then the kids should be identical
prepare	Reconcile surviving predecessor source PR	2026-09-06T23:27:45.1385229Z   Scenario: kid differs for different keys
prepare	Reconcile surviving predecessor source PR	2026-09-06T23:27:45.1385631Z    ✔> Given a deterministic factory seeded with "jwk-test-seed"
prepare	Reconcile surviving predecessor source PR	2026-09-06T23:27:45.1386286Z    ✔  When I generate an RSA key for label "key-one"
prepare	Reconcile surviving predecessor source PR	2026-09-06T23:27:45.1386616Z    ✔  And I capture the kid
prepare	Reconcile surviving predecessor source PR	2026-09-06T23:27:45.1386916Z    ✔  And I generate an RSA key for label "key-two"
prepare	Reconcile surviving predecessor source PR	2026-09-06T23:27:45.1387263Z    ✔  And I capture the kid again
prepare	Reconcile surviving predecessor source PR	2026-09-06T23:27:45.1387552Z    ✔  Then the kids should differ
prepare	Reconcile surviving predecessor source PR	2026-09-06T23:27:45.1387807Z Feature: JWKS (JSON Web Key Set) builder
prepare	Reconcile surviving predecessor source PR	2026-09-06T23:27:45.1388080Z   Scenario: build JWKS from RSA key
prepare	Reconcile surviving predecessor source PR	2026-09-06T23:27:45.1388445Z    ✔  Given a deterministic factory seeded with "jwks-rsa-test"
prepare	Reconcile surviving predecessor source PR	2026-09-06T23:27:45.1388927Z    ✔  When I generate an RSA key for label "rsa-signer" with spec RS256
prepare	Reconcile surviving predecessor source PR	2026-09-06T23:27:45.1389386Z    ✔  And I build a JWKS containing the RSA key with kid "key-1"
prepare	Reconcile surviving predecessor source PR	2026-09-06T23:27:45.1389755Z    ✔  Then the JWKS should contain 1 key
prepare	Reconcile surviving predecessor source PR	2026-09-06T23:27:45.1390106Z    ✔  And the JWKS should contain a key with kid "key-1"
prepare	Reconcile surviving predecessor source PR	2026-09-06T23:27:45.1390482Z    ✔  And the JWKS should contain a key with kty "RSA"
prepare	Reconcile surviving predecessor source PR	2026-09-06T23:27:45.1390793Z   Scenario: build JWKS from ECDSA key
prepare	Reconcile surviving predecessor source PR	2026-09-06T23:27:45.1391171Z    ✔  Given a deterministic factory seeded with "jwks-ecdsa-test"
prepare	Reconcile surviving predecessor source PR	2026-09-06T23:27:45.1391632Z    ✔  When I generate an ECDSA ES256 key for label "ecdsa-signer"
prepare	Reconcile surviving predecessor source PR	2026-09-06T23:27:45.1392082Z    ✔  And I build a JWKS containing the ECDSA key with kid "es256-key"
prepare	Reconcile surviving predecessor source PR	2026-09-06T23:27:45.1392486Z    ✔  Then the JWKS should contain 1 key
prepare	Reconcile surviving predecessor source PR	2026-09-06T23:27:45.1392844Z    ✔  And the JWKS should contain a key with kid "es256-key"
prepare	Reconcile surviving predecessor source PR	2026-09-06T23:27:45.1393227Z    ✔  And the JWKS should contain a key with kty "EC"
prepare	Reconcile surviving predecessor source PR	2026-09-06T23:27:45.1393528Z   Scenario: build JWKS from Ed25519 key
prepare	Reconcile surviving predecessor source PR	2026-09-06T23:27:45.1393918Z    ✔  Given a deterministic factory seeded with "jwks-ed25519-test"
prepare	Reconcile surviving predecessor source PR	2026-09-06T23:27:45.1394363Z    ✔  When I generate an Ed25519 key for label "ed25519-signer"
prepare	Reconcile surviving predecessor source PR	2026-09-06T23:27:45.1394810Z    ✔  And I build a JWKS containing the Ed25519 key with kid "eddsa-key"
prepare	Reconcile surviving predecessor source PR	2026-09-06T23:27:45.1395202Z    ✔  Then the JWKS should contain 1 key
prepare	Reconcile surviving predecessor source PR	2026-09-06T23:27:45.1395554Z    ✔  And the JWKS should contain a key with kid "eddsa-key"
prepare	Reconcile surviving predecessor source PR	2026-09-06T23:27:45.1396069Z    ✔  And the JWKS should contain a key with kty "OKP"
prepare	Reconcile surviving predecessor source PR	2026-09-06T23:27:45.1396382Z   Scenario: build JWKS from HMAC secret
prepare	Reconcile surviving predecessor source PR	2026-09-06T23:27:45.1396757Z    ✔  Given a deterministic factory seeded with "jwks-hmac-test"
prepare	Reconcile surviving predecessor source PR	2026-09-06T23:27:45.1397218Z    ✔  When I generate an HMAC HS256 secret for label "hmac-signer"
prepare	Reconcile surviving predecessor source PR	2026-09-06T23:27:45.1397711Z    ✔  And I build a JWKS containing the HMAC secret with kid "hs256-key"
prepare	Reconcile surviving predecessor source PR	2026-09-06T23:27:45.1398101Z    ✔  Then the JWKS should contain 1 key
prepare	Reconcile surviving predecessor source PR	2026-09-06T23:27:45.1398446Z    ✔  And the JWKS should contain a key with kid "hs256-key"
prepare	Reconcile surviving predecessor source PR	2026-09-06T23:27:45.1398821Z    ✔  And the JWKS should contain a key with kty "oct"
prepare	Reconcile surviving predecessor source PR	2026-09-06T23:27:45.1399140Z   Scenario: build JWKS with multiple key types
prepare	Reconcile surviving predecessor source PR	2026-09-06T23:27:45.1399547Z    ✔  Given a deterministic factory seeded with "jwks-multi-test"
prepare	Reconcile surviving predecessor source PR	2026-09-06T23:27:45.1400013Z    ✔  When I generate an RSA key for label "rsa-multi" with spec RS256
prepare	Reconcile surviving predecessor source PR	2026-09-06T23:27:45.1400458Z    ✔  And I generate an ECDSA ES256 key for label "ecdsa-multi"
prepare	Reconcile surviving predecessor source PR	2026-09-06T23:27:45.1400871Z    ✔  And I generate an Ed25519 key for label "ed25519-multi"
prepare	Reconcile surviving predecessor source PR	2026-09-06T23:27:45.1401487Z    ✔  And I generate an HMAC HS256 secret for label "hmac-multi"
prepare	Reconcile surviving predecessor source PR	2026-09-06T23:27:45.1401981Z    ✔  And I build a JWKS containing all keys
prepare	Reconcile surviving predecessor source PR	2026-09-06T23:27:45.1402301Z    ✔  Then the JWKS should contain 4 keys
prepare	Reconcile surviving predecessor source PR	2026-09-06T23:27:45.1402636Z    ✔  And the JWKS should contain a key with kty "RSA"
prepare	Reconcile surviving predecessor source PR	2026-09-06T23:27:45.1402999Z    ✔  And the JWKS should contain a key with kty "EC"
prepare	Reconcile surviving predecessor source PR	2026-09-06T23:27:45.1403356Z    ✔  And the JWKS should contain a key with kty "OKP"
prepare	Reconcile surviving predecessor source PR	2026-09-06T23:27:45.6075565Z    ✔  And the JWKS should contain a key with kty "oct"
prepare	Reconcile surviving predecessor source PR	2026-09-06T23:27:47.5087025Z   Scenario: JWKS keys have unique kids
prepare	Reconcile surviving predecessor source PR	2026-09-06T23:27:47.5088276Z    ✔  Given a deterministic factory seeded with "jwks-unique-test"
prepare	Reconcile surviving predecessor source PR	2026-09-06T23:27:47.5089283Z    ✔  When I generate an RSA key for label "rsa-1" with spec RS256
prepare	Reconcile surviving predecessor source PR	2026-09-06T23:27:47.5089900Z    ✔  And I generate an RSA key for label "rsa-2" with spec RS256
prepare	Reconcile surviving predecessor source PR	2026-09-06T23:27:47.5090497Z    ✔  And I build a JWKS with the RSA keys with kids "key-a" and "key-b"
prepare	Reconcile surviving predecessor source PR	2026-09-06T23:27:47.5091112Z    ✔  Then the JWKS should contain 2 keys
prepare	Reconcile surviving predecessor source PR	2026-09-06T23:27:47.5091552Z    ✔  And each key in the JWKS should have a unique kid
prepare	Reconcile surviving predecessor source PR	2026-09-06T23:27:47.5092023Z   Scenario: JWKS has deterministic ordering in deterministic mode
prepare	Reconcile surviving predecessor source PR	2026-09-06T23:27:47.5092568Z    ✔  Given a deterministic factory seeded with "jwks-order-test"
prepare	Reconcile surviving predecessor source PR	2026-09-06T23:27:47.5093112Z    ✔  When I generate an RSA key for label "rsa-order" with spec RS256
prepare	Reconcile surviving predecessor source PR	2026-09-06T23:27:47.5093646Z    ✔  And I generate an ECDSA ES256 key for label "ecdsa-order"
prepare	Reconcile surviving predecessor source PR	2026-09-06T23:27:47.5094128Z    ✔  And I generate an Ed25519 key for label "ed25519-order"
prepare	Reconcile surviving predecessor source PR	2026-09-06T23:27:47.5094682Z    ✔  And I build a JWKS containing all keys with kids "z-key", "a-key", "m-key"
prepare	Reconcile surviving predecessor source PR	2026-09-06T23:27:47.5095336Z    ✔  And I build another JWKS containing all keys with kids "z-key", "a-key", "m-key"
prepare	Reconcile surviving predecessor source PR	2026-09-06T23:27:47.5096323Z    ✔  Then both JWKS outputs should be identical
prepare	Reconcile surviving predecessor source PR	2026-09-06T23:27:47.5096773Z   Scenario: JWKS preserves duplicate kid insertion order
prepare	Reconcile surviving predecessor source PR	2026-09-06T23:27:47.5097326Z    ✔  Given a deterministic factory seeded with "jwks-dup-order-test"
prepare	Reconcile surviving predecessor source PR	2026-09-06T23:27:47.5097905Z    ✔  When I generate an RSA key for label "rsa-dup" with spec RS256
prepare	Reconcile surviving predecessor source PR	2026-09-06T23:27:47.5098445Z    ✔  And I generate an RSA key for label "rsa-dup-2" with spec RS256
prepare	Reconcile surviving predecessor source PR	2026-09-06T23:27:47.5099019Z    ✔  And I build a JWKS with the RSA keys with kids "same" and "same"
prepare	Reconcile surviving predecessor source PR	2026-09-06T23:27:47.5099474Z    ✔  Then the JWKS should contain 2 keys
prepare	Reconcile surviving predecessor source PR	2026-09-06T23:27:47.5099882Z    ✔  And the JWKS key at index 0 should have kid "same"
prepare	Reconcile surviving predecessor source PR	2026-09-06T23:27:47.5100321Z    ✔  And the JWKS key at index 1 should have kid "same"
prepare	Reconcile surviving predecessor source PR	2026-09-06T23:27:47.5100679Z   Scenario: JWKS JSON structure is valid
prepare	Reconcile surviving predecessor source PR	2026-09-06T23:27:47.5101128Z    ✔  Given a deterministic factory seeded with "jwks-json-test"
prepare	Reconcile surviving predecessor source PR	2026-09-06T23:27:47.5101657Z    ✔  When I generate an RSA key for label "rsa-json" with spec RS256
prepare	Reconcile surviving predecessor source PR	2026-09-06T23:27:47.5102186Z    ✔  And I build a JWKS containing the RSA key with kid "json-key"
prepare	Reconcile surviving predecessor source PR	2026-09-06T23:27:47.5102632Z    ✔  Then the JWKS JSON should have a "keys" array
prepare	Reconcile surviving predecessor source PR	2026-09-06T23:27:47.5102982Z    ✔  And the JWKS JSON should be parseable
prepare	Reconcile surviving predecessor source PR	2026-09-06T23:27:47.5103310Z   Scenario: RSA JWKS key contains required fields
prepare	Reconcile surviving predecessor source PR	2026-09-06T23:27:47.5103752Z    ✔  Given a deterministic factory seeded with "jwks-rsa-fields-test"
prepare	Reconcile surviving predecessor source PR	2026-09-06T23:27:47.5104263Z    ✔  When I generate an RSA key for label "rsa-fields" with spec RS256
prepare	Reconcile surviving predecessor source PR	2026-09-06T23:27:47.5104760Z    ✔  And I build a JWKS containing the RSA key with kid "rsa-fields-key"
prepare	Reconcile surviving predecessor source PR	2026-09-06T23:27:47.5105192Z    ✔  Then the JWKS RSA key should contain field "n"
prepare	Reconcile surviving predecessor source PR	2026-09-06T23:27:47.5105553Z    ✔  And the JWKS RSA key should contain field "e"
prepare	Reconcile surviving predecessor source PR	2026-09-06T23:27:47.5106051Z    ✔  And the JWKS RSA key should contain field "kty"
prepare	Reconcile surviving predecessor source PR	2026-09-06T23:27:47.5106420Z    ✔  And the JWKS RSA key should contain field "kid"
prepare	Reconcile surviving predecessor source PR	2026-09-06T23:27:47.5106775Z    ✔  And the JWKS RSA key should contain field "alg"
prepare	Reconcile surviving predecessor source PR	2026-09-06T23:27:47.5107095Z   Scenario: ECDSA JWKS key contains required fields
prepare	Reconcile surviving predecessor source PR	2026-09-06T23:27:47.5107946Z    ✔  Given a deterministic factory seeded with "jwks-ecdsa-fields-test"
prepare	Reconcile surviving predecessor source PR	2026-09-06T23:27:47.5108583Z    ✔  When I generate an ECDSA ES256 key for label "ecdsa-fields"
prepare	Reconcile surviving predecessor source PR	2026-09-06T23:27:47.5109071Z    ✔  And I build a JWKS containing the ECDSA key with kid "ecdsa-fields-key"
prepare	Reconcile surviving predecessor source PR	2026-09-06T23:27:47.5109514Z    ✔  Then the JWKS EC key should contain field "x"
prepare	Reconcile surviving predecessor source PR	2026-09-06T23:27:47.5109869Z    ✔  And the JWKS EC key should contain field "y"
prepare	Reconcile surviving predecessor source PR	2026-09-06T23:27:47.5110231Z    ✔  And the JWKS EC key should contain field "crv"
prepare	Reconcile surviving predecessor source PR	2026-09-06T23:27:47.5110592Z    ✔  And the JWKS EC key should contain field "kty"
prepare	Reconcile surviving predecessor source PR	2026-09-06T23:27:47.5110950Z    ✔  And the JWKS EC key should contain field "kid"
prepare	Reconcile surviving predecessor source PR	2026-09-06T23:27:47.5111255Z   Scenario: JWKS contains only public keys
prepare	Reconcile surviving predecessor source PR	2026-09-06T23:27:47.5111657Z    ✔  Given a deterministic factory seeded with "jwks-public-test"
prepare	Reconcile surviving predecessor source PR	2026-09-06T23:27:47.5112123Z    ✔  When I generate an RSA key for label "rsa-pub" with spec RS256
prepare	Reconcile surviving predecessor source PR	2026-09-06T23:27:47.5112600Z    ✔  And I build a JWKS containing the RSA public key with kid "pub-key"
prepare	Reconcile surviving predecessor source PR	2026-09-06T23:27:47.5113054Z    ✔  Then the JWKS RSA key should not contain field "d"
prepare	Reconcile surviving predecessor source PR	2026-09-06T23:27:47.5113448Z    ✔  And the JWKS RSA key should not contain field "p"
prepare	Reconcile surviving predecessor source PR	2026-09-06T23:27:47.5113825Z    ✔  And the JWKS RSA key should not contain field "q"
prepare	Reconcile surviving predecessor source PR	2026-09-06T23:27:47.5114132Z   Scenario: empty JWKS is valid
prepare	Reconcile surviving predecessor source PR	2026-09-06T23:27:47.5114501Z    ✔  Given a deterministic factory seeded with "jwks-empty-test"
prepare	Reconcile surviving predecessor source PR	2026-09-06T23:27:47.5114876Z    ✔  When I build an empty JWKS
prepare	Reconcile surviving predecessor source PR	2026-09-06T23:27:47.5115167Z    ✔  Then the JWKS should contain 0 keys
prepare	Reconcile surviving predecessor source PR	2026-09-06T23:27:47.5115515Z    ✔  And the JWKS JSON should have an empty "keys" array
prepare	Reconcile surviving predecessor source PR	2026-09-06T23:27:47.5115965Z   Scenario: JWKS with multiple RSA keys
prepare	Reconcile surviving predecessor source PR	2026-09-06T23:27:47.5116349Z    ✔  Given a deterministic factory seeded with "multi-rsa-test"
prepare	Reconcile surviving predecessor source PR	2026-09-06T23:27:47.5116797Z    ✔  When I generate an RSA key for label "rsa-1" with spec RS256
prepare	Reconcile surviving predecessor source PR	2026-09-06T23:27:47.5117232Z    ✔  And I generate an RSA key for label "rsa-2" with spec RS256
prepare	Reconcile surviving predecessor source PR	2026-09-06T23:27:47.5117703Z    ✔  And I build a JWKS with the RSA keys with kids "key-1" and "key-2"
prepare	Reconcile surviving predecessor source PR	2026-09-06T23:27:47.5118104Z    ✔  Then the JWKS should contain 2 keys
prepare	Reconcile surviving predecessor source PR	2026-09-06T23:27:47.5118434Z    ✔  And each key in the JWKS should have kty "RSA"
prepare	Reconcile surviving predecessor source PR	2026-09-06T23:27:47.5118801Z    ✔  And each key in the JWKS should have a unique kid
prepare	Reconcile surviving predecessor source PR	2026-09-06T23:27:47.5119111Z   Scenario: JWKS with multiple ECDSA keys
prepare	Reconcile surviving predecessor source PR	2026-09-06T23:27:47.5119501Z    ✔  Given a deterministic factory seeded with "multi-ecdsa-test"
prepare	Reconcile surviving predecessor source PR	2026-09-06T23:27:47.5119941Z    ✔  When I generate an ECDSA ES256 key for label "ecdsa-1"
prepare	Reconcile surviving predecessor source PR	2026-09-06T23:27:47.5120347Z    ✔  And I generate an ECDSA ES256 key for label "ecdsa-2"
prepare	Reconcile surviving predecessor source PR	2026-09-06T23:27:47.5120810Z    ✔  And I build a JWKS with the ECDSA keys with kids "es256-1" and "es256-2"
prepare	Reconcile surviving predecessor source PR	2026-09-06T23:27:47.5121234Z    ✔  Then the JWKS should contain 2 keys
prepare	Reconcile surviving predecessor source PR	2026-09-06T23:27:47.5121576Z    ✔  And each key in the JWKS should have kty "EC"
prepare	Reconcile surviving predecessor source PR	2026-09-06T23:27:47.5121944Z    ✔  And each key in the JWKS should have a unique kid
prepare	Reconcile surviving predecessor source PR	2026-09-06T23:27:47.5122270Z   Scenario: JWKS with multiple Ed25519 keys
prepare	Reconcile surviving predecessor source PR	2026-09-06T23:27:47.5122691Z    ✔  Given a deterministic factory seeded with "multi-ed25519-test"
prepare	Reconcile surviving predecessor source PR	2026-09-06T23:27:47.5123136Z    ✔  When I generate an Ed25519 key for label "ed25519-1"
prepare	Reconcile surviving predecessor source PR	2026-09-06T23:27:47.5123534Z    ✔  And I generate an Ed25519 key for label "ed25519-2"
prepare	Reconcile surviving predecessor source PR	2026-09-06T23:27:47.5123998Z    ✔  And I build a JWKS with the Ed25519 keys with kids "eddsa-1" and "eddsa-2"
prepare	Reconcile surviving predecessor source PR	2026-09-06T23:27:47.5124414Z    ✔  Then the JWKS should contain 2 keys
prepare	Reconcile surviving predecessor source PR	2026-09-06T23:27:47.5124747Z    ✔  And each key in the JWKS should have kty "OKP"
prepare	Reconcile surviving predecessor source PR	2026-09-06T23:27:47.5125111Z    ✔  And each key in the JWKS should have a unique kid
prepare	Reconcile surviving predecessor source PR	2026-09-06T23:27:47.5125416Z   Scenario: JWKS with multiple HMAC keys
prepare	Reconcile surviving predecessor source PR	2026-09-06T23:27:47.5125997Z    ✔  Given a deterministic factory seeded with "multi-hmac-test"
prepare	Reconcile surviving predecessor source PR	2026-09-06T23:27:47.5126466Z    ✔  When I generate an HMAC HS256 secret for label "hmac-1"
prepare	Reconcile surviving predecessor source PR	2026-09-06T23:27:47.5126876Z    ✔  And I generate an HMAC HS256 secret for label "hmac-2"
prepare	Reconcile surviving predecessor source PR	2026-09-06T23:27:47.5127509Z    ✔  And I build a JWKS with the HMAC secrets with kids "hs256-1" and "hs256-2"
prepare	Reconcile surviving predecessor source PR	2026-09-06T23:27:47.5128048Z    ✔  Then the JWKS should contain 2 keys
prepare	Reconcile surviving predecessor source PR	2026-09-06T23:27:47.5128382Z    ✔  And each key in the JWKS should have kty "oct"
prepare	Reconcile surviving predecessor source PR	2026-09-06T23:27:47.5128747Z    ✔  And each key in the JWKS should have a unique kid
prepare	Reconcile surviving predecessor source PR	2026-09-06T23:27:47.5129059Z   Scenario: JWKS rotation adds new key
prepare	Reconcile surviving predecessor source PR	2026-09-06T23:27:47.5129473Z    ✔  Given a deterministic factory seeded with "rotation-test"
prepare	Reconcile surviving predecessor source PR	2026-09-06T23:27:47.5129930Z    ✔  When I generate an RSA key for label "key-v1" with spec RS256
prepare	Reconcile surviving predecessor source PR	2026-09-06T23:27:47.5130365Z    ✔  And I build a JWKS containing the RSA key with kid "v1"
prepare	Reconcile surviving predecessor source PR	2026-09-06T23:27:47.5130722Z    ✔  Then the JWKS should contain 1 key
prepare	Reconcile surviving predecessor source PR	2026-09-06T23:27:47.5131098Z    ✔  When I generate an RSA key for label "key-v2" with spec RS256
prepare	Reconcile surviving predecessor source PR	2026-09-06T23:27:47.5131547Z    ✔  And I build a JWKS containing both keys with kids "v1" and "v2"
prepare	Reconcile surviving predecessor source PR	2026-09-06T23:27:47.5131945Z    ✔  Then the JWKS should contain 2 keys
prepare	Reconcile surviving predecessor source PR	2026-09-06T23:27:47.5132286Z    ✔  And the JWKS should contain a key with kid "v1"
prepare	Reconcile surviving predecessor source PR	2026-09-06T23:27:47.5132659Z    ✔  And the JWKS should contain a key with kid "v2"
prepare	Reconcile surviving predecessor source PR	2026-09-06T23:27:47.5132964Z   Scenario: JWKS rotation removes old key
prepare	Reconcile surviving predecessor source PR	2026-09-06T23:27:47.5133373Z    ✔  Given a deterministic factory seeded with "rotation-remove-test"
prepare	Reconcile surviving predecessor source PR	2026-09-06T23:27:47.5133850Z    ✔  When I generate an RSA key for label "key-v1" with spec RS256
prepare	Reconcile surviving predecessor source PR	2026-09-06T23:27:47.5134291Z    ✔  And I generate an RSA key for label "key-v2" with spec RS256
prepare	Reconcile surviving predecessor source PR	2026-09-06T23:27:47.5134714Z    ✔  And I build a JWKS with both keys with kids "v1" and "v2"
prepare	Reconcile surviving predecessor source PR	2026-09-06T23:27:47.5135072Z    ✔  Then the JWKS should contain 2 keys
prepare	Reconcile surviving predecessor source PR	2026-09-06T23:27:47.5135440Z    ✔  When I build a JWKS with only the second key with kid "v2"
prepare	Reconcile surviving predecessor source PR	2026-09-06T23:27:47.5136029Z    ✔  Then the JWKS should contain 1 key
prepare	Reconcile surviving predecessor source PR	2026-09-06T23:27:47.5136391Z    ✔  And the JWKS should contain a key with kid "v2"
prepare	Reconcile surviving predecessor source PR	2026-09-06T23:27:47.5136791Z    ✔  And the JWKS should not contain a key with kid "v1"
prepare	Reconcile surviving predecessor source PR	2026-09-06T23:27:47.5137141Z   Scenario: JWKS rotation preserves key identity
prepare	Reconcile surviving predecessor source PR	2026-09-06T23:27:47.5137618Z    ✔  Given a deterministic factory seeded with "rotation-preserve-test"
prepare	Reconcile surviving predecessor source PR	2026-09-06T23:27:47.5138141Z    ✔  When I generate an RSA key for label "key-stable" with spec RS256
prepare	Reconcile surviving predecessor source PR	2026-09-06T23:27:47.5138628Z    ✔  And I build a JWKS containing the RSA key with kid "stable-key"
prepare	Reconcile surviving predecessor source PR	2026-09-06T23:27:47.5139093Z    ✔  And I generate an RSA key for label "key-new" with spec RS256
prepare	Reconcile surviving predecessor source PR	2026-09-06T23:27:47.5139596Z    ✔  And I build a JWKS containing both keys with kids "stable-key" and "new-key"
prepare	Reconcile surviving predecessor source PR	2026-09-06T23:27:47.5140089Z    ✔  Then the JWKS should contain a key with kid "stable-key"
prepare	Reconcile surviving predecessor source PR	2026-09-06T23:27:47.5140600Z    ✔  And the JWKS key with kid "stable-key" should have the same modulus as the original
prepare	Reconcile surviving predecessor source PR	2026-09-06T23:27:47.5141021Z   Scenario: JWKS filtering by algorithm
prepare	Reconcile surviving predecessor source PR	2026-09-06T23:27:47.5141391Z    ✔  Given a deterministic factory seeded with "filter-test"
prepare	Reconcile surviving predecessor source PR	2026-09-06T23:27:47.5141847Z    ✔  When I generate an RSA key for label "rsa-key" with spec RS256
prepare	Reconcile surviving predecessor source PR	2026-09-06T23:27:47.5142292Z    ✔  And I generate an ECDSA ES256 key for label "ecdsa-key"
prepare	Reconcile surviving predecessor source PR	2026-09-06T23:27:47.5142716Z    ✔  And I generate an HMAC HS256 secret for label "hmac-key"
prepare	Reconcile surviving predecessor source PR	2026-09-06T23:27:47.5143087Z    ✔  And I build a JWKS containing all keys
prepare	Reconcile surviving predecessor source PR	2026-09-06T23:27:47.5143409Z    ✔  Then the JWKS should contain 3 keys
prepare	Reconcile surviving predecessor source PR	2026-09-06T23:27:47.5143760Z    ✔  And the JWKS should contain a key with alg "RS256"
prepare	Reconcile surviving predecessor source PR	2026-09-06T23:27:47.5144142Z    ✔  And the JWKS should contain a key with alg "ES256"
prepare	Reconcile surviving predecessor source PR	2026-09-06T23:27:47.5144515Z    ✔  And the JWKS should contain a key with alg "HS256"
prepare	Reconcile surviving predecessor source PR	2026-09-06T23:27:47.5880610Z   Scenario: JWKS filtering by key type
prepare	Reconcile surviving predecessor source PR	2026-09-06T23:27:47.5881771Z    ✔  Given a deterministic factory seeded with "filter-kty-test"
prepare	Reconcile surviving predecessor source PR	2026-09-06T23:27:47.5882500Z    ✔  When I generate an RSA key for label "rsa-filter" with spec RS256
prepare	Reconcile surviving predecessor source PR	2026-09-06T23:27:47.5883052Z    ✔  And I generate an ECDSA ES256 key for label "ecdsa-filter"
prepare	Reconcile surviving predecessor source PR	2026-09-06T23:27:47.5883962Z    ✔  And I generate an Ed25519 key for label "ed25519-filter"
prepare	Reconcile surviving predecessor source PR	2026-09-06T23:27:47.5884538Z    ✔  And I build a JWKS containing all keys
prepare	Reconcile surviving predecessor source PR	2026-09-06T23:27:47.5884907Z    ✔  Then the JWKS should contain 3 keys
prepare	Reconcile surviving predecessor source PR	2026-09-06T23:27:47.5885302Z    ✔  And the JWKS should contain a key with kty "RSA"
prepare	Reconcile surviving predecessor source PR	2026-09-06T23:27:47.5885992Z    ✔  And the JWKS should contain a key with kty "EC"
prepare	Reconcile surviving predecessor source PR	2026-09-06T23:27:47.5886500Z    ✔  And the JWKS should contain a key with kty "OKP"
prepare	Reconcile surviving predecessor source PR	2026-09-06T23:27:48.1554209Z   Scenario: JWKS filtering by kid
prepare	Reconcile surviving predecessor source PR	2026-09-06T23:27:48.1554937Z    ✔  Given a deterministic factory seeded with "filter-kid-test"
prepare	Reconcile surviving predecessor source PR	2026-09-06T23:27:48.1555515Z    ✔  When I generate an RSA key for label "rsa-a" with spec RS256
prepare	Reconcile surviving predecessor source PR	2026-09-06T23:27:48.1556719Z    ✔  And I generate an RSA key for label "rsa-b" with spec RS256
prepare	Reconcile surviving predecessor source PR	2026-09-06T23:27:48.1557253Z    ✔  And I generate an RSA key for label "rsa-c" with spec RS256
prepare	Reconcile surviving predecessor source PR	2026-09-06T23:27:48.1557831Z    ✔  And I build a JWKS containing all keys with kids "key-a", "key-b", "key-c"
prepare	Reconcile surviving predecessor source PR	2026-09-06T23:27:48.1558360Z    ✔  Then the JWKS should contain 3 keys
prepare	Reconcile surviving predecessor source PR	2026-09-06T23:27:48.1558743Z    ✔  When I filter the JWKS by kid "key-b"
prepare	Reconcile surviving predecessor source PR	2026-09-06T23:27:48.1559125Z    ✔  Then the filtered JWKS should contain 1 key
prepare	Reconcile surviving predecessor source PR	2026-09-06T23:27:48.1559585Z    ✔  And the filtered JWKS should contain a key with kid "key-b"
prepare	Reconcile surviving predecessor source PR	2026-09-06T23:27:48.4711614Z   Scenario: JWKS is identical when rebuilt from same keys
prepare	Reconcile surviving predecessor source PR	2026-09-06T23:27:48.4712574Z    ✔  Given a deterministic factory seeded with "jwks-rebuild-test"
prepare	Reconcile surviving predecessor source PR	2026-09-06T23:27:48.4713336Z    ✔  When I generate an RSA key for label "rebuild-rsa" with spec RS256
prepare	Reconcile surviving predecessor source PR	2026-09-06T23:27:48.4714020Z    ✔  And I generate an ECDSA ES256 key for label "rebuild-ecdsa"
prepare	Reconcile surviving predecessor source PR	2026-09-06T23:27:48.4714617Z    ✔  And I generate an Ed25519 key for label "rebuild-ed"
prepare	Reconcile surviving predecessor source PR	2026-09-06T23:27:48.4715316Z    ✔  And I build a JWKS containing all keys with kids "rsa-kid", "ecdsa-kid", "ed-kid"
prepare	Reconcile surviving predecessor source PR	2026-09-06T23:27:48.4716623Z    ✔  And I build another JWKS containing all keys with kids "rsa-kid", "ecdsa-kid", "ed-kid"
prepare	Reconcile surviving predecessor source PR	2026-09-06T23:27:48.4717381Z    ✔  Then both JWKS outputs should be identical
prepare	Reconcile surviving predecessor source PR	2026-09-06T23:27:48.4717863Z   Scenario: JWKS with three RSA keys has correct count
prepare	Reconcile surviving predecessor source PR	2026-09-06T23:27:48.4718471Z    ✔  Given a deterministic factory seeded with "jwks-triple-rsa"
prepare	Reconcile surviving predecessor source PR	2026-09-06T23:27:48.4719161Z    ✔  When I generate an RSA key for label "rsa-triple-1" with spec RS256
prepare	Reconcile surviving predecessor source PR	2026-09-06T23:27:48.4719735Z    ✔  And I generate an RSA key for label "rsa-triple-2" with spec RS256
prepare	Reconcile surviving predecessor source PR	2026-09-06T23:27:48.4720285Z    ✔  And I generate an RSA key for label "rsa-triple-3" with spec RS256
prepare	Reconcile surviving predecessor source PR	2026-09-06T23:27:48.4720858Z    ✔  And I build a JWKS containing all keys with kids "key-a", "key-b", "key-c"
prepare	Reconcile surviving predecessor source PR	2026-09-06T23:27:48.4721344Z    ✔  Then the JWKS should contain 3 keys
prepare	Reconcile surviving predecessor source PR	2026-09-06T23:27:48.4721730Z    ✔  And each key in the JWKS should have kty "RSA"
prepare	Reconcile surviving predecessor source PR	2026-09-06T23:27:48.4722177Z   Scenario: JWKS private key fields are absent from public-only JWKS
prepare	Reconcile surviving predecessor source PR	2026-09-06T23:27:48.4722764Z    ✔  Given a deterministic factory seeded with "jwks-public-fields-test"
prepare	Reconcile surviving predecessor source PR	2026-09-06T23:27:48.4723351Z    ✔  When I generate an ECDSA ES256 key for label "ecdsa-public-check"
prepare	Reconcile surviving predecessor source PR	2026-09-06T23:27:48.4723906Z    ✔  And I build a JWKS containing the ECDSA key with kid "pub-ecdsa"
prepare	Reconcile surviving predecessor source PR	2026-09-06T23:27:48.4724375Z    ✔  Then the JWKS EC key should contain field "x"
prepare	Reconcile surviving predecessor source PR	2026-09-06T23:27:48.4724781Z    ✔  And the JWKS EC key should contain field "y"
prepare	Reconcile surviving predecessor source PR	2026-09-06T23:27:48.4725182Z    ✔  And the JWKS EC key should contain field "kty"
prepare	Reconcile surviving predecessor source PR	2026-09-06T23:27:48.4725586Z    ✔  And the JWKS EC key should contain field "kid"
prepare	Reconcile surviving predecessor source PR	2026-09-06T23:27:48.6992418Z Feature: JWT signing and verification
prepare	Reconcile surviving predecessor source PR	2026-09-06T23:27:48.6993064Z   Scenario: sign JWT with RSA
prepare	Reconcile surviving predecessor source PR	2026-09-06T23:27:48.6993880Z    ✔  Given a deterministic factory seeded with "jwt-rsa-test"
prepare	Reconcile surviving predecessor source PR	2026-09-06T23:27:48.6994505Z    ✔  When I generate an RSA key for label "jwt-rsa"
prepare	Reconcile surviving predecessor source PR	2026-09-06T23:27:48.6995005Z    ✔  And I sign a JWT with the RSA key
prepare	Reconcile surviving predecessor source PR	2026-09-06T23:27:48.6995440Z    ✔  Then the JWT should be valid
prepare	Reconcile surviving predecessor source PR	2026-09-06T23:27:48.6996885Z    ✔  And the JWT header should have alg "RS256"
prepare	Reconcile surviving predecessor source PR	2026-09-06T23:27:48.6997414Z    ✔  And the JWT subject should be "jwt-subject"
prepare	Reconcile surviving predecessor source PR	2026-09-06T23:27:48.6998098Z   Scenario: sign JWT with ECDSA
prepare	Reconcile surviving predecessor source PR	2026-09-06T23:27:48.6998642Z    ✔  Given a deterministic factory seeded with "jwt-ecdsa-test"
prepare	Reconcile surviving predecessor source PR	2026-09-06T23:27:48.6999294Z    ✔  When I generate an ECDSA ES256 key for label "jwt-ecdsa"
prepare	Reconcile surviving predecessor source PR	2026-09-06T23:27:48.6999825Z    ✔  And I sign a JWT with the ECDSA key
prepare	Reconcile surviving predecessor source PR	2026-09-06T23:27:48.7000255Z    ✔  Then the JWT should be valid
prepare	Reconcile surviving predecessor source PR	2026-09-06T23:27:48.7000698Z    ✔  And the JWT header should have alg "ES256"
prepare	Reconcile surviving predecessor source PR	2026-09-06T23:27:48.7001234Z    ✔  And the JWT subject should be "jwt-subject"
prepare	Reconcile surviving predecessor source PR	2026-09-06T23:27:48.7001736Z   Scenario: sign JWT with Ed25519
prepare	Reconcile surviving predecessor source PR	2026-09-06T23:27:48.7002384Z    ✔  Given a deterministic factory seeded with "jwt-ed25519-test"
prepare	Reconcile surviving predecessor source PR	2026-09-06T23:27:48.7003145Z    ✔  When I generate an Ed25519 key for label "jwt-ed25519"
prepare	Reconcile surviving predecessor source PR	2026-09-06T23:27:48.7003767Z    ✔  And I sign a JWT with the Ed25519 key
prepare	Reconcile surviving predecessor source PR	2026-09-06T23:27:48.7004298Z    ✔  Then the JWT should be valid
prepare	Reconcile surviving predecessor source PR	2026-09-06T23:27:48.7004818Z    ✔  And the JWT header should have alg "EdDSA"
prepare	Reconcile surviving predecessor source PR	2026-09-06T23:27:48.7005429Z    ✔  And the JWT subject should be "jwt-subject"
prepare	Reconcile surviving predecessor source PR	2026-09-06T23:27:48.7006134Z   Scenario: sign JWT with HMAC
prepare	Reconcile surviving predecessor source PR	2026-09-06T23:27:48.7006752Z    ✔  Given a deterministic factory seeded with "jwt-hmac-test"
prepare	Reconcile surviving predecessor source PR	2026-09-06T23:27:48.7007511Z    ✔  When I generate an HMAC HS256 secret for label "jwt-hmac"
prepare	Reconcile surviving predecessor source PR	2026-09-06T23:27:48.7008132Z    ✔  And I sign a JWT with the HMAC key
prepare	Reconcile surviving predecessor source PR	2026-09-06T23:27:48.7008635Z    ✔  Then the JWT should be valid
prepare	Reconcile surviving predecessor source PR	2026-09-06T23:27:48.7009151Z    ✔  And the JWT header should have alg "HS256"
prepare	Reconcile surviving predecessor source PR	2026-09-06T23:27:48.7009737Z    ✔  And the JWT subject should be "jwt-subject"
prepare	Reconcile surviving predecessor source PR	2026-09-06T23:27:48.7010243Z   Scenario: verify JWT with RSA public key
prepare	Reconcile surviving predecessor source PR	2026-09-06T23:27:48.7010918Z    ✔  Given a deterministic factory seeded with "jwt-verify-rsa"
prepare	Reconcile surviving predecessor source PR	2026-09-06T23:27:48.7011663Z    ✔  When I generate an RSA key for label "jwt-verify-rsa"
prepare	Reconcile surviving predecessor source PR	2026-09-06T23:27:48.7012265Z    ✔  And I sign a JWT with the RSA key
prepare	Reconcile surviving predecessor source PR	2026-09-06T23:27:48.7012836Z    ✔  And I verify the JWT with the RSA public key
prepare	Reconcile surviving predecessor source PR	2026-09-06T23:27:48.7013396Z    ✔  Then the JWT should be valid
prepare	Reconcile surviving predecessor source PR	2026-09-06T23:27:48.7013809Z   Scenario: verify JWT with JWKS
prepare	Reconcile surviving predecessor source PR	2026-09-06T23:27:48.7014384Z    ✔  Given a deterministic factory seeded with "jwt-jwks"
prepare	Reconcile surviving predecessor source PR	2026-09-06T23:27:48.7015046Z    ✔  When I generate an RSA key for label "jwt-jwks"
prepare	Reconcile surviving predecessor source PR	2026-09-06T23:27:48.7016034Z    ✔  And I build a JWKS containing the RSA key with kid "jwt-key"
prepare	Reconcile surviving predecessor source PR	2026-09-06T23:27:48.7016690Z    ✔  And I sign a JWT with the RSA key
prepare	Reconcile surviving predecessor source PR	2026-09-06T23:27:48.7017211Z    ✔  And I verify the JWT with the JWKS
prepare	Reconcile surviving predecessor source PR	2026-09-06T23:27:48.7017709Z    ✔  Then the JWT should be valid
prepare	Reconcile surviving predecessor source PR	2026-09-06T23:27:48.7018168Z   Scenario: verify JWT fails with wrong algorithm
prepare	Reconcile surviving predecessor source PR	2026-09-06T23:27:48.7018872Z    ✔  Given a deterministic factory seeded with "jwt-wrong-alg"
prepare	Reconcile surviving predecessor source PR	2026-09-06T23:27:48.7019605Z    ✔  When I generate an RSA key for label "jwt-wrong-alg"
prepare	Reconcile surviving predecessor source PR	2026-09-06T23:27:48.7020207Z    ✔  And I sign a JWT with the RSA key
prepare	Reconcile surviving predecessor source PR	2026-09-06T23:27:48.7020819Z    ✔  And I attempt to verify the JWT with ES256 algorithm
prepare	Reconcile surviving predecessor source PR	2026-09-06T23:27:48.7021442Z    ✔  Then the JWT verification should fail
prepare	Reconcile surviving predecessor source PR	2026-09-06T23:27:48.7021932Z   Scenario: verify JWT fails with wrong key
prepare	Reconcile surviving predecessor source PR	2026-09-06T23:27:48.7022588Z    ✔  Given a deterministic factory seeded with "jwt-wrong-key"
prepare	Reconcile surviving predecessor source PR	2026-09-06T23:27:48.7023285Z    ✔  When I generate an RSA key for label "jwt-wrong"
prepare	Reconcile surviving predecessor source PR	2026-09-06T23:27:48.7023866Z    ✔  And I sign a JWT with the RSA key
prepare	Reconcile surviving predecessor source PR	2026-09-06T23:27:48.7024474Z    ✔  And I generate another RSA key for label "jwt-wrong-2"
prepare	Reconcile surviving predecessor source PR	2026-09-06T23:27:48.7025184Z    ✔  And I attempt to verify the JWT with the second RSA key
prepare	Reconcile surviving predecessor source PR	2026-09-06T23:27:48.7025980Z    ✔  Then the JWT verification should fail
prepare	Reconcile surviving predecessor source PR	2026-09-06T23:27:48.7026469Z   Scenario: verify JWT with ECDSA public key
prepare	Reconcile surviving predecessor source PR	2026-09-06T23:27:48.7027173Z    ✔  Given a deterministic factory seeded with "jwt-verify-ecdsa"
prepare	Reconcile surviving predecessor source PR	2026-09-06T23:27:48.7027986Z    ✔  When I generate an ECDSA ES256 key for label "jwt-verify-ecdsa"
prepare	Reconcile surviving predecessor source PR	2026-09-06T23:27:48.7028868Z    ✔  And I sign a JWT with the ECDSA key
prepare	Reconcile surviving predecessor source PR	2026-09-06T23:27:48.7029446Z    ✔  And I verify the JWT with the ECDSA public key
prepare	Reconcile surviving predecessor source PR	2026-09-06T23:27:48.7030165Z    ✔  Then the JWT should be valid
prepare	Reconcile surviving predecessor source PR	2026-09-06T23:27:48.7030613Z   Scenario: verify JWT with Ed25519 public key
prepare	Reconcile surviving predecessor source PR	2026-09-06T23:27:48.7031333Z    ✔  Given a deterministic factory seeded with "jwt-verify-ed25519"
prepare	Reconcile surviving predecessor source PR	2026-09-06T23:27:48.7032150Z    ✔  When I generate an Ed25519 key for label "jwt-verify-ed25519"
prepare	Reconcile surviving predecessor source PR	2026-09-06T23:27:48.7032804Z    ✔  And I sign a JWT with the Ed25519 key
prepare	Reconcile surviving predecessor source PR	2026-09-06T23:27:48.7033394Z    ✔  And I verify the JWT with the Ed25519 public key
prepare	Reconcile surviving predecessor source PR	2026-09-06T23:27:48.7033959Z    ✔  Then the JWT should be valid
prepare	Reconcile surviving predecessor source PR	2026-09-06T23:27:48.7034380Z   Scenario: verify JWT with HMAC secret
prepare	Reconcile surviving predecessor source PR	2026-09-06T23:27:48.7035034Z    ✔  Given a deterministic factory seeded with "jwt-verify-hmac"
prepare	Reconcile surviving predecessor source PR	2026-09-06T23:27:48.7036030Z    ✔  When I generate an HMAC HS256 secret for label "jwt-verify-hmac"
prepare	Reconcile surviving predecessor source PR	2026-09-06T23:27:48.7036715Z    ✔  And I sign a JWT with the HMAC key
prepare	Reconcile surviving predecessor source PR	2026-09-06T23:27:48.7037273Z    ✔  And I verify the JWT with the HMAC secret
prepare	Reconcile surviving predecessor source PR	2026-09-06T23:27:48.7037818Z    ✔  Then the JWT should be valid
prepare	Reconcile surviving predecessor source PR	2026-09-06T23:27:48.7038374Z   Scenario: deterministic RSA JWT is stable across generations
prepare	Reconcile surviving predecessor source PR	2026-09-06T23:27:48.7039153Z    ✔  Given a deterministic factory seeded with "jwt-det-rsa"
prepare	Reconcile surviving predecessor source PR	2026-09-06T23:27:48.7039859Z    ✔  When I generate an RSA key for label "jwt-det-rsa"
prepare	Reconcile surviving predecessor source PR	2026-09-06T23:27:48.7040443Z    ✔  And I sign a JWT with the RSA key
prepare	Reconcile surviving predecessor source PR	2026-09-06T23:27:48.7040933Z    ✔  And I record the JWT token
prepare	Reconcile surviving predecessor source PR	2026-09-06T23:27:48.7041423Z    ✔  And I sign a JWT with the RSA key
prepare	Reconcile surviving predecessor source PR	2026-09-06T23:27:48.7042050Z    ✔  Then the JWT token should be identical to the recorded one
prepare	Reconcile surviving predecessor source PR	2026-09-06T23:27:48.7042756Z   Scenario: verify JWT fails with HMAC key against RSA-signed token
prepare	Reconcile surviving predecessor source PR	2026-09-06T23:27:48.7043556Z    ✔  Given a deterministic factory seeded with "jwt-cross-alg"
prepare	Reconcile surviving predecessor source PR	2026-09-06T23:27:48.7044280Z    ✔  When I generate an RSA key for label "jwt-cross-rsa"
prepare	Reconcile surviving predecessor source PR	2026-09-06T23:27:48.7044871Z    ✔  And I sign a JWT with the RSA key
prepare	Reconcile surviving predecessor source PR	2026-09-06T23:27:48.7045480Z    ✔  And I attempt to verify the JWT with HS256 algorithm
prepare	Reconcile surviving predecessor source PR	2026-09-06T23:27:48.7046429Z    ✔  Then the JWT verification should fail
prepare	Reconcile surviving predecessor source PR	2026-09-06T23:27:48.7046893Z Feature: Label stress tests
prepare	Reconcile surviving predecessor source PR	2026-09-06T23:27:48.7047334Z   Scenario: empty label generates valid ECDSA key
prepare	Reconcile surviving predecessor source PR	2026-09-06T23:27:48.7048124Z    ✔  Given a deterministic factory seeded with "label-stress-empty-ecdsa"
prepare	Reconcile surviving predecessor source PR	2026-09-06T23:27:48.7048829Z    ?  When I generate an ECDSA ES256 key for label ""
prepare	Reconcile surviving predecessor source PR	2026-09-06T23:27:48.7049393Z       Step skipped: features/label_stress.feature:10:5
prepare	Reconcile surviving predecessor source PR	2026-09-06T23:27:48.7049956Z   Scenario: empty label generates valid Ed25519 key
prepare	Reconcile surviving predecessor source PR	2026-09-06T23:27:48.7050767Z    ✔  Given a deterministic factory seeded with "label-stress-empty-ed25519"
prepare	Reconcile surviving predecessor source PR	2026-09-06T23:27:48.7051461Z    ?  When I generate an Ed25519 key for label ""
prepare	Reconcile surviving predecessor source PR	2026-09-06T23:27:48.7051996Z       Step skipped: features/label_stress.feature:15:5
prepare	Reconcile surviving predecessor source PR	2026-09-06T23:27:48.7052555Z   Scenario: empty label generates valid HMAC secret
prepare	Reconcile surviving predecessor source PR	2026-09-06T23:27:48.7053353Z    ✔  Given a deterministic factory seeded with "label-stress-empty-hmac"
prepare	Reconcile surviving predecessor source PR	2026-09-06T23:27:48.7054060Z    ?  When I generate an HMAC HS256 secret for label ""
prepare	Reconcile surviving predecessor source PR	2026-09-06T23:27:48.7054627Z       Step skipped: features/label_stress.feature:20:5
prepare	Reconcile surviving predecessor source PR	2026-09-06T23:27:48.7055195Z   Scenario: empty label generates valid API key token
prepare	Reconcile surviving predecessor source PR	2026-09-06T23:27:48.7056196Z    ✔  Given a deterministic factory seeded with "label-stress-empty-token"
prepare	Reconcile surviving predecessor source PR	2026-09-06T23:27:48.7056893Z    ?  When I generate an API key token for label ""
prepare	Reconcile surviving predecessor source PR	2026-09-06T23:27:48.7057443Z       Step skipped: features/label_stress.feature:25:5
prepare	Reconcile surviving predecessor source PR	2026-09-06T23:27:48.7057997Z   Scenario: tab-only label generates valid RSA key
prepare	Reconcile surviving predecessor source PR	2026-09-06T23:27:48.7058726Z    ✔  Given a deterministic factory seeded with "label-stress-tab"
prepare	Reconcile surviving predecessor source PR	2026-09-06T23:27:48.7059415Z    ✔  When I generate an RSA key for label "	"
prepare	Reconcile surviving predecessor source PR	2026-09-06T23:27:48.7059981Z    ✔  Then the PKCS8 PEM should be parseable
prepare	Reconcile surviving predecessor source PR	2026-09-06T23:27:48.7060575Z   Scenario: special characters label generates valid Ed25519 key
prepare	Reconcile surviving predecessor source PR	2026-09-06T23:27:48.7061634Z    ✔  Given a deterministic factory seeded with "label-stress-special-ed"
prepare	Reconcile surviving predecessor source PR	2026-09-06T23:27:48.7062582Z    ?  When I generate an Ed25519 key for label "!@#$%^&*()_+-=[]{}|;':\",./<>?"
prepare	Reconcile surviving predecessor source PR	2026-09-06T23:27:48.7063274Z       Step skipped: features/label_stress.feature:38:5
prepare	Reconcile surviving predecessor source PR	2026-09-06T23:27:48.7063833Z   Scenario: emoji label generates valid HMAC secret
prepare	Reconcile surviving predecessor source PR	2026-09-06T23:27:48.7064614Z    ✔  Given a deterministic factory seeded with "label-stress-emoji-hmac"
prepare	Reconcile surviving predecessor source PR	2026-09-06T23:27:48.7065485Z    ✔  When I generate an HMAC HS256 secret for label "🔑🔐🗝️"
prepare	Reconcile surviving predecessor source PR	2026-09-06T23:27:48.7066373Z    ✔  Then the HMAC secret bytes should have length 32
prepare	Reconcile surviving predecessor source PR	2026-09-06T23:27:48.7066935Z   Scenario: emoji label generates valid bearer token
prepare	Reconcile surviving predecessor source PR	2026-09-06T23:27:48.7067737Z    ✔  Given a deterministic factory seeded with "label-stress-emoji-bearer"
prepare	Reconcile surviving predecessor source PR	2026-09-06T23:27:48.7068531Z    ✔  When I generate a bearer token for label "🎉🎊"
prepare	Reconcile surviving predecessor source PR	2026-09-06T23:27:48.7069156Z    ✔  Then the token value should be valid base64url
prepare	Reconcile surviving predecessor source PR	2026-09-06T23:27:48.7069771Z    ✔  And the token value should have length 43
prepare	Reconcile surviving predecessor source PR	2026-09-06T23:27:48.7070303Z   Scenario: unicode label is deterministic for ECDSA
prepare	Reconcile surviving predecessor source PR	2026-09-06T23:27:48.7071166Z    ✔  Given a deterministic factory seeded with "label-stress-det-unicode-ecdsa"
prepare	Reconcile surviving predecessor source PR	2026-09-06T23:27:48.7074120Z    ✔  When I generate an ECDSA ES256 key for label "ключ-тест"
prepare	Reconcile surviving predecessor source PR	2026-09-06T23:27:48.7074773Z    ✔  And I generate an ECDSA ES256 key for label "ключ-тест" again
prepare	Reconcile surviving predecessor source PR	2026-09-06T23:27:48.7075223Z    ✔  Then the ECDSA PKCS8 PEM should be identical
prepare	Reconcile surviving predecessor source PR	2026-09-06T23:27:48.7075590Z   Scenario: unicode label is deterministic for tokens
prepare	Reconcile surviving predecessor source PR	2026-09-06T23:27:48.7076482Z    ✔  Given a deterministic factory seeded with "label-stress-det-unicode-token"
prepare	Reconcile surviving predecessor source PR	2026-09-06T23:27:48.7077046Z    ✔  When I generate an API key token for label "مفتاح-اختبار"
prepare	Reconcile surviving predecessor source PR	2026-09-06T23:27:48.7077552Z    ✔  And I generate an API key token for label "مفتاح-اختبار" again
prepare	Reconcile surviving predecessor source PR	2026-09-06T23:27:48.7077973Z    ✔  Then the token values should be identical
prepare	Reconcile surviving predecessor source PR	2026-09-06T23:27:48.7078329Z   Scenario: empty label is deterministic for RSA
prepare	Reconcile surviving predecessor source PR	2026-09-06T23:27:48.7078821Z    ✔  Given a deterministic factory seeded with "label-stress-det-empty-rsa"
prepare	Reconcile surviving predecessor source PR	2026-09-06T23:27:48.7079258Z    ?  When I generate an RSA key for label ""
prepare	Reconcile surviving predecessor source PR	2026-09-06T23:27:48.7079589Z       Step skipped: features/label_stress.feature:68:5
prepare	Reconcile surviving predecessor source PR	2026-09-06T23:27:48.7079957Z   Scenario: similar labels produce different keys
prepare	Reconcile surviving predecessor source PR	2026-09-06T23:27:48.7080428Z    ✔  Given a deterministic factory seeded with "label-stress-collision"
prepare	Reconcile surviving predecessor source PR	2026-09-06T23:27:48.7080896Z    ✔  When I generate an Ed25519 key for label "test"
prepare	Reconcile surviving predecessor source PR	2026-09-06T23:27:48.7081296Z    ✔  And I generate another Ed25519 key for label "test "
prepare	Reconcile surviving predecessor source PR	2026-09-06T23:27:48.7081726Z    ✔  Then the Ed25519 keys should have different public keys
prepare	Reconcile surviving predecessor source PR	2026-09-06T23:27:56.8765656Z   Scenario: case-different labels produce different keys
prepare	Reconcile surviving predecessor source PR	2026-09-06T23:27:56.8766912Z    ✔  Given a deterministic factory seeded with "label-stress-case"
prepare	Reconcile surviving predecessor source PR	2026-09-06T23:27:56.8767676Z    ✔  When I generate an ECDSA ES256 key for label "MyKey"
prepare	Reconcile surviving predecessor source PR	2026-09-06T23:27:56.8768315Z    ✔  And I generate another ECDSA ES256 key for label "mykey"
prepare	Reconcile surviving predecessor source PR	2026-09-06T23:27:56.8768937Z    ✔  Then the ECDSA keys should have different public keys
prepare	Reconcile surviving predecessor source PR	2026-09-06T23:28:00.7293415Z Feature: Negative fixtures
prepare	Reconcile surviving predecessor source PR	2026-09-06T23:28:00.7293981Z   Scenario: BadHeader corruption replaces the BEGIN line
prepare	Reconcile surviving predecessor source PR	2026-09-06T23:28:00.7294930Z    ✔> Given a deterministic factory seeded with "negative-fixtures-test"
prepare	Reconcile surviving predecessor source PR	2026-09-06T23:28:00.7295715Z    ✔> And I generate an RSA key for label "test-key"
prepare	Reconcile surviving predecessor source PR	2026-09-06T23:28:00.7296681Z    ✔  When I corrupt the PKCS8 PEM with BadHeader
prepare	Reconcile surviving predecessor source PR	2026-09-06T23:28:00.7297496Z    ✔  Then the corrupted PEM should contain "BEGIN CORRUPTED KEY"
prepare	Reconcile surviving predecessor source PR	2026-09-06T23:28:00.7298200Z    ✔  And the corrupted PEM should fail to parse
prepare	Reconcile surviving predecessor source PR	2026-09-06T23:28:00.7610015Z   Scenario: BadFooter corruption replaces the END line
prepare	Reconcile surviving predecessor source PR	2026-09-06T23:28:00.7611122Z    ✔> Given a deterministic factory seeded with "negative-fixtures-test"
prepare	Reconcile surviving predecessor source PR	2026-09-06T23:28:00.7611976Z    ✔> And I generate an RSA key for label "test-key"
prepare	Reconcile surviving predecessor source PR	2026-09-06T23:28:00.7613024Z    ✔  When I corrupt the PKCS8 PEM with BadFooter
prepare	Reconcile surviving predecessor source PR	2026-09-06T23:28:00.7613738Z    ✔  Then the corrupted PEM should contain "END CORRUPTED KEY"
prepare	Reconcile surviving predecessor source PR	2026-09-06T23:28:00.7614647Z    ✔  And the corrupted PEM should fail to parse
prepare	Reconcile surviving predecessor source PR	2026-09-06T23:28:00.7641023Z   Scenario: BadBase64 corruption injects invalid characters
prepare	Reconcile surviving predecessor source PR	2026-09-06T23:28:00.7641940Z    ✔> Given a deterministic factory seeded with "negative-fixtures-test"
prepare	Reconcile surviving predecessor source PR	2026-09-06T23:28:00.7642710Z    ✔> And I generate an RSA key for label "test-key"
prepare	Reconcile surviving predecessor source PR	2026-09-06T23:28:00.7643328Z    ✔  When I corrupt the PKCS8 PEM with BadBase64
prepare	Reconcile surviving predecessor source PR	2026-09-06T23:28:00.7643993Z    ✔  Then the corrupted PEM should contain "THIS_IS_NOT_BASE64"
prepare	Reconcile surviving predecessor source PR	2026-09-06T23:28:00.7644657Z    ✔  And the corrupted PEM should fail to parse
prepare	Reconcile surviving predecessor source PR	2026-09-06T23:28:03.6831598Z   Scenario: Truncate corruption cuts the PEM short
prepare	Reconcile surviving predecessor source PR	2026-09-06T23:28:03.6832602Z    ✔> Given a deterministic factory seeded with "negative-fixtures-test"
prepare	Reconcile surviving predecessor source PR	2026-09-06T23:28:03.6833286Z    ✔> And I generate an RSA key for label "test-key"
prepare	Reconcile surviving predecessor source PR	2026-09-06T23:28:03.6834045Z    ✔  When I corrupt the PKCS8 PEM with Truncate to 50 bytes
prepare	Reconcile surviving predecessor source PR	2026-09-06T23:28:03.6834723Z    ✔  Then the corrupted PEM should have length 50
prepare	Reconcile surviving predecessor source PR	2026-09-06T23:28:03.6835304Z    ✔  And the corrupted PEM should fail to parse
prepare	Reconcile surviving predecessor source PR	2026-09-06T23:28:03.6933105Z   Scenario: ExtraBlankLine corruption adds whitespace
prepare	Reconcile surviving predecessor source PR	2026-09-06T23:28:03.6934033Z    ✔> Given a deterministic factory seeded with "negative-fixtures-test"
prepare	Reconcile surviving predecessor source PR	2026-09-06T23:28:03.6934824Z    ✔> And I generate an RSA key for label "test-key"
prepare	Reconcile surviving predecessor source PR	2026-09-06T23:28:03.6935464Z    ✔  When I corrupt the PKCS8 PEM with ExtraBlankLine
prepare	Reconcile surviving predecessor source PR	2026-09-06T23:28:03.6936322Z    ✔  Then the corrupted PEM should fail to parse
prepare	Reconcile surviving predecessor source PR	2026-09-06T23:28:03.6936853Z   Scenario: truncated DER is shorter than original
prepare	Reconcile surviving predecessor source PR	2026-09-06T23:28:03.6937624Z    ✔> Given a deterministic factory seeded with "negative-fixtures-test"
prepare	Reconcile surviving predecessor source PR	2026-09-06T23:28:03.6938369Z    ✔> And I generate an RSA key for label "test-key"
prepare	Reconcile surviving predecessor source PR	2026-09-06T23:28:03.6938967Z    ✔  When I truncate the PKCS8 DER to 100 bytes
prepare	Reconcile surviving predecessor source PR	2026-09-06T23:28:03.6939599Z    ✔  Then the truncated DER should have length 100
prepare	Reconcile surviving predecessor source PR	2026-09-06T23:28:03.6940233Z    ✔  And the truncated DER should fail to parse
prepare	Reconcile surviving predecessor source PR	2026-09-06T23:28:03.6962585Z   Scenario: truncating beyond length returns original
prepare	Reconcile surviving predecessor source PR	2026-09-06T23:28:03.6963498Z    ✔> Given a deterministic factory seeded with "negative-fixtures-test"
prepare	Reconcile surviving predecessor source PR	2026-09-06T23:28:03.6964328Z    ✔> And I generate an RSA key for label "test-key"
prepare	Reconcile surviving predecessor source PR	2026-09-06T23:28:03.6965011Z    ✔  When I truncate the PKCS8 DER to 99999 bytes
prepare	Reconcile surviving predecessor source PR	2026-09-06T23:28:03.6965910Z    ✔  Then the truncated DER should equal the original
prepare	Reconcile surviving predecessor source PR	2026-09-06T23:28:03.6966638Z   Scenario: deterministic PEM corruption with variant is stable
prepare	Reconcile surviving predecessor source PR	2026-09-06T23:28:03.6967627Z    ✔> Given a deterministic factory seeded with "negative-fixtures-test"
prepare	Reconcile surviving predecessor source PR	2026-09-06T23:28:03.6968441Z    ✔> And I generate an RSA key for label "test-key"
prepare	Reconcile surviving predecessor source PR	2026-09-06T23:28:03.6969317Z    ✔  When I deterministically corrupt the RSA PKCS8 PEM with variant "neg-v1"
prepare	Reconcile surviving predecessor source PR	2026-09-06T23:28:03.6970447Z    ✔  And I deterministically corrupt the RSA PKCS8 PEM with variant "neg-v1" again
prepare	Reconcile surviving predecessor source PR	2026-09-06T23:28:03.6971419Z    ✔  Then the deterministic text artifacts should be identical
prepare	Reconcile surviving predecessor source PR	2026-09-06T23:28:03.6972273Z    ✔  And the deterministic RSA PEM artifact should fail to parse
prepare	Reconcile surviving predecessor source PR	2026-09-06T23:28:03.6973056Z   Scenario: deterministic DER corruption with variant is stable
prepare	Reconcile surviving predecessor source PR	2026-09-06T23:28:03.6973966Z    ✔> Given a deterministic factory seeded with "negative-fixtures-test"
prepare	Reconcile surviving predecessor source PR	2026-09-06T23:28:03.6974762Z    ✔> And I generate an RSA key for label "test-key"
prepare	Reconcile surviving predecessor source PR	2026-09-06T23:28:03.6975619Z    ✔  When I deterministically corrupt the RSA PKCS8 DER with variant "neg-v1"
prepare	Reconcile surviving predecessor source PR	2026-09-06T23:28:03.6976901Z    ✔  And I deterministically corrupt the RSA PKCS8 DER with variant "neg-v1" again
prepare	Reconcile surviving predecessor source PR	2026-09-06T23:28:03.6977843Z    ✔  Then the deterministic binary artifacts should be identical
prepare	Reconcile surviving predecessor source PR	2026-09-06T23:28:03.6978662Z    ✔  And the deterministic RSA DER artifact should fail to parse
prepare	Reconcile surviving predecessor source PR	2026-09-06T23:28:03.6979460Z   Scenario: mismatched public key does not match the original private key
prepare	Reconcile surviving predecessor source PR	2026-09-06T23:28:03.6980880Z    ✔> Given a deterministic factory seeded with "negative-fixtures-test"
prepare	Reconcile surviving predecessor source PR	2026-09-06T23:28:03.6981902Z    ✔> And I generate an RSA key for label "test-key"
prepare	Reconcile surviving predecessor source PR	2026-09-06T23:28:03.6982584Z    ✔  Then a mismatched SPKI DER should parse and differ
prepare	Reconcile surviving predecessor source PR	2026-09-06T23:28:03.6983198Z   Scenario: mismatched key variant is deterministic
prepare	Reconcile surviving predecessor source PR	2026-09-06T23:28:03.6984018Z    ✔> Given a deterministic factory seeded with "negative-fixtures-test"
prepare	Reconcile surviving predecessor source PR	2026-09-06T23:28:03.6984819Z    ✔> And I generate an RSA key for label "test-key"
prepare	Reconcile surviving predecessor source PR	2026-09-06T23:28:03.6985443Z    ✔  When I get the mismatched public key
prepare	Reconcile surviving predecessor source PR	2026-09-06T23:28:03.6986233Z    ✔  And I get the mismatched public key again
prepare	Reconcile surviving predecessor source PR	2026-09-06T23:28:03.6986888Z    ✔  Then the mismatched keys should be identical
prepare	Reconcile surviving predecessor source PR	2026-09-06T23:28:03.6987633Z   Scenario: different PEM corruption variants produce different outputs
prepare	Reconcile surviving predecessor source PR	2026-09-06T23:28:03.6988624Z    ✔> Given a deterministic factory seeded with "negative-fixtures-test"
prepare	Reconcile surviving predecessor source PR	2026-09-06T23:28:03.6989482Z    ✔> And I generate an RSA key for label "test-key"
prepare	Reconcile surviving predecessor source PR	2026-09-06T23:28:03.6990411Z    ✔  When I deterministically corrupt the RSA PKCS8 PEM with variant "variant-alpha"
prepare	Reconcile surviving predecessor source PR	2026-09-06T23:28:03.6991597Z    ✔  And I deterministically corrupt the RSA PKCS8 PEM with variant "variant-beta" again
prepare	Reconcile surviving predecessor source PR	2026-09-06T23:28:03.6992531Z    ✔  Then the deterministic text artifacts should differ
prepare	Reconcile surviving predecessor source PR	2026-09-06T23:28:03.6993262Z   Scenario: different DER corruption variants produce different outputs
prepare	Reconcile surviving predecessor source PR	2026-09-06T23:28:03.6994243Z    ✔> Given a deterministic factory seeded with "negative-fixtures-test"
prepare	Reconcile surviving predecessor source PR	2026-09-06T23:28:03.6995068Z    ✔> And I generate an RSA key for label "test-key"
prepare	Reconcile surviving predecessor source PR	2026-09-06T23:28:03.6996194Z    ✔  When I deterministically corrupt the RSA PKCS8 DER with variant "variant-alpha"
prepare	Reconcile surviving predecessor source PR	2026-09-06T23:28:03.6997392Z    ✔  And I deterministically corrupt the RSA PKCS8 DER with variant "variant-beta" again
prepare	Reconcile surviving predecessor source PR	2026-09-06T23:28:03.6998348Z    ✔  Then the deterministic binary artifacts should differ
prepare	Reconcile surviving predecessor source PR	2026-09-06T23:28:03.6999091Z   Scenario: BadHeader and BadFooter produce different corruptions
prepare	Reconcile surviving predecessor source PR	2026-09-06T23:28:03.7000026Z    ✔> Given a deterministic factory seeded with "negative-fixtures-test"
prepare	Reconcile surviving predecessor source PR	2026-09-06T23:28:03.7000864Z    ✔> And I generate an RSA key for label "test-key"
prepare	Reconcile surviving predecessor source PR	2026-09-06T23:28:03.7001561Z    ✔  When I corrupt the PKCS8 PEM with BadHeader
prepare	Reconcile surviving predecessor source PR	2026-09-06T23:28:03.7002335Z    ✔  Then the corrupted PEM should contain "BEGIN CORRUPTED KEY"
prepare	Reconcile surviving predecessor source PR	2026-09-06T23:28:03.7003079Z    ✔  And the corrupted PEM should fail to parse
prepare	Reconcile surviving predecessor source PR	2026-09-06T23:28:03.7003688Z   Scenario: Truncate to 1 byte produces minimal output
prepare	Reconcile surviving predecessor source PR	2026-09-06T23:28:03.7004535Z    ✔> Given a deterministic factory seeded with "negative-fixtures-test"
prepare	Reconcile surviving predecessor source PR	2026-09-06T23:28:03.7005353Z    ✔> And I generate an RSA key for label "test-key"
prepare	Reconcile surviving predecessor source PR	2026-09-06T23:28:03.7006283Z    ✔  When I corrupt the PKCS8 PEM with Truncate to 1 bytes
prepare	Reconcile surviving predecessor source PR	2026-09-06T23:28:03.7007009Z    ✔  Then the corrupted PEM should have length 1
prepare	Reconcile surviving predecessor source PR	2026-09-06T23:28:03.7007680Z    ✔  And the corrupted PEM should fail to parse
prepare	Reconcile surviving predecessor source PR	2026-09-06T23:28:03.7008654Z   Scenario: ECDSA deterministic corrupt variant fails standard parsing
prepare	Reconcile surviving predecessor source PR	2026-09-06T23:28:03.7009821Z    ✔> Given a deterministic factory seeded with "negative-fixtures-test"
prepare	Reconcile surviving predecessor source PR	2026-09-06T23:28:03.7010652Z    ✔> And I generate an RSA key for label "test-key"
prepare	Reconcile surviving predecessor source PR	2026-09-06T23:28:03.7011430Z    ✔  Given a deterministic factory seeded with "ecdsa-corrupt-neg"
prepare	Reconcile surviving predecessor source PR	2026-09-06T23:28:03.7012267Z    ✔  When I generate an ECDSA ES256 key for label "corrupt-check"
prepare	Reconcile surviving predecessor source PR	2026-09-06T23:28:03.7013232Z    ✔  And I deterministically corrupt the ECDSA PKCS8 PEM with variant "corrupt-v1"
prepare	Reconcile surviving predecessor source PR	2026-09-06T23:28:03.7014386Z    ✔  And I deterministically corrupt the ECDSA PKCS8 PEM with variant "corrupt-v1" again
prepare	Reconcile surviving predecessor source PR	2026-09-06T23:28:03.7015413Z    ✔  Then the deterministic text artifacts should be identical
prepare	Reconcile surviving predecessor source PR	2026-09-06T23:28:03.7016496Z    ✔  And the deterministic ECDSA PEM artifact should fail to parse
prepare	Reconcile surviving predecessor source PR	2026-09-06T23:28:03.7017318Z   Scenario: Ed25519 deterministic corrupt variant fails standard parsing
prepare	Reconcile surviving predecessor source PR	2026-09-06T23:28:03.7018315Z    ✔> Given a deterministic factory seeded with "negative-fixtures-test"
prepare	Reconcile surviving predecessor source PR	2026-09-06T23:28:03.7019144Z    ✔> And I generate an RSA key for label "test-key"
prepare	Reconcile surviving predecessor source PR	2026-09-06T23:28:03.7019980Z    ✔  Given a deterministic factory seeded with "ed25519-corrupt-neg"
prepare	Reconcile surviving predecessor source PR	2026-09-06T23:28:03.7020839Z    ✔  When I generate an Ed25519 key for label "corrupt-check"
prepare	Reconcile surviving predecessor source PR	2026-09-06T23:28:03.7021797Z    ✔  And I deterministically corrupt the Ed25519 PKCS8 PEM with variant "corrupt-v1"
prepare	Reconcile surviving predecessor source PR	2026-09-06T23:28:03.7022956Z    ✔  And I deterministically corrupt the Ed25519 PKCS8 PEM with variant "corrupt-v1" again
prepare	Reconcile surviving predecessor source PR	2026-09-06T23:28:03.7023947Z    ✔  Then the deterministic text artifacts should be identical
prepare	Reconcile surviving predecessor source PR	2026-09-06T23:28:03.7024797Z    ✔  And the deterministic Ed25519 PEM artifact should fail to parse
prepare	Reconcile surviving predecessor source PR	2026-09-06T23:28:03.7025554Z   Scenario: ECDSA BadFooter corruption replaces the END line
prepare	Reconcile surviving predecessor source PR	2026-09-06T23:28:03.7026651Z    ✔> Given a deterministic factory seeded with "negative-fixtures-test"
prepare	Reconcile surviving predecessor source PR	2026-09-06T23:28:03.7027461Z    ✔> And I generate an RSA key for label "test-key"
prepare	Reconcile surviving predecessor source PR	2026-09-06T23:28:03.7028268Z    ✔  Given a deterministic factory seeded with "ecdsa-badfooter-neg"
prepare	Reconcile surviving predecessor source PR	2026-09-06T23:28:03.7029135Z    ✔  When I generate an ECDSA ES256 key for label "footer-test"
prepare	Reconcile surviving predecessor source PR	2026-09-06T23:28:03.7029886Z    ✔  And I corrupt the ECDSA PKCS8 PEM with BadFooter
prepare	Reconcile surviving predecessor source PR	2026-09-06T23:28:03.7030675Z    ✔  Then the corrupted ECDSA PEM should contain "END CORRUPTED KEY"
prepare	Reconcile surviving predecessor source PR	2026-09-06T23:28:03.7031435Z    ✔  And the corrupted ECDSA PEM should fail to parse
prepare	Reconcile surviving predecessor source PR	2026-09-06T23:28:03.7032126Z   Scenario: ECDSA BadBase64 corruption injects invalid characters
prepare	Reconcile surviving predecessor source PR	2026-09-06T23:28:03.7033024Z    ✔> Given a deterministic factory seeded with "negative-fixtures-test"
prepare	Reconcile surviving predecessor source PR	2026-09-06T23:28:03.7033838Z    ✔> And I generate an RSA key for label "test-key"
prepare	Reconcile surviving predecessor source PR	2026-09-06T23:28:03.7034685Z    ✔  Given a deterministic factory seeded with "ecdsa-badbase64-neg"
prepare	Reconcile surviving predecessor source PR	2026-09-06T23:28:03.7035470Z    ✔  When I generate an ECDSA ES256 key for label "base64-test"
prepare	Reconcile surviving predecessor source PR	2026-09-06T23:28:03.7036446Z    ✔  And I corrupt the ECDSA PKCS8 PEM with BadBase64
prepare	Reconcile surviving predecessor source PR	2026-09-06T23:28:03.7037237Z    ✔  Then the corrupted ECDSA PEM should contain "THIS_IS_NOT_BASE64"
prepare	Reconcile surviving predecessor source PR	2026-09-06T23:28:03.7037981Z    ✔  And the corrupted ECDSA PEM should fail to parse
prepare	Reconcile surviving predecessor source PR	2026-09-06T23:28:03.7038558Z   Scenario: ECDSA Truncate corruption cuts the PEM short
prepare	Reconcile surviving predecessor source PR	2026-09-06T23:28:03.7039341Z    ✔> Given a deterministic factory seeded with "negative-fixtures-test"
prepare	Reconcile surviving predecessor source PR	2026-09-06T23:28:03.7040061Z    ✔> And I generate an RSA key for label "test-key"
prepare	Reconcile surviving predecessor source PR	2026-09-06T23:28:03.7040781Z    ✔  Given a deterministic factory seeded with "ecdsa-truncate-pem-neg"
prepare	Reconcile surviving predecessor source PR	2026-09-06T23:28:03.7041563Z    ✔  When I generate an ECDSA ES256 key for label "truncate-pem"
prepare	Reconcile surviving predecessor source PR	2026-09-06T23:28:03.7042280Z    ✔  And I corrupt the ECDSA PKCS8 PEM with Truncate to 30 bytes
prepare	Reconcile surviving predecessor source PR	2026-09-06T23:28:03.7043011Z    ✔  Then the corrupted ECDSA PEM should have length 30
prepare	Reconcile surviving predecessor source PR	2026-09-06T23:28:03.7043657Z    ✔  And the corrupted ECDSA PEM should fail to parse
prepare	Reconcile surviving predecessor source PR	2026-09-06T23:28:03.7044534Z   Scenario: ECDSA ExtraBlankLine corruption fails parsing
prepare	Reconcile surviving predecessor source PR	2026-09-06T23:28:03.7045587Z    ✔> Given a deterministic factory seeded with "negative-fixtures-test"
prepare	Reconcile surviving predecessor source PR	2026-09-06T23:28:03.7046892Z    ✔> And I generate an RSA key for label "test-key"
prepare	Reconcile surviving predecessor source PR	2026-09-06T23:28:03.7047666Z    ✔  Given a deterministic factory seeded with "ecdsa-blankline-neg"
prepare	Reconcile surviving predecessor source PR	2026-09-06T23:28:03.7048462Z    ✔  When I generate an ECDSA ES256 key for label "blankline-test"
prepare	Reconcile surviving predecessor source PR	2026-09-06T23:28:03.7049252Z    ✔  And I corrupt the ECDSA PKCS8 PEM with ExtraBlankLine
prepare	Reconcile surviving predecessor source PR	2026-09-06T23:28:03.7049978Z    ✔  Then the corrupted ECDSA PEM should fail to parse
prepare	Reconcile surviving predecessor source PR	2026-09-06T23:28:03.7050631Z   Scenario: Ed25519 BadFooter corruption replaces the END line
prepare	Reconcile surviving predecessor source PR	2026-09-06T23:28:03.7051169Z    ✔> Given a deterministic factory seeded with "negative-fixtures-test"
prepare	Reconcile surviving predecessor source PR	2026-09-06T23:28:03.7051635Z    ✔> And I generate an RSA key for label "test-key"
prepare	Reconcile surviving predecessor source PR	2026-09-06T23:28:03.7052081Z    ✔  Given a deterministic factory seeded with "ed25519-badfooter-neg"
prepare	Reconcile surviving predecessor source PR	2026-09-06T23:28:03.7052553Z    ✔  When I generate an Ed25519 key for label "footer-test"
prepare	Reconcile surviving predecessor source PR	2026-09-06T23:28:03.7052976Z    ✔  And I corrupt the Ed25519 PKCS8 PEM with BadFooter
prepare	Reconcile surviving predecessor source PR	2026-09-06T23:28:03.7053429Z    ✔  Then the corrupted Ed25519 PEM should contain "END CORRUPTED KEY"
prepare	Reconcile surviving predecessor source PR	2026-09-06T23:28:03.7053877Z    ✔  And the corrupted Ed25519 PEM should fail to parse
prepare	Reconcile surviving predecessor source PR	2026-09-06T23:28:03.7054266Z   Scenario: Ed25519 BadBase64 corruption injects invalid characters
prepare	Reconcile surviving predecessor source PR	2026-09-06T23:28:03.7054766Z    ✔> Given a deterministic factory seeded with "negative-fixtures-test"
prepare	Reconcile surviving predecessor source PR	2026-09-06T23:28:03.7055200Z    ✔> And I generate an RSA key for label "test-key"
prepare	Reconcile surviving predecessor source PR	2026-09-06T23:28:03.7055631Z    ✔  Given a deterministic factory seeded with "ed25519-badbase64-neg"
prepare	Reconcile surviving predecessor source PR	2026-09-06T23:28:03.7056368Z    ✔  When I generate an Ed25519 key for label "base64-test"
prepare	Reconcile surviving predecessor source PR	2026-09-06T23:28:03.7056789Z    ✔  And I corrupt the Ed25519 PKCS8 PEM with BadBase64
prepare	Reconcile surviving predecessor source PR	2026-09-06T23:28:03.7057233Z    ✔  Then the corrupted Ed25519 PEM should contain "THIS_IS_NOT_BASE64"
prepare	Reconcile surviving predecessor source PR	2026-09-06T23:28:03.7057672Z    ✔  And the corrupted Ed25519 PEM should fail to parse
prepare	Reconcile surviving predecessor source PR	2026-09-06T23:28:03.7058042Z   Scenario: Ed25519 Truncate corruption cuts the PEM short
prepare	Reconcile surviving predecessor source PR	2026-09-06T23:28:03.7058513Z    ✔> Given a deterministic factory seeded with "negative-fixtures-test"
prepare	Reconcile surviving predecessor source PR	2026-09-06T23:28:03.7058962Z    ✔> And I generate an RSA key for label "test-key"
prepare	Reconcile surviving predecessor source PR	2026-09-06T23:28:03.7059413Z    ✔  Given a deterministic factory seeded with "ed25519-truncate-pem-neg"
prepare	Reconcile surviving predecessor source PR	2026-09-06T23:28:03.7059889Z    ✔  When I generate an Ed25519 key for label "truncate-pem"
prepare	Reconcile surviving predecessor source PR	2026-09-06T23:28:03.7060331Z    ✔  And I corrupt the Ed25519 PKCS8 PEM with Truncate to 20 bytes
prepare	Reconcile surviving predecessor source PR	2026-09-06T23:28:03.7060763Z    ✔  Then the corrupted Ed25519 PEM should have length 20
prepare	Reconcile surviving predecessor source PR	2026-09-06T23:28:03.7061155Z    ✔  And the corrupted Ed25519 PEM should fail to parse
prepare	Reconcile surviving predecessor source PR	2026-09-06T23:28:03.7061514Z   Scenario: Ed25519 ExtraBlankLine corruption fails parsing
prepare	Reconcile surviving predecessor source PR	2026-09-06T23:28:03.7061987Z    ✔> Given a deterministic factory seeded with "negative-fixtures-test"
prepare	Reconcile surviving predecessor source PR	2026-09-06T23:28:03.7062419Z    ✔> And I generate an RSA key for label "test-key"
prepare	Reconcile surviving predecessor source PR	2026-09-06T23:28:03.7062856Z    ✔  Given a deterministic factory seeded with "ed25519-blankline-neg"
prepare	Reconcile surviving predecessor source PR	2026-09-06T23:28:03.7063312Z    ✔  When I generate an Ed25519 key for label "blankline-test"
prepare	Reconcile surviving predecessor source PR	2026-09-06T23:28:03.7063744Z    ✔  And I corrupt the Ed25519 PKCS8 PEM with ExtraBlankLine
prepare	Reconcile surviving predecessor source PR	2026-09-06T23:28:03.7064150Z    ✔  Then the corrupted Ed25519 PEM should fail to parse
prepare	Reconcile surviving predecessor source PR	2026-09-06T23:28:03.7064582Z   Scenario: ECDSA different DER corruption variants produce different outputs
prepare	Reconcile surviving predecessor source PR	2026-09-06T23:28:03.7065119Z    ✔> Given a deterministic factory seeded with "negative-fixtures-test"
prepare	Reconcile surviving predecessor source PR	2026-09-06T23:28:03.7065550Z    ✔> And I generate an RSA key for label "test-key"
prepare	Reconcile surviving predecessor source PR	2026-09-06T23:28:03.7066192Z    ✔  Given a deterministic factory seeded with "ecdsa-der-variants-neg"
prepare	Reconcile surviving predecessor source PR	2026-09-06T23:28:03.7066684Z    ✔  When I generate an ECDSA ES256 key for label "der-variant-test"
prepare	Reconcile surviving predecessor source PR	2026-09-06T23:28:03.7067201Z    ✔  And I deterministically corrupt the ECDSA PKCS8 DER with variant "alpha"
prepare	Reconcile surviving predecessor source PR	2026-09-06T23:28:03.7067809Z    ✔  And I deterministically corrupt the ECDSA PKCS8 DER with variant "beta" again
prepare	Reconcile surviving predecessor source PR	2026-09-06T23:28:03.7068550Z    ✔  Then the deterministic binary artifacts should differ
prepare	Reconcile surviving predecessor source PR	2026-09-06T23:28:03.7069121Z   Scenario: Ed25519 different DER corruption variants produce different outputs
prepare	Reconcile surviving predecessor source PR	2026-09-06T23:28:03.7069696Z    ✔> Given a deterministic factory seeded with "negative-fixtures-test"
prepare	Reconcile surviving predecessor source PR	2026-09-06T23:28:03.7070149Z    ✔> And I generate an RSA key for label "test-key"
prepare	Reconcile surviving predecessor source PR	2026-09-06T23:28:03.7070601Z    ✔  Given a deterministic factory seeded with "ed25519-der-variants-neg"
prepare	Reconcile surviving predecessor source PR	2026-09-06T23:28:03.7071092Z    ✔  When I generate an Ed25519 key for label "der-variant-test"
prepare	Reconcile surviving predecessor source PR	2026-09-06T23:28:03.7071601Z    ✔  And I deterministically corrupt the Ed25519 PKCS8 DER with variant "alpha"
prepare	Reconcile surviving predecessor source PR	2026-09-06T23:28:03.7072175Z    ✔  And I deterministically corrupt the Ed25519 PKCS8 DER with variant "beta" again
prepare	Reconcile surviving predecessor source PR	2026-09-06T23:28:03.7072679Z    ✔  Then the deterministic binary artifacts should differ
prepare	Reconcile surviving predecessor source PR	2026-09-06T23:28:03.7073058Z   Scenario: ECDSA mismatched key variant is deterministic
prepare	Reconcile surviving predecessor source PR	2026-09-06T23:28:03.7073534Z    ✔> Given a deterministic factory seeded with "negative-fixtures-test"
prepare	Reconcile surviving predecessor source PR	2026-09-06T23:28:03.7074000Z    ✔> And I generate an RSA key for label "test-key"
prepare	Reconcile surviving predecessor source PR	2026-09-06T23:28:03.7074444Z    ✔  Given a deterministic factory seeded with "ecdsa-mismatch-det-neg"
prepare	Reconcile surviving predecessor source PR	2026-09-06T23:28:03.7074936Z    ✔  When I generate an ECDSA ES256 key for label "mismatch-victim"
prepare	Reconcile surviving predecessor source PR	2026-09-06T23:28:03.7075345Z    ✔  And I get the mismatched ECDSA public key
prepare	Reconcile surviving predecessor source PR	2026-09-06T23:28:03.7075909Z    ✔  And I get the mismatched ECDSA public key again
prepare	Reconcile surviving predecessor source PR	2026-09-06T23:28:03.7076323Z    ✔  Then the mismatched ECDSA keys should be identical
prepare	Reconcile surviving predecessor source PR	2026-09-06T23:28:03.7076690Z   Scenario: Ed25519 mismatched key variant is deterministic
prepare	Reconcile surviving predecessor source PR	2026-09-06T23:28:03.7077172Z    ✔> Given a deterministic factory seeded with "negative-fixtures-test"
prepare	Reconcile surviving predecessor source PR	2026-09-06T23:28:03.7077611Z    ✔> And I generate an RSA key for label "test-key"
prepare	Reconcile surviving predecessor source PR	2026-09-06T23:28:03.7078059Z    ✔  Given a deterministic factory seeded with "ed25519-mismatch-det-neg"
prepare	Reconcile surviving predecessor source PR	2026-09-06T23:28:03.7078549Z    ✔  When I generate an Ed25519 key for label "mismatch-victim"
prepare	Reconcile surviving predecessor source PR	2026-09-06T23:28:03.7078944Z    ✔  And I get the mismatched Ed25519 public key
prepare	Reconcile surviving predecessor source PR	2026-09-06T23:28:03.7079324Z    ✔  And I get the mismatched Ed25519 public key again
prepare	Reconcile surviving predecessor source PR	2026-09-06T23:28:03.7079715Z    ✔  Then the mismatched Ed25519 keys should be identical
prepare	Reconcile surviving predecessor source PR	2026-09-06T23:28:03.7080059Z Feature: Cross-type negative fixture edge cases
prepare	Reconcile surviving predecessor source PR	2026-09-06T23:28:03.7080373Z   Scenario: ECDSA ES384 BadHeader corruption
prepare	Reconcile surviving predecessor source PR	2026-09-06T23:28:03.7080804Z    ✔  Given a deterministic factory seeded with "neg-ecdsa384-badheader"
prepare	Reconcile surviving predecessor source PR	2026-09-06T23:28:03.7081285Z    ✔  When I generate an ECDSA ES384 key for label "es384-corrupt"
prepare	Reconcile surviving predecessor source PR	2026-09-06T23:28:03.7081700Z    ✔  And I corrupt the ECDSA PKCS8 PEM with BadHeader
prepare	Reconcile surviving predecessor source PR	2026-09-06T23:28:03.7082140Z    ✔  Then the corrupted ECDSA PEM should contain "BEGIN CORRUPTED KEY"
prepare	Reconcile surviving predecessor source PR	2026-09-06T23:28:03.7082576Z    ✔  And the corrupted ECDSA PEM should fail to parse
prepare	Reconcile surviving predecessor source PR	2026-09-06T23:28:03.7082891Z   Scenario: ECDSA ES384 BadBase64 corruption
prepare	Reconcile surviving predecessor source PR	2026-09-06T23:28:03.7083327Z    ✔  Given a deterministic factory seeded with "neg-ecdsa384-badbase64"
prepare	Reconcile surviving predecessor source PR	2026-09-06T23:28:03.7083795Z    ✔  When I generate an ECDSA ES384 key for label "es384-base64"
prepare	Reconcile surviving predecessor source PR	2026-09-06T23:28:03.7084209Z    ✔  And I corrupt the ECDSA PKCS8 PEM with BadBase64
prepare	Reconcile surviving predecessor source PR	2026-09-06T23:28:03.7084638Z    ✔  Then the corrupted ECDSA PEM should contain "THIS_IS_NOT_BASE64"
prepare	Reconcile surviving predecessor source PR	2026-09-06T23:28:03.7085062Z    ✔  And the corrupted ECDSA PEM should fail to parse
prepare	Reconcile surviving predecessor source PR	2026-09-06T23:28:03.7085371Z   Scenario: ECDSA ES384 DER truncation
prepare	Reconcile surviving predecessor source PR	2026-09-06T23:28:03.7086026Z    ✔  Given a deterministic factory seeded with "neg-ecdsa384-truncate"
prepare	Reconcile surviving predecessor source PR	2026-09-06T23:28:03.7086532Z    ✔  When I generate an ECDSA ES384 key for label "es384-truncate"
prepare	Reconcile surviving predecessor source PR	2026-09-06T23:28:03.7086945Z    ✔  And I truncate the ECDSA PKCS8 DER to 50 bytes
prepare	Reconcile surviving predecessor source PR	2026-09-06T23:28:03.7087323Z    ✔  Then the truncated ECDSA DER should have length 50
prepare	Reconcile surviving predecessor source PR	2026-09-06T23:28:03.7087699Z    ✔  And the truncated ECDSA DER should fail to parse
prepare	Reconcile surviving predecessor source PR	2026-09-06T23:28:03.7088056Z   Scenario: ECDSA deterministic DER corruption is stable
prepare	Reconcile surviving predecessor source PR	2026-09-06T23:28:03.7088698Z    ✔  Given a deterministic factory seeded with "neg-ecdsa-det-der-stable"
prepare	Reconcile surviving predecessor source PR	2026-09-06T23:28:03.7089302Z    ✔  When I generate an ECDSA ES256 key for label "det-stable"
prepare	Reconcile surviving predecessor source PR	2026-09-06T23:28:03.7089791Z    ✔  And I deterministically corrupt the ECDSA PKCS8 DER with variant "v1"
prepare	Reconcile surviving predecessor source PR	2026-09-06T23:28:03.7090345Z    ✔  And I deterministically corrupt the ECDSA PKCS8 DER with variant "v1" again
prepare	Reconcile surviving predecessor source PR	2026-09-06T23:28:03.7090857Z    ✔  Then the deterministic binary artifacts should be identical
prepare	Reconcile surviving predecessor source PR	2026-09-06T23:28:03.7091312Z    ✔  And the deterministic ECDSA DER artifact should fail to parse
prepare	Reconcile surviving predecessor source PR	2026-09-06T23:28:03.7091708Z   Scenario: Ed25519 deterministic DER corruption is stable
prepare	Reconcile surviving predecessor source PR	2026-09-06T23:28:03.7092191Z    ✔  Given a deterministic factory seeded with "neg-ed25519-det-der-stable"
prepare	Reconcile surviving predecessor source PR	2026-09-06T23:28:03.7092683Z    ✔  When I generate an Ed25519 key for label "det-stable"
prepare	Reconcile surviving predecessor source PR	2026-09-06T23:28:03.7093171Z    ✔  And I deterministically corrupt the Ed25519 PKCS8 DER with variant "v1"
prepare	Reconcile surviving predecessor source PR	2026-09-06T23:28:03.7093749Z    ✔  And I deterministically corrupt the Ed25519 PKCS8 DER with variant "v1" again
prepare	Reconcile surviving predecessor source PR	2026-09-06T23:28:03.7094277Z    ✔  Then the deterministic binary artifacts should be identical
prepare	Reconcile surviving predecessor source PR	2026-09-06T23:28:03.7094740Z    ✔  And the deterministic Ed25519 DER artifact should fail to parse
prepare	Reconcile surviving predecessor source PR	2026-09-06T23:28:03.7095158Z   Scenario: RSA mismatched SPKI DER is parseable but different
prepare	Reconcile surviving predecessor source PR	2026-09-06T23:28:03.7095664Z    ✔  Given a deterministic factory seeded with "neg-rsa-mismatch-parse"
prepare	Reconcile surviving predecessor source PR	2026-09-06T23:28:03.7096418Z    ✔  When I generate an RSA key for label "mismatch-rsa"
prepare	Reconcile surviving predecessor source PR	2026-09-06T23:28:03.7096829Z    ✔  Then a mismatched SPKI DER should parse and differ
prepare	Reconcile surviving predecessor source PR	2026-09-06T23:28:03.7097219Z   Scenario: ECDSA mismatched SPKI DER is parseable but different
prepare	Reconcile surviving predecessor source PR	2026-09-06T23:28:03.7097719Z    ✔  Given a deterministic factory seeded with "neg-ecdsa-mismatch-parse"
prepare	Reconcile surviving predecessor source PR	2026-09-06T23:28:03.7098226Z    ✔  When I generate an ECDSA ES256 key for label "mismatch-ecdsa"
prepare	Reconcile surviving predecessor source PR	2026-09-06T23:28:03.7098683Z    ✔  Then an ECDSA mismatched SPKI DER should parse and differ
prepare	Reconcile surviving predecessor source PR	2026-09-06T23:28:03.7099114Z   Scenario: Ed25519 mismatched SPKI DER is parseable but different
prepare	Reconcile surviving predecessor source PR	2026-09-06T23:28:03.7099635Z    ✔  Given a deterministic factory seeded with "neg-ed25519-mismatch-parse"
prepare	Reconcile surviving predecessor source PR	2026-09-06T23:28:03.7100131Z    ✔  When I generate an Ed25519 key for label "mismatch-ed25519"
prepare	Reconcile surviving predecessor source PR	2026-09-06T23:28:03.7100576Z    ✔  Then an Ed25519 mismatched SPKI DER should parse and differ
prepare	Reconcile surviving predecessor source PR	2026-09-06T23:28:03.7110811Z   Scenario: RSA DER truncation to 1 byte
prepare	Reconcile surviving predecessor source PR	2026-09-06T23:28:03.7111390Z    ✔  Given a deterministic factory seeded with "neg-rsa-truncate-1"
prepare	Reconcile surviving predecessor source PR	2026-09-06T23:28:03.7111894Z    ✔  When I generate an RSA key for label "truncate-rsa"
prepare	Reconcile surviving predecessor source PR	2026-09-06T23:28:03.7112291Z    ✔  And I truncate the PKCS8 DER to 1 bytes
prepare	Reconcile surviving predecessor source PR	2026-09-06T23:28:03.7112646Z    ✔  Then the truncated DER should have length 1
prepare	Reconcile surviving predecessor source PR	2026-09-06T23:28:03.7113011Z    ✔  And the truncated DER should fail to parse
prepare	Reconcile surviving predecessor source PR	2026-09-06T23:28:03.7113320Z   Scenario: ECDSA DER truncation to 1 byte
prepare	Reconcile surviving predecessor source PR	2026-09-06T23:28:03.7113759Z    ✔  Given a deterministic factory seeded with "neg-ecdsa-truncate-1"
prepare	Reconcile surviving predecessor source PR	2026-09-06T23:28:03.7114249Z    ✔  When I generate an ECDSA ES256 key for label "truncate-ecdsa"
prepare	Reconcile surviving predecessor source PR	2026-09-06T23:28:03.7114684Z    ✔  And I truncate the ECDSA PKCS8 DER to 1 bytes
prepare	Reconcile surviving predecessor source PR	2026-09-06T23:28:03.7115062Z    ✔  Then the truncated ECDSA DER should have length 1
prepare	Reconcile surviving predecessor source PR	2026-09-06T23:28:03.7115445Z    ✔  And the truncated ECDSA DER should fail to parse
prepare	Reconcile surviving predecessor source PR	2026-09-06T23:28:03.7116013Z   Scenario: Ed25519 DER truncation to 1 byte
prepare	Reconcile surviving predecessor source PR	2026-09-06T23:28:03.7116464Z    ✔  Given a deterministic factory seeded with "neg-ed25519-truncate-1"
prepare	Reconcile surviving predecessor source PR	2026-09-06T23:28:03.7116952Z    ✔  When I generate an Ed25519 key for label "truncate-ed25519"
prepare	Reconcile surviving predecessor source PR	2026-09-06T23:28:03.7117359Z    ✔  And I truncate the Ed25519 PKCS8 DER to 1 bytes
prepare	Reconcile surviving predecessor source PR	2026-09-06T23:28:03.7117743Z    ✔  Then the truncated Ed25519 DER should have length 1
prepare	Reconcile surviving predecessor source PR	2026-09-06T23:28:03.7118128Z    ✔  And the truncated Ed25519 DER should fail to parse
prepare	Reconcile surviving predecessor source PR	2026-09-06T23:28:03.7118497Z   Scenario: RSA corruption leaves original PKCS8 PEM intact
prepare	Reconcile surviving predecessor source PR	2026-09-06T23:28:03.7119198Z    ✔  Given a deterministic factory seeded with "neg-rsa-original-intact"
prepare	Reconcile surviving predecessor source PR	2026-09-06T23:28:03.7119780Z    ✔  When I generate an RSA key for label "intact-rsa"
prepare	Reconcile surviving predecessor source PR	2026-09-06T23:28:03.7120150Z    ✔  And I corrupt the PKCS8 PEM with BadHeader
prepare	Reconcile surviving predecessor source PR	2026-09-06T23:28:03.7120506Z    ✔  Then the corrupted PEM should fail to parse
prepare	Reconcile surviving predecessor source PR	2026-09-06T23:28:03.7120846Z    ✔  And the PKCS8 DER should be parseable
prepare	Reconcile surviving predecessor source PR	2026-09-06T23:28:03.7121230Z   Scenario: ECDSA corruption leaves original PKCS8 DER intact
prepare	Reconcile surviving predecessor source PR	2026-09-06T23:28:03.7121732Z    ✔  Given a deterministic factory seeded with "neg-ecdsa-original-intact"
prepare	Reconcile surviving predecessor source PR	2026-09-06T23:28:03.7122358Z    ✔  When I generate an ECDSA ES256 key for label "intact-ecdsa"
prepare	Reconcile surviving predecessor source PR	2026-09-06T23:28:03.7123114Z    ✔  And I corrupt the ECDSA PKCS8 PEM with BadBase64
prepare	Reconcile surviving predecessor source PR	2026-09-06T23:28:03.7123626Z    ✔  Then the corrupted ECDSA PEM should fail to parse
prepare	Reconcile surviving predecessor source PR	2026-09-06T23:28:03.7124003Z    ✔  And the ECDSA PKCS8 DER should be parseable
prepare	Reconcile surviving predecessor source PR	2026-09-06T23:28:03.7124365Z   Scenario: Ed25519 corruption leaves original PKCS8 DER intact
prepare	Reconcile surviving predecessor source PR	2026-09-06T23:28:03.7124902Z    ✔  Given a deterministic factory seeded with "neg-ed25519-original-intact"
prepare	Reconcile surviving predecessor source PR	2026-09-06T23:28:03.7125413Z    ✔  When I generate an Ed25519 key for label "intact-ed25519"
prepare	Reconcile surviving predecessor source PR	2026-09-06T23:28:03.7125982Z    ✔  And I corrupt the Ed25519 PKCS8 PEM with BadFooter
prepare	Reconcile surviving predecessor source PR	2026-09-06T23:28:03.7126377Z    ✔  Then the corrupted Ed25519 PEM should fail to parse
prepare	Reconcile surviving predecessor source PR	2026-09-06T23:28:03.7126748Z    ✔  And the Ed25519 PKCS8 DER should be parseable
prepare	Reconcile surviving predecessor source PR	2026-09-06T23:28:03.7128726Z Feature: PGP fixtures
prepare	Reconcile surviving predecessor source PR	2026-09-06T23:28:03.7129220Z   Scenario: deterministic Ed25519 PGP fixtures are stable
prepare	Reconcile surviving predecessor source PR	2026-09-06T23:28:03.7130363Z    ✔  Given a deterministic factory seeded with "0x0000000000000000000000000000000000000000000000000000000000000042"
prepare	Reconcile surviving predecessor source PR	2026-09-06T23:28:03.7131475Z    ✔  When I generate an Ed25519 PGP key for label "signer"
prepare	Reconcile surviving predecessor source PR	2026-09-06T23:28:03.7132294Z    ✔  And I generate an Ed25519 PGP key for label "signer" again
prepare	Reconcile surviving predecessor source PR	2026-09-06T23:28:03.7133024Z    ✔  Then the PGP private key armor should be identical
prepare	Reconcile surviving predecessor source PR	2026-09-06T23:28:03.7133682Z   Scenario: different labels produce different PGP keys
prepare	Reconcile surviving predecessor source PR	2026-09-06T23:28:03.7134967Z    ✔  Given a deterministic factory seeded with "0xdeadbeefdeadbeefdeadbeefdeadbeefdeadbeefdeadbeefdeadbeefdeadbeef"
prepare	Reconcile surviving predecessor source PR	2026-09-06T23:28:03.7136478Z    ✔  When I generate an Ed25519 PGP key for label "alice"
prepare	Reconcile surviving predecessor source PR	2026-09-06T23:28:03.7137070Z    ✔  And I generate another Ed25519 PGP key for label "bob"
prepare	Reconcile surviving predecessor source PR	2026-09-06T23:28:03.7137492Z    ✔  Then the PGP fingerprints should be different
prepare	Reconcile surviving predecessor source PR	2026-09-06T23:28:03.7137862Z   Scenario: different seeds produce different PGP keys
prepare	Reconcile surviving predecessor source PR	2026-09-06T23:28:03.7138282Z    ✔  Given a deterministic factory seeded with "seed-one"
prepare	Reconcile surviving predecessor source PR	2026-09-06T23:28:03.7138716Z    ✔  When I generate an Ed25519 PGP key for label "service"
prepare	Reconcile surviving predecessor source PR	2026-09-06T23:28:03.7139176Z    ✔  And I switch to a deterministic factory seeded with "seed-two"
prepare	Reconcile surviving predecessor source PR	2026-09-06T23:28:03.7139634Z    ✔  And I generate another Ed25519 PGP key for label "service"
prepare	Reconcile surviving predecessor source PR	2026-09-06T23:28:03.7140034Z    ✔  Then the PGP fingerprints should be different
prepare	Reconcile surviving predecessor source PR	2026-09-06T23:28:03.7140434Z   Scenario: random factory produces different PGP keys each time
prepare	Reconcile surviving predecessor source PR	2026-09-06T23:28:03.7140816Z    ✔  Given a random factory
prepare	Reconcile surviving predecessor source PR	2026-09-06T23:28:03.7141162Z    ✔  When I generate an Ed25519 PGP key for label "ephemeral"
prepare	Reconcile surviving predecessor source PR	2026-09-06T23:28:03.7141534Z    ✔  And I clear the factory cache
prepare	Reconcile surviving predecessor source PR	2026-09-06T23:28:03.7141916Z    ✔  And I generate an Ed25519 PGP key for label "ephemeral" again
prepare	Reconcile surviving predecessor source PR	2026-09-06T23:28:03.7142351Z    ✔  Then the PGP fingerprints should be different
prepare	Reconcile surviving predecessor source PR	2026-09-06T23:28:03.7142715Z   Scenario: random factory caches PGP within same session
prepare	Reconcile surviving predecessor source PR	2026-09-06T23:28:03.7143070Z    ✔  Given a random factory
prepare	Reconcile surviving predecessor source PR	2026-09-06T23:28:03.7143399Z    ✔  When I generate an Ed25519 PGP key for label "cached"
prepare	Reconcile surviving predecessor source PR	2026-09-06T23:28:03.7143818Z    ✔  And I generate an Ed25519 PGP key for label "cached" again
prepare	Reconcile surviving predecessor source PR	2026-09-06T23:28:03.7144232Z    ✔  Then the PGP private key armor should be identical
prepare	Reconcile surviving predecessor source PR	2026-09-06T23:28:03.7144596Z   Scenario: deterministic RSA 2048 PGP fixtures are stable
prepare	Reconcile surviving predecessor source PR	2026-09-06T23:28:03.7145265Z    ✔  Given a deterministic factory seeded with "pgp-rsa2048-seed"
prepare	Reconcile surviving predecessor source PR	2026-09-06T23:28:03.7145715Z    ✔  When I generate an RSA 2048 PGP key for label "rsa-signer"
prepare	Reconcile surviving predecessor source PR	2026-09-06T23:28:03.7146632Z    ✔  And I generate an RSA 2048 PGP key for label "rsa-signer" again
prepare	Reconcile surviving predecessor source PR	2026-09-06T23:28:03.7147072Z    ✔  Then the PGP private key armor should be identical
prepare	Reconcile surviving predecessor source PR	2026-09-06T23:28:03.7147443Z   Scenario: RSA 2048 PGP key has correct armor format
prepare	Reconcile surviving predecessor source PR	2026-09-06T23:28:03.7147887Z    ✔  Given a deterministic factory seeded with "pgp-rsa2048-format"
prepare	Reconcile surviving predecessor source PR	2026-09-06T23:28:03.7148347Z    ✔  When I generate an RSA 2048 PGP key for label "rsa-test"
prepare	Reconcile surviving predecessor source PR	2026-09-06T23:28:03.7148846Z    ✔  Then the PGP private key armor should contain "BEGIN PGP PRIVATE KEY BLOCK"
prepare	Reconcile surviving predecessor source PR	2026-09-06T23:28:03.7149402Z    ✔  And the PGP public key armor should contain "BEGIN PGP PUBLIC KEY BLOCK"
prepare	Reconcile surviving predecessor source PR	2026-09-06T23:28:03.7149839Z   Scenario: deterministic RSA 3072 PGP fixtures are stable
prepare	Reconcile surviving predecessor source PR	2026-09-06T23:28:03.7150285Z    ✔  Given a deterministic factory seeded with "pgp-rsa3072-seed"
prepare	Reconcile surviving predecessor source PR	2026-09-06T23:28:03.7150759Z    ✔  When I generate an RSA 3072 PGP key for label "rsa3072-signer"
prepare	Reconcile surviving predecessor source PR	2026-09-06T23:28:03.7151246Z    ✔  And I generate an RSA 3072 PGP key for label "rsa3072-signer" again
prepare	Reconcile surviving predecessor source PR	2026-09-06T23:28:03.7151691Z    ✔  Then the PGP private key armor should be identical
prepare	Reconcile surviving predecessor source PR	2026-09-06T23:28:03.7152091Z   Scenario: RSA 3072 and RSA 2048 produce different keys for same label
prepare	Reconcile surviving predecessor source PR	2026-09-06T23:28:03.7152602Z    ✔  Given a deterministic factory seeded with "pgp-rsa-variant-test"
prepare	Reconcile surviving predecessor source PR	2026-09-06T23:28:03.7153086Z    ✔  When I generate an RSA 2048 PGP key for label "shared-label"
prepare	Reconcile surviving predecessor source PR	2026-09-06T23:28:03.7153554Z    ✔  And I generate another RSA 3072 PGP key for label "shared-label"
prepare	Reconcile surviving predecessor source PR	2026-09-06T23:28:03.7153977Z    ✔  Then the PGP fingerprints should be different
prepare	Reconcile surviving predecessor source PR	2026-09-06T23:28:03.7154322Z   Scenario: Ed25519 PGP key has correct armor format
prepare	Reconcile surviving predecessor source PR	2026-09-06T23:28:03.7154762Z    ✔  Given a deterministic factory seeded with "pgp-ed25519-format"
prepare	Reconcile surviving predecessor source PR	2026-09-06T23:28:03.7155227Z    ✔  When I generate an Ed25519 PGP key for label "ed25519-test"
prepare	Reconcile surviving predecessor source PR	2026-09-06T23:28:03.7156296Z    ✔  Then the PGP private key armor should contain "BEGIN PGP PRIVATE KEY BLOCK"
prepare	Reconcile surviving predecessor source PR	2026-09-06T23:28:03.7157156Z    ✔  And the PGP public key armor should contain "BEGIN PGP PUBLIC KEY BLOCK"
prepare	Reconcile surviving predecessor source PR	2026-09-06T23:28:03.7157761Z   Scenario: Ed25519 and RSA 2048 produce different keys for same label
prepare	Reconcile surviving predecessor source PR	2026-09-06T23:28:03.7158299Z    ✔  Given a deterministic factory seeded with "pgp-algo-variant-test"
prepare	Reconcile surviving predecessor source PR	2026-09-06T23:28:03.7158790Z    ✔  When I generate an Ed25519 PGP key for label "shared-label"
prepare	Reconcile surviving predecessor source PR	2026-09-06T23:28:03.7159256Z    ✔  And I generate another RSA 2048 PGP key for label "shared-label"
prepare	Reconcile surviving predecessor source PR	2026-09-06T23:28:03.7159680Z    ✔  Then the PGP fingerprints should be different
prepare	Reconcile surviving predecessor source PR	2026-09-06T23:28:03.7160013Z   Scenario: PGP private key binary is valid
prepare	Reconcile surviving predecessor source PR	2026-09-06T23:28:03.7160416Z    ✔  Given a deterministic factory seeded with "pgp-binary-test"
prepare	Reconcile surviving predecessor source PR	2026-09-06T23:28:03.7160863Z    ✔  When I generate an Ed25519 PGP key for label "binary-test"
prepare	Reconcile surviving predecessor source PR	2026-09-06T23:28:03.7161302Z    ✔  Then the PGP private key binary should be parseable
prepare	Reconcile surviving predecessor source PR	2026-09-06T23:28:03.7161630Z   Scenario: PGP public key binary is valid
prepare	Reconcile surviving predecessor source PR	2026-09-06T23:28:03.7162052Z    ✔  Given a deterministic factory seeded with "pgp-pub-binary-test"
prepare	Reconcile surviving predecessor source PR	2026-09-06T23:28:03.7162538Z    ✔  When I generate an Ed25519 PGP key for label "pub-binary-test"
prepare	Reconcile surviving predecessor source PR	2026-09-06T23:28:03.7162972Z    ✔  Then the PGP public key binary should be parseable
prepare	Reconcile surviving predecessor source PR	2026-09-06T23:28:03.7163363Z   Scenario: PGP armored private key parses and matches fingerprint
prepare	Reconcile surviving predecessor source PR	2026-09-06T23:28:03.7163833Z    ✔  Given a deterministic factory seeded with "pgp-parse-test"
prepare	Reconcile surviving predecessor source PR	2026-09-06T23:28:03.7164281Z    ✔  When I generate an Ed25519 PGP key for label "parse-test"
prepare	Reconcile surviving predecessor source PR	2026-09-06T23:28:03.7164697Z    ✔  Then the PGP private key armor should be parseable
prepare	Reconcile surviving predecessor source PR	2026-09-06T23:28:03.7165088Z    ✔  And the parsed PGP key fingerprint should match
prepare	Reconcile surviving predecessor source PR	2026-09-06T23:28:03.7165470Z   Scenario: PGP armored public key parses and matches fingerprint
prepare	Reconcile surviving predecessor source PR	2026-09-06T23:28:03.7166213Z    ✔  Given a deterministic factory seeded with "pgp-pub-parse-test"
prepare	Reconcile surviving predecessor source PR	2026-09-06T23:28:03.7166886Z    ✔  When I generate an Ed25519 PGP key for label "pub-parse-test"
prepare	Reconcile surviving predecessor source PR	2026-09-06T23:28:03.7167425Z    ✔  Then the PGP public key armor should be parseable
prepare	Reconcile surviving predecessor source PR	2026-09-06T23:28:03.7167874Z    ✔  And the parsed PGP public key fingerprint should match
prepare	Reconcile surviving predecessor source PR	2026-09-06T23:28:03.7168227Z   Scenario: PGP user ID is generated from label
prepare	Reconcile surviving predecessor source PR	2026-09-06T23:28:03.7168636Z    ✔  Given a deterministic factory seeded with "pgp-userid-test"
prepare	Reconcile surviving predecessor source PR	2026-09-06T23:28:03.7169075Z    ✔  When I generate an Ed25519 PGP key for label "Test User"
prepare	Reconcile surviving predecessor source PR	2026-09-06T23:28:03.7169471Z    ✔  Then the PGP user ID should contain "Test User"
prepare	Reconcile surviving predecessor source PR	2026-09-06T23:28:03.7169860Z    ✔  And the PGP user ID should contain "@uselesskey.test"
prepare	Reconcile surviving predecessor source PR	2026-09-06T23:28:03.7170213Z   Scenario: PGP user ID sanitizes special characters
prepare	Reconcile surviving predecessor source PR	2026-09-06T23:28:03.7170642Z    ✔  Given a deterministic factory seeded with "pgp-sanitize-test"
prepare	Reconcile surviving predecessor source PR	2026-09-06T23:28:03.7171104Z    ✔  When I generate an Ed25519 PGP key for label "Test!@#User"
prepare	Reconcile surviving predecessor source PR	2026-09-06T23:28:03.7171527Z    ✔  Then the PGP user ID should contain "Test!@#User"
prepare	Reconcile surviving predecessor source PR	2026-09-06T23:28:03.7171846Z   Scenario: PGP fingerprint is exposed
prepare	Reconcile surviving predecessor source PR	2026-09-06T23:28:03.7172234Z    ✔  Given a deterministic factory seeded with "pgp-fp-test"
prepare	Reconcile surviving predecessor source PR	2026-09-06T23:28:03.7172668Z    ✔  When I generate an Ed25519 PGP key for label "fp-test"
prepare	Reconcile surviving predecessor source PR	2026-09-06T23:28:03.7173077Z    ✔  Then the PGP fingerprint should be non-empty
prepare	Reconcile surviving predecessor source PR	2026-09-06T23:28:03.7173413Z   Scenario: mismatched PGP public key is different
prepare	Reconcile surviving predecessor source PR	2026-09-06T23:28:03.7173743Z    ✔  Given a random factory
prepare	Reconcile surviving predecessor source PR	2026-09-06T23:28:03.7174072Z    ✔  When I generate an Ed25519 PGP key for label "signer"
prepare	Reconcile surviving predecessor source PR	2026-09-06T23:28:03.7174513Z    ✔  Then a PGP mismatched public key binary should parse and differ
prepare	Reconcile surviving predecessor source PR	2026-09-06T23:28:03.7174894Z   Scenario: mismatched PGP key is deterministic
prepare	Reconcile surviving predecessor source PR	2026-09-06T23:28:03.7175322Z    ✔  Given a deterministic factory seeded with "pgp-mismatch-test"
prepare	Reconcile surviving predecessor source PR	2026-09-06T23:28:03.7175970Z    ✔  When I generate an Ed25519 PGP key for label "victim"
prepare	Reconcile surviving predecessor source PR	2026-09-06T23:28:03.7176386Z    ✔  And I get the mismatched PGP public key binary
prepare	Reconcile surviving predecessor source PR	2026-09-06T23:28:03.7176773Z    ✔  And I get the mismatched PGP public key binary again
prepare	Reconcile surviving predecessor source PR	2026-09-06T23:28:03.7177171Z    ✔  Then the mismatched PGP keys should be identical
prepare	Reconcile surviving predecessor source PR	2026-09-06T23:28:03.7177512Z   Scenario: mismatched PGP armored public key differs
prepare	Reconcile surviving predecessor source PR	2026-09-06T23:28:03.7177968Z    ✔  Given a deterministic factory seeded with "pgp-mismatch-armor-test"
prepare	Reconcile surviving predecessor source PR	2026-09-06T23:28:03.7178457Z    ✔  When I generate an Ed25519 PGP key for label "armor-victim"
prepare	Reconcile surviving predecessor source PR	2026-09-06T23:28:03.7178924Z    ✔  Then a PGP mismatched public key armor should differ from original
prepare	Reconcile surviving predecessor source PR	2026-09-06T23:28:03.7179308Z   Scenario: PGP corrupted armor with BadBase64
prepare	Reconcile surviving predecessor source PR	2026-09-06T23:28:03.7179722Z    ✔  Given a deterministic factory seeded with "pgp-corrupt-test"
prepare	Reconcile surviving predecessor source PR	2026-09-06T23:28:03.7180167Z    ✔  When I generate an Ed25519 PGP key for label "corrupted"
prepare	Reconcile surviving predecessor source PR	2026-09-06T23:28:03.7180585Z    ✔  And I corrupt the PGP private key armor with BadBase64
prepare	Reconcile surviving predecessor source PR	2026-09-06T23:28:03.7181047Z    ✔  Then the corrupted PGP armor should contain "THIS_IS_NOT_BASE64!!!"
prepare	Reconcile surviving predecessor source PR	2026-09-06T23:28:03.7181446Z   Scenario: PGP truncated binary fails to parse
prepare	Reconcile surviving predecessor source PR	2026-09-06T23:28:03.7181875Z    ✔  Given a deterministic factory seeded with "pgp-truncate-test"
prepare	Reconcile surviving predecessor source PR	2026-09-06T23:28:03.7182320Z    ✔  When I generate an Ed25519 PGP key for label "truncated"
prepare	Reconcile surviving predecessor source PR	2026-09-06T23:28:03.7182728Z    ✔  And I truncate the PGP private key binary to 32 bytes
prepare	Reconcile surviving predecessor source PR	2026-09-06T23:28:03.7183127Z    ✔  Then the truncated PGP binary should have length 32
prepare	Reconcile surviving predecessor source PR	2026-09-06T23:28:03.7183527Z    ✔  And the truncated PGP binary should fail to parse
prepare	Reconcile surviving predecessor source PR	2026-09-06T23:28:03.7183889Z   Scenario: PGP deterministically corrupted armor is stable
prepare	Reconcile surviving predecessor source PR	2026-09-06T23:28:03.7184389Z    ✔  Given a deterministic factory seeded with "pgp-det-corrupt-test"
prepare	Reconcile surviving predecessor source PR	2026-09-06T23:28:03.7185026Z    ✔  When I generate an Ed25519 PGP key for label "det-corrupt"
prepare	Reconcile surviving predecessor source PR	2026-09-06T23:28:03.7185534Z    ✔  And I deterministically corrupt the PGP private key armor with variant "v1"
prepare	Reconcile surviving predecessor source PR	2026-09-06T23:28:03.7186358Z    ✔  And I deterministically corrupt the PGP private key armor with variant "v1" again
prepare	Reconcile surviving predecessor source PR	2026-09-06T23:28:03.7187028Z    ✔  Then the corrupted PGP armors should be identical
prepare	Reconcile surviving predecessor source PR	2026-09-06T23:28:03.7187506Z   Scenario: PGP deterministically corrupted binary is stable
prepare	Reconcile surviving predecessor source PR	2026-09-06T23:28:03.7187993Z    ✔  Given a deterministic factory seeded with "pgp-det-bin-corrupt-test"
prepare	Reconcile surviving predecessor source PR	2026-09-06T23:28:03.7188499Z    ✔  When I generate an Ed25519 PGP key for label "det-bin-corrupt"
prepare	Reconcile surviving predecessor source PR	2026-09-06T23:28:03.7189018Z    ✔  And I deterministically corrupt the PGP private key binary with variant "v1"
prepare	Reconcile surviving predecessor source PR	2026-09-06T23:28:03.7189620Z    ✔  And I deterministically corrupt the PGP private key binary with variant "v1" again
prepare	Reconcile surviving predecessor source PR	2026-09-06T23:28:03.7190126Z    ✔  Then the corrupted PGP binaries should be identical
prepare	Reconcile surviving predecessor source PR	2026-09-06T23:28:03.7190472Z   Scenario: PGP private key armor tempfile is valid
prepare	Reconcile surviving predecessor source PR	2026-09-06T23:28:03.7190901Z    ✔  Given a deterministic factory seeded with "pgp-tempfile-test"
prepare	Reconcile surviving predecessor source PR	2026-09-06T23:28:03.7191352Z    ✔  When I generate an Ed25519 PGP key for label "tempfile"
prepare	Reconcile surviving predecessor source PR	2026-09-06T23:28:03.7191766Z    ✔  And I write the PGP private key armor to a tempfile
prepare	Reconcile surviving predecessor source PR	2026-09-06T23:28:03.7192114Z    ✔  Then the PGP tempfile should exist
prepare	Reconcile surviving predecessor source PR	2026-09-06T23:28:03.7192527Z    ✔  And the PGP tempfile should contain "BEGIN PGP PRIVATE KEY BLOCK"
prepare	Reconcile surviving predecessor source PR	2026-09-06T23:28:03.7192917Z   Scenario: PGP public key armor tempfile is valid
prepare	Reconcile surviving predecessor source PR	2026-09-06T23:28:03.7193360Z    ✔  Given a deterministic factory seeded with "pgp-pub-tempfile-test"
prepare	Reconcile surviving predecessor source PR	2026-09-06T23:28:03.7193830Z    ✔  When I generate an Ed25519 PGP key for label "pub-tempfile"
prepare	Reconcile surviving predecessor source PR	2026-09-06T23:28:03.7194242Z    ✔  And I write the PGP public key armor to a tempfile
prepare	Reconcile surviving predecessor source PR	2026-09-06T23:28:03.7194606Z    ✔  Then the PGP public tempfile should exist
prepare	Reconcile surviving predecessor source PR	2026-09-06T23:28:03.7195050Z    ✔  And the PGP public tempfile should contain "BEGIN PGP PUBLIC KEY BLOCK"
prepare	Reconcile surviving predecessor source PR	2026-09-06T23:28:03.7195477Z   Scenario: PGP debug output does not leak key material
prepare	Reconcile surviving predecessor source PR	2026-09-06T23:28:03.7196137Z    ✔  Given a deterministic factory seeded with "pgp-debug-test"
prepare	Reconcile surviving predecessor source PR	2026-09-06T23:28:03.7196587Z    ✔  When I generate an Ed25519 PGP key for label "debug-test"
prepare	Reconcile surviving predecessor source PR	2026-09-06T23:28:03.7197065Z    ✔  Then the PGP debug output should not contain the private key armor
prepare	Reconcile surviving predecessor source PR	2026-09-06T23:28:03.7197535Z    ✔  And the PGP debug output should contain the fingerprint
prepare	Reconcile surviving predecessor source PR	2026-09-06T23:28:03.7197862Z Feature: PGP fixture edge cases
prepare	Reconcile surviving predecessor source PR	2026-09-06T23:28:03.7198180Z   Scenario: Ed25519 PGP key with unicode label generates valid key
prepare	Reconcile surviving predecessor source PR	2026-09-06T23:28:03.7198651Z    ✔  Given a deterministic factory seeded with "pgp-unicode-label"
prepare	Reconcile surviving predecessor source PR	2026-09-06T23:28:03.7199148Z    ✔  When I generate an Ed25519 PGP key for label "日本語テスト-🔑"
prepare	Reconcile surviving predecessor source PR	2026-09-06T23:28:03.7199649Z    ✔  Then the PGP private key armor should contain "BEGIN PGP PRIVATE KEY BLOCK"
prepare	Reconcile surviving predecessor source PR	2026-09-06T23:28:03.7200111Z    ✔  And the PGP fingerprint should be non-empty
prepare	Reconcile surviving predecessor source PR	2026-09-06T23:28:03.7200486Z   Scenario: Ed25519 PGP key with very long label generates valid key
prepare	Reconcile surviving predecessor source PR	2026-09-06T23:28:03.7200955Z    ✔  Given a deterministic factory seeded with "pgp-long-label"
prepare	Reconcile surviving predecessor source PR	2026-09-06T23:28:03.7201690Z    ✔  When I generate an Ed25519 PGP key for label "this-is-a-very-long-label-that-exceeds-normal-lengths-for-pgp-testing"
prepare	Reconcile surviving predecessor source PR	2026-09-06T23:28:03.7202443Z    ✔  Then the PGP private key armor should contain "BEGIN PGP PRIVATE KEY BLOCK"
prepare	Reconcile surviving predecessor source PR	2026-09-06T23:28:03.7203006Z    ✔  And the PGP public key armor should contain "BEGIN PGP PUBLIC KEY BLOCK"
prepare	Reconcile surviving predecessor source PR	2026-09-06T23:28:03.7203460Z    ✔  And the PGP fingerprint should be non-empty
prepare	Reconcile surviving predecessor source PR	2026-09-06T23:28:03.7203826Z   Scenario: Ed25519 PGP key with minimal label generates valid key
prepare	Reconcile surviving predecessor source PR	2026-09-06T23:28:03.7204298Z    ✔  Given a deterministic factory seeded with "pgp-minimal-label"
prepare	Reconcile surviving predecessor source PR	2026-09-06T23:28:03.7204719Z    ✔  When I generate an Ed25519 PGP key for label "x"
prepare	Reconcile surviving predecessor source PR	2026-09-06T23:28:03.7205103Z    ✔  Then the PGP private key binary should be parseable
prepare	Reconcile surviving predecessor source PR	2026-09-06T23:28:03.7205481Z    ✔  And the PGP fingerprint should be non-empty
prepare	Reconcile surviving predecessor source PR	2026-09-06T23:28:03.7206031Z   Scenario: PGP user ID with unicode label contains the label
prepare	Reconcile surviving predecessor source PR	2026-09-06T23:28:03.7206511Z    ✔  Given a deterministic factory seeded with "pgp-userid-unicode"
prepare	Reconcile surviving predecessor source PR	2026-09-06T23:28:03.7207176Z    ✔  When I generate an Ed25519 PGP key for label "Ñoño"
prepare	Reconcile surviving predecessor source PR	2026-09-06T23:28:03.7207555Z    ✔  Then the PGP user ID should contain "Ñoño"
prepare	Reconcile surviving predecessor source PR	2026-09-06T23:28:03.7207991Z   Scenario: PGP user ID with numeric-only label
prepare	Reconcile surviving predecessor source PR	2026-09-06T23:28:03.7208433Z    ✔  Given a deterministic factory seeded with "pgp-userid-numeric"
prepare	Reconcile surviving predecessor source PR	2026-09-06T23:28:03.7208877Z    ✔  When I generate an Ed25519 PGP key for label "123456"
prepare	Reconcile surviving predecessor source PR	2026-09-06T23:28:03.7209256Z    ✔  Then the PGP user ID should contain "123456"
prepare	Reconcile surviving predecessor source PR	2026-09-06T23:28:03.7209644Z    ✔  And the PGP user ID should contain "@uselesskey.test"
prepare	Reconcile surviving predecessor source PR	2026-09-06T23:28:03.7210079Z   Scenario: Ed25519 and RSA 3072 PGP produce different fingerprints for same label
prepare	Reconcile surviving predecessor source PR	2026-09-06T23:28:03.7210606Z    ✔  Given a deterministic factory seeded with "pgp-algo-isolation"
prepare	Reconcile surviving predecessor source PR	2026-09-06T23:28:03.7211055Z    ✔  When I generate an Ed25519 PGP key for label "algo-test"
prepare	Reconcile surviving predecessor source PR	2026-09-06T23:28:03.7211496Z    ✔  And I generate another RSA 3072 PGP key for label "algo-test"
prepare	Reconcile surviving predecessor source PR	2026-09-06T23:28:03.7211936Z    ✔  Then the PGP fingerprints should be different
prepare	Reconcile surviving predecessor source PR	2026-09-06T23:28:03.7212306Z   Scenario: RSA 2048 and RSA 3072 PGP have different key sizes
prepare	Reconcile surviving predecessor source PR	2026-09-06T23:28:03.7212781Z    ✔  Given a deterministic factory seeded with "pgp-rsa-size-diff"
prepare	Reconcile surviving predecessor source PR	2026-09-06T23:28:03.7213235Z    ✔  When I generate an RSA 2048 PGP key for label "small-rsa"
prepare	Reconcile surviving predecessor source PR	2026-09-06T23:28:03.7213680Z    ✔  And I generate another RSA 3072 PGP key for label "large-rsa"
prepare	Reconcile surviving predecessor source PR	2026-09-06T23:28:03.7214083Z    ✔  Then the PGP fingerprints should be different
prepare	Reconcile surviving predecessor source PR	2026-09-06T23:28:03.7214454Z   Scenario: generating PGP key does not perturb RSA determinism
prepare	Reconcile surviving predecessor source PR	2026-09-06T23:28:03.7214930Z    ✔  Given a deterministic factory seeded with "pgp-no-perturb-rsa"
prepare	Reconcile surviving predecessor source PR	2026-09-06T23:28:03.7215364Z    ✔  When I generate an RSA key for label "rsa-anchor"
prepare	Reconcile surviving predecessor source PR	2026-09-06T23:28:03.7216049Z    ✔  And I generate an Ed25519 PGP key for label "pgp-noise"
prepare	Reconcile surviving predecessor source PR	2026-09-06T23:28:03.7216430Z    ✔  And I clear the factory cache
prepare	Reconcile surviving predecessor source PR	2026-09-06T23:28:03.7216778Z    ✔  And I generate an RSA key for label "rsa-anchor" again
prepare	Reconcile surviving predecessor source PR	2026-09-06T23:28:03.7217163Z    ✔  Then the PKCS8 PEM should be identical
prepare	Reconcile surviving predecessor source PR	2026-09-06T23:28:03.7217523Z   Scenario: generating PGP key does not perturb Ed25519 determinism
prepare	Reconcile surviving predecessor source PR	2026-09-06T23:28:03.7218039Z    ✔  Given a deterministic factory seeded with "pgp-no-perturb-ed25519"
prepare	Reconcile surviving predecessor source PR	2026-09-06T23:28:03.7218510Z    ✔  When I generate an Ed25519 key for label "ed25519-anchor"
prepare	Reconcile surviving predecessor source PR	2026-09-06T23:28:03.7218924Z    ✔  And I generate an Ed25519 PGP key for label "pgp-noise"
prepare	Reconcile surviving predecessor source PR	2026-09-06T23:28:03.7219277Z    ✔  And I clear the factory cache
prepare	Reconcile surviving predecessor source PR	2026-09-06T23:28:03.7219641Z    ✔  And I generate an Ed25519 key for label "ed25519-anchor" again
prepare	Reconcile surviving predecessor source PR	2026-09-06T23:28:03.7220051Z    ✔  Then the Ed25519 PKCS8 PEM should be identical
prepare	Reconcile surviving predecessor source PR	2026-09-06T23:28:03.7220344Z Feature: ring adapter
prepare	Reconcile surviving predecessor source PR	2026-09-06T23:28:03.7220629Z   Scenario: ring RSA key conversion and sign/verify round-trip
prepare	Reconcile surviving predecessor source PR	2026-09-06T23:28:03.7221078Z    ✔  Given a deterministic factory seeded with "ring-rsa-test"
prepare	Reconcile surviving predecessor source PR	2026-09-06T23:28:03.7221477Z    ✔  When I generate an RSA key for label "ring-rsa"
prepare	Reconcile surviving predecessor source PR	2026-09-06T23:28:03.7221842Z    ✔  And I sign a message with the ring RSA key
prepare	Reconcile surviving predecessor source PR	2026-09-06T23:28:03.7222187Z    ✔  Then the ring RSA signature should verify
prepare	Reconcile surviving predecessor source PR	2026-09-06T23:28:03.7222496Z   Scenario: ring RSA wrong-key rejection
prepare	Reconcile surviving predecessor source PR	2026-09-06T23:28:03.7222876Z    ✔  Given a deterministic factory seeded with "ring-rsa-wrong"
prepare	Reconcile surviving predecessor source PR	2026-09-06T23:28:03.7223307Z    ✔  When I generate an RSA key for label "ring-rsa-signer"
prepare	Reconcile surviving predecessor source PR	2026-09-06T23:28:03.7223681Z    ✔  And I sign a message with the ring RSA key
prepare	Reconcile surviving predecessor source PR	2026-09-06T23:28:03.7224068Z    ✔  And I generate another RSA key for label "ring-rsa-wrong"
prepare	Reconcile surviving predecessor source PR	2026-09-06T23:28:03.7224523Z    ✔  Then the ring RSA signature should not verify with the other key
prepare	Reconcile surviving predecessor source PR	2026-09-06T23:28:03.7224958Z   Scenario: ring ECDSA P-256 key conversion and sign/verify round-trip
prepare	Reconcile surviving predecessor source PR	2026-09-06T23:28:03.7225435Z    ✔  Given a deterministic factory seeded with "ring-p256-test"
prepare	Reconcile surviving predecessor source PR	2026-09-06T23:28:03.7226116Z    ✔  When I generate an ECDSA ES256 key for label "ring-p256"
prepare	Reconcile surviving predecessor source PR	2026-09-06T23:28:03.7226545Z    ✔  And I sign a message with the ring ECDSA P-256 key
prepare	Reconcile surviving predecessor source PR	2026-09-06T23:28:03.7227126Z    ✔  Then the ring ECDSA P-256 signature should verify
prepare	Reconcile surviving predecessor source PR	2026-09-06T23:28:03.7227626Z   Scenario: ring ECDSA P-384 key conversion and sign/verify round-trip
prepare	Reconcile surviving predecessor source PR	2026-09-06T23:28:03.7228101Z    ✔  Given a deterministic factory seeded with "ring-p384-test"
prepare	Reconcile surviving predecessor source PR	2026-09-06T23:28:03.7228536Z    ✔  When I generate an ECDSA ES384 key for label "ring-p384"
prepare	Reconcile surviving predecessor source PR	2026-09-06T23:28:03.7228948Z    ✔  And I sign a message with the ring ECDSA P-384 key
prepare	Reconcile surviving predecessor source PR	2026-09-06T23:28:03.7229327Z    ✔  Then the ring ECDSA P-384 signature should verify
prepare	Reconcile surviving predecessor source PR	2026-09-06T23:28:03.7229701Z   Scenario: ring Ed25519 key conversion and sign/verify round-trip
prepare	Reconcile surviving predecessor source PR	2026-09-06T23:28:03.7230171Z    ✔  Given a deterministic factory seeded with "ring-ed25519-test"
prepare	Reconcile surviving predecessor source PR	2026-09-06T23:28:03.7230614Z    ✔  When I generate an Ed25519 key for label "ring-ed25519"
prepare	Reconcile surviving predecessor source PR	2026-09-06T23:28:03.7231001Z    ✔  And I sign a message with the ring Ed25519 key
prepare	Reconcile surviving predecessor source PR	2026-09-06T23:28:03.7231360Z    ✔  Then the ring Ed25519 signature should verify
prepare	Reconcile surviving predecessor source PR	2026-09-06T23:28:03.7231679Z   Scenario: ring Ed25519 wrong-key rejection
prepare	Reconcile surviving predecessor source PR	2026-09-06T23:28:03.7232085Z    ✔  Given a deterministic factory seeded with "ring-ed25519-wrong"
prepare	Reconcile surviving predecessor source PR	2026-09-06T23:28:03.7232562Z    ✔  When I generate an Ed25519 key for label "ring-ed25519-signer"
prepare	Reconcile surviving predecessor source PR	2026-09-06T23:28:03.7232967Z    ✔  And I sign a message with the ring Ed25519 key
prepare	Reconcile surviving predecessor source PR	2026-09-06T23:28:03.7233390Z    ✔  And I generate another Ed25519 key for label "ring-ed25519-wrong"
prepare	Reconcile surviving predecessor source PR	2026-09-06T23:28:03.7233882Z    ✔  Then the ring Ed25519 signature should not verify with the other key
prepare	Reconcile surviving predecessor source PR	2026-09-06T23:28:03.7234241Z Feature: RSA fixtures
prepare	Reconcile surviving predecessor source PR	2026-09-06T23:28:03.7234486Z   Scenario: deterministic RSA fixtures are stable
prepare	Reconcile surviving predecessor source PR	2026-09-06T23:28:03.7235096Z    ✔  Given a deterministic factory seeded with "0x0000000000000000000000000000000000000000000000000000000000000042"
prepare	Reconcile surviving predecessor source PR	2026-09-06T23:28:03.7235659Z    ✔  When I generate an RSA key for label "issuer"
prepare	Reconcile surviving predecessor source PR	2026-09-06T23:28:03.7236396Z    ✔  And I generate an RSA key for label "issuer" again
prepare	Reconcile surviving predecessor source PR	2026-09-06T23:28:03.7236782Z    ✔  Then the PKCS8 PEM should be identical
prepare	Reconcile surviving predecessor source PR	2026-09-06T23:28:03.7237112Z   Scenario: deterministic derivation survives cache clear
prepare	Reconcile surviving predecessor source PR	2026-09-06T23:28:03.7237560Z    ✔  Given a deterministic factory seeded with "test-seed-alpha"
prepare	Reconcile surviving predecessor source PR	2026-09-06T23:28:03.7237964Z    ✔  When I generate an RSA key for label "first"
prepare	Reconcile surviving predecessor source PR	2026-09-06T23:28:03.7238289Z    ✔  And I clear the factory cache
prepare	Reconcile surviving predecessor source PR	2026-09-06T23:28:03.7238616Z    ✔  And I generate an RSA key for label "first" again
prepare	Reconcile surviving predecessor source PR	2026-09-06T23:28:03.7238970Z    ✔  Then the PKCS8 PEM should be identical
prepare	Reconcile surviving predecessor source PR	2026-09-06T23:28:03.7239273Z   Scenario: different labels produce different keys
prepare	Reconcile surviving predecessor source PR	2026-09-06T23:28:03.7239937Z    ✔  Given a deterministic factory seeded with "0xdeadbeefdeadbeefdeadbeefdeadbeefdeadbeefdeadbeefdeadbeefdeadbeef"
prepare	Reconcile surviving predecessor source PR	2026-09-06T23:28:03.7240589Z    ✔  When I generate an RSA key for label "alice"
prepare	Reconcile surviving predecessor source PR	2026-09-06T23:28:03.7240961Z    ✔  And I generate another RSA key for label "bob"
prepare	Reconcile surviving predecessor source PR	2026-09-06T23:28:03.7241321Z    ✔  Then the keys should have different moduli
prepare	Reconcile surviving predecessor source PR	2026-09-06T23:28:03.7241655Z   Scenario: different seeds produce different keys
prepare	Reconcile surviving predecessor source PR	2026-09-06T23:28:03.7242056Z    ✔  Given a deterministic factory seeded with "seed-one"
prepare	Reconcile surviving predecessor source PR	2026-09-06T23:28:03.7242460Z    ✔  When I generate an RSA key for label "service"
prepare	Reconcile surviving predecessor source PR	2026-09-06T23:28:03.7242879Z    ✔  And I switch to a deterministic factory seeded with "seed-two"
prepare	Reconcile surviving predecessor source PR	2026-09-06T23:28:03.7243308Z    ✔  And I generate another RSA key for label "service"
prepare	Reconcile surviving predecessor source PR	2026-09-06T23:28:03.7243668Z    ✔  Then the keys should have different moduli
prepare	Reconcile surviving predecessor source PR	2026-09-06T23:28:03.7244017Z   Scenario: random factory produces different keys each time
prepare	Reconcile surviving predecessor source PR	2026-09-06T23:28:03.7244477Z    ✔  Given a random factory
prepare	Reconcile surviving predecessor source PR	2026-09-06T23:28:03.7244795Z    ✔  When I generate an RSA key for label "ephemeral"
prepare	Reconcile surviving predecessor source PR	2026-09-06T23:28:03.7245129Z    ✔  And I clear the factory cache
prepare	Reconcile surviving predecessor source PR	2026-09-06T23:28:03.7245478Z    ✔  And I generate an RSA key for label "ephemeral" again
prepare	Reconcile surviving predecessor source PR	2026-09-06T23:28:03.7246110Z    ✔  Then the keys should have different moduli
prepare	Reconcile surviving predecessor source PR	2026-09-06T23:28:03.7246439Z   Scenario: random factory caches within same session
prepare	Reconcile surviving predecessor source PR	2026-09-06T23:28:03.7246971Z    ✔  Given a random factory
prepare	Reconcile surviving predecessor source PR	2026-09-06T23:28:03.7247273Z    ✔  When I generate an RSA key for label "cached"
prepare	Reconcile surviving predecessor source PR	2026-09-06T23:28:03.7247765Z    ✔  And I generate an RSA key for label "cached" again
prepare	Reconcile surviving predecessor source PR	2026-09-06T23:28:03.7248127Z    ✔  Then the PKCS8 PEM should be identical
prepare	Reconcile surviving predecessor source PR	2026-09-06T23:28:03.7248418Z   Scenario: PKCS8 DER private key is valid
prepare	Reconcile surviving predecessor source PR	2026-09-06T23:28:03.7248798Z    ✔  Given a deterministic factory seeded with "format-test"
prepare	Reconcile surviving predecessor source PR	2026-09-06T23:28:03.7249201Z    ✔  When I generate an RSA key for label "der-test"
prepare	Reconcile surviving predecessor source PR	2026-09-06T23:28:03.7249548Z    ✔  Then the PKCS8 DER should be parseable
prepare	Reconcile surviving predecessor source PR	2026-09-06T23:28:03.7249837Z   Scenario: SPKI PEM public key is valid
prepare	Reconcile surviving predecessor source PR	2026-09-06T23:28:03.7250208Z    ✔  Given a deterministic factory seeded with "format-test"
prepare	Reconcile surviving predecessor source PR	2026-09-06T23:28:03.7250608Z    ✔  When I generate an RSA key for label "spki-test"
prepare	Reconcile surviving predecessor source PR	2026-09-06T23:28:03.7250954Z    ✔  Then the SPKI PEM should be parseable
prepare	Reconcile surviving predecessor source PR	2026-09-06T23:28:03.7251241Z   Scenario: SPKI DER public key is valid
prepare	Reconcile surviving predecessor source PR	2026-09-06T23:28:03.7251621Z    ✔  Given a deterministic factory seeded with "format-test"
prepare	Reconcile surviving predecessor source PR	2026-09-06T23:28:03.7252054Z    ✔  When I generate an RSA key for label "spki-der-test"
prepare	Reconcile surviving predecessor source PR	2026-09-06T23:28:03.7252428Z    ✔  Then the SPKI DER should be parseable
prepare	Reconcile surviving predecessor source PR	2026-09-06T23:28:03.7252727Z   Scenario: mismatched public key is different
prepare	Reconcile surviving predecessor source PR	2026-09-06T23:28:03.7253041Z    ✔  Given a random factory
prepare	Reconcile surviving predecessor source PR	2026-09-06T23:28:03.7253340Z    ✔  When I generate an RSA key for label "issuer"
prepare	Reconcile surviving predecessor source PR	2026-09-06T23:28:03.7253718Z    ✔  Then a mismatched SPKI DER should parse and differ
prepare	Reconcile surviving predecessor source PR	2026-09-06T23:28:03.7254038Z   Scenario: mismatched key is deterministic
prepare	Reconcile surviving predecessor source PR	2026-09-06T23:28:03.7254428Z    ✔  Given a deterministic factory seeded with "mismatch-test"
prepare	Reconcile surviving predecessor source PR	2026-09-06T23:28:03.7254828Z    ✔  When I generate an RSA key for label "victim"
prepare	Reconcile surviving predecessor source PR	2026-09-06T23:28:03.7255164Z    ✔  And I get the mismatched public key
prepare	Reconcile surviving predecessor source PR	2026-09-06T23:28:03.7255496Z    ✔  And I get the mismatched public key again
prepare	Reconcile surviving predecessor source PR	2026-09-06T23:28:03.7256125Z    ✔  Then the mismatched keys should be identical
prepare	Reconcile surviving predecessor source PR	2026-09-06T23:28:03.7256478Z   Scenario: deterministic RS384 fixtures are stable
prepare	Reconcile surviving predecessor source PR	2026-09-06T23:28:03.7256878Z    ✔  Given a deterministic factory seeded with "rs384-seed"
prepare	Reconcile surviving predecessor source PR	2026-09-06T23:28:03.7257351Z    ✔  When I generate an RSA key for label "rs384-issuer" with spec RS384
prepare	Reconcile surviving predecessor source PR	2026-09-06T23:28:03.7257868Z    ✔  And I generate an RSA key for label "rs384-issuer" with spec RS384 again
prepare	Reconcile surviving predecessor source PR	2026-09-06T23:28:03.7258302Z    ✔  Then the PKCS8 PEM should be identical
prepare	Reconcile surviving predecessor source PR	2026-09-06T23:28:03.7258608Z   Scenario: deterministic RS512 fixtures are stable
prepare	Reconcile surviving predecessor source PR	2026-09-06T23:28:03.7259003Z    ✔  Given a deterministic factory seeded with "rs512-seed"
prepare	Reconcile surviving predecessor source PR	2026-09-06T23:28:03.7259456Z    ✔  When I generate an RSA key for label "rs512-issuer" with spec RS512
prepare	Reconcile surviving predecessor source PR	2026-09-06T23:28:03.7259963Z    ✔  And I generate an RSA key for label "rs512-issuer" with spec RS512 again
prepare	Reconcile surviving predecessor source PR	2026-09-06T23:28:03.7260383Z    ✔  Then the PKCS8 PEM should be identical
prepare	Reconcile surviving predecessor source PR	2026-09-06T23:28:03.7260743Z   Scenario: RSA RS256 and RS384 produce different keys for same label
prepare	Reconcile surviving predecessor source PR	2026-09-06T23:28:03.7261239Z    ✔  Given a deterministic factory seeded with "rsa-variant-test"
prepare	Reconcile surviving predecessor source PR	2026-09-06T23:28:03.7261725Z    ✔  When I generate an RSA key for label "shared-label" with spec RS256
prepare	Reconcile surviving predecessor source PR	2026-09-06T23:28:03.7262256Z    ✔  And I generate another RSA key for label "shared-label" with spec RS384
prepare	Reconcile surviving predecessor source PR	2026-09-06T23:28:03.7262694Z    ✔  Then the keys should have different moduli
prepare	Reconcile surviving predecessor source PR	2026-09-06T23:28:03.7263062Z   Scenario: RSA RS384 and RS512 produce different keys for same label
prepare	Reconcile surviving predecessor source PR	2026-09-06T23:28:03.7263548Z    ✔  Given a deterministic factory seeded with "rsa-variant-test-2"
prepare	Reconcile surviving predecessor source PR	2026-09-06T23:28:03.7264037Z    ✔  When I generate an RSA key for label "shared-label" with spec RS384
prepare	Reconcile surviving predecessor source PR	2026-09-06T23:28:03.7264548Z    ✔  And I generate another RSA key for label "shared-label" with spec RS512
prepare	Reconcile surviving predecessor source PR	2026-09-06T23:28:03.7264978Z    ✔  Then the keys should have different moduli
prepare	Reconcile surviving predecessor source PR	2026-09-06T23:28:03.7265303Z   Scenario: RSA 2048-bit key has correct modulus size
prepare	Reconcile surviving predecessor source PR	2026-09-06T23:28:03.7265952Z    ✔  Given a deterministic factory seeded with "rsa-size-test"
prepare	Reconcile surviving predecessor source PR	2026-09-06T23:28:03.7266643Z    ✔  When I generate an RSA key for label "rsa-2048" with spec 2048
prepare	Reconcile surviving predecessor source PR	2026-09-06T23:28:03.7267173Z    ✔  Then the RSA modulus should have 256 bytes
prepare	Reconcile surviving predecessor source PR	2026-09-06T23:28:03.7267492Z   Scenario: RSA 3072-bit key has correct modulus size
prepare	Reconcile surviving predecessor source PR	2026-09-06T23:28:03.7267951Z    ✔  Given a deterministic factory seeded with "rsa-size-test"
prepare	Reconcile surviving predecessor source PR	2026-09-06T23:28:03.7268417Z    ✔  When I generate an RSA key for label "rsa-3072" with spec 3072
prepare	Reconcile surviving predecessor source PR	2026-09-06T23:28:03.7268813Z    ✔  Then the RSA modulus should have 384 bytes
prepare	Reconcile surviving predecessor source PR	2026-09-06T23:28:03.7269127Z   Scenario: RSA 4096-bit key has correct modulus size
prepare	Reconcile surviving predecessor source PR	2026-09-06T23:28:03.7269530Z    ✔  Given a deterministic factory seeded with "rsa-size-test"
prepare	Reconcile surviving predecessor source PR	2026-09-06T23:28:03.7269980Z    ✔  When I generate an RSA key for label "rsa-4096" with spec 4096
prepare	Reconcile surviving predecessor source PR	2026-09-06T23:28:03.7270372Z    ✔  Then the RSA modulus should have 512 bytes
prepare	Reconcile surviving predecessor source PR	2026-09-06T23:28:03.7270702Z   Scenario: RSA private JWK has all required parameters
prepare	Reconcile surviving predecessor source PR	2026-09-06T23:28:03.7271138Z    ✔  Given a deterministic factory seeded with "rsa-jwk-priv-test"
prepare	Reconcile surviving predecessor source PR	2026-09-06T23:28:03.7271568Z    ✔  When I generate an RSA key for label "rsa-priv"
prepare	Reconcile surviving predecessor source PR	2026-09-06T23:28:03.7271951Z    ✔  Then the RSA private JWK should have d parameter
prepare	Reconcile surviving predecessor source PR	2026-09-06T23:28:03.7272322Z    ✔  And the RSA private JWK should have p parameter
prepare	Reconcile surviving predecessor source PR	2026-09-06T23:28:03.7272688Z    ✔  And the RSA private JWK should have q parameter
prepare	Reconcile surviving predecessor source PR	2026-09-06T23:28:03.7273058Z    ✔  And the RSA private JWK should have dp parameter
prepare	Reconcile surviving predecessor source PR	2026-09-06T23:28:03.7273432Z    ✔  And the RSA private JWK should have dq parameter
prepare	Reconcile surviving predecessor source PR	2026-09-06T23:28:03.7273799Z    ✔  And the RSA private JWK should have qi parameter
prepare	Reconcile surviving predecessor source PR	2026-09-06T23:28:03.7274112Z   Scenario: RSA corrupted PEM with BadBase64
prepare	Reconcile surviving predecessor source PR	2026-09-06T23:28:03.7274521Z    ✔  Given a deterministic factory seeded with "rsa-badbase64-test"
prepare	Reconcile surviving predecessor source PR	2026-09-06T23:28:03.7274956Z    ✔  When I generate an RSA key for label "rsa-corrupt"
prepare	Reconcile surviving predecessor source PR	2026-09-06T23:28:03.7275324Z    ✔  And I corrupt the PKCS8 PEM with BadBase64
prepare	Reconcile surviving predecessor source PR	2026-09-06T23:28:03.7275929Z    ✔  Then the corrupted PEM should contain "THIS_IS_NOT_BASE64"
prepare	Reconcile surviving predecessor source PR	2026-09-06T23:28:03.7276361Z    ✔  And the corrupted PEM should fail to parse
prepare	Reconcile surviving predecessor source PR	2026-09-06T23:28:03.7276670Z   Scenario: RSA corrupted PEM with Truncate
prepare	Reconcile surviving predecessor source PR	2026-09-06T23:28:03.7277085Z    ✔  Given a deterministic factory seeded with "rsa-truncate-test"
prepare	Reconcile surviving predecessor source PR	2026-09-06T23:28:03.7277519Z    ✔  When I generate an RSA key for label "rsa-truncate"
prepare	Reconcile surviving predecessor source PR	2026-09-06T23:28:03.7277924Z    ✔  And I corrupt the PKCS8 PEM with Truncate to 50 bytes
prepare	Reconcile surviving predecessor source PR	2026-09-06T23:28:03.7278318Z    ✔  Then the corrupted PEM should have length 50
prepare	Reconcile surviving predecessor source PR	2026-09-06T23:28:03.7278671Z    ✔  And the corrupted PEM should fail to parse
prepare	Reconcile surviving predecessor source PR	2026-09-06T23:28:03.7278999Z   Scenario: RSA corrupted PEM with ExtraBlankLine
prepare	Reconcile surviving predecessor source PR	2026-09-06T23:28:03.7279427Z    ✔  Given a deterministic factory seeded with "rsa-blankline-test"
prepare	Reconcile surviving predecessor source PR	2026-09-06T23:28:03.7279865Z    ✔  When I generate an RSA key for label "rsa-blankline"
prepare	Reconcile surviving predecessor source PR	2026-09-06T23:28:03.7280256Z    ✔  And I corrupt the PKCS8 PEM with ExtraBlankLine
prepare	Reconcile surviving predecessor source PR	2026-09-06T23:28:03.7280615Z    ✔  Then the corrupted PEM should fail to parse
prepare	Reconcile surviving predecessor source PR	2026-09-06T23:28:03.7281005Z   Scenario: deterministic RSA PEM corruption with variant is stable
prepare	Reconcile surviving predecessor source PR	2026-09-06T23:28:03.7281503Z    ✔  Given a deterministic factory seeded with "rsa-det-corrupt-pem"
prepare	Reconcile surviving predecessor source PR	2026-09-06T23:28:03.7281945Z    ✔  When I generate an RSA key for label "rsa-det-pem"
prepare	Reconcile surviving predecessor source PR	2026-09-06T23:28:03.7282397Z    ✔  And I deterministically corrupt the RSA PKCS8 PEM with variant "v1"
prepare	Reconcile surviving predecessor source PR	2026-09-06T23:28:03.7282935Z    ✔  And I deterministically corrupt the RSA PKCS8 PEM with variant "v1" again
prepare	Reconcile surviving predecessor source PR	2026-09-06T23:28:03.7283434Z    ✔  Then the deterministic text artifacts should be identical
prepare	Reconcile surviving predecessor source PR	2026-09-06T23:28:03.7283878Z    ✔  And the deterministic RSA PEM artifact should fail to parse
prepare	Reconcile surviving predecessor source PR	2026-09-06T23:28:03.7284297Z   Scenario: deterministic RSA DER corruption with variant is stable
prepare	Reconcile surviving predecessor source PR	2026-09-06T23:28:03.7284786Z    ✔  Given a deterministic factory seeded with "rsa-det-corrupt-der"
prepare	Reconcile surviving predecessor source PR	2026-09-06T23:28:03.7285218Z    ✔  When I generate an RSA key for label "rsa-det-der"
prepare	Reconcile surviving predecessor source PR	2026-09-06T23:28:03.7285667Z    ✔  And I deterministically corrupt the RSA PKCS8 DER with variant "v1"
prepare	Reconcile surviving predecessor source PR	2026-09-06T23:28:03.7286595Z    ✔  And I deterministically corrupt the RSA PKCS8 DER with variant "v1" again
prepare	Reconcile surviving predecessor source PR	2026-09-06T23:28:03.7287224Z    ✔  Then the deterministic binary artifacts should be identical
prepare	Reconcile surviving predecessor source PR	2026-09-06T23:28:03.7287671Z    ✔  And the deterministic RSA DER artifact should fail to parse
prepare	Reconcile surviving predecessor source PR	2026-09-06T23:28:03.7288093Z   Scenario: random factory produces distinct keys for different labels
prepare	Reconcile surviving predecessor source PR	2026-09-06T23:28:03.7288487Z    ✔  Given a random factory
prepare	Reconcile surviving predecessor source PR	2026-09-06T23:28:03.7288816Z    ✔  When I generate an RSA key for label "service-alpha"
prepare	Reconcile surviving predecessor source PR	2026-09-06T23:28:03.7289234Z    ✔  And I generate another RSA key for label "service-beta"
prepare	Reconcile surviving predecessor source PR	2026-09-06T23:28:03.7289615Z    ✔  Then the keys should have different moduli
prepare	Reconcile surviving predecessor source PR	2026-09-06T23:28:03.7290026Z   Scenario: deterministic factory reuse returns identical key and valid formats
prepare	Reconcile surviving predecessor source PR	2026-09-06T23:28:03.7290550Z    ✔  Given a deterministic factory seeded with "factory-reuse-test"
prepare	Reconcile surviving predecessor source PR	2026-09-06T23:28:03.7290980Z    ✔  When I generate an RSA key for label "reused-key"
prepare	Reconcile surviving predecessor source PR	2026-09-06T23:28:03.7291392Z    ✔  And I generate an RSA key for label "reused-key" again
prepare	Reconcile surviving predecessor source PR	2026-09-06T23:28:03.7291770Z    ✔  Then the PKCS8 PEM should be identical
prepare	Reconcile surviving predecessor source PR	2026-09-06T23:28:03.7292096Z    ✔  And the PKCS8 DER should be parseable
prepare	Reconcile surviving predecessor source PR	2026-09-06T23:28:03.7292417Z    ✔  And the SPKI PEM should be parseable
prepare	Reconcile surviving predecessor source PR	2026-09-06T23:28:03.7292698Z Feature: RustCrypto adapter
prepare	Reconcile surviving predecessor source PR	2026-09-06T23:28:03.7292972Z   Scenario: RustCrypto RSA sign and verify round-trip
prepare	Reconcile surviving predecessor source PR	2026-09-06T23:28:03.7293407Z    ✔  Given a deterministic factory seeded with "rustcrypto-rsa-test"
prepare	Reconcile surviving predecessor source PR	2026-09-06T23:28:03.7293852Z    ✔  When I generate an RSA key for label "rustcrypto-rsa"
prepare	Reconcile surviving predecessor source PR	2026-09-06T23:28:03.7294243Z    ✔  And I sign a message with the RustCrypto RSA key
prepare	Reconcile surviving predecessor source PR	2026-09-06T23:28:03.7294616Z    ✔  Then the RustCrypto RSA signature should verify
prepare	Reconcile surviving predecessor source PR	2026-09-06T23:28:03.7294936Z   Scenario: RustCrypto RSA wrong-key rejection
prepare	Reconcile surviving predecessor source PR	2026-09-06T23:28:03.7295365Z    ✔  Given a deterministic factory seeded with "rustcrypto-rsa-wrong"
prepare	Reconcile surviving predecessor source PR	2026-09-06T23:28:03.7296132Z    ✔  When I generate an RSA key for label "rustcrypto-rsa-signer"
prepare	Reconcile surviving predecessor source PR	2026-09-06T23:28:03.7296558Z    ✔  And I sign a message with the RustCrypto RSA key
prepare	Reconcile surviving predecessor source PR	2026-09-06T23:28:03.7296995Z    ✔  And I generate another RSA key for label "rustcrypto-rsa-wrong"
prepare	Reconcile surviving predecessor source PR	2026-09-06T23:28:03.7297497Z    ✔  Then the RustCrypto RSA signature should not verify with the other key
prepare	Reconcile surviving predecessor source PR	2026-09-06T23:28:03.7297940Z   Scenario: RustCrypto ECDSA P-256 sign and verify round-trip
prepare	Reconcile surviving predecessor source PR	2026-09-06T23:28:03.7298408Z    ✔  Given a deterministic factory seeded with "rustcrypto-p256-test"
prepare	Reconcile surviving predecessor source PR	2026-09-06T23:28:03.7298897Z    ✔  When I generate an ECDSA ES256 key for label "rustcrypto-p256"
prepare	Reconcile surviving predecessor source PR	2026-09-06T23:28:03.7299321Z    ✔  And I sign a message with the RustCrypto P-256 key
prepare	Reconcile surviving predecessor source PR	2026-09-06T23:28:03.7299708Z    ✔  Then the RustCrypto P-256 signature should verify
prepare	Reconcile surviving predecessor source PR	2026-09-06T23:28:03.7300053Z   Scenario: RustCrypto ECDSA P-256 wrong-key rejection
prepare	Reconcile surviving predecessor source PR	2026-09-06T23:28:03.7300509Z    ✔  Given a deterministic factory seeded with "rustcrypto-p256-wrong"
prepare	Reconcile surviving predecessor source PR	2026-09-06T23:28:03.7301031Z    ✔  When I generate an ECDSA ES256 key for label "rustcrypto-p256-signer"
prepare	Reconcile surviving predecessor source PR	2026-09-06T23:28:03.7301491Z    ✔  And I sign a message with the RustCrypto P-256 key
prepare	Reconcile surviving predecessor source PR	2026-09-06T23:28:03.7301959Z    ✔  And I generate another ECDSA ES256 key for label "rustcrypto-p256-wrong"
prepare	Reconcile surviving predecessor source PR	2026-09-06T23:28:03.7302496Z    ✔  Then the RustCrypto P-256 signature should not verify with the other key
prepare	Reconcile surviving predecessor source PR	2026-09-06T23:28:03.7302941Z   Scenario: RustCrypto ECDSA P-384 sign and verify round-trip
prepare	Reconcile surviving predecessor source PR	2026-09-06T23:28:03.7303408Z    ✔  Given a deterministic factory seeded with "rustcrypto-p384-test"
prepare	Reconcile surviving predecessor source PR	2026-09-06T23:28:03.7303887Z    ✔  When I generate an ECDSA ES384 key for label "rustcrypto-p384"
prepare	Reconcile surviving predecessor source PR	2026-09-06T23:28:03.7304313Z    ✔  And I sign a message with the RustCrypto P-384 key
prepare	Reconcile surviving predecessor source PR	2026-09-06T23:28:03.7304695Z    ✔  Then the RustCrypto P-384 signature should verify
prepare	Reconcile surviving predecessor source PR	2026-09-06T23:28:03.7305032Z   Scenario: RustCrypto ECDSA P-384 wrong-key rejection
prepare	Reconcile surviving predecessor source PR	2026-09-06T23:28:03.7305475Z    ✔  Given a deterministic factory seeded with "rustcrypto-p384-wrong"
prepare	Reconcile surviving predecessor source PR	2026-09-06T23:28:03.7306395Z    ✔  When I generate an ECDSA ES384 key for label "rustcrypto-p384-signer"
prepare	Reconcile surviving predecessor source PR	2026-09-06T23:28:03.7306992Z    ✔  And I sign a message with the RustCrypto P-384 key
prepare	Reconcile surviving predecessor source PR	2026-09-06T23:28:03.7307461Z    ✔  And I generate another ECDSA ES384 key for label "rustcrypto-p384-wrong"
prepare	Reconcile surviving predecessor source PR	2026-09-06T23:28:03.7307997Z    ✔  Then the RustCrypto P-384 signature should not verify with the other key
prepare	Reconcile surviving predecessor source PR	2026-09-06T23:28:03.7308435Z   Scenario: RustCrypto Ed25519 sign and verify round-trip
prepare	Reconcile surviving predecessor source PR	2026-09-06T23:28:03.7308909Z    ✔  Given a deterministic factory seeded with "rustcrypto-ed25519-test"
prepare	Reconcile surviving predecessor source PR	2026-09-06T23:28:03.7309404Z    ✔  When I generate an Ed25519 key for label "rustcrypto-ed25519"
prepare	Reconcile surviving predecessor source PR	2026-09-06T23:28:03.7309843Z    ✔  And I sign a message with the RustCrypto Ed25519 key
prepare	Reconcile surviving predecessor source PR	2026-09-06T23:28:03.7310242Z    ✔  Then the RustCrypto Ed25519 signature should verify
prepare	Reconcile surviving predecessor source PR	2026-09-06T23:28:03.7310577Z   Scenario: RustCrypto Ed25519 wrong-key rejection
prepare	Reconcile surviving predecessor source PR	2026-09-06T23:28:03.7311028Z    ✔  Given a deterministic factory seeded with "rustcrypto-ed25519-wrong"
prepare	Reconcile surviving predecessor source PR	2026-09-06T23:28:03.7311554Z    ✔  When I generate an Ed25519 key for label "rustcrypto-ed25519-signer"
prepare	Reconcile surviving predecessor source PR	2026-09-06T23:28:03.7312017Z    ✔  And I sign a message with the RustCrypto Ed25519 key
prepare	Reconcile surviving predecessor source PR	2026-09-06T23:28:03.7312489Z    ✔  And I generate another Ed25519 key for label "rustcrypto-ed25519-wrong"
prepare	Reconcile surviving predecessor source PR	2026-09-06T23:28:03.7313038Z    ✔  Then the RustCrypto Ed25519 signature should not verify with the other key
prepare	Reconcile surviving predecessor source PR	2026-09-06T23:28:03.7313506Z   Scenario: RustCrypto HMAC SHA-256 tag generation and verification
prepare	Reconcile surviving predecessor source PR	2026-09-06T23:28:03.7314009Z    ✔  Given a deterministic factory seeded with "rustcrypto-hmac256-test"
prepare	Reconcile surviving predecessor source PR	2026-09-06T23:28:03.7314512Z    ✔  When I generate an HMAC HS256 secret for label "rustcrypto-hmac"
prepare	Reconcile surviving predecessor source PR	2026-09-06T23:28:03.7314924Z    ✔  And I compute a RustCrypto HMAC-SHA256 tag
prepare	Reconcile surviving predecessor source PR	2026-09-06T23:28:03.7315295Z    ✔  Then the RustCrypto HMAC-SHA256 tag should verify
prepare	Reconcile surviving predecessor source PR	2026-09-06T23:28:03.7315675Z   Scenario: RustCrypto HMAC SHA-384 tag generation and verification
prepare	Reconcile surviving predecessor source PR	2026-09-06T23:28:03.7316445Z    ✔  Given a deterministic factory seeded with "rustcrypto-hmac384-test"
prepare	Reconcile surviving predecessor source PR	2026-09-06T23:28:03.7316975Z    ✔  When I generate an HMAC HS384 secret for label "rustcrypto-hmac384"
prepare	Reconcile surviving predecessor source PR	2026-09-06T23:28:03.7317394Z    ✔  And I compute a RustCrypto HMAC-SHA384 tag
prepare	Reconcile surviving predecessor source PR	2026-09-06T23:28:03.7317761Z    ✔  Then the RustCrypto HMAC-SHA384 tag should verify
prepare	Reconcile surviving predecessor source PR	2026-09-06T23:28:03.7318149Z   Scenario: RustCrypto HMAC SHA-512 tag generation and verification
prepare	Reconcile surviving predecessor source PR	2026-09-06T23:28:03.7318650Z    ✔  Given a deterministic factory seeded with "rustcrypto-hmac512-test"
prepare	Reconcile surviving predecessor source PR	2026-09-06T23:28:03.7319155Z    ✔  When I generate an HMAC HS512 secret for label "rustcrypto-hmac512"
prepare	Reconcile surviving predecessor source PR	2026-09-06T23:28:03.7319570Z    ✔  And I compute a RustCrypto HMAC-SHA512 tag
prepare	Reconcile surviving predecessor source PR	2026-09-06T23:28:03.7319933Z    ✔  Then the RustCrypto HMAC-SHA512 tag should verify
prepare	Reconcile surviving predecessor source PR	2026-09-06T23:28:03.7320283Z   Scenario: RustCrypto HMAC SHA-256 wrong-key rejection
prepare	Reconcile surviving predecessor source PR	2026-09-06T23:28:03.7320742Z    ✔  Given a deterministic factory seeded with "rustcrypto-hmac256-wrong"
prepare	Reconcile surviving predecessor source PR	2026-09-06T23:28:03.7321417Z    ✔  When I generate an HMAC HS256 secret for label "rustcrypto-hmac-signer"
prepare	Reconcile surviving predecessor source PR	2026-09-06T23:28:03.7321986Z    ✔  And I compute a RustCrypto HMAC-SHA256 tag
prepare	Reconcile surviving predecessor source PR	2026-09-06T23:28:03.7322443Z    ✔  And I generate an HMAC HS256 secret for label "rustcrypto-hmac-wrong" again
prepare	Reconcile surviving predecessor source PR	2026-09-06T23:28:03.7322995Z    ✔  Then the RustCrypto HMAC-SHA256 tag should not verify with the other key
prepare	Reconcile surviving predecessor source PR	2026-09-06T23:28:03.7323429Z   Scenario: RustCrypto Ed25519 signature is deterministic
prepare	Reconcile surviving predecessor source PR	2026-09-06T23:28:03.7323895Z    ✔  Given a deterministic factory seeded with "rustcrypto-ed25519-det"
prepare	Reconcile surviving predecessor source PR	2026-09-06T23:28:03.7324411Z    ✔  When I generate an Ed25519 key for label "rustcrypto-ed25519-det"
prepare	Reconcile surviving predecessor source PR	2026-09-06T23:28:03.7324860Z    ✔  And I sign a message with the RustCrypto Ed25519 key
prepare	Reconcile surviving predecessor source PR	2026-09-06T23:28:03.7325220Z    ✔  And I record the RustCrypto signature
prepare	Reconcile surviving predecessor source PR	2026-09-06T23:28:03.7325579Z    ✔  And I sign a message with the RustCrypto Ed25519 key
prepare	Reconcile surviving predecessor source PR	2026-09-06T23:28:03.7326266Z    ✔  Then the RustCrypto signature should be identical to the recorded one
prepare	Reconcile surviving predecessor source PR	2026-09-06T23:28:03.7326658Z Feature: rustls adapter
prepare	Reconcile surviving predecessor source PR	2026-09-06T23:28:03.7326926Z   Scenario: rustls certificate DER conversion from X.509
prepare	Reconcile surviving predecessor source PR	2026-09-06T23:28:03.7327382Z    ✔  Given a deterministic factory seeded with "rustls-cert-test"
prepare	Reconcile surviving predecessor source PR	2026-09-06T23:28:03.7327941Z    ✔  When I generate an X.509 certificate for domain "example.com" with label "rustls-cert"
prepare	Reconcile surviving predecessor source PR	2026-09-06T23:28:03.7328488Z    ✔  And I convert the X.509 certificate to rustls CertificateDer
prepare	Reconcile surviving predecessor source PR	2026-09-06T23:28:03.7328913Z    ✔  Then the rustls CertificateDer should not be empty
prepare	Reconcile surviving predecessor source PR	2026-09-06T23:28:03.7329267Z   Scenario: rustls private key DER conversion from X.509
prepare	Reconcile surviving predecessor source PR	2026-09-06T23:28:03.7329693Z    ✔  Given a deterministic factory seeded with "rustls-key-test"
prepare	Reconcile surviving predecessor source PR	2026-09-06T23:28:03.7330238Z    ✔  When I generate an X.509 certificate for domain "example.com" with label "rustls-key"
prepare	Reconcile surviving predecessor source PR	2026-09-06T23:28:03.7330773Z    ✔  And I convert the X.509 private key to rustls PrivateKeyDer
prepare	Reconcile surviving predecessor source PR	2026-09-06T23:28:03.7331184Z    ✔  Then the rustls PrivateKeyDer should not be empty
prepare	Reconcile surviving predecessor source PR	2026-09-06T23:28:03.7331542Z   Scenario: rustls ServerConfig from certificate chain
prepare	Reconcile surviving predecessor source PR	2026-09-06T23:28:03.7331987Z    ✔  Given a deterministic factory seeded with "rustls-server-test"
prepare	Reconcile surviving predecessor source PR	2026-09-06T23:28:03.7332711Z    ✔  When I generate a certificate chain for domain "example.com" with label "rustls-server"
prepare	Reconcile surviving predecessor source PR	2026-09-06T23:28:03.7333600Z    ✔  And I build a rustls ServerConfig from the chain
prepare	Reconcile surviving predecessor source PR	2026-09-06T23:28:03.7334241Z    ✔  Then the rustls ServerConfig should be valid
prepare	Reconcile surviving predecessor source PR	2026-09-06T23:28:03.7334851Z   Scenario: rustls ClientConfig from certificate chain
prepare	Reconcile surviving predecessor source PR	2026-09-06T23:28:03.7335646Z    ✔  Given a deterministic factory seeded with "rustls-client-test"
prepare	Reconcile surviving predecessor source PR	2026-09-06T23:28:03.7336901Z    ✔  When I generate a certificate chain for domain "example.com" with label "rustls-client"
prepare	Reconcile surviving predecessor source PR	2026-09-06T23:28:03.7337738Z    ✔  And I build a rustls ClientConfig from the chain
prepare	Reconcile surviving predecessor source PR	2026-09-06T23:28:03.7338379Z    ✔  Then the rustls ClientConfig should be valid
prepare	Reconcile surviving predecessor source PR	2026-09-06T23:28:03.7339089Z   Scenario: rustls chain DER conversion includes leaf and intermediate
prepare	Reconcile surviving predecessor source PR	2026-09-06T23:28:03.7340041Z    ✔  Given a deterministic factory seeded with "rustls-chain-test"
prepare	Reconcile surviving predecessor source PR	2026-09-06T23:28:03.7340846Z    ✔  When I generate a certificate chain for domain "example.com" with label "rustls-chain"
prepare	Reconcile surviving predecessor source PR	2026-09-06T23:28:03.7341377Z    ✔  And I convert the chain to rustls CertificateDer list
prepare	Reconcile surviving predecessor source PR	2026-09-06T23:28:03.7341805Z    ✔  Then the rustls chain should have at least 2 certificates
prepare	Reconcile surviving predecessor source PR	2026-09-06T23:28:03.7342160Z   Scenario: rustls root certificate DER conversion
prepare	Reconcile surviving predecessor source PR	2026-09-06T23:28:03.7342580Z    ✔  Given a deterministic factory seeded with "rustls-root-test"
prepare	Reconcile surviving predecessor source PR	2026-09-06T23:28:03.7343127Z    ✔  When I generate a certificate chain for domain "example.com" with label "rustls-root"
prepare	Reconcile surviving predecessor source PR	2026-09-06T23:28:03.7343889Z    ✔  And I convert the chain root to rustls CertificateDer
prepare	Reconcile surviving predecessor source PR	2026-09-06T23:28:03.7344671Z    ✔  Then the rustls root CertificateDer should not be empty
prepare	Reconcile surviving predecessor source PR	2026-09-06T23:28:03.7345185Z Feature: Seed parsing
prepare	Reconcile surviving predecessor source PR	2026-09-06T23:28:03.7345421Z   Scenario: hex seed with 0x prefix
prepare	Reconcile surviving predecessor source PR	2026-09-06T23:28:03.7346727Z    ✔  Given a deterministic factory seeded with "0x0000000000000000000000000000000000000000000000000000000000000001"
prepare	Reconcile surviving predecessor source PR	2026-09-06T23:28:03.7347544Z    ✔  When I generate an RSA key for label "hex-test"
prepare	Reconcile surviving predecessor source PR	2026-09-06T23:28:03.7347917Z    ✔  Then the PKCS8 DER should be parseable
prepare	Reconcile surviving predecessor source PR	2026-09-06T23:28:03.7348220Z   Scenario: hex seed without 0x prefix
prepare	Reconcile surviving predecessor source PR	2026-09-06T23:28:03.7348804Z    ✔  Given a deterministic factory seeded with "0000000000000000000000000000000000000000000000000000000000000002"
prepare	Reconcile surviving predecessor source PR	2026-09-06T23:28:03.7349383Z    ✔  When I generate an RSA key for label "hex-test"
prepare	Reconcile surviving predecessor source PR	2026-09-06T23:28:03.7349741Z    ✔  Then the PKCS8 DER should be parseable
prepare	Reconcile surviving predecessor source PR	2026-09-06T23:28:03.7350039Z   Scenario: string seed is hashed to 32 bytes
prepare	Reconcile surviving predecessor source PR	2026-09-06T23:28:03.7350444Z    ✔  Given a deterministic factory seeded with "my-simple-seed"
prepare	Reconcile surviving predecessor source PR	2026-09-06T23:28:03.7350867Z    ✔  When I generate an RSA key for label "string-test"
prepare	Reconcile surviving predecessor source PR	2026-09-06T23:28:03.7351224Z    ✔  Then the PKCS8 DER should be parseable
prepare	Reconcile surviving predecessor source PR	2026-09-06T23:28:03.7351539Z   Scenario: same string seed produces same keys
prepare	Reconcile surviving predecessor source PR	2026-09-06T23:28:03.7351943Z    ✔  Given a deterministic factory seeded with "reproducible"
prepare	Reconcile surviving predecessor source PR	2026-09-06T23:28:03.7352346Z    ✔  When I generate an RSA key for label "test"
prepare	Reconcile surviving predecessor source PR	2026-09-06T23:28:03.7352781Z    ✔  And I switch to a deterministic factory seeded with "reproducible"
prepare	Reconcile surviving predecessor source PR	2026-09-06T23:28:03.7353216Z    ✔  And I generate an RSA key for label "test" again
prepare	Reconcile surviving predecessor source PR	2026-09-06T23:28:03.7353563Z    ✔  Then the PKCS8 PEM should be identical
prepare	Reconcile surviving predecessor source PR	2026-09-06T23:28:03.7353842Z   Scenario: short string seeds work
prepare	Reconcile surviving predecessor source PR	2026-09-06T23:28:03.7354173Z    ✔  Given a deterministic factory seeded with "ci"
prepare	Reconcile surviving predecessor source PR	2026-09-06T23:28:03.7354547Z    ✔  When I generate an RSA key for label "short-seed"
prepare	Reconcile surviving predecessor source PR	2026-09-06T23:28:03.7354898Z    ✔  Then the PKCS8 DER should be parseable
prepare	Reconcile surviving predecessor source PR	2026-09-06T23:28:03.7355178Z   Scenario: long string seeds work
prepare	Reconcile surviving predecessor source PR	2026-09-06T23:28:03.7355996Z    ✔  Given a deterministic factory seeded with "this-is-a-very-long-seed-value-that-exceeds-32-characters-significantly"
prepare	Reconcile surviving predecessor source PR	2026-09-06T23:28:03.7356681Z    ✔  When I generate an RSA key for label "long-seed"
prepare	Reconcile surviving predecessor source PR	2026-09-06T23:28:03.7357031Z    ✔  Then the PKCS8 DER should be parseable
prepare	Reconcile surviving predecessor source PR	2026-09-06T23:28:03.7357404Z   Scenario: same seed across factory instances produces same ECDSA key
prepare	Reconcile surviving predecessor source PR	2026-09-06T23:28:03.7357907Z    ✔  Given a deterministic factory seeded with "ecdsa-seed-instance"
prepare	Reconcile surviving predecessor source PR	2026-09-06T23:28:03.7358373Z    ✔  When I generate an ECDSA ES256 key for label "instance-test"
prepare	Reconcile surviving predecessor source PR	2026-09-06T23:28:03.7358871Z    ✔  And I switch to a deterministic factory seeded with "ecdsa-seed-instance"
prepare	Reconcile surviving predecessor source PR	2026-09-06T23:28:03.7359392Z    ✔  And I generate an ECDSA ES256 key for label "instance-test" again
prepare	Reconcile surviving predecessor source PR	2026-09-06T23:28:03.7359812Z    ✔  Then the ECDSA PKCS8 PEM should be identical
prepare	Reconcile surviving predecessor source PR	2026-09-06T23:28:03.7360201Z   Scenario: same seed across factory instances produces same Ed25519 key
prepare	Reconcile surviving predecessor source PR	2026-09-06T23:28:03.7360717Z    ✔  Given a deterministic factory seeded with "ed25519-seed-instance"
prepare	Reconcile surviving predecessor source PR	2026-09-06T23:28:03.7361177Z    ✔  When I generate an Ed25519 key for label "instance-test"
prepare	Reconcile surviving predecessor source PR	2026-09-06T23:28:03.7361679Z    ✔  And I switch to a deterministic factory seeded with "ed25519-seed-instance"
prepare	Reconcile surviving predecessor source PR	2026-09-06T23:28:03.7362197Z    ✔  And I generate an Ed25519 key for label "instance-test" again
prepare	Reconcile surviving predecessor source PR	2026-09-06T23:28:03.7362614Z    ✔  Then the Ed25519 PKCS8 PEM should be identical
prepare	Reconcile surviving predecessor source PR	2026-09-06T23:28:03.7363014Z   Scenario: same seed across factory instances produces same HMAC secret
prepare	Reconcile surviving predecessor source PR	2026-09-06T23:28:03.7363514Z    ✔  Given a deterministic factory seeded with "hmac-seed-instance"
prepare	Reconcile surviving predecessor source PR	2026-09-06T23:28:03.7363987Z    ✔  When I generate an HMAC HS256 secret for label "instance-test"
prepare	Reconcile surviving predecessor source PR	2026-09-06T23:28:03.7364499Z    ✔  And I switch to a deterministic factory seeded with "hmac-seed-instance"
prepare	Reconcile surviving predecessor source PR	2026-09-06T23:28:03.7365017Z    ✔  And I generate an HMAC HS256 secret for label "instance-test" again
prepare	Reconcile surviving predecessor source PR	2026-09-06T23:28:03.7365438Z    ✔  Then the HMAC secrets should be identical
prepare	Reconcile surviving predecessor source PR	2026-09-06T23:28:03.7365909Z   Scenario: different seeds produce different ECDSA keys
prepare	Reconcile surviving predecessor source PR	2026-09-06T23:28:03.7366347Z    ✔  Given a deterministic factory seeded with "ecdsa-seed-one"
prepare	Reconcile surviving predecessor source PR	2026-09-06T23:28:03.7366927Z    ✔  When I generate an ECDSA ES256 key for label "service"
prepare	Reconcile surviving predecessor source PR	2026-09-06T23:28:03.7367498Z    ✔  And I switch to a deterministic factory seeded with "ecdsa-seed-two"
prepare	Reconcile surviving predecessor source PR	2026-09-06T23:28:03.7368010Z    ✔  And I generate another ECDSA ES256 key for label "service"
prepare	Reconcile surviving predecessor source PR	2026-09-06T23:28:03.7368433Z    ✔  Then the ECDSA keys should have different public keys
prepare	Reconcile surviving predecessor source PR	2026-09-06T23:28:03.7368816Z   Scenario: different seeds produce different Ed25519 keys
prepare	Reconcile surviving predecessor source PR	2026-09-06T23:28:03.7369259Z    ✔  Given a deterministic factory seeded with "ed25519-seed-one"
prepare	Reconcile surviving predecessor source PR	2026-09-06T23:28:03.7369678Z    ✔  When I generate an Ed25519 key for label "service"
prepare	Reconcile surviving predecessor source PR	2026-09-06T23:28:03.7370127Z    ✔  And I switch to a deterministic factory seeded with "ed25519-seed-two"
prepare	Reconcile surviving predecessor source PR	2026-09-06T23:28:03.7370585Z    ✔  And I generate another Ed25519 key for label "service"
prepare	Reconcile surviving predecessor source PR	2026-09-06T23:28:03.7370993Z    ✔  Then the Ed25519 keys should have different public keys
prepare	Reconcile surviving predecessor source PR	2026-09-06T23:28:03.7371390Z   Scenario: same seed produces same RSA KID across factory instances
prepare	Reconcile surviving predecessor source PR	2026-09-06T23:28:03.7371883Z    ✔  Given a deterministic factory seeded with "kid-stability-rsa"
prepare	Reconcile surviving predecessor source PR	2026-09-06T23:28:03.7372318Z    ✔  When I generate an RSA key for label "kid-check"
prepare	Reconcile surviving predecessor source PR	2026-09-06T23:28:03.7372649Z    ✔  And I capture the kid
prepare	Reconcile surviving predecessor source PR	2026-09-06T23:28:03.7373040Z    ✔  And I switch to a deterministic factory seeded with "kid-stability-rsa"
prepare	Reconcile surviving predecessor source PR	2026-09-06T23:28:03.7373500Z    ✔  And I generate an RSA key for label "kid-check" again
prepare	Reconcile surviving predecessor source PR	2026-09-06T23:28:03.7373855Z    ✔  And I capture the kid again
prepare	Reconcile surviving predecessor source PR	2026-09-06T23:28:03.7374145Z    ✔  Then the kids should be identical
prepare	Reconcile surviving predecessor source PR	2026-09-06T23:28:03.7374496Z   Scenario: same seed produces same ECDSA KID across factory instances
prepare	Reconcile surviving predecessor source PR	2026-09-06T23:28:03.7374992Z    ✔  Given a deterministic factory seeded with "kid-stability-ecdsa"
prepare	Reconcile surviving predecessor source PR	2026-09-06T23:28:03.7375449Z    ✔  When I generate an ECDSA ES256 key for label "kid-check"
prepare	Reconcile surviving predecessor source PR	2026-09-06T23:28:03.7375952Z    ✔  And I capture the ECDSA kid
prepare	Reconcile surviving predecessor source PR	2026-09-06T23:28:03.7376373Z    ✔  And I switch to a deterministic factory seeded with "kid-stability-ecdsa"
prepare	Reconcile surviving predecessor source PR	2026-09-06T23:28:03.7376882Z    ✔  And I generate an ECDSA ES256 key for label "kid-check" again
prepare	Reconcile surviving predecessor source PR	2026-09-06T23:28:03.7377265Z    ✔  And I capture the ECDSA kid again
prepare	Reconcile surviving predecessor source PR	2026-09-06T23:28:03.7377582Z    ✔  Then the ECDSA kids should be identical
prepare	Reconcile surviving predecessor source PR	2026-09-06T23:28:03.7377865Z Feature: Tempfile artifacts
prepare	Reconcile surviving predecessor source PR	2026-09-06T23:28:03.7378133Z   Scenario: write private key PKCS8 PEM to tempfile
prepare	Reconcile surviving predecessor source PR	2026-09-06T23:28:03.7378549Z    ✔> Given a deterministic factory seeded with "tempfile-test"
prepare	Reconcile surviving predecessor source PR	2026-09-06T23:28:03.7378955Z    ✔> And I generate an RSA key for label "file-test"
prepare	Reconcile surviving predecessor source PR	2026-09-06T23:28:03.7379311Z    ✔  When I write the private key to a tempfile
prepare	Reconcile surviving predecessor source PR	2026-09-06T23:28:03.7379690Z    ✔  Then the tempfile path should end with ".pkcs8.pem"
prepare	Reconcile surviving predecessor source PR	2026-09-06T23:28:03.7380106Z    ✔  And reading the tempfile should match the private key PEM
prepare	Reconcile surviving predecessor source PR	2026-09-06T23:28:03.7380462Z   Scenario: write public key SPKI PEM to tempfile
prepare	Reconcile surviving predecessor source PR	2026-09-06T23:28:03.7380864Z    ✔> Given a deterministic factory seeded with "tempfile-test"
prepare	Reconcile surviving predecessor source PR	2026-09-06T23:28:03.7381274Z    ✔> And I generate an RSA key for label "file-test"
prepare	Reconcile surviving predecessor source PR	2026-09-06T23:28:03.7381638Z    ✔  When I write the public key to a tempfile
prepare	Reconcile surviving predecessor source PR	2026-09-06T23:28:03.7382006Z    ✔  Then the tempfile path should end with ".spki.pem"
prepare	Reconcile surviving predecessor source PR	2026-09-06T23:28:03.7382412Z    ✔  And reading the tempfile should match the public key PEM
prepare	Reconcile surviving predecessor source PR	2026-09-06T23:28:03.7382732Z Feature: Token fixtures
prepare	Reconcile surviving predecessor source PR	2026-09-06T23:28:03.7382992Z   Scenario: deterministic API key fixtures are stable
prepare	Reconcile surviving predecessor source PR	2026-09-06T23:28:03.7383602Z    ✔  Given a deterministic factory seeded with "0x0000000000000000000000000000000000000000000000000000000000000042"
prepare	Reconcile surviving predecessor source PR	2026-09-06T23:28:03.7384195Z    ✔  When I generate an API key token for label "service"
prepare	Reconcile surviving predecessor source PR	2026-09-06T23:28:03.7384610Z    ✔  And I generate an API key token for label "service" again
prepare	Reconcile surviving predecessor source PR	2026-09-06T23:28:03.7384987Z    ✔  Then the token values should be identical
prepare	Reconcile surviving predecessor source PR	2026-09-06T23:28:03.7385339Z   Scenario: deterministic token derivation survives cache clear
prepare	Reconcile surviving predecessor source PR	2026-09-06T23:28:03.7386065Z    ✔  Given a deterministic factory seeded with "token-seed-alpha"
prepare	Reconcile surviving predecessor source PR	2026-09-06T23:28:03.7386493Z    ✔  When I generate an API key token for label "first"
prepare	Reconcile surviving predecessor source PR	2026-09-06T23:28:03.7387036Z    ✔  And I clear the factory cache
prepare	Reconcile surviving predecessor source PR	2026-09-06T23:28:03.7387394Z    ✔  And I generate an API key token for label "first" again
prepare	Reconcile surviving predecessor source PR	2026-09-06T23:28:03.7387769Z    ✔  Then the token values should be identical
prepare	Reconcile surviving predecessor source PR	2026-09-06T23:28:03.7388100Z   Scenario: different labels produce different API keys
prepare	Reconcile surviving predecessor source PR	2026-09-06T23:28:03.7388780Z    ✔  Given a deterministic factory seeded with "0xdeadbeefdeadbeefdeadbeefdeadbeefdeadbeefdeadbeefdeadbeefdeadbeef"
prepare	Reconcile surviving predecessor source PR	2026-09-06T23:28:03.7389435Z    ✔  When I generate an API key token for label "alice"
prepare	Reconcile surviving predecessor source PR	2026-09-06T23:28:03.7389823Z    ✔  And I generate another API key token for label "bob"
prepare	Reconcile surviving predecessor source PR	2026-09-06T23:28:03.7390186Z    ✔  Then the token values should be different
prepare	Reconcile surviving predecessor source PR	2026-09-06T23:28:03.7390508Z   Scenario: different seeds produce different API keys
prepare	Reconcile surviving predecessor source PR	2026-09-06T23:28:03.7390904Z    ✔  Given a deterministic factory seeded with "seed-one"
prepare	Reconcile surviving predecessor source PR	2026-09-06T23:28:03.7391320Z    ✔  When I generate an API key token for label "service"
prepare	Reconcile surviving predecessor source PR	2026-09-06T23:28:03.7391748Z    ✔  And I switch to a deterministic factory seeded with "seed-two"
prepare	Reconcile surviving predecessor source PR	2026-09-06T23:28:03.7392204Z    ✔  And I generate another API key token for label "service"
prepare	Reconcile surviving predecessor source PR	2026-09-06T23:28:03.7392578Z    ✔  Then the token values should be different
prepare	Reconcile surviving predecessor source PR	2026-09-06T23:28:03.7392924Z   Scenario: random factory produces different tokens each time
prepare	Reconcile surviving predecessor source PR	2026-09-06T23:28:03.7393291Z    ✔  Given a random factory
prepare	Reconcile surviving predecessor source PR	2026-09-06T23:28:03.7393622Z    ✔  When I generate an API key token for label "ephemeral"
prepare	Reconcile surviving predecessor source PR	2026-09-06T23:28:03.7393974Z    ✔  And I clear the factory cache
prepare	Reconcile surviving predecessor source PR	2026-09-06T23:28:03.7394335Z    ✔  And I generate an API key token for label "ephemeral" again
prepare	Reconcile surviving predecessor source PR	2026-09-06T23:28:03.7394731Z    ✔  Then the token values should be different
prepare	Reconcile surviving predecessor source PR	2026-09-06T23:28:03.7395069Z   Scenario: random factory caches tokens within same session
prepare	Reconcile surviving predecessor source PR	2026-09-06T23:28:03.7395419Z    ✔  Given a random factory
prepare	Reconcile surviving predecessor source PR	2026-09-06T23:28:03.7395874Z    ✔  When I generate an API key token for label "cached"
prepare	Reconcile surviving predecessor source PR	2026-09-06T23:28:03.7396292Z    ✔  And I generate an API key token for label "cached" again
prepare	Reconcile surviving predecessor source PR	2026-09-06T23:28:03.7396675Z    ✔  Then the token values should be identical
prepare	Reconcile surviving predecessor source PR	2026-09-06T23:28:03.7396969Z   Scenario: API key has correct format
prepare	Reconcile surviving predecessor source PR	2026-09-06T23:28:03.7397341Z    ✔  Given a deterministic factory seeded with "apikey-format"
prepare	Reconcile surviving predecessor source PR	2026-09-06T23:28:03.7397775Z    ✔  When I generate an API key token for label "test-service"
prepare	Reconcile surviving predecessor source PR	2026-09-06T23:28:03.7398174Z    ✔  Then the token value should start with "uk_test_"
prepare	Reconcile surviving predecessor source PR	2026-09-06T23:28:03.7398536Z    ✔  And the token value should have length 40
prepare	Reconcile surviving predecessor source PR	2026-09-06T23:28:03.7398849Z   Scenario: API key authorization header is correct
prepare	Reconcile surviving predecessor source PR	2026-09-06T23:28:03.7399264Z    ✔  Given a deterministic factory seeded with "apikey-auth"
prepare	Reconcile surviving predecessor source PR	2026-09-06T23:28:03.7399691Z    ✔  When I generate an API key token for label "api-client"
prepare	Reconcile surviving predecessor source PR	2026-09-06T23:28:03.7400117Z    ✔  Then the authorization header should start with "ApiKey "
prepare	Reconcile surviving predecessor source PR	2026-09-06T23:28:03.7400516Z   Scenario: deterministic bearer token fixtures are stable
prepare	Reconcile surviving predecessor source PR	2026-09-06T23:28:03.7400937Z    ✔  Given a deterministic factory seeded with "bearer-seed"
prepare	Reconcile surviving predecessor source PR	2026-09-06T23:28:03.7401347Z    ✔  When I generate a bearer token for label "user"
prepare	Reconcile surviving predecessor source PR	2026-09-06T23:28:03.7401730Z    ✔  And I generate a bearer token for label "user" again
prepare	Reconcile surviving predecessor source PR	2026-09-06T23:28:03.7402107Z    ✔  Then the token values should be identical
prepare	Reconcile surviving predecessor source PR	2026-09-06T23:28:03.7402407Z   Scenario: bearer token has correct format
prepare	Reconcile surviving predecessor source PR	2026-09-06T23:28:03.7402798Z    ✔  Given a deterministic factory seeded with "bearer-format"
prepare	Reconcile surviving predecessor source PR	2026-09-06T23:28:03.7403217Z    ✔  When I generate a bearer token for label "test-user"
prepare	Reconcile surviving predecessor source PR	2026-09-06T23:28:03.7403596Z    ✔  Then the token value should be valid base64url
prepare	Reconcile surviving predecessor source PR	2026-09-06T23:28:03.7403948Z    ✔  And the token value should have length 43
prepare	Reconcile surviving predecessor source PR	2026-09-06T23:28:03.7404277Z   Scenario: bearer token authorization header is correct
prepare	Reconcile surviving predecessor source PR	2026-09-06T23:28:03.7404688Z    ✔  Given a deterministic factory seeded with "bearer-auth"
prepare	Reconcile surviving predecessor source PR	2026-09-06T23:28:03.7405238Z    ✔  When I generate a bearer token for label "bearer-client"
prepare	Reconcile surviving predecessor source PR	2026-09-06T23:28:03.7406323Z    ✔  Then the authorization header should start with "Bearer "
prepare	Reconcile surviving predecessor source PR	2026-09-06T23:28:03.7406972Z   Scenario: deterministic OAuth access token fixtures are stable
prepare	Reconcile surviving predecessor source PR	2026-09-06T23:28:03.7407620Z    ✔  Given a deterministic factory seeded with "oauth-seed"
prepare	Reconcile surviving predecessor source PR	2026-09-06T23:28:03.7408144Z    ✔  When I generate an OAuth access token for label "app"
prepare	Reconcile surviving predecessor source PR	2026-09-06T23:28:03.7408650Z    ✔  And I generate an OAuth access token for label "app" again
prepare	Reconcile surviving predecessor source PR	2026-09-06T23:28:03.7418501Z    ✔  Then the token values should be identical
prepare	Reconcile surviving predecessor source PR	2026-09-06T23:28:03.7419060Z   Scenario: OAuth access token has JWT format
prepare	Reconcile surviving predecessor source PR	2026-09-06T23:28:03.7419732Z    ✔  Given a deterministic factory seeded with "oauth-format"
prepare	Reconcile surviving predecessor source PR	2026-09-06T23:28:03.7420484Z    ✔  When I generate an OAuth access token for label "oauth-client"
prepare	Reconcile surviving predecessor source PR	2026-09-06T23:28:03.7421210Z    ✔  Then the token value should have three dot-separated segments
prepare	Reconcile surviving predecessor source PR	2026-09-06T23:28:03.7421688Z    ✔  And the token value header should decode to valid JSON
prepare	Reconcile surviving predecessor source PR	2026-09-06T23:28:03.7422125Z   Scenario: OAuth access token authorization header is correct
prepare	Reconcile surviving predecessor source PR	2026-09-06T23:28:03.7422591Z    ✔  Given a deterministic factory seeded with "oauth-auth"
prepare	Reconcile surviving predecessor source PR	2026-09-06T23:28:03.7423049Z    ✔  When I generate an OAuth access token for label "oauth-client"
prepare	Reconcile surviving predecessor source PR	2026-09-06T23:28:03.7423514Z    ✔  Then the authorization header should start with "Bearer "
prepare	Reconcile surviving predecessor source PR	2026-09-06T23:28:03.7423918Z   Scenario: OAuth access token payload has required claims
prepare	Reconcile surviving predecessor source PR	2026-09-06T23:28:03.7424361Z    ✔  Given a deterministic factory seeded with "oauth-claims"
prepare	Reconcile surviving predecessor source PR	2026-09-06T23:28:03.7424799Z    ✔  When I generate an OAuth access token for label "test-app"
prepare	Reconcile surviving predecessor source PR	2026-09-06T23:28:03.7425235Z    ✔  Then the OAuth payload should contain issuer "uselesskey"
prepare	Reconcile surviving predecessor source PR	2026-09-06T23:28:03.7425660Z    ✔  And the OAuth payload should contain subject "test-app"
prepare	Reconcile surviving predecessor source PR	2026-09-06T23:28:03.7426263Z    ✔  And the OAuth payload should contain audience "tests"
prepare	Reconcile surviving predecessor source PR	2026-09-06T23:28:03.7426681Z    ✔  And the OAuth payload should contain scope "fixture.read"
prepare	Reconcile surviving predecessor source PR	2026-09-06T23:28:03.7427075Z   Scenario: each token type has its distinctive format shape
prepare	Reconcile surviving predecessor source PR	2026-09-06T23:28:03.7427537Z    ✔  Given a deterministic factory seeded with "prefix-shape-audit"
prepare	Reconcile surviving predecessor source PR	2026-09-06T23:28:03.7428006Z    ✔  When I generate an API key token for label "shape-check"
prepare	Reconcile surviving predecessor source PR	2026-09-06T23:28:03.7428420Z    ✔  Then the token value should start with "uk_test_"
prepare	Reconcile surviving predecessor source PR	2026-09-06T23:28:03.7428788Z    ✔  And the token value should have length 40
prepare	Reconcile surviving predecessor source PR	2026-09-06T23:28:03.7429170Z    ✔  When I generate a bearer token for label "shape-check"
prepare	Reconcile surviving predecessor source PR	2026-09-06T23:28:03.7429559Z    ✔  Then the token value should be valid base64url
prepare	Reconcile surviving predecessor source PR	2026-09-06T23:28:03.7429915Z    ✔  And the token value should have length 43
prepare	Reconcile surviving predecessor source PR	2026-09-06T23:28:03.7430317Z    ✔  When I generate an OAuth access token for label "shape-check"
prepare	Reconcile surviving predecessor source PR	2026-09-06T23:28:03.7430776Z    ✔  Then the token value should have three dot-separated segments
prepare	Reconcile surviving predecessor source PR	2026-09-06T23:28:03.7431203Z    ✔  And the token value header should decode to valid JSON
prepare	Reconcile surviving predecessor source PR	2026-09-06T23:28:03.7431622Z   Scenario: different token specs produce different values for same label
prepare	Reconcile surviving predecessor source PR	2026-09-06T23:28:03.7432143Z    ✔  Given a deterministic factory seeded with "token-variant-test"
prepare	Reconcile surviving predecessor source PR	2026-09-06T23:28:03.7432608Z    ✔  When I generate an API key token for label "shared-label"
prepare	Reconcile surviving predecessor source PR	2026-09-06T23:28:03.7433027Z    ✔  And I generate a bearer token for label "shared-label"
prepare	Reconcile surviving predecessor source PR	2026-09-06T23:28:03.7433399Z    ✔  Then the token values should be different
prepare	Reconcile surviving predecessor source PR	2026-09-06T23:28:03.7433783Z   Scenario: bearer and OAuth token produce different values for same label
prepare	Reconcile surviving predecessor source PR	2026-09-06T23:28:03.7434303Z    ✔  Given a deterministic factory seeded with "bearer-oauth-variant"
prepare	Reconcile surviving predecessor source PR	2026-09-06T23:28:03.7434761Z    ✔  When I generate a bearer token for label "shared-label"
prepare	Reconcile surviving predecessor source PR	2026-09-06T23:28:03.7435196Z    ✔  And I generate an OAuth access token for label "shared-label"
prepare	Reconcile surviving predecessor source PR	2026-09-06T23:28:03.7435595Z    ✔  Then the token values should be different
prepare	Reconcile surviving predecessor source PR	2026-09-06T23:28:03.7436056Z   Scenario: token with variant produces different value
prepare	Reconcile surviving predecessor source PR	2026-09-06T23:28:03.7436474Z    ✔  Given a deterministic factory seeded with "variant-test"
prepare	Reconcile surviving predecessor source PR	2026-09-06T23:28:03.7437134Z    ✔  When I generate an API key token for label "service"
prepare	Reconcile surviving predecessor source PR	2026-09-06T23:28:03.7437729Z    ✔  And I generate an API key token for label "service" with variant "alt"
prepare	Reconcile surviving predecessor source PR	2026-09-06T23:28:03.7438175Z    ✔  Then the token values should be different
prepare	Reconcile surviving predecessor source PR	2026-09-06T23:28:03.7438512Z   Scenario: token with same variant is deterministic
prepare	Reconcile surviving predecessor source PR	2026-09-06T23:28:03.7438946Z    ✔  Given a deterministic factory seeded with "variant-det-test"
prepare	Reconcile surviving predecessor source PR	2026-09-06T23:28:03.7439451Z    ✔  When I generate an API key token for label "service" with variant "v1"
prepare	Reconcile surviving predecessor source PR	2026-09-06T23:28:03.7439991Z    ✔  And I generate an API key token for label "service" with variant "v1" again
prepare	Reconcile surviving predecessor source PR	2026-09-06T23:28:03.7440440Z    ✔  Then the token values should be identical
prepare	Reconcile surviving predecessor source PR	2026-09-06T23:28:03.7440792Z   Scenario: different labels produce different bearer tokens
prepare	Reconcile surviving predecessor source PR	2026-09-06T23:28:03.7441253Z    ✔  Given a deterministic factory seeded with "bearer-label-diff"
prepare	Reconcile surviving predecessor source PR	2026-09-06T23:28:03.7441680Z    ✔  When I generate a bearer token for label "alice"
prepare	Reconcile surviving predecessor source PR	2026-09-06T23:28:03.7442077Z    ✔  And I generate another bearer token for label "bob"
prepare	Reconcile surviving predecessor source PR	2026-09-06T23:28:03.7442451Z    ✔  Then the token values should be different
prepare	Reconcile surviving predecessor source PR	2026-09-06T23:28:03.7442793Z   Scenario: different labels produce different OAuth tokens
prepare	Reconcile surviving predecessor source PR	2026-09-06T23:28:03.7443240Z    ✔  Given a deterministic factory seeded with "oauth-label-diff"
prepare	Reconcile surviving predecessor source PR	2026-09-06T23:28:03.7443684Z    ✔  When I generate an OAuth access token for label "alice"
prepare	Reconcile surviving predecessor source PR	2026-09-06T23:28:03.7444104Z    ✔  And I generate another OAuth access token for label "bob"
prepare	Reconcile surviving predecessor source PR	2026-09-06T23:28:03.7444485Z    ✔  Then the token values should be different
prepare	Reconcile surviving predecessor source PR	2026-09-06T23:28:03.7444881Z   Scenario: random factory produces different bearer tokens after cache clear
prepare	Reconcile surviving predecessor source PR	2026-09-06T23:28:03.7445300Z    ✔  Given a random factory
prepare	Reconcile surviving predecessor source PR	2026-09-06T23:28:03.7445651Z    ✔  When I generate a bearer token for label "ephemeral-bearer"
prepare	Reconcile surviving predecessor source PR	2026-09-06T23:28:03.7446212Z    ✔  And I clear the factory cache
prepare	Reconcile surviving predecessor source PR	2026-09-06T23:28:03.7446605Z    ✔  And I generate a bearer token for label "ephemeral-bearer" again
prepare	Reconcile surviving predecessor source PR	2026-09-06T23:28:03.7447040Z    ✔  Then the token values should be different
prepare	Reconcile surviving predecessor source PR	2026-09-06T23:28:03.7447416Z   Scenario: random factory caches bearer tokens within same session
prepare	Reconcile surviving predecessor source PR	2026-09-06T23:28:03.7447792Z    ✔  Given a random factory
prepare	Reconcile surviving predecessor source PR	2026-09-06T23:28:03.7448138Z    ✔  When I generate a bearer token for label "cached-bearer"
prepare	Reconcile surviving predecessor source PR	2026-09-06T23:28:03.7448575Z    ✔  And I generate a bearer token for label "cached-bearer" again
prepare	Reconcile surviving predecessor source PR	2026-09-06T23:28:03.7448963Z    ✔  Then the token values should be identical
prepare	Reconcile surviving predecessor source PR	2026-09-06T23:28:03.7449357Z   Scenario: random factory produces different OAuth tokens after cache clear
prepare	Reconcile surviving predecessor source PR	2026-09-06T23:28:03.7449767Z    ✔  Given a random factory
prepare	Reconcile surviving predecessor source PR	2026-09-06T23:28:03.7450135Z    ✔  When I generate an OAuth access token for label "ephemeral-oauth"
prepare	Reconcile surviving predecessor source PR	2026-09-06T23:28:03.7450533Z    ✔  And I clear the factory cache
prepare	Reconcile surviving predecessor source PR	2026-09-06T23:28:03.7450950Z    ✔  And I generate an OAuth access token for label "ephemeral-oauth" again
prepare	Reconcile surviving predecessor source PR	2026-09-06T23:28:03.7451388Z    ✔  Then the token values should be different
prepare	Reconcile surviving predecessor source PR	2026-09-06T23:28:03.7451764Z   Scenario: random factory caches OAuth tokens within same session
prepare	Reconcile surviving predecessor source PR	2026-09-06T23:28:03.7452150Z    ✔  Given a random factory
prepare	Reconcile surviving predecessor source PR	2026-09-06T23:28:03.7452506Z    ✔  When I generate an OAuth access token for label "cached-oauth"
prepare	Reconcile surviving predecessor source PR	2026-09-06T23:28:03.7452987Z    ✔  And I generate an OAuth access token for label "cached-oauth" again
prepare	Reconcile surviving predecessor source PR	2026-09-06T23:28:03.7453410Z    ✔  Then the token values should be identical
prepare	Reconcile surviving predecessor source PR	2026-09-06T23:28:03.7453702Z Feature: Token fixture edge cases
prepare	Reconcile surviving predecessor source PR	2026-09-06T23:28:03.7454018Z   Scenario: API key with minimal label generates valid token
prepare	Reconcile surviving predecessor source PR	2026-09-06T23:28:03.7454484Z    ✔  Given a deterministic factory seeded with "token-minimal-label"
prepare	Reconcile surviving predecessor source PR	2026-09-06T23:28:03.7454908Z    ✔  When I generate an API key token for label "x"
prepare	Reconcile surviving predecessor source PR	2026-09-06T23:28:03.7455282Z    ✔  Then the token value should start with "uk_test_"
prepare	Reconcile surviving predecessor source PR	2026-09-06T23:28:03.7455638Z    ✔  And the token value should have length 40
prepare	Reconcile surviving predecessor source PR	2026-09-06T23:28:03.7456351Z   Scenario: bearer token with minimal label generates valid token
prepare	Reconcile surviving predecessor source PR	2026-09-06T23:28:03.7456996Z    ✔  Given a deterministic factory seeded with "bearer-minimal-label"
prepare	Reconcile surviving predecessor source PR	2026-09-06T23:28:03.7457529Z    ✔  When I generate a bearer token for label "x"
prepare	Reconcile surviving predecessor source PR	2026-09-06T23:28:03.7457896Z    ✔  Then the token value should be valid base64url
prepare	Reconcile surviving predecessor source PR	2026-09-06T23:28:03.7458243Z    ✔  And the token value should have length 43
prepare	Reconcile surviving predecessor source PR	2026-09-06T23:28:03.7458599Z   Scenario: OAuth token with minimal label generates valid token
prepare	Reconcile surviving predecessor source PR	2026-09-06T23:28:03.7459072Z    ✔  Given a deterministic factory seeded with "oauth-minimal-label"
prepare	Reconcile surviving predecessor source PR	2026-09-06T23:28:03.7459504Z    ✔  When I generate an OAuth access token for label "x"
prepare	Reconcile surviving predecessor source PR	2026-09-06T23:28:03.7459931Z    ✔  Then the token value should have three dot-separated segments
prepare	Reconcile surviving predecessor source PR	2026-09-06T23:28:03.7460361Z    ✔  And the token value header should decode to valid JSON
prepare	Reconcile surviving predecessor source PR	2026-09-06T23:28:03.7460736Z   Scenario: API key with unicode label generates valid token
prepare	Reconcile surviving predecessor source PR	2026-09-06T23:28:03.7461188Z    ✔  Given a deterministic factory seeded with "token-unicode-label"
prepare	Reconcile surviving predecessor source PR	2026-09-06T23:28:03.7461695Z    ✔  When I generate an API key token for label "日本語テスト-🔑"
prepare	Reconcile surviving predecessor source PR	2026-09-06T23:28:03.7462092Z    ✔  Then the token value should start with "uk_test_"
prepare	Reconcile surviving predecessor source PR	2026-09-06T23:28:03.7462466Z    ✔  And the token value should have length 40
prepare	Reconcile surviving predecessor source PR	2026-09-06T23:28:03.7462824Z   Scenario: bearer token with very long label generates valid token
prepare	Reconcile surviving predecessor source PR	2026-09-06T23:28:03.7463297Z    ✔  Given a deterministic factory seeded with "token-long-label"
prepare	Reconcile surviving predecessor source PR	2026-09-06T23:28:03.7463978Z    ✔  When I generate a bearer token for label "this-is-a-very-long-label-that-exceeds-normal-lengths-for-testing"
prepare	Reconcile surviving predecessor source PR	2026-09-06T23:28:03.7464596Z    ✔  Then the token value should be valid base64url
prepare	Reconcile surviving predecessor source PR	2026-09-06T23:28:03.7464947Z    ✔  And the token value should have length 43
prepare	Reconcile surviving predecessor source PR	2026-09-06T23:28:03.7465258Z   Scenario: API key contains only printable ASCII
prepare	Reconcile surviving predecessor source PR	2026-09-06T23:28:03.7465971Z    ✔  Given a deterministic factory seeded with "apikey-printable-ascii"
prepare	Reconcile surviving predecessor source PR	2026-09-06T23:28:03.7466467Z    ✔  When I generate an API key token for label "ascii-check"
prepare	Reconcile surviving predecessor source PR	2026-09-06T23:28:03.7466915Z    ✔  Then the token value should contain only printable ASCII
prepare	Reconcile surviving predecessor source PR	2026-09-06T23:28:03.7467281Z   Scenario: API key prefix is consistent across labels
prepare	Reconcile surviving predecessor source PR	2026-09-06T23:28:03.7467796Z    ✔  Given a deterministic factory seeded with "apikey-prefix-consistency"
prepare	Reconcile surviving predecessor source PR	2026-09-06T23:28:03.7468289Z    ✔  When I generate an API key token for label "first-service"
prepare	Reconcile surviving predecessor source PR	2026-09-06T23:28:03.7468696Z    ✔  Then the token value should start with "uk_test_"
prepare	Reconcile surviving predecessor source PR	2026-09-06T23:28:03.7469105Z    ✔  When I generate an API key token for label "second-service"
prepare	Reconcile surviving predecessor source PR	2026-09-06T23:28:03.7469510Z    ✔  Then the token value should start with "uk_test_"
prepare	Reconcile surviving predecessor source PR	2026-09-06T23:28:03.7469861Z   Scenario: OAuth access token payload contains exp claim
prepare	Reconcile surviving predecessor source PR	2026-09-06T23:28:03.7470292Z    ✔  Given a deterministic factory seeded with "oauth-exp-check"
prepare	Reconcile surviving predecessor source PR	2026-09-06T23:28:03.7470736Z    ✔  When I generate an OAuth access token for label "exp-test"
prepare	Reconcile surviving predecessor source PR	2026-09-06T23:28:03.7471148Z    ✔  Then the OAuth payload should contain an exp claim
prepare	Reconcile surviving predecessor source PR	2026-09-06T23:28:03.7471522Z   Scenario: OAuth access token payload contains scope claim
prepare	Reconcile surviving predecessor source PR	2026-09-06T23:28:03.7471972Z    ✔  Given a deterministic factory seeded with "oauth-scope-check"
prepare	Reconcile surviving predecessor source PR	2026-09-06T23:28:03.7472443Z    ✔  When I generate an OAuth access token for label "scope-test"
prepare	Reconcile surviving predecessor source PR	2026-09-06T23:28:03.7472860Z    ✔  Then the OAuth payload should contain a scope claim
prepare	Reconcile surviving predecessor source PR	2026-09-06T23:28:03.7473268Z   Scenario: recreating factory with same seed yields identical API key
prepare	Reconcile surviving predecessor source PR	2026-09-06T23:28:03.7473787Z    ✔  Given a deterministic factory seeded with "token-recreation-apikey"
prepare	Reconcile surviving predecessor source PR	2026-09-06T23:28:03.7474269Z    ✔  When I generate an API key token for label "stable-api"
prepare	Reconcile surviving predecessor source PR	2026-09-06T23:28:03.7474771Z    ✔  And I switch to a deterministic factory seeded with "token-recreation-apikey"
prepare	Reconcile surviving predecessor source PR	2026-09-06T23:28:03.7475293Z    ✔  And I generate an API key token for label "stable-api" again
prepare	Reconcile surviving predecessor source PR	2026-09-06T23:28:03.7475805Z    ✔  Then the token values should be identical
prepare	Reconcile surviving predecessor source PR	2026-09-06T23:28:03.7476210Z   Scenario: recreating factory with same seed yields identical bearer token
prepare	Reconcile surviving predecessor source PR	2026-09-06T23:28:03.7476902Z    ✔  Given a deterministic factory seeded with "token-recreation-bearer"
prepare	Reconcile surviving predecessor source PR	2026-09-06T23:28:03.7477492Z    ✔  When I generate a bearer token for label "stable-bearer"
prepare	Reconcile surviving predecessor source PR	2026-09-06T23:28:03.7477999Z    ✔  And I switch to a deterministic factory seeded with "token-recreation-bearer"
prepare	Reconcile surviving predecessor source PR	2026-09-06T23:28:03.7478519Z    ✔  And I generate a bearer token for label "stable-bearer" again
prepare	Reconcile surviving predecessor source PR	2026-09-06T23:28:03.7478921Z    ✔  Then the token values should be identical
prepare	Reconcile surviving predecessor source PR	2026-09-06T23:28:03.7479312Z   Scenario: recreating factory with same seed yields identical OAuth token
prepare	Reconcile surviving predecessor source PR	2026-09-06T23:28:03.7479837Z    ✔  Given a deterministic factory seeded with "token-recreation-oauth"
prepare	Reconcile surviving predecessor source PR	2026-09-06T23:28:03.7480325Z    ✔  When I generate an OAuth access token for label "stable-oauth"
prepare	Reconcile surviving predecessor source PR	2026-09-06T23:28:03.7480844Z    ✔  And I switch to a deterministic factory seeded with "token-recreation-oauth"
prepare	Reconcile surviving predecessor source PR	2026-09-06T23:28:03.7481377Z    ✔  And I generate an OAuth access token for label "stable-oauth" again
prepare	Reconcile surviving predecessor source PR	2026-09-06T23:28:03.7481815Z    ✔  Then the token values should be identical
prepare	Reconcile surviving predecessor source PR	2026-09-06T23:28:03.7482161Z   Scenario: different seeds produce different bearer tokens
prepare	Reconcile surviving predecessor source PR	2026-09-06T23:28:03.7482615Z    ✔  Given a deterministic factory seeded with "bearer-seed-one"
prepare	Reconcile surviving predecessor source PR	2026-09-06T23:28:03.7483039Z    ✔  When I generate a bearer token for label "service"
prepare	Reconcile surviving predecessor source PR	2026-09-06T23:28:03.7483282Z    ✔  And I switch to a deterministic factory seeded with "bearer-seed-two"
prepare	Reconcile surviving predecessor source PR	2026-09-06T23:28:03.7483477Z    ✔  And I generate another bearer token for label "service"
prepare	Reconcile surviving predecessor source PR	2026-09-06T23:28:03.7483630Z    ✔  Then the token values should be different
prepare	Reconcile surviving predecessor source PR	2026-09-06T23:28:03.7483785Z   Scenario: different seeds produce different OAuth tokens
prepare	Reconcile surviving predecessor source PR	2026-09-06T23:28:03.7483991Z    ✔  Given a deterministic factory seeded with "oauth-seed-one"
prepare	Reconcile surviving predecessor source PR	2026-09-06T23:28:03.7484188Z    ✔  When I generate an OAuth access token for label "service"
prepare	Reconcile surviving predecessor source PR	2026-09-06T23:28:03.7484419Z    ✔  And I switch to a deterministic factory seeded with "oauth-seed-two"
prepare	Reconcile surviving predecessor source PR	2026-09-06T23:28:03.7484629Z    ✔  And I generate another OAuth access token for label "service"
prepare	Reconcile surviving predecessor source PR	2026-09-06T23:28:03.7484786Z    ✔  Then the token values should be different
prepare	Reconcile surviving predecessor source PR	2026-09-06T23:28:03.7484941Z Feature: Token fixture negative and isolation scenarios
prepare	Reconcile surviving predecessor source PR	2026-09-06T23:28:03.7485137Z   Scenario: generating all token types does not perturb ECDSA determinism
prepare	Reconcile surviving predecessor source PR	2026-09-06T23:28:03.7485385Z    ✔  Given a deterministic factory seeded with "token-neg-ecdsa-isolation"
prepare	Reconcile surviving predecessor source PR	2026-09-06T23:28:03.7485589Z    ✔  When I generate an ECDSA ES256 key for label "ecdsa-anchor"
prepare	Reconcile surviving predecessor source PR	2026-09-06T23:28:03.7485889Z    ✔  And I generate an API key token for label "noise-api"
prepare	Reconcile surviving predecessor source PR	2026-09-06T23:28:03.7486083Z    ✔  And I generate a bearer token for label "noise-bearer"
prepare	Reconcile surviving predecessor source PR	2026-09-06T23:28:03.7486284Z    ✔  And I generate an OAuth access token for label "noise-oauth"
prepare	Reconcile surviving predecessor source PR	2026-09-06T23:28:03.7486416Z    ✔  And I clear the factory cache
prepare	Reconcile surviving predecessor source PR	2026-09-06T23:28:03.7486636Z    ✔  And I generate an ECDSA ES256 key for label "ecdsa-anchor" again
prepare	Reconcile surviving predecessor source PR	2026-09-06T23:28:03.7486795Z    ✔  Then the ECDSA PKCS8 PEM should be identical
prepare	Reconcile surviving predecessor source PR	2026-09-06T23:28:03.7487005Z   Scenario: generating all token types does not perturb Ed25519 determinism
prepare	Reconcile surviving predecessor source PR	2026-09-06T23:28:03.7487269Z    ✔  Given a deterministic factory seeded with "token-neg-ed25519-isolation"
prepare	Reconcile surviving predecessor source PR	2026-09-06T23:28:03.7487465Z    ✔  When I generate an Ed25519 key for label "ed25519-anchor"
prepare	Reconcile surviving predecessor source PR	2026-09-06T23:28:03.7487644Z    ✔  And I generate an API key token for label "noise-api"
prepare	Reconcile surviving predecessor source PR	2026-09-06T23:28:03.7487827Z    ✔  And I generate a bearer token for label "noise-bearer"
prepare	Reconcile surviving predecessor source PR	2026-09-06T23:28:03.7488028Z    ✔  And I generate an OAuth access token for label "noise-oauth"
prepare	Reconcile surviving predecessor source PR	2026-09-06T23:28:03.7488151Z    ✔  And I clear the factory cache
prepare	Reconcile surviving predecessor source PR	2026-09-06T23:28:03.7488360Z    ✔  And I generate an Ed25519 key for label "ed25519-anchor" again
prepare	Reconcile surviving predecessor source PR	2026-09-06T23:28:03.7488524Z    ✔  Then the Ed25519 PKCS8 PEM should be identical
prepare	Reconcile surviving predecessor source PR	2026-09-06T23:28:03.7488716Z   Scenario: generating all token types does not perturb HMAC determinism
prepare	Reconcile surviving predecessor source PR	2026-09-06T23:28:03.7488959Z    ✔  Given a deterministic factory seeded with "token-neg-hmac-isolation"
prepare	Reconcile surviving predecessor source PR	2026-09-06T23:28:03.7489289Z    ✔  When I generate an HMAC HS256 secret for label "hmac-anchor"
prepare	Reconcile surviving predecessor source PR	2026-09-06T23:28:03.7489582Z    ✔  And I generate an API key token for label "noise-api"
prepare	Reconcile surviving predecessor source PR	2026-09-06T23:28:03.7489761Z    ✔  And I generate a bearer token for label "noise-bearer"
prepare	Reconcile surviving predecessor source PR	2026-09-06T23:28:03.7489961Z    ✔  And I generate an OAuth access token for label "noise-oauth"
prepare	Reconcile surviving predecessor source PR	2026-09-06T23:28:03.7490087Z    ✔  And I clear the factory cache
prepare	Reconcile surviving predecessor source PR	2026-09-06T23:28:03.7490312Z    ✔  And I generate an HMAC HS256 secret for label "hmac-anchor" again
prepare	Reconcile surviving predecessor source PR	2026-09-06T23:28:03.7490463Z    ✔  Then the HMAC secrets should be identical
prepare	Reconcile surviving predecessor source PR	2026-09-06T23:28:03.7490643Z   Scenario: generating keys does not perturb API key token determinism
prepare	Reconcile surviving predecessor source PR	2026-09-06T23:28:03.7490884Z    ✔  Given a deterministic factory seeded with "token-neg-api-stability"
prepare	Reconcile surviving predecessor source PR	2026-09-06T23:28:03.7491069Z    ✔  When I generate an API key token for label "stable-api"
prepare	Reconcile surviving predecessor source PR	2026-09-06T23:28:03.7491236Z    ✔  And I generate an RSA key for label "noise-rsa"
prepare	Reconcile surviving predecessor source PR	2026-09-06T23:28:03.7491433Z    ✔  And I generate an ECDSA ES256 key for label "noise-ecdsa"
prepare	Reconcile surviving predecessor source PR	2026-09-06T23:28:03.7491604Z    ✔  And I generate an Ed25519 key for label "noise-ed"
prepare	Reconcile surviving predecessor source PR	2026-09-06T23:28:03.7491740Z    ✔  And I clear the factory cache
prepare	Reconcile surviving predecessor source PR	2026-09-06T23:28:03.7491936Z    ✔  And I generate an API key token for label "stable-api" again
prepare	Reconcile surviving predecessor source PR	2026-09-06T23:28:03.7492084Z    ✔  Then the token values should be identical
prepare	Reconcile surviving predecessor source PR	2026-09-06T23:28:03.7492261Z   Scenario: generating keys does not perturb bearer token determinism
prepare	Reconcile surviving predecessor source PR	2026-09-06T23:28:03.7492517Z    ✔  Given a deterministic factory seeded with "token-neg-bearer-stability"
prepare	Reconcile surviving predecessor source PR	2026-09-06T23:28:03.7492704Z    ✔  When I generate a bearer token for label "stable-bearer"
prepare	Reconcile surviving predecessor source PR	2026-09-06T23:28:03.7492866Z    ✔  And I generate an RSA key for label "noise-rsa"
prepare	Reconcile surviving predecessor source PR	2026-09-06T23:28:03.7493056Z    ✔  And I generate an ECDSA ES256 key for label "noise-ecdsa"
prepare	Reconcile surviving predecessor source PR	2026-09-06T23:28:03.7493175Z    ✔  And I clear the factory cache
prepare	Reconcile surviving predecessor source PR	2026-09-06T23:28:03.7493381Z    ✔  And I generate a bearer token for label "stable-bearer" again
prepare	Reconcile surviving predecessor source PR	2026-09-06T23:28:03.7493534Z    ✔  Then the token values should be identical
prepare	Reconcile surviving predecessor source PR	2026-09-06T23:28:03.7493714Z   Scenario: generating keys does not perturb OAuth token determinism
prepare	Reconcile surviving predecessor source PR	2026-09-06T23:28:03.7493965Z    ✔  Given a deterministic factory seeded with "token-neg-oauth-stability"
prepare	Reconcile surviving predecessor source PR	2026-09-06T23:28:03.7494174Z    ✔  When I generate an OAuth access token for label "stable-oauth"
prepare	Reconcile surviving predecessor source PR	2026-09-06T23:28:03.7494337Z    ✔  And I generate an RSA key for label "noise-rsa"
prepare	Reconcile surviving predecessor source PR	2026-09-06T23:28:03.7494528Z    ✔  And I generate an HMAC HS256 secret for label "noise-hmac"
prepare	Reconcile surviving predecessor source PR	2026-09-06T23:28:03.7494652Z    ✔  And I clear the factory cache
prepare	Reconcile surviving predecessor source PR	2026-09-06T23:28:03.7494876Z    ✔  And I generate an OAuth access token for label "stable-oauth" again
prepare	Reconcile surviving predecessor source PR	2026-09-06T23:28:03.7495023Z    ✔  Then the token values should be identical
prepare	Reconcile surviving predecessor source PR	2026-09-06T23:28:03.7495216Z   Scenario: bearer token with variant produces different value than default
prepare	Reconcile surviving predecessor source PR	2026-09-06T23:28:03.7495462Z    ✔  Given a deterministic factory seeded with "token-bearer-variant-test"
prepare	Reconcile surviving predecessor source PR	2026-09-06T23:28:03.7495657Z    ✔  When I generate an API key token for label "service"
prepare	Reconcile surviving predecessor source PR	2026-09-06T23:28:03.7496061Z    ✔  And I generate an API key token for label "service" with variant "staging"
prepare	Reconcile surviving predecessor source PR	2026-09-06T23:28:03.7496221Z    ✔  Then the token values should be different
prepare	Reconcile surviving predecessor source PR	2026-09-06T23:28:03.7496453Z   Scenario: same variant string across different token types produces different values
prepare	Reconcile surviving predecessor source PR	2026-09-06T23:28:03.7496680Z    ✔  Given a deterministic factory seeded with "token-cross-variant"
prepare	Reconcile surviving predecessor source PR	2026-09-06T23:28:03.7496907Z    ✔  When I generate an API key token for label "same" with variant "v1"
prepare	Reconcile surviving predecessor source PR	2026-09-06T23:28:03.7497088Z    ✔  And I generate another bearer token for label "same"
prepare	Reconcile surviving predecessor source PR	2026-09-06T23:28:03.7497238Z    ✔  Then the token values should be different
prepare	Reconcile surviving predecessor source PR	2026-09-06T23:28:03.7497331Z Feature: X.509 certificate fixtures
prepare	Reconcile surviving predecessor source PR	2026-09-06T23:28:03.7497471Z   Scenario: deterministic X.509 certificates are stable
prepare	Reconcile surviving predecessor source PR	2026-09-06T23:28:03.7497869Z    ✔  Given a deterministic factory seeded with "0x0000000000000000000000000000000000000000000000000000000000000042"
prepare	Reconcile surviving predecessor source PR	2026-09-06T23:28:03.7498310Z    ✔  When I generate an X.509 certificate for domain "test.example.com" with label "server"
prepare	Reconcile surviving predecessor source PR	2026-09-06T23:28:03.7498746Z    ✔  And I generate an X.509 certificate for domain "test.example.com" with label "server" again
prepare	Reconcile surviving predecessor source PR	2026-09-06T23:28:03.7498919Z    ✔  Then the X.509 certificate PEM should be identical
prepare	Reconcile surviving predecessor source PR	2026-09-06T23:28:03.7499083Z   Scenario: deterministic X.509 derivation survives cache clear
prepare	Reconcile surviving predecessor source PR	2026-09-06T23:28:03.7499291Z    ✔  Given a deterministic factory seeded with "x509-seed-alpha"
prepare	Reconcile surviving predecessor source PR	2026-09-06T23:28:03.7499594Z    ✔  When I generate an X.509 certificate for domain "api.example.com" with label "first"
prepare	Reconcile surviving predecessor source PR	2026-09-06T23:28:03.7499719Z    ✔  And I clear the factory cache
prepare	Reconcile surviving predecessor source PR	2026-09-06T23:28:03.7500033Z    ✔  And I generate an X.509 certificate for domain "api.example.com" with label "first" again
prepare	Reconcile surviving predecessor source PR	2026-09-06T23:28:03.7500208Z    ✔  Then the X.509 certificate PEM should be identical
prepare	Reconcile surviving predecessor source PR	2026-09-06T23:28:03.7500372Z   Scenario: different labels produce different X.509 certificates
prepare	Reconcile surviving predecessor source PR	2026-09-06T23:28:03.7500845Z    ✔  Given a deterministic factory seeded with "0xdeadbeefdeadbeefdeadbeefdeadbeefdeadbeefdeadbeefdeadbeefdeadbeef"
prepare	Reconcile surviving predecessor source PR	2026-09-06T23:28:03.7501159Z    ✔  When I generate an X.509 certificate for domain "test.example.com" with label "server-a"
prepare	Reconcile surviving predecessor source PR	2026-09-06T23:28:03.7501484Z    ✔  And I generate another X.509 certificate for domain "test.example.com" with label "server-b"
prepare	Reconcile surviving predecessor source PR	2026-09-06T23:28:03.7501671Z    ✔  Then the X.509 certificates should have different DER
prepare	Reconcile surviving predecessor source PR	2026-09-06T23:28:03.7501832Z   Scenario: different seeds produce different X.509 certificates
prepare	Reconcile surviving predecessor source PR	2026-09-06T23:28:03.7502015Z    ✔  Given a deterministic factory seeded with "seed-one"
prepare	Reconcile surviving predecessor source PR	2026-09-06T23:28:03.7502311Z    ✔  When I generate an X.509 certificate for domain "test.example.com" with label "service"
prepare	Reconcile surviving predecessor source PR	2026-09-06T23:28:03.7502527Z    ✔  And I switch to a deterministic factory seeded with "seed-two"
prepare	Reconcile surviving predecessor source PR	2026-09-06T23:28:03.7502840Z    ✔  And I generate another X.509 certificate for domain "test.example.com" with label "service"
prepare	Reconcile surviving predecessor source PR	2026-09-06T23:28:03.7503037Z    ✔  Then the X.509 certificates should have different DER
prepare	Reconcile surviving predecessor source PR	2026-09-06T23:28:03.7503246Z   Scenario: random factory produces different X.509 certificates each time
prepare	Reconcile surviving predecessor source PR	2026-09-06T23:28:03.7503363Z    ✔  Given a random factory
prepare	Reconcile surviving predecessor source PR	2026-09-06T23:28:03.7503673Z    ✔  When I generate an X.509 certificate for domain "test.example.com" with label "ephemeral"
prepare	Reconcile surviving predecessor source PR	2026-09-06T23:28:03.7503795Z    ✔  And I clear the factory cache
prepare	Reconcile surviving predecessor source PR	2026-09-06T23:28:03.7504125Z    ✔  And I generate an X.509 certificate for domain "test.example.com" with label "ephemeral" again
prepare	Reconcile surviving predecessor source PR	2026-09-06T23:28:03.7504302Z    ✔  Then the X.509 certificates should have different DER
prepare	Reconcile surviving predecessor source PR	2026-09-06T23:28:03.7504446Z   Scenario: random factory caches X.509 within same session
prepare	Reconcile surviving predecessor source PR	2026-09-06T23:28:03.7504562Z    ✔  Given a random factory
prepare	Reconcile surviving predecessor source PR	2026-09-06T23:28:03.7504853Z    ✔  When I generate an X.509 certificate for domain "test.example.com" with label "cached"
prepare	Reconcile surviving predecessor source PR	2026-09-06T23:28:03.7505165Z    ✔  And I generate an X.509 certificate for domain "test.example.com" with label "cached" again
prepare	Reconcile surviving predecessor source PR	2026-09-06T23:28:03.7505344Z    ✔  Then the X.509 certificate PEM should be identical
prepare	Reconcile surviving predecessor source PR	2026-09-06T23:28:03.7505461Z   Scenario: X.509 certificate PEM is valid
prepare	Reconcile surviving predecessor source PR	2026-09-06T23:28:03.7505656Z    ✔  Given a deterministic factory seeded with "format-test"
prepare	Reconcile surviving predecessor source PR	2026-09-06T23:28:03.7506085Z    ✔  When I generate an X.509 certificate for domain "test.example.com" with label "pem-test"
prepare	Reconcile surviving predecessor source PR	2026-09-06T23:28:03.7506354Z    ✔  Then the X.509 certificate PEM should contain "-----BEGIN CERTIFICATE-----"
prepare	Reconcile surviving predecessor source PR	2026-09-06T23:28:03.7506526Z    ✔  And the X.509 certificate PEM should be parseable
prepare	Reconcile surviving predecessor source PR	2026-09-06T23:28:03.7506632Z   Scenario: X.509 certificate DER is valid
prepare	Reconcile surviving predecessor source PR	2026-09-06T23:28:03.7506819Z    ✔  Given a deterministic factory seeded with "format-test"
prepare	Reconcile surviving predecessor source PR	2026-09-06T23:28:03.7507118Z    ✔  When I generate an X.509 certificate for domain "test.example.com" with label "der-test"
prepare	Reconcile surviving predecessor source PR	2026-09-06T23:28:03.7507292Z    ✔  Then the X.509 certificate DER should be parseable
prepare	Reconcile surviving predecessor source PR	2026-09-06T23:28:03.7507520Z   Scenario: X.509 private key PEM is valid
prepare	Reconcile surviving predecessor source PR	2026-09-06T23:28:03.7507716Z    ✔  Given a deterministic factory seeded with "format-test"
prepare	Reconcile surviving predecessor source PR	2026-09-06T23:28:03.7508134Z    ✔  When I generate an X.509 certificate for domain "test.example.com" with label "key-test"
prepare	Reconcile surviving predecessor source PR	2026-09-06T23:28:03.7508393Z    ✔  Then the X.509 private key PEM should contain "-----BEGIN PRIVATE KEY-----"
prepare	Reconcile surviving predecessor source PR	2026-09-06T23:28:03.7508555Z   Scenario: X.509 identity PEM contains both certificate and key
prepare	Reconcile surviving predecessor source PR	2026-09-06T23:28:03.7508746Z    ✔  Given a deterministic factory seeded with "format-test"
prepare	Reconcile surviving predecessor source PR	2026-09-06T23:28:03.7509056Z    ✔  When I generate an X.509 certificate for domain "test.example.com" with label "chain-test"
prepare	Reconcile surviving predecessor source PR	2026-09-06T23:28:03.7509302Z    ✔  Then the X.509 identity PEM should contain "-----BEGIN CERTIFICATE-----"
prepare	Reconcile surviving predecessor source PR	2026-09-06T23:28:03.7509545Z    ✔  And the X.509 identity PEM should contain "-----BEGIN PRIVATE KEY-----"
prepare	Reconcile surviving predecessor source PR	2026-09-06T23:28:03.7509670Z   Scenario: X.509 certificate has correct common name
prepare	Reconcile surviving predecessor source PR	2026-09-06T23:28:03.7509848Z    ✔  Given a deterministic factory seeded with "cn-test"
prepare	Reconcile surviving predecessor source PR	2026-09-06T23:28:03.7510187Z    ✔  When I generate an X.509 certificate for domain "myservice.example.com" with label "cn-check"
prepare	Reconcile surviving predecessor source PR	2026-09-06T23:28:03.7510454Z    ✔  Then the X.509 certificate should have common name "myservice.example.com"
prepare	Reconcile surviving predecessor source PR	2026-09-06T23:28:03.7510649Z   Scenario: X.509 self-signed certificate has issuer CN matching subject CN
prepare	Reconcile surviving predecessor source PR	2026-09-06T23:28:03.7510836Z    ✔  Given a deterministic factory seeded with "issuer-test"
prepare	Reconcile surviving predecessor source PR	2026-09-06T23:28:03.7511199Z    ✔  When I generate an X.509 certificate for domain "selfsigned.example.com" with label "issuer-check"
prepare	Reconcile surviving predecessor source PR	2026-09-06T23:28:03.7511484Z    ✔  Then the X.509 certificate should have issuer common name "selfsigned.example.com"
prepare	Reconcile surviving predecessor source PR	2026-09-06T23:28:03.7511631Z   Scenario: X.509 certificate has a positive serial number
prepare	Reconcile surviving predecessor source PR	2026-09-06T23:28:03.7511821Z    ✔  Given a deterministic factory seeded with "serial-test"
prepare	Reconcile surviving predecessor source PR	2026-09-06T23:28:03.7512145Z    ✔  When I generate an X.509 certificate for domain "serial.example.com" with label "serial-check"
prepare	Reconcile surviving predecessor source PR	2026-09-06T23:28:03.7512357Z    ✔  Then the X.509 certificate serial number should be positive
prepare	Reconcile surviving predecessor source PR	2026-09-06T23:28:03.7512512Z   Scenario: expired X.509 certificate is different from valid
prepare	Reconcile surviving predecessor source PR	2026-09-06T23:28:03.7512715Z    ✔  Given a deterministic factory seeded with "expired-test"
prepare	Reconcile surviving predecessor source PR	2026-09-06T23:28:03.7513034Z    ✔  When I generate an X.509 certificate for domain "test.example.com" with label "expired-check"
prepare	Reconcile surviving predecessor source PR	2026-09-06T23:28:03.7513221Z    ✔  And I get the expired variant of the X.509 certificate
prepare	Reconcile surviving predecessor source PR	2026-09-06T23:28:03.7513403Z    ✔  Then the X.509 certificates should have different DER
prepare	Reconcile surviving predecessor source PR	2026-09-06T23:28:03.7513555Z   Scenario: expired X.509 certificate is parseable but invalid
prepare	Reconcile surviving predecessor source PR	2026-09-06T23:28:03.7513779Z    ✔  Given a deterministic factory seeded with "expired-parse-test"
prepare	Reconcile surviving predecessor source PR	2026-09-06T23:28:03.7514098Z    ✔  When I generate an X.509 certificate for domain "test.example.com" with label "expired-parse"
prepare	Reconcile surviving predecessor source PR	2026-09-06T23:28:03.7514283Z    ✔  And I get the expired variant of the X.509 certificate
prepare	Reconcile surviving predecessor source PR	2026-09-06T23:28:03.7514476Z    ✔  Then the expired X.509 certificate should be parseable
prepare	Reconcile surviving predecessor source PR	2026-09-06T23:28:03.7514706Z    ✔  And the expired X.509 certificate should have not_after in the past
prepare	Reconcile surviving predecessor source PR	2026-09-06T23:28:03.7514888Z   Scenario: not-yet-valid X.509 certificate is different from valid
prepare	Reconcile surviving predecessor source PR	2026-09-06T23:28:03.7515108Z    ✔  Given a deterministic factory seeded with "not-yet-valid-test"
prepare	Reconcile surviving predecessor source PR	2026-09-06T23:28:03.7515433Z    ✔  When I generate an X.509 certificate for domain "test.example.com" with label "future-check"
prepare	Reconcile surviving predecessor source PR	2026-09-06T23:28:03.7515636Z    ✔  And I get the not-yet-valid variant of the X.509 certificate
prepare	Reconcile surviving predecessor source PR	2026-09-06T23:28:03.7515942Z    ✔  Then the X.509 certificates should have different DER
prepare	Reconcile surviving predecessor source PR	2026-09-06T23:28:03.7516148Z   Scenario: not-yet-valid X.509 certificate is parseable but not yet active
prepare	Reconcile surviving predecessor source PR	2026-09-06T23:28:03.7516393Z    ✔  Given a deterministic factory seeded with "not-yet-valid-parse-test"
prepare	Reconcile surviving predecessor source PR	2026-09-06T23:28:03.7516718Z    ✔  When I generate an X.509 certificate for domain "test.example.com" with label "future-parse"
prepare	Reconcile surviving predecessor source PR	2026-09-06T23:28:03.7517052Z    ✔  And I get the not-yet-valid variant of the X.509 certificate
prepare	Reconcile surviving predecessor source PR	2026-09-06T23:28:03.7517257Z    ✔  Then the not-yet-valid X.509 certificate should be parseable
prepare	Reconcile surviving predecessor source PR	2026-09-06T23:28:03.7517643Z    ✔  And the not-yet-valid X.509 certificate should have not_before in the future
prepare	Reconcile surviving predecessor source PR	2026-09-06T23:28:03.7517840Z   Scenario: wrong-key-usage X.509 certificate is parseable and marked as CA
prepare	Reconcile surviving predecessor source PR	2026-09-06T23:28:03.7518070Z    ✔  Given a deterministic factory seeded with "wrong-key-usage-test"
prepare	Reconcile surviving predecessor source PR	2026-09-06T23:28:03.7518370Z    ✔  When I generate an X.509 certificate for domain "test.example.com" with label "bad-ku"
prepare	Reconcile surviving predecessor source PR	2026-09-06T23:28:03.7518581Z    ✔  And I get the wrong-key-usage variant of the X.509 certificate
prepare	Reconcile surviving predecessor source PR	2026-09-06T23:28:03.7518760Z    ✔  Then the X.509 certificates should have different DER
prepare	Reconcile surviving predecessor source PR	2026-09-06T23:28:03.7518972Z    ✔  And the wrong-key-usage X.509 certificate should be parseable
prepare	Reconcile surviving predecessor source PR	2026-09-06T23:28:03.7519191Z    ✔  And the wrong-key-usage X.509 certificate should be marked as CA
prepare	Reconcile surviving predecessor source PR	2026-09-06T23:28:03.7519463Z    ✔  And the wrong-key-usage X.509 certificate spec should disable keyCertSign
prepare	Reconcile surviving predecessor source PR	2026-09-06T23:28:03.7519708Z    ✔  And the wrong-key-usage X.509 certificate label should remain "bad-ku"
prepare	Reconcile surviving predecessor source PR	2026-09-06T23:28:03.7519830Z   Scenario: X.509 corrupted PEM with BadHeader
prepare	Reconcile surviving predecessor source PR	2026-09-06T23:28:03.7520032Z    ✔  Given a deterministic factory seeded with "corrupt-test"
prepare	Reconcile surviving predecessor source PR	2026-09-06T23:28:03.7520343Z    ✔  When I generate an X.509 certificate for domain "test.example.com" with label "corrupted"
prepare	Reconcile surviving predecessor source PR	2026-09-06T23:28:03.7520532Z    ✔  And I corrupt the X.509 certificate PEM with BadHeader
prepare	Reconcile surviving predecessor source PR	2026-09-06T23:28:03.7520792Z    ✔  Then the corrupted X.509 PEM should contain "-----BEGIN CORRUPTED KEY-----"
prepare	Reconcile surviving predecessor source PR	2026-09-06T23:28:03.7520903Z   Scenario: X.509 truncated DER fails to parse
prepare	Reconcile surviving predecessor source PR	2026-09-06T23:28:03.7521104Z    ✔  Given a deterministic factory seeded with "truncate-test"
prepare	Reconcile surviving predecessor source PR	2026-09-06T23:28:03.7521407Z    ✔  When I generate an X.509 certificate for domain "test.example.com" with label "truncated"
prepare	Reconcile surviving predecessor source PR	2026-09-06T23:28:03.7521598Z    ✔  And I truncate the X.509 certificate DER to 10 bytes
prepare	Reconcile surviving predecessor source PR	2026-09-06T23:28:03.7521770Z    ✔  Then the truncated X.509 DER should have length 10
prepare	Reconcile surviving predecessor source PR	2026-09-06T23:28:03.7521942Z    ✔  And the truncated X.509 DER should fail to parse
prepare	Reconcile surviving predecessor source PR	2026-09-06T23:28:03.7522125Z   Scenario: deterministic X.509 PEM corruption with variant is stable
prepare	Reconcile surviving predecessor source PR	2026-09-06T23:28:03.7522348Z    ✔  Given a deterministic factory seeded with "x509-det-corrupt-pem"
prepare	Reconcile surviving predecessor source PR	2026-09-06T23:28:03.7522670Z    ✔  When I generate an X.509 certificate for domain "test.example.com" with label "x509-det-pem"
prepare	Reconcile surviving predecessor source PR	2026-09-06T23:28:03.7522935Z    ✔  And I deterministically corrupt the X.509 certificate PEM with variant "v1"
prepare	Reconcile surviving predecessor source PR	2026-09-06T23:28:03.7523225Z    ✔  And I deterministically corrupt the X.509 certificate PEM with variant "v1" again
prepare	Reconcile surviving predecessor source PR	2026-09-06T23:28:03.7523426Z    ✔  Then the deterministic text artifacts should be identical
prepare	Reconcile surviving predecessor source PR	2026-09-06T23:28:03.7523636Z    ✔  And the deterministic X.509 PEM artifact should fail to parse
prepare	Reconcile surviving predecessor source PR	2026-09-06T23:28:03.7523815Z   Scenario: deterministic X.509 DER corruption with variant is stable
prepare	Reconcile surviving predecessor source PR	2026-09-06T23:28:03.7524042Z    ✔  Given a deterministic factory seeded with "x509-det-corrupt-der"
prepare	Reconcile surviving predecessor source PR	2026-09-06T23:28:03.7524368Z    ✔  When I generate an X.509 certificate for domain "test.example.com" with label "x509-det-der"
prepare	Reconcile surviving predecessor source PR	2026-09-06T23:28:03.7524632Z    ✔  And I deterministically corrupt the X.509 certificate DER with variant "v1"
prepare	Reconcile surviving predecessor source PR	2026-09-06T23:28:03.7524916Z    ✔  And I deterministically corrupt the X.509 certificate DER with variant "v1" again
prepare	Reconcile surviving predecessor source PR	2026-09-06T23:28:03.7525125Z    ✔  Then the deterministic binary artifacts should be identical
prepare	Reconcile surviving predecessor source PR	2026-09-06T23:28:03.7525331Z    ✔  And the deterministic X.509 DER artifact should fail to parse
prepare	Reconcile surviving predecessor source PR	2026-09-06T23:28:03.7525454Z   Scenario: X.509 certificate writes to tempfile
prepare	Reconcile surviving predecessor source PR	2026-09-06T23:28:03.7525649Z    ✔  Given a deterministic factory seeded with "tempfile-test"
prepare	Reconcile surviving predecessor source PR	2026-09-06T23:28:03.7526084Z    ✔  When I generate an X.509 certificate for domain "test.example.com" with label "temp-cert"
prepare	Reconcile surviving predecessor source PR	2026-09-06T23:28:03.7526265Z    ✔  And I write the X.509 certificate PEM to a tempfile
prepare	Reconcile surviving predecessor source PR	2026-09-06T23:28:03.7526587Z    ✔  Then the X.509 tempfile path should end with ".crt.pem"
prepare	Reconcile surviving predecessor source PR	2026-09-06T23:28:03.7526916Z    ✔  And reading the X.509 tempfile should match the certificate PEM
prepare	Reconcile surviving predecessor source PR	2026-09-06T23:28:03.7527030Z   Scenario: X.509 private key writes to tempfile
prepare	Reconcile surviving predecessor source PR	2026-09-06T23:28:03.7527229Z    ✔  Given a deterministic factory seeded with "tempfile-test"
prepare	Reconcile surviving predecessor source PR	2026-09-06T23:28:03.7527533Z    ✔  When I generate an X.509 certificate for domain "test.example.com" with label "temp-key"
prepare	Reconcile surviving predecessor source PR	2026-09-06T23:28:03.7527711Z    ✔  And I write the X.509 private key PEM to a tempfile
prepare	Reconcile surviving predecessor source PR	2026-09-06T23:28:03.7527913Z    ✔  Then the X.509 key tempfile path should end with ".key.pem"
prepare	Reconcile surviving predecessor source PR	2026-09-06T23:28:03.7528143Z    ✔  And reading the X.509 key tempfile should match the private key PEM
prepare	Reconcile surviving predecessor source PR	2026-09-06T23:28:03.7528274Z   Scenario: X.509 certificate DER writes to tempfile
prepare	Reconcile surviving predecessor source PR	2026-09-06T23:28:03.7528469Z    ✔  Given a deterministic factory seeded with "tempfile-test"
prepare	Reconcile surviving predecessor source PR	2026-09-06T23:28:03.7528784Z    ✔  When I generate an X.509 certificate for domain "test.example.com" with label "temp-der"
prepare	Reconcile surviving predecessor source PR	2026-09-06T23:28:03.7528954Z    ✔  And I write the X.509 certificate DER to a tempfile
prepare	Reconcile surviving predecessor source PR	2026-09-06T23:28:03.7529158Z    ✔  Then the X.509 DER tempfile path should end with ".crt.der"
prepare	Reconcile surviving predecessor source PR	2026-09-06T23:28:03.7529386Z    ✔  And reading the X.509 DER tempfile should match the certificate DER
prepare	Reconcile surviving predecessor source PR	2026-09-06T23:28:03.7529504Z   Scenario: X.509 identity PEM writes to tempfile
prepare	Reconcile surviving predecessor source PR	2026-09-06T23:28:03.7529702Z    ✔  Given a deterministic factory seeded with "tempfile-test"
prepare	Reconcile surviving predecessor source PR	2026-09-06T23:28:03.7530013Z    ✔  When I generate an X.509 certificate for domain "test.example.com" with label "temp-chain"
prepare	Reconcile surviving predecessor source PR	2026-09-06T23:28:03.7530182Z    ✔  And I write the X.509 identity PEM to a tempfile
prepare	Reconcile surviving predecessor source PR	2026-09-06T23:28:03.7530409Z    ✔  Then the X.509 chain tempfile path should end with ".identity.pem"
prepare	Reconcile surviving predecessor source PR	2026-09-06T23:28:03.7530515Z   Scenario: generate X.509 certificate chain
prepare	Reconcile surviving predecessor source PR	2026-09-06T23:28:03.7530708Z    ✔  Given a deterministic factory seeded with "chain-test"
prepare	Reconcile surviving predecessor source PR	2026-09-06T23:28:03.7531025Z    ✔  When I generate a certificate chain for domain "test.example.com" with label "test-chain"
prepare	Reconcile surviving predecessor source PR	2026-09-06T23:28:03.7531239Z    ✔  Then the certificate chain should contain a leaf certificate
prepare	Reconcile surviving predecessor source PR	2026-09-06T23:28:03.7531472Z    ✔  And the certificate chain should contain an intermediate certificate
prepare	Reconcile surviving predecessor source PR	2026-09-06T23:28:03.7531671Z    ✔  And the certificate chain should contain a root certificate
prepare	Reconcile surviving predecessor source PR	2026-09-06T23:28:03.7531789Z   Scenario: certificate chain is deterministic
prepare	Reconcile surviving predecessor source PR	2026-09-06T23:28:03.7532007Z    ✔  Given a deterministic factory seeded with "chain-deterministic"
prepare	Reconcile surviving predecessor source PR	2026-09-06T23:28:03.7532309Z    ✔  When I generate a certificate chain for domain "api.example.com" with label "chain-1"
prepare	Reconcile surviving predecessor source PR	2026-09-06T23:28:03.7532621Z    ✔  And I generate a certificate chain for domain "api.example.com" with label "chain-1" again
prepare	Reconcile surviving predecessor source PR	2026-09-06T23:28:03.7532810Z    ✔  Then the certificate chains should have identical DER
prepare	Reconcile surviving predecessor source PR	2026-09-06T23:28:03.7532934Z   Scenario: X.509 certificate chain with revoked leaf
prepare	Reconcile surviving predecessor source PR	2026-09-06T23:28:03.7533125Z    ✔  Given a deterministic factory seeded with "crl-test"
prepare	Reconcile surviving predecessor source PR	2026-09-06T23:28:03.7533449Z    ✔  When I generate a certificate chain for domain "test.example.com" with label "revoked-chain"
prepare	Reconcile surviving predecessor source PR	2026-09-06T23:28:03.7533651Z    ✔  And I get the revoked leaf variant of the certificate chain
prepare	Reconcile surviving predecessor source PR	2026-09-06T23:28:03.7533837Z    ✔  Then the revoked leaf certificate should be parseable
prepare	Reconcile surviving predecessor source PR	2026-09-06T23:28:03.7534094Z    ✔  And the revoked leaf certificate should include a CRL with revoked entries
prepare	Reconcile surviving predecessor source PR	2026-09-06T23:28:03.7534247Z   Scenario: revoked leaf certificate is different from valid
prepare	Reconcile surviving predecessor source PR	2026-09-06T23:28:03.7534464Z    ✔  Given a deterministic factory seeded with "revoked-diff-test"
prepare	Reconcile surviving predecessor source PR	2026-09-06T23:28:03.7534788Z    ✔  When I generate a certificate chain for domain "test.example.com" with label "revoked-check"
prepare	Reconcile surviving predecessor source PR	2026-09-06T23:28:03.7534986Z    ✔  And I get the revoked leaf variant of the certificate chain
prepare	Reconcile surviving predecessor source PR	2026-09-06T23:28:03.7535257Z    ✔  Then the revoked leaf certificate should differ from the valid leaf certificate
prepare	Reconcile surviving predecessor source PR	2026-09-06T23:28:03.7535539Z   Scenario: X.509 certificate chain with hostname mismatch
prepare	Reconcile surviving predecessor source PR	2026-09-06T23:28:03.7535920Z    ✔  Given a deterministic factory seeded with "hostname-mismatch-test"
prepare	Reconcile surviving predecessor source PR	2026-09-06T23:28:03.7536429Z    ✔  When I generate a certificate chain for domain "test.example.com" with label "mismatch-chain"
prepare	Reconcile surviving predecessor source PR	2026-09-06T23:28:03.7536651Z    ✔  And I get the hostname mismatch variant with "wrong.example.com"
prepare	Reconcile surviving predecessor source PR	2026-09-06T23:28:03.7536887Z    ✔  Then the leaf certificate should have common name "wrong.example.com"
prepare	Reconcile surviving predecessor source PR	2026-09-06T23:28:03.7537113Z    ✔  And the leaf certificate should not contain SAN "test.example.com"
prepare	Reconcile surviving predecessor source PR	2026-09-06T23:28:03.7537256Z   Scenario: hostname mismatch chain is different from valid
prepare	Reconcile surviving predecessor source PR	2026-09-06T23:28:03.7537474Z    ✔  Given a deterministic factory seeded with "hostname-diff-test"
prepare	Reconcile surviving predecessor source PR	2026-09-06T23:28:03.7537801Z    ✔  When I generate a certificate chain for domain "test.example.com" with label "hostname-check"
prepare	Reconcile surviving predecessor source PR	2026-09-06T23:28:03.7538014Z    ✔  And I get the hostname mismatch variant with "wrong.example.com"
prepare	Reconcile surviving predecessor source PR	2026-09-06T23:28:03.7538340Z    ✔  Then the hostname mismatch leaf certificate should differ from the valid leaf certificate
prepare	Reconcile surviving predecessor source PR	2026-09-06T23:28:03.7538474Z   Scenario: X.509 certificate chain with expired leaf
prepare	Reconcile surviving predecessor source PR	2026-09-06T23:28:03.7538689Z    ✔  Given a deterministic factory seeded with "expired-leaf-test"
prepare	Reconcile surviving predecessor source PR	2026-09-06T23:28:03.7539038Z    ✔  When I generate a certificate chain for domain "test.example.com" with label "expired-leaf-chain"
prepare	Reconcile surviving predecessor source PR	2026-09-06T23:28:03.7539237Z    ✔  And I get the expired leaf variant of the certificate chain
prepare	Reconcile surviving predecessor source PR	2026-09-06T23:28:03.7539471Z    ✔  Then the expired leaf certificate should have not_after in the past
prepare	Reconcile surviving predecessor source PR	2026-09-06T23:28:03.7539636Z    ✔  And the intermediate certificate should be valid
prepare	Reconcile surviving predecessor source PR	2026-09-06T23:28:03.7539796Z   Scenario: X.509 certificate chain with expired intermediate
prepare	Reconcile surviving predecessor source PR	2026-09-06T23:28:03.7540007Z    ✔  Given a deterministic factory seeded with "expired-int-test"
prepare	Reconcile surviving predecessor source PR	2026-09-06T23:28:03.7540351Z    ✔  When I generate a certificate chain for domain "test.example.com" with label "expired-int-chain"
prepare	Reconcile surviving predecessor source PR	2026-09-06T23:28:03.7540589Z    ✔  And I get the expired intermediate variant of the certificate chain
prepare	Reconcile surviving predecessor source PR	2026-09-06T23:28:03.7540861Z    ✔  Then the expired intermediate certificate should have not_after in the past
prepare	Reconcile surviving predecessor source PR	2026-09-06T23:28:03.7541011Z    ✔  And the leaf certificate should be valid
prepare	Reconcile surviving predecessor source PR	2026-09-06T23:28:03.7541125Z   Scenario: X.509 certificate with multiple SANs
prepare	Reconcile surviving predecessor source PR	2026-09-06T23:28:03.7541306Z    ✔  Given a deterministic factory seeded with "san-test"
prepare	Reconcile surviving predecessor source PR	2026-09-06T23:28:03.7541613Z    ✔  When I generate an X.509 certificate for domain "test.example.com" with label "multi-san"
prepare	Reconcile surviving predecessor source PR	2026-09-06T23:28:03.7541788Z    ✔  And I add SAN "localhost" to the X.509 certificate
prepare	Reconcile surviving predecessor source PR	2026-09-06T23:28:03.7541952Z    ✔  And I add SAN "127.0.0.1" to the X.509 certificate
prepare	Reconcile surviving predecessor source PR	2026-09-06T23:28:03.7542128Z    ✔  And I add SAN "*.example.com" to the X.509 certificate
prepare	Reconcile surviving predecessor source PR	2026-09-06T23:28:03.7542346Z    ✔  Then the X.509 certificate should contain SAN "test.example.com"
prepare	Reconcile surviving predecessor source PR	2026-09-06T23:28:03.7542533Z    ✔  And the X.509 certificate should contain SAN "localhost"
prepare	Reconcile surviving predecessor source PR	2026-09-06T23:28:03.7542851Z    ✔  And the X.509 certificate should contain SAN "127.0.0.1"
prepare	Reconcile surviving predecessor source PR	2026-09-06T23:28:03.7543132Z    ✔  And the X.509 certificate should contain SAN "*.example.com"
prepare	Reconcile surviving predecessor source PR	2026-09-06T23:28:03.7543274Z   Scenario: X.509 certificate chain SANs are in leaf only
prepare	Reconcile surviving predecessor source PR	2026-09-06T23:28:03.7543477Z    ✔  Given a deterministic factory seeded with "chain-san-test"
prepare	Reconcile surviving predecessor source PR	2026-09-06T23:28:03.7543787Z    ✔  When I generate a certificate chain for domain "test.example.com" with label "san-chain"
prepare	Reconcile surviving predecessor source PR	2026-09-06T23:28:03.7543956Z    ✔  And I add SAN "localhost" to the certificate chain
prepare	Reconcile surviving predecessor source PR	2026-09-06T23:28:03.7544170Z    ✔  Then the leaf certificate should contain SAN "test.example.com"
prepare	Reconcile surviving predecessor source PR	2026-09-06T23:28:03.7544356Z    ✔  And the leaf certificate should contain SAN "localhost"
prepare	Reconcile surviving predecessor source PR	2026-09-06T23:28:03.7544583Z    ✔  And the intermediate certificate should not contain SAN "localhost"
prepare	Reconcile surviving predecessor source PR	2026-09-06T23:28:03.7544783Z    ✔  And the root certificate should not contain SAN "localhost"
prepare	Reconcile surviving predecessor source PR	2026-09-06T23:28:03.7544904Z Feature: X.509 negative fixture edge cases
prepare	Reconcile surviving predecessor source PR	2026-09-06T23:28:03.7545115Z   Scenario: expired self-signed X.509 is deterministic across factory instances
prepare	Reconcile surviving predecessor source PR	2026-09-06T23:28:03.7545348Z    ✔  Given a deterministic factory seeded with "x509-neg-expired-det"
prepare	Reconcile surviving predecessor source PR	2026-09-06T23:28:03.7545648Z    ✔  When I generate an X.509 certificate for domain "test.example.com" with label "exp-det"
prepare	Reconcile surviving predecessor source PR	2026-09-06T23:28:03.7545964Z    ✔  And I get the expired variant of the X.509 certificate
prepare	Reconcile surviving predecessor source PR	2026-09-06T23:28:03.7546132Z    ✔  And I record the expired X.509 certificate DER
prepare	Reconcile surviving predecessor source PR	2026-09-06T23:28:03.7546387Z    ✔  And I switch to a deterministic factory seeded with "x509-neg-expired-det"
prepare	Reconcile surviving predecessor source PR	2026-09-06T23:28:03.7546684Z    ✔  And I generate an X.509 certificate for domain "test.example.com" with label "exp-det"
prepare	Reconcile surviving predecessor source PR	2026-09-06T23:28:03.7546860Z    ✔  And I get the expired variant of the X.509 certificate
prepare	Reconcile surviving predecessor source PR	2026-09-06T23:28:03.7547099Z    ✔  Then the expired X.509 certificate DER should match the recorded one
prepare	Reconcile surviving predecessor source PR	2026-09-06T23:28:03.7547296Z   Scenario: not-yet-valid X.509 is deterministic across factory instances
prepare	Reconcile surviving predecessor source PR	2026-09-06T23:28:03.7547516Z    ✔  Given a deterministic factory seeded with "x509-neg-future-det"
prepare	Reconcile surviving predecessor source PR	2026-09-06T23:28:03.7547826Z    ✔  When I generate an X.509 certificate for domain "test.example.com" with label "fut-det"
prepare	Reconcile surviving predecessor source PR	2026-09-06T23:28:03.7548025Z    ✔  And I get the not-yet-valid variant of the X.509 certificate
prepare	Reconcile surviving predecessor source PR	2026-09-06T23:28:03.7548205Z    ✔  And I record the not-yet-valid X.509 certificate DER
prepare	Reconcile surviving predecessor source PR	2026-09-06T23:28:03.7548452Z    ✔  And I switch to a deterministic factory seeded with "x509-neg-future-det"
prepare	Reconcile surviving predecessor source PR	2026-09-06T23:28:03.7548749Z    ✔  And I generate an X.509 certificate for domain "test.example.com" with label "fut-det"
prepare	Reconcile surviving predecessor source PR	2026-09-06T23:28:03.7548944Z    ✔  And I get the not-yet-valid variant of the X.509 certificate
prepare	Reconcile surviving predecessor source PR	2026-09-06T23:28:03.7549204Z    ✔  Then the not-yet-valid X.509 certificate DER should match the recorded one
prepare	Reconcile surviving predecessor source PR	2026-09-06T23:28:03.7549407Z   Scenario: wrong-key-usage X.509 is deterministic across factory instances
prepare	Reconcile surviving predecessor source PR	2026-09-06T23:28:03.7549619Z    ✔  Given a deterministic factory seeded with "x509-neg-wku-det"
prepare	Reconcile surviving predecessor source PR	2026-09-06T23:28:03.7549918Z    ✔  When I generate an X.509 certificate for domain "test.example.com" with label "wku-det"
prepare	Reconcile surviving predecessor source PR	2026-09-06T23:28:03.7550132Z    ✔  And I get the wrong-key-usage variant of the X.509 certificate
prepare	Reconcile surviving predecessor source PR	2026-09-06T23:28:03.7550317Z    ✔  And I record the wrong-key-usage X.509 certificate DER
prepare	Reconcile surviving predecessor source PR	2026-09-06T23:28:03.7550557Z    ✔  And I switch to a deterministic factory seeded with "x509-neg-wku-det"
prepare	Reconcile surviving predecessor source PR	2026-09-06T23:28:03.7550845Z    ✔  And I generate an X.509 certificate for domain "test.example.com" with label "wku-det"
prepare	Reconcile surviving predecessor source PR	2026-09-06T23:28:03.7551055Z    ✔  And I get the wrong-key-usage variant of the X.509 certificate
prepare	Reconcile surviving predecessor source PR	2026-09-06T23:28:03.7551320Z    ✔  Then the wrong-key-usage X.509 certificate DER should match the recorded one
prepare	Reconcile surviving predecessor source PR	2026-09-06T23:28:03.7551455Z   Scenario: expired and not-yet-valid variants differ
prepare	Reconcile surviving predecessor source PR	2026-09-06T23:28:03.7551697Z    ✔  Given a deterministic factory seeded with "x509-neg-variants-differ"
prepare	Reconcile surviving predecessor source PR	2026-09-06T23:28:03.7552155Z    ✔  When I generate an X.509 certificate for domain "test.example.com" with label "variant-diff"
prepare	Reconcile surviving predecessor source PR	2026-09-06T23:28:03.7552452Z    ✔  And I get the expired variant of the X.509 certificate
prepare	Reconcile surviving predecessor source PR	2026-09-06T23:28:03.7552610Z    ✔  And I record the expired X.509 certificate DER
prepare	Reconcile surviving predecessor source PR	2026-09-06T23:28:03.7552808Z    ✔  And I get the not-yet-valid variant of the X.509 certificate
prepare	Reconcile surviving predecessor source PR	2026-09-06T23:28:03.7553078Z    ✔  Then the not-yet-valid X.509 certificate DER should differ from the expired one
prepare	Reconcile surviving predecessor source PR	2026-09-06T23:28:03.7553224Z   Scenario: expired and wrong-key-usage variants differ
prepare	Reconcile surviving predecessor source PR	2026-09-06T23:28:03.7553441Z    ✔  Given a deterministic factory seeded with "x509-neg-exp-vs-wku"
prepare	Reconcile surviving predecessor source PR	2026-09-06T23:28:03.7553761Z    ✔  When I generate an X.509 certificate for domain "test.example.com" with label "exp-wku-diff"
prepare	Reconcile surviving predecessor source PR	2026-09-06T23:28:03.7553942Z    ✔  And I get the expired variant of the X.509 certificate
prepare	Reconcile surviving predecessor source PR	2026-09-06T23:28:03.7554096Z    ✔  And I record the expired X.509 certificate DER
prepare	Reconcile surviving predecessor source PR	2026-09-06T23:28:03.7554313Z    ✔  And I get the wrong-key-usage variant of the X.509 certificate
prepare	Reconcile surviving predecessor source PR	2026-09-06T23:28:03.7554590Z    ✔  Then the wrong-key-usage X.509 certificate DER should differ from the expired one
prepare	Reconcile surviving predecessor source PR	2026-09-06T23:28:03.7554729Z   Scenario: unknown CA chain variant is deterministic
prepare	Reconcile surviving predecessor source PR	2026-09-06T23:28:03.7554968Z    ✔  Given a deterministic factory seeded with "x509-neg-unknown-ca-det"
prepare	Reconcile surviving predecessor source PR	2026-09-06T23:28:03.7555283Z    ✔  When I generate a certificate chain for domain "test.example.com" with label "unknown-det"
prepare	Reconcile surviving predecessor source PR	2026-09-06T23:28:03.7555478Z    ✔  And I get the unknown CA variant of the certificate chain
prepare	Reconcile surviving predecessor source PR	2026-09-06T23:28:03.7555612Z    ✔  And I record the unknown CA root DER
prepare	Reconcile surviving predecessor source PR	2026-09-06T23:28:03.7556004Z    ✔  And I switch to a deterministic factory seeded with "x509-neg-unknown-ca-det"
prepare	Reconcile surviving predecessor source PR	2026-09-06T23:28:03.7556317Z    ✔  And I generate a certificate chain for domain "test.example.com" with label "unknown-det"
prepare	Reconcile surviving predecessor source PR	2026-09-06T23:28:03.7556510Z    ✔  And I get the unknown CA variant of the certificate chain
prepare	Reconcile surviving predecessor source PR	2026-09-06T23:28:03.7556721Z    ✔  Then the unknown CA root DER should match the recorded one
prepare	Reconcile surviving predecessor source PR	2026-09-06T23:28:03.7556853Z   Scenario: revoked leaf chain variant is deterministic
prepare	Reconcile surviving predecessor source PR	2026-09-06T23:28:03.7557086Z    ✔  Given a deterministic factory seeded with "x509-neg-revoked-det"
prepare	Reconcile surviving predecessor source PR	2026-09-06T23:28:03.7557400Z    ✔  When I generate a certificate chain for domain "test.example.com" with label "revoked-det"
prepare	Reconcile surviving predecessor source PR	2026-09-06T23:28:03.7557602Z    ✔  And I get the revoked leaf variant of the certificate chain
prepare	Reconcile surviving predecessor source PR	2026-09-06T23:28:03.7557738Z    ✔  And I record the revoked leaf DER
prepare	Reconcile surviving predecessor source PR	2026-09-06T23:28:03.7557986Z    ✔  And I switch to a deterministic factory seeded with "x509-neg-revoked-det"
prepare	Reconcile surviving predecessor source PR	2026-09-06T23:28:03.7558297Z    ✔  And I generate a certificate chain for domain "test.example.com" with label "revoked-det"
prepare	Reconcile surviving predecessor source PR	2026-09-06T23:28:03.7558491Z    ✔  And I get the revoked leaf variant of the certificate chain
prepare	Reconcile surviving predecessor source PR	2026-09-06T23:28:03.7558680Z    ✔  Then the revoked leaf DER should match the recorded one
prepare	Reconcile surviving predecessor source PR	2026-09-06T23:28:03.7558827Z   Scenario: hostname mismatch chain variant is deterministic
prepare	Reconcile surviving predecessor source PR	2026-09-06T23:28:03.7559068Z    ✔  Given a deterministic factory seeded with "x509-neg-hostname-det"
prepare	Reconcile surviving predecessor source PR	2026-09-06T23:28:03.7559399Z    ✔  When I generate a certificate chain for domain "test.example.com" with label "hostname-det"
prepare	Reconcile surviving predecessor source PR	2026-09-06T23:28:03.7559610Z    ✔  And I get the hostname mismatch variant with "wrong.example.com"
prepare	Reconcile surviving predecessor source PR	2026-09-06T23:28:03.7559766Z    ✔  And I record the hostname mismatch leaf DER
prepare	Reconcile surviving predecessor source PR	2026-09-06T23:28:03.7560021Z    ✔  And I switch to a deterministic factory seeded with "x509-neg-hostname-det"
prepare	Reconcile surviving predecessor source PR	2026-09-06T23:28:03.7560337Z    ✔  And I generate a certificate chain for domain "test.example.com" with label "hostname-det"
prepare	Reconcile surviving predecessor source PR	2026-09-06T23:28:03.7560547Z    ✔  And I get the hostname mismatch variant with "wrong.example.com"
prepare	Reconcile surviving predecessor source PR	2026-09-06T23:28:03.7560772Z    ✔  Then the hostname mismatch leaf DER should match the recorded one
prepare	Reconcile surviving predecessor source PR	2026-09-06T23:28:03.7560856Z [Summary]
prepare	Reconcile surviving predecessor source PR	2026-09-06T23:28:03.7560930Z 38 features
prepare	Reconcile surviving predecessor source PR	2026-09-06T23:28:03.7561032Z 523 scenarios (517 passed, 6 skipped)
prepare	Reconcile surviving predecessor source PR	2026-09-06T23:28:03.7561274Z 2587 steps (2581 passed, 6 skipped)
prepare	Reconcile surviving predecessor source PR	2026-09-06T23:28:03.7561410Z ==> bdd [ok, 311.5s]
prepare	Reconcile surviving predecessor source PR	2026-09-06T23:28:03.7561600Z ==> mutants [skipped]
prepare	Reconcile surviving predecessor source PR	2026-09-06T23:28:03.7561672Z ==> fuzz
prepare	Reconcile surviving predecessor source PR	2026-09-06T23:28:03.7561758Z ==> fuzz [FAILED, 0.0s]
prepare	Reconcile surviving predecessor source PR	2026-09-06T23:28:03.7561939Z     cargo-fuzz is not installed. Install with: cargo install cargo-fuzz
prepare	Reconcile surviving predecessor source PR	2026-09-06T23:28:03.7562053Z 7 passed, 1 failed, 3 skipped (470.5s total)
prepare	Reconcile surviving predecessor source PR	2026-09-06T23:28:03.7562059Z 
prepare	Reconcile surviving predecessor source PR	2026-09-06T23:28:03.7562151Z --- Timing Breakdown ---
prepare	Reconcile surviving predecessor source PR	2026-09-06T23:28:03.7562311Z bdd                   311.5s ███████░░░  66%
prepare	Reconcile surviving predecessor source PR	2026-09-06T23:28:03.7562454Z clippy                116.8s ██░░░░░░░░  25%
prepare	Reconcile surviving predecessor source PR	2026-09-06T23:28:03.7562608Z test:uselesskey-cli    41.0s █░░░░░░░░░   9%
prepare	Reconcile surviving predecessor source PR	2026-09-06T23:28:03.7562747Z fmt                     1.1s ░░░░░░░░░░   0%
prepare	Reconcile surviving predecessor source PR	2026-09-06T23:28:03.7562889Z public-surface          0.1s ░░░░░░░░░░   0%
prepare	Reconcile surviving predecessor source PR	2026-09-06T23:28:03.7563025Z fuzz                    0.0s ░░░░░░░░░░   0%
prepare	Reconcile surviving predecessor source PR	2026-09-06T23:28:03.7563161Z spec-check              0.0s ░░░░░░░░░░   0%
prepare	Reconcile surviving predecessor source PR	2026-09-06T23:28:03.7563316Z detect-changes          0.0s ░░░░░░░░░░   0%
prepare	Reconcile surviving predecessor source PR	2026-09-06T23:28:03.7563456Z feature-matrix          0.0s ░░░░░░░░░░   0%
prepare	Reconcile surviving predecessor source PR	2026-09-06T23:28:03.7563609Z dep-guard               0.0s ░░░░░░░░░░   0%
prepare	Reconcile surviving predecessor source PR	2026-09-06T23:28:03.7563749Z mutants                 0.0s ░░░░░░░░░░   0%
prepare	Reconcile surviving predecessor source PR	2026-09-06T23:28:03.7563845Z ---------------------------------------------
prepare	Reconcile surviving predecessor source PR	2026-09-06T23:28:03.7563934Z total                 470.5s
prepare	Reconcile surviving predecessor source PR	2026-09-06T23:28:03.7564130Z Error: cargo-fuzz is not installed. Install with: cargo install cargo-fuzz
prepare	Reconcile surviving predecessor source PR	2026-09-06T23:28:03.7575361Z ##[error]Process completed with exit code 1.
